filename,has_flower,n_flower_one,n_flower_many,n_bud,max_flower_confidence,all_flower_boxes,annotated_image
HERB_0002.jpg,0,0,0,0,0.0,[],sample_outputs/annotated/HERB_0002_annotated.jpg
HERB_0003.jpg,1,0,0,12,0.4158,"[{""xmin"": 3382.37, ""ymin"": 3350.2, ""xmax"": 3475.55, ""ymax"": 3447.86, ""confidence"": 0.42, ""name"": ""bud""}, {""xmin"": 1939.15, ""ymin"": 3115.63, ""xmax"": 1983.3, ""ymax"": 3165.83, ""confidence"": 0.36, ""name"": ""bud""}, {""xmin"": 1839.87, ""ymin"": 3492.43, ""xmax"": 1882.38, ""ymax"": 3544.58, ""confidence"": 0.29, ""name"": ""bud""}, {""xmin"": 2200.49, ""ymin"": 2438.4, ""xmax"": 2255.8, ""ymax"": 2516.85, ""confidence"": 0.28, ""name"": ""bud""}, {""xmin"": 3312.7, ""ymin"": 3381.12, ""xmax"": 3379.63, ""ymax"": 3446.31, ""confidence"": 0.25, ""name"": ""bud""}, {""xmin"": 1873.47, ""ymin"": 3114.69, ""xmax"": 1916.28, ""ymax"": 3181.41, ""confidence"": 0.23, ""name"": ""bud""}, {""xmin"": 2152.64, ""ymin"": 2546.16, ""xmax"": 2247.82, ""ymax"": 2642.21, ""confidence"": 0.23, ""name"": ""bud""}, {""xmin"": 1953.45, ""ymin"": 2917.18, ""xmax"": 2018.86, ""ymax"": 3002.42, ""confidence"": 0.22, ""name"": ""bud""}, {""xmin"": 3174.35, ""ymin"": 3550.59, ""xmax"": 3246.15, ""ymax"": 3613.36, ""confidence"": 0.16, ""name"": ""bud""}, {""xmin"": 2014.17, ""ymin"": 2612.28, ""xmax"": 2122.07, ""ymax"": 2716.0, ""confidence"": 0.15, ""name"": ""bud""}, {""xmin"": 1783.86, ""ymin"": 3491.89, ""xmax"": 1826.16, ""ymax"": 3555.19, ""confidence"": 0.14, ""name"": ""bud""}, {""xmin"": 2207.19, ""ymin"": 2425.61, ""xmax"": 2252.69, ""ymax"": 2482.14, ""confidence"": 0.14, ""name"": ""bud""}]",sample_outputs/annotated/HERB_0003_annotated.jpg
HERB_0004.jpg,1,3,1,0,0.7421,"[{""xmin"": 1187.7, ""ymin"": 1363.9, ""xmax"": 1311.35, ""ymax"": 1474.49, ""confidence"": 0.74, ""name"": ""flower_one""}, {""xmin"": 718.23, ""ymin"": 480.38, ""xmax"": 1183.92, ""ymax"": 815.71, ""confidence"": 0.71, ""name"": ""flower_many""}, {""xmin"": 1298.46, ""ymin"": 1416.71, ""xmax"": 1374.9, ""ymax"": 1494.34, ""confidence"": 0.54, ""name"": ""flower_one""}, {""xmin"": 1293.38, ""ymin"": 1420.31, ""xmax"": 1370.21, ""ymax"": 1619.87, ""confidence"": 0.29, ""name"": ""flower_one""}]",sample_outputs/annotated/HERB_0004_annotated.jpg
HERB_0005.jpg,1,0,0,5,0.2528,"[{""xmin"": 1232.8, ""ymin"": 1025.34, ""xmax"": 1247.79, ""ymax"": 1039.96, ""confidence"": 0.25, ""name"": ""bud""}, {""xmin"": 1153.82, ""ymin"": 1149.35, ""xmax"": 1171.11, ""ymax"": 1167.34, ""confidence"": 0.17, ""name"": ""bud""}, {""xmin"": 1134.33, ""ymin"": 1446.7, ""xmax"": 1151.59, ""ymax"": 1466.12, ""confidence"": 0.17, ""name"": ""bud""}, {""xmin"": 1173.32, ""ymin"": 1097.32, ""xmax"": 1183.65, ""ymax"": 1111.39, ""confidence"": 0.17, ""name"": ""bud""}, {""xmin"": 1165.08, ""ymin"": 1176.65, ""xmax"": 1179.33, ""ymax"": 1193.97, ""confidence"": 0.11, ""name"": ""bud""}]",sample_outputs/annotated/HERB_0005_annotated.jpg
HERB_0007.jpg,0,0,0,0,0.0,[],sample_outputs/annotated/HERB_0007_annotated.jpg
HERB_0009.jpg,0,0,0,0,0.0,[],sample_outputs/annotated/HERB_0009_annotated.jpg
HERB_0011.jpg,1,2,0,0,0.8397,"[{""xmin"": 1390.7, ""ymin"": 1949.99, ""xmax"": 1617.2, ""ymax"": 2000.0, ""confidence"": 0.84, ""name"": ""flower_one""}, {""xmin"": 1641.01, ""ymin"": 1971.19, ""xmax"": 1721.81, ""ymax"": 2137.51, ""confidence"": 0.27, ""name"": ""flower_one""}]",sample_outputs/annotated/HERB_0011_annotated.jpg
HERB_0012.jpg,0,0,0,0,0.0,[],sample_outputs/annotated/HERB_0012_annotated.jpg
HERB_0016.jpg,0,0,0,0,0.0,[],sample_outputs/annotated/HERB_0016_annotated.jpg
HERB_0017.jpg,1,0,5,0,0.4418,"[{""xmin"": 5424.36, ""ymin"": 4561.01, ""xmax"": 6899.73, ""ymax"": 7942.22, ""confidence"": 0.44, ""name"": ""flower_many""}, {""xmin"": 4015.66, ""ymin"": 839.06, ""xmax"": 6282.84, ""ymax"": 3689.99, ""confidence"": 0.4, ""name"": ""flower_many""}, {""xmin"": 1887.46, ""ymin"": 7642.36, ""xmax"": 2428.11, ""ymax"": 7922.29, ""confidence"": 0.36, ""name"": ""flower_many""}, {""xmin"": 2269.99, ""ymin"": 7108.7, ""xmax"": 2542.58, ""ymax"": 7695.53, ""confidence"": 0.32, ""name"": ""flower_many""}, {""xmin"": 971.57, ""ymin"": 2915.58, ""xmax"": 2711.6, ""ymax"": 4144.19, ""confidence"": 0.12, ""name"": ""flower_many""}]",sample_outputs/annotated/HERB_0017_annotated.jpg
HERB_0020.jpg,1,2,3,0,0.3925,"[{""xmin"": 3736.15, ""ymin"": 7429.71, ""xmax"": 4367.55, ""ymax"": 7880.87, ""confidence"": 0.39, ""name"": ""flower_many""}, {""xmin"": 3728.15, ""ymin"": 4334.99, ""xmax"": 4594.3, ""ymax"": 6177.34, ""confidence"": 0.2, ""name"": ""flower_many""}, {""xmin"": 3687.16, ""ymin"": 5214.01, ""xmax"": 3997.17, ""ymax"": 5553.77, ""confidence"": 0.13, ""name"": ""flower_one""}, {""xmin"": 2906.85, ""ymin"": 7580.66, ""xmax"": 3438.21, ""ymax"": 8410.52, ""confidence"": 0.13, ""name"": ""flower_many""}, {""xmin"": 3463.64, ""ymin"": 6910.91, ""xmax"": 3997.83, ""ymax"": 7131.33, ""confidence"": 0.12, ""name"": ""flower_one""}]",sample_outputs/annotated/HERB_0020_annotated.jpg
HERB_0024.jpg,1,32,5,1,0.641,"[{""xmin"": 4012.4, ""ymin"": 2030.8, ""xmax"": 4454.87, ""ymax"": 2454.42, ""confidence"": 0.64, ""name"": ""flower_one""}, {""xmin"": 3430.36, ""ymin"": 1572.75, ""xmax"": 3584.41, ""ymax"": 1939.64, ""confidence"": 0.64, ""name"": ""flower_one""}, {""xmin"": 2095.04, ""ymin"": 3046.04, ""xmax"": 2553.75, ""ymax"": 3335.98, ""confidence"": 0.61, ""name"": ""flower_one""}, {""xmin"": 2580.04, ""ymin"": 3374.95, ""xmax"": 2903.93, ""ymax"": 3543.61, ""confidence"": 0.61, ""name"": ""flower_one""}, {""xmin"": 2630.29, ""ymin"": 3260.28, ""xmax"": 2913.2, ""ymax"": 3517.72, ""confidence"": 0.55, ""name"": ""flower_one""}, {""xmin"": 3862.06, ""ymin"": 1760.63, ""xmax"": 4249.71, ""ymax"": 2190.4, ""confidence"": 0.52, ""name"": ""flower_one""}, {""xmin"": 2359.19, ""ymin"": 3083.17, ""xmax"": 2695.45, ""ymax"": 3379.56, ""confidence"": 0.48, ""name"": ""flower_one""}, {""xmin"": 5492.0, ""ymin"": 2221.77, ""xmax"": 5905.54, ""ymax"": 2532.44, ""confidence"": 0.46, ""name"": ""flower_one""}, {""xmin"": 2270.44, ""ymin"": 3340.74, ""xmax"": 2622.94, ""ymax"": 3460.9, ""confidence"": 0.44, ""name"": ""flower_one""}, {""xmin"": 3997.61, ""ymin"": 1516.36, ""xmax"": 4220.05, ""ymax"": 1818.54, ""confidence"": 0.44, ""name"": ""flower_one""}, {""xmin"": 4280.08, ""ymin"": 1201.08, ""xmax"": 4442.75, ""ymax"": 1390.96, ""confidence"": 0.44, ""name"": ""flower_one""}, {""xmin"": 2140.36, ""ymin"": 2956.0, ""xmax"": 2380.93, ""ymax"": 3175.68, ""confidence"": 0.42, ""name"": ""flower_one""}, {""xmin"": 3389.08, ""ymin"": 4253.93, ""xmax"": 3663.18, ""ymax"": 4483.85, ""confidence"": 0.41, ""name"": ""flower_one""}, {""xmin"": 1403.35, ""ymin"": 4428.69, ""xmax"": 1749.18, ""ymax"": 4819.24, ""confidence"": 0.36, ""name"": ""flower_one""}, {""xmin"": 1586.54, ""ymin"": 4510.83, ""xmax"": 1921.94, ""ymax"": 4857.98, ""confidence"": 0.36, ""name"": ""flower_one""}, {""xmin"": 2100.01, ""ymin"": 3016.86, ""xmax"": 3272.78, ""ymax"": 3600.95, ""confidence"": 0.36, ""name"": ""flower_many""}, {""xmin"": 3251.79, ""ymin"": 3469.71, ""xmax"": 3328.05, ""ymax"": 3625.23, ""confidence"": 0.35, ""name"": ""bud""}, {""xmin"": 5381.76, ""ymin"": 1994.52, ""xmax"": 5742.25, ""ymax"": 2338.63, ""confidence"": 0.3, ""name"": ""flower_one""}, {""xmin"": 3627.45, ""ymin"": 4095.92, ""xmax"": 3935.36, ""ymax"": 4452.53, ""confidence"": 0.29, ""name"": ""flower_one""}, {""xmin"": 1841.02, ""ymin"": 4718.37, ""xmax"": 2176.5, ""ymax"": 5000.63, ""confidence"": 0.27, ""name"": ""flower_one""}, {""xmin"": 2834.07, ""ymin"": 3412.46, ""xmax"": 2954.79, ""ymax"": 3528.63, ""confidence"": 0.26, ""name"": ""flower_one""}, {""xmin"": 3159.75, ""ymin"": 1274.09, ""xmax"": 3302.03, ""ymax"": 1466.93, ""confidence"": 0.24, ""name"": ""flower_one""}, {""xmin"": 3675.46, ""ymin"": 1979.9, ""xmax"": 5959.33, ""ymax"": 2869.91, ""confidence"": 0.23, ""name"": ""flower_one""}, {""xmin"": 3172.32, ""ymin"": 1259.35, ""xmax"": 3857.45, ""ymax"": 2399.28, ""confidence"": 0.22, ""name"": ""flower_many""}, {""xmin"": 3511.7, ""ymin"": 1171.99, ""xmax"": 4524.7, ""ymax"": 2838.8, ""confidence"": 0.22, ""name"": ""flower_many""}, {""xmin"": 2071.9, ""ymin"": 3018.36, ""xmax"": 3302.65, ""ymax"": 3592.89, ""confidence"": 0.2, ""name"": ""flower_one""}, {""xmin"": 2157.39, ""ymin"": 3058.32, ""xmax"": 2891.67, ""ymax"": 3468.6, ""confidence"": 0.2, ""name"": ""flower_one""}, {""xmin"": 3879.36, ""ymin"": 1878.81, ""xmax"": 4046.17, ""ymax"": 2155.77, ""confidence"": 0.17, ""name"": ""flower_one""}, {""xmin"": 3755.86, ""ymin"": 1708.3, ""xmax"": 4414.31, ""ymax"": 2552.41, ""confidence"": 0.17, ""name"": ""flower_one""}, {""xmin"": 3957.76, ""ymin"": 1285.65, ""xmax"": 4393.01, ""ymax"": 1902.51, ""confidence"": 0.17, ""name"": ""flower_one""}, {""xmin"": 3658.5, ""ymin"": 1989.98, ""xmax"": 5925.52, ""ymax"": 2869.95, ""confidence"": 0.15, ""name"": ""flower_many""}, {""xmin"": 3335.41, ""ymin"": 1517.29, ""xmax"": 3426.98, ""ymax"": 1710.82, ""confidence"": 0.15, ""name"": ""flower_one""}, {""xmin"": 3831.71, ""ymin"": 1731.43, ""xmax"": 4280.53, ""ymax"": 2249.56, ""confidence"": 0.15, ""name"": ""flower_many""}, {""xmin"": 5386.25, ""ymin"": 1983.99, ""xmax"": 5921.47, ""ymax"": 2520.49, ""confidence"": 0.14, ""name"": ""flower_one""}, {""xmin"": 3834.39, ""ymin"": 4092.87, ""xmax"": 3999.47, ""ymax"": 4389.18, ""confidence"": 0.13, ""name"": ""flower_one""}, {""xmin"": 3973.14, ""ymin"": 1586.88, ""xmax"": 4240.08, ""ymax"": 2034.26, ""confidence"": 0.11, ""name"": ""flower_one""}, {""xmin"": 2752.37, ""ymin"": 3383.12, ""xmax"": 2966.71, ""ymax"": 3546.35, ""confidence"": 0.11, ""name"": ""flower_one""}, {""xmin"": 2372.21, ""ymin"": 3141.93, ""xmax"": 2581.42, ""ymax"": 3334.33, ""confidence"": 0.11, ""name"": ""flower_one""}]",sample_outputs/annotated/HERB_0024_annotated.jpg
HERB_0026.jpg,1,1,1,0,0.3483,"[{""xmin"": 1139.82, ""ymin"": 2444.36, ""xmax"": 1332.85, ""ymax"": 2661.0, ""confidence"": 0.35, ""name"": ""flower_many""}, {""xmin"": 1130.4, ""ymin"": 2449.41, ""xmax"": 1329.74, ""ymax"": 2661.35, ""confidence"": 0.16, ""name"": ""flower_one""}]",sample_outputs/annotated/HERB_0026_annotated.jpg
HERB_0028.jpg,1,2,0,13,0.6048,"[{""xmin"": 323.62, ""ymin"": 856.66, ""xmax"": 341.65, ""ymax"": 878.16, ""confidence"": 0.6, ""name"": ""bud""}, {""xmin"": 570.06, ""ymin"": 940.68, ""xmax"": 604.98, ""ymax"": 984.33, ""confidence"": 0.55, ""name"": ""flower_one""}, {""xmin"": 399.22, ""ymin"": 898.63, ""xmax"": 418.84, ""ymax"": 918.7, ""confidence"": 0.46, ""name"": ""bud""}, {""xmin"": 538.46, ""ymin"": 933.25, ""xmax"": 587.69, ""ymax"": 975.84, ""confidence"": 0.46, ""name"": ""flower_one""}, {""xmin"": 700.26, ""ymin"": 446.03, ""xmax"": 713.98, ""ymax"": 459.21, ""confidence"": 0.38, ""name"": ""bud""}, {""xmin"": 668.08, ""ymin"": 429.31, ""xmax"": 686.25, ""ymax"": 440.41, ""confidence"": 0.34, ""name"": ""bud""}, {""xmin"": 765.66, ""ymin"": 828.82, ""xmax"": 783.65, ""ymax"": 854.17, ""confidence"": 0.34, ""name"": ""bud""}, {""xmin"": 642.24, ""ymin"": 959.58, ""xmax"": 654.04, ""ymax"": 968.92, ""confidence"": 0.33, ""name"": ""bud""}, {""xmin"": 669.8, ""ymin"": 410.36, ""xmax"": 682.17, ""ymax"": 431.31, ""confidence"": 0.23, ""name"": ""bud""}, {""xmin"": 351.58, ""ymin"": 871.49, ""xmax"": 366.35, ""ymax"": 881.06, ""confidence"": 0.23, ""name"": ""bud""}, {""xmin"": 766.63, ""ymin"": 479.44, ""xmax"": 777.7, ""ymax"": 488.13, ""confidence"": 0.21, ""name"": ""bud""}, {""xmin"": 806.18, ""ymin"": 516.9, ""xmax"": 817.22, ""ymax"": 526.29, ""confidence"": 0.2, ""name"": ""bud""}, {""xmin"": 669.34, ""ymin"": 416.05, ""xmax"": 683.94, ""ymax"": 439.97, ""confidence"": 0.19, ""name"": ""bud""}, {""xmin"": 746.78, ""ymin"": 453.24, ""xmax"": 759.42, ""ymax"": 462.99, ""confidence"": 0.15, ""name"": ""bud""}, {""xmin"": 662.77, ""ymin"": 970.08, ""xmax"": 671.17, ""ymax"": 977.57, ""confidence"": 0.12, ""name"": ""bud""}]",sample_outputs/annotated/HERB_0028_annotated.jpg
HERB_0031.jpg,1,1,0,0,0.1073,"[{""xmin"": 218.13, ""ymin"": 827.78, ""xmax"": 411.96, ""ymax"": 1298.91, ""confidence"": 0.11, ""name"": ""flower_one""}]",sample_outputs/annotated/HERB_0031_annotated.jpg
HERB_0035.jpg,1,11,1,2,0.8834,"[{""xmin"": 551.8, ""ymin"": 1152.83, ""xmax"": 709.01, ""ymax"": 1422.95, ""confidence"": 0.88, ""name"": ""flower_one""}, {""xmin"": 467.73, ""ymin"": 1216.41, ""xmax"": 601.69, ""ymax"": 1500.81, ""confidence"": 0.83, ""name"": ""flower_one""}, {""xmin"": 353.28, ""ymin"": 1154.88, ""xmax"": 475.39, ""ymax"": 1421.65, ""confidence"": 0.83, ""name"": ""flower_one""}, {""xmin"": 728.36, ""ymin"": 1174.67, ""xmax"": 1015.06, ""ymax"": 1532.1, ""confidence"": 0.58, ""name"": ""flower_many""}, {""xmin"": 767.13, ""ymin"": 1181.19, ""xmax"": 909.28, ""ymax"": 1326.84, ""confidence"": 0.58, ""name"": ""flower_one""}, {""xmin"": 737.38, ""ymin"": 1248.0, ""xmax"": 906.32, ""ymax"": 1346.48, ""confidence"": 0.46, ""name"": ""flower_one""}, {""xmin"": 1054.67, ""ymin"": 1217.82, ""xmax"": 1109.31, ""ymax"": 1331.18, ""confidence"": 0.35, ""name"": ""bud""}, {""xmin"": 1130.38, ""ymin"": 2366.54, ""xmax"": 1155.04, ""ymax"": 2395.94, ""confidence"": 0.32, ""name"": ""bud""}, {""xmin"": 732.91, ""ymin"": 1173.64, ""xmax"": 1011.48, ""ymax"": 1521.77, ""confidence"": 0.3, ""name"": ""flower_one""}, {""xmin"": 776.97, ""ymin"": 1363.15, ""xmax"": 916.9, ""ymax"": 1433.19, ""confidence"": 0.27, ""name"": ""flower_one""}, {""xmin"": 893.05, ""ymin"": 1196.99, ""xmax"": 1009.69, ""ymax"": 1391.92, ""confidence"": 0.21, ""name"": ""flower_one""}, {""xmin"": 756.98, ""ymin"": 1275.06, ""xmax"": 898.5, ""ymax"": 1395.86, ""confidence"": 0.19, ""name"": ""flower_one""}, {""xmin"": 748.02, ""ymin"": 1275.2, ""xmax"": 956.04, ""ymax"": 1461.27, ""confidence"": 0.15, ""name"": ""flower_one""}, {""xmin"": 357.74, ""ymin"": 1155.31, ""xmax"": 441.16, ""ymax"": 1256.09, ""confidence"": 0.12, ""name"": ""flower_one""}]",sample_outputs/annotated/HERB_0035_annotated.jpg
HERB_0036.jpg,1,7,1,5,0.4726,"[{""xmin"": 265.34, ""ymin"": 450.18, ""xmax"": 821.17, ""ymax"": 791.44, ""confidence"": 0.47, ""name"": ""flower_many""}, {""xmin"": 331.87, ""ymin"": 468.47, ""xmax"": 639.57, ""ymax"": 558.97, ""confidence"": 0.25, ""name"": ""flower_one""}, {""xmin"": 440.68, ""ymin"": 534.82, ""xmax"": 518.84, ""ymax"": 644.93, ""confidence"": 0.18, ""name"": ""flower_one""}, {""xmin"": 1276.66, ""ymin"": 990.6, ""xmax"": 1297.7, ""ymax"": 1014.58, ""confidence"": 0.15, ""name"": ""bud""}, {""xmin"": 381.17, ""ymin"": 504.28, ""xmax"": 641.46, ""ymax"": 599.07, ""confidence"": 0.15, ""name"": ""flower_one""}, {""xmin"": 1534.63, ""ymin"": 1842.59, ""xmax"": 1556.16, ""ymax"": 1867.37, ""confidence"": 0.15, ""name"": ""bud""}, {""xmin"": 584.19, ""ymin"": 491.15, ""xmax"": 638.54, ""ymax"": 527.89, ""confidence"": 0.13, ""name"": ""flower_one""}, {""xmin"": 1572.47, ""ymin"": 1840.33, ""xmax"": 1592.0, ""ymax"": 1867.44, ""confidence"": 0.13, ""name"": ""bud""}, {""xmin"": 272.43, ""ymin"": 472.9, ""xmax"": 697.35, ""ymax"": 776.44, ""confidence"": 0.13, ""name"": ""flower_one""}, {""xmin"": 1713.28, ""ymin"": 2364.63, ""xmax"": 1734.9, ""ymax"": 2387.32, ""confidence"": 0.12, ""name"": ""bud""}, {""xmin"": 837.18, ""ymin"": 1010.48, ""xmax"": 867.0, ""ymax"": 1065.13, ""confidence"": 0.12, ""name"": ""flower_one""}, {""xmin"": 424.39, ""ymin"": 524.19, ""xmax"": 590.97, ""ymax"": 647.21, ""confidence"": 0.11, ""name"": ""flower_one""}, {""xmin"": 1147.44, ""ymin"": 502.45, ""xmax"": 1166.02, ""ymax"": 522.71, ""confidence"": 0.1, ""name"": ""bud""}]",sample_outputs/annotated/HERB_0036_annotated.jpg
HERB_0037.jpg,1,1,0,1,0.1547,"[{""xmin"": 4752.3, ""ymin"": 2929.46, ""xmax"": 4974.15, ""ymax"": 3605.62, ""confidence"": 0.15, ""name"": ""flower_one""}, {""xmin"": 5453.69, ""ymin"": 3704.14, ""xmax"": 5507.81, ""ymax"": 3764.0, ""confidence"": 0.1, ""name"": ""bud""}]",sample_outputs/annotated/HERB_0037_annotated.jpg
HERB_0041.jpg,0,0,0,0,0.0,[],sample_outputs/annotated/HERB_0041_annotated.jpg
HERB_0042.jpg,1,37,17,2,0.6703,"[{""xmin"": 3313.5, ""ymin"": 7532.84, ""xmax"": 3733.49, ""ymax"": 7852.16, ""confidence"": 0.67, ""name"": ""flower_many""}, {""xmin"": 3495.83, ""ymin"": 6969.42, ""xmax"": 3933.07, ""ymax"": 7359.16, ""confidence"": 0.66, ""name"": ""flower_many""}, {""xmin"": 3658.83, ""ymin"": 6381.62, ""xmax"": 3948.21, ""ymax"": 6698.32, ""confidence"": 0.57, ""name"": ""flower_many""}, {""xmin"": 2529.04, ""ymin"": 7695.37, ""xmax"": 2984.09, ""ymax"": 8092.98, ""confidence"": 0.45, ""name"": ""flower_many""}, {""xmin"": 2777.12, ""ymin"": 8102.82, ""xmax"": 3057.32, ""ymax"": 8350.99, ""confidence"": 0.41, ""name"": ""flower_many""}, {""xmin"": 2331.63, ""ymin"": 7471.51, ""xmax"": 2544.8, ""ymax"": 7730.33, ""confidence"": 0.41, ""name"": ""flower_many""}, {""xmin"": 3413.73, ""ymin"": 8014.9, ""xmax"": 3737.51, ""ymax"": 8285.35, ""confidence"": 0.41, ""name"": ""flower_many""}, {""xmin"": 4262.77, ""ymin"": 5310.58, ""xmax"": 4350.97, ""ymax"": 5391.16, ""confidence"": 0.34, ""name"": ""flower_one""}, {""xmin"": 2211.5, ""ymin"": 7094.76, ""xmax"": 2435.69, ""ymax"": 7403.63, ""confidence"": 0.3, ""name"": ""flower_many""}, {""xmin"": 4317.71, ""ymin"": 5403.43, ""xmax"": 4397.57, ""ymax"": 5490.01, ""confidence"": 0.29, ""name"": ""bud""}, {""xmin"": 3619.63, ""ymin"": 6980.11, ""xmax"": 3713.68, ""ymax"": 7086.3, ""confidence"": 0.24, ""name"": ""flower_one""}, {""xmin"": 3908.46, ""ymin"": 5921.74, ""xmax"": 4133.08, ""ymax"": 6159.0, ""confidence"": 0.23, ""name"": ""flower_many""}, {""xmin"": 3235.91, ""ymin"": 8039.67, ""xmax"": 3400.89, ""ymax"": 8178.34, ""confidence"": 0.23, ""name"": ""flower_one""}, {""xmin"": 3632.25, ""ymin"": 8183.62, ""xmax"": 3730.7, ""ymax"": 8268.2, ""confidence"": 0.21, ""name"": ""flower_one""}, {""xmin"": 3217.88, ""ymin"": 8021.84, ""xmax"": 3522.57, ""ymax"": 8227.24, ""confidence"": 0.21, ""name"": ""flower_many""}, {""xmin"": 3590.37, ""ymin"": 7644.37, ""xmax"": 3733.13, ""ymax"": 7742.59, ""confidence"": 0.2, ""name"": ""flower_one""}, {""xmin"": 3491.9, ""ymin"": 6969.4, ""xmax"": 3926.91, ""ymax"": 7351.94, ""confidence"": 0.2, ""name"": ""flower_one""}, {""xmin"": 3513.98, ""ymin"": 7054.89, ""xmax"": 3624.52, ""ymax"": 7157.16, ""confidence"": 0.19, ""name"": ""flower_one""}, {""xmin"": 3445.89, ""ymin"": 8019.22, ""xmax"": 3734.31, ""ymax"": 8292.4, ""confidence"": 0.19, ""name"": ""flower_one""}, {""xmin"": 3894.73, ""ymin"": 5798.5, ""xmax"": 4350.23, ""ymax"": 6171.06, ""confidence"": 0.19, ""name"": ""flower_many""}, {""xmin"": 4542.04, ""ymin"": 4755.28, ""xmax"": 4784.17, ""ymax"": 4916.65, ""confidence"": 0.19, ""name"": ""flower_many""}, {""xmin"": 3516.38, ""ymin"": 8179.6, ""xmax"": 3603.94, ""ymax"": 8267.8, ""confidence"": 0.18, ""name"": ""flower_one""}, {""xmin"": 4071.2, ""ymin"": 5805.18, ""xmax"": 4162.72, ""ymax"": 5880.25, ""confidence"": 0.18, ""name"": ""flower_one""}, {""xmin"": 2592.18, ""ymin"": 7433.38, ""xmax"": 2755.33, ""ymax"": 7581.86, ""confidence"": 0.17, ""name"": ""flower_one""}, {""xmin"": 3530.66, ""ymin"": 7073.92, ""xmax"": 3665.62, ""ymax"": 7187.38, ""confidence"": 0.17, ""name"": ""flower_one""}, {""xmin"": 2780.35, ""ymin"": 8107.43, ""xmax"": 3068.18, ""ymax"": 8351.71, ""confidence"": 0.16, ""name"": ""flower_one""}, {""xmin"": 4248.19, ""ymin"": 5918.23, ""xmax"": 4346.07, ""ymax"": 5987.75, ""confidence"": 0.15, ""name"": ""flower_one""}, {""xmin"": 3993.39, ""ymin"": 6061.43, ""xmax"": 4071.41, ""ymax"": 6153.09, ""confidence"": 0.15, ""name"": ""flower_one""}, {""xmin"": 3227.79, ""ymin"": 8034.12, ""xmax"": 3410.35, ""ymax"": 8186.45, ""confidence"": 0.15, ""name"": ""flower_many""}, {""xmin"": 3947.47, ""ymin"": 5938.84, ""xmax"": 4031.5, ""ymax"": 6026.22, ""confidence"": 0.14, ""name"": ""flower_one""}, {""xmin"": 3810.42, ""ymin"": 7196.43, ""xmax"": 3899.21, ""ymax"": 7309.68, ""confidence"": 0.14, ""name"": ""flower_one""}, {""xmin"": 2337.56, ""ymin"": 7472.94, ""xmax"": 2545.64, ""ymax"": 7730.88, ""confidence"": 0.14, ""name"": ""flower_one""}, {""xmin"": 2725.35, ""ymin"": 7708.1, ""xmax"": 2975.86, ""ymax"": 7964.42, ""confidence"": 0.14, ""name"": ""flower_many""}, {""xmin"": 2970.41, ""ymin"": 8166.41, ""xmax"": 3047.42, ""ymax"": 8233.51, ""confidence"": 0.13, ""name"": ""flower_one""}, {""xmin"": 2818.7, ""ymin"": 8253.9, ""xmax"": 2909.62, ""ymax"": 8337.45, ""confidence"": 0.13, ""name"": ""flower_one""}, {""xmin"": 3787.65, ""ymin"": 7226.27, ""xmax"": 3882.84, ""ymax"": 7325.86, ""confidence"": 0.13, ""name"": ""flower_one""}, {""xmin"": 3488.53, ""ymin"": 8101.08, ""xmax"": 3634.31, ""ymax"": 8270.3, ""confidence"": 0.13, ""name"": ""flower_one""}, {""xmin"": 2768.17, ""ymin"": 7744.5, ""xmax"": 2973.08, ""ymax"": 7923.88, ""confidence"": 0.13, ""name"": ""flower_one""}, {""xmin"": 3917.46, ""ymin"": 5925.98, ""xmax"": 4131.83, ""ymax"": 6149.93, ""confidence"": 0.13, ""name"": ""flower_one""}, {""xmin"": 3072.16, ""ymin"": 9012.14, ""xmax"": 3426.11, ""ymax"": 9309.14, ""confidence"": 0.13, ""name"": ""flower_many""}, {""xmin"": 3921.75, ""ymin"": 5945.06, ""xmax"": 4038.09, ""ymax"": 6093.28, ""confidence"": 0.13, ""name"": ""flower_one""}, {""xmin"": 3535.37, ""ymin"": 4851.2, ""xmax"": 3830.42, ""ymax"": 5024.15, ""confidence"": 0.12, ""name"": ""flower_many""}, {""xmin"": 3608.18, ""ymin"": 6985.6, ""xmax"": 3708.04, ""ymax"": 7175.33, ""confidence"": 0.12, ""name"": ""flower_one""}, {""xmin"": 3537.11, ""ymin"": 4852.82, ""xmax"": 3832.88, ""ymax"": 5020.96, ""confidence"": 0.12, ""name"": ""flower_one""}, {""xmin"": 2550.59, ""ymin"": 7898.3, ""xmax"": 2640.16, ""ymax"": 7975.63, ""confidence"": 0.11, ""name"": ""flower_one""}, {""xmin"": 3317.85, ""ymin"": 8033.69, ""xmax"": 3396.31, ""ymax"": 8100.18, ""confidence"": 0.11, ""name"": ""flower_one""}, {""xmin"": 4546.28, ""ymin"": 4756.55, ""xmax"": 4788.57, ""ymax"": 4919.97, ""confidence"": 0.11, ""name"": ""bud""}, {""xmin"": 4316.59, ""ymin"": 5404.05, ""xmax"": 4393.27, ""ymax"": 5495.01, ""confidence"": 0.11, ""name"": ""flower_one""}, {""xmin"": 3769.47, ""ymin"": 7162.88, ""xmax"": 3901.09, ""ymax"": 7343.18, ""confidence"": 0.11, ""name"": ""flower_one""}, {""xmin"": 3815.84, ""ymin"": 7120.0, ""xmax"": 3904.09, ""ymax"": 7218.42, ""confidence"": 0.11, ""name"": ""flower_one""}, {""xmin"": 2288.93, ""ymin"": 7423.39, ""xmax"": 2734.49, ""ymax"": 7727.31, ""confidence"": 0.11, ""name"": ""flower_many""}, {""xmin"": 3516.13, ""ymin"": 7012.11, ""xmax"": 3710.27, ""ymax"": 7189.97, ""confidence"": 0.11, ""name"": ""flower_one""}, {""xmin"": 2602.19, ""ymin"": 7515.95, ""xmax"": 2686.01, ""ymax"": 7585.14, ""confidence"": 0.1, ""name"": ""flower_one""}, {""xmin"": 3467.54, ""ymin"": 7603.11, ""xmax"": 3745.01, ""ymax"": 7788.54, ""confidence"": 0.1, ""name"": ""flower_one""}, {""xmin"": 2849.54, ""ymin"": 7823.98, ""xmax"": 2967.85, ""ymax"": 7920.66, ""confidence"": 0.1, ""name"": ""flower_one""}, {""xmin"": 3977.19, ""ymin"": 5994.6, ""xmax"": 4086.37, ""ymax"": 6153.49, ""confidence"": 0.1, ""name"": ""flower_one""}]",sample_outputs/annotated/HERB_0042_annotated.jpg
HERB_0045.jpg,0,0,0,0,0.0,[],sample_outputs/annotated/HERB_0045_annotated.jpg
HERB_0048.jpg,1,21,12,0,0.4943,"[{""xmin"": 1765.38, ""ymin"": 1216.27, ""xmax"": 5023.12, ""ymax"": 3720.4, ""confidence"": 0.49, ""name"": ""flower_many""}, {""xmin"": 3320.49, ""ymin"": 2265.05, ""xmax"": 3912.94, ""ymax"": 2590.96, ""confidence"": 0.48, ""name"": ""flower_one""}, {""xmin"": 4381.76, ""ymin"": 2493.7, ""xmax"": 4650.17, ""ymax"": 2656.9, ""confidence"": 0.36, ""name"": ""flower_one""}, {""xmin"": 1778.97, ""ymin"": 2480.02, ""xmax"": 3276.0, ""ymax"": 3669.82, ""confidence"": 0.25, ""name"": ""flower_many""}, {""xmin"": 2378.98, ""ymin"": 1688.64, ""xmax"": 2914.01, ""ymax"": 2468.94, ""confidence"": 0.25, ""name"": ""flower_many""}, {""xmin"": 1794.51, ""ymin"": 2503.62, ""xmax"": 2444.55, ""ymax"": 3179.13, ""confidence"": 0.25, ""name"": ""flower_one""}, {""xmin"": 3360.9, ""ymin"": 2531.32, ""xmax"": 3879.84, ""ymax"": 2857.42, ""confidence"": 0.25, ""name"": ""flower_one""}, {""xmin"": 3722.08, ""ymin"": 1740.25, ""xmax"": 4335.87, ""ymax"": 2441.3, ""confidence"": 0.25, ""name"": ""flower_one""}, {""xmin"": 1794.35, ""ymin"": 2498.26, ""xmax"": 2458.98, ""ymax"": 3193.33, ""confidence"": 0.24, ""name"": ""flower_many""}, {""xmin"": 2411.6, ""ymin"": 2269.81, ""xmax"": 2822.27, ""ymax"": 2481.24, ""confidence"": 0.21, ""name"": ""flower_one""}, {""xmin"": 2428.39, ""ymin"": 2472.71, ""xmax"": 2825.33, ""ymax"": 2888.81, ""confidence"": 0.21, ""name"": ""flower_one""}, {""xmin"": 2381.99, ""ymin"": 1683.23, ""xmax"": 2911.4, ""ymax"": 2436.15, ""confidence"": 0.2, ""name"": ""flower_one""}, {""xmin"": 4499.63, ""ymin"": 3760.64, ""xmax"": 5297.67, ""ymax"": 4313.34, ""confidence"": 0.17, ""name"": ""flower_many""}, {""xmin"": 3487.71, ""ymin"": 2645.18, ""xmax"": 3868.87, ""ymax"": 2929.38, ""confidence"": 0.16, ""name"": ""flower_one""}, {""xmin"": 3680.48, ""ymin"": 1729.56, ""xmax"": 4347.66, ""ymax"": 2470.97, ""confidence"": 0.16, ""name"": ""flower_many""}, {""xmin"": 2572.44, ""ymin"": 2480.09, ""xmax"": 2780.69, ""ymax"": 2737.38, ""confidence"": 0.16, ""name"": ""flower_one""}, {""xmin"": 4798.96, ""ymin"": 2366.36, ""xmax"": 4973.11, ""ymax"": 2608.53, ""confidence"": 0.15, ""name"": ""flower_one""}, {""xmin"": 4180.69, ""ymin"": 2016.0, ""xmax"": 4976.41, ""ymax"": 2714.85, ""confidence"": 0.14, ""name"": ""flower_many""}, {""xmin"": 2989.38, ""ymin"": 2206.11, ""xmax"": 3330.61, ""ymax"": 2819.89, ""confidence"": 0.14, ""name"": ""flower_one""}, {""xmin"": 2724.15, ""ymin"": 1738.87, ""xmax"": 4379.83, ""ymax"": 3148.28, ""confidence"": 0.14, ""name"": ""flower_many""}, {""xmin"": 3281.05, ""ymin"": 1370.26, ""xmax"": 3819.04, ""ymax"": 2250.69, ""confidence"": 0.13, ""name"": ""flower_one""}, {""xmin"": 3039.38, ""ymin"": 3300.07, ""xmax"": 3208.49, ""ymax"": 3477.34, ""confidence"": 0.13, ""name"": ""flower_one""}, {""xmin"": 2169.24, ""ymin"": 2491.09, ""xmax"": 2971.83, ""ymax"": 3087.35, ""confidence"": 0.12, ""name"": ""flower_one""}, {""xmin"": 3558.02, ""ymin"": 1783.26, ""xmax"": 3816.43, ""ymax"": 2135.11, ""confidence"": 0.12, ""name"": ""flower_one""}, {""xmin"": 3323.8, ""ymin"": 2266.52, ""xmax"": 3913.28, ""ymax"": 2706.73, ""confidence"": 0.12, ""name"": ""flower_many""}, {""xmin"": 3925.8, ""ymin"": 2341.51, ""xmax"": 4221.6, ""ymax"": 2530.1, ""confidence"": 0.12, ""name"": ""flower_one""}, {""xmin"": 4696.44, ""ymin"": 2058.37, ""xmax"": 4790.03, ""ymax"": 2176.69, ""confidence"": 0.12, ""name"": ""flower_one""}, {""xmin"": 3368.07, ""ymin"": 2556.18, ""xmax"": 3704.04, ""ymax"": 2782.27, ""confidence"": 0.12, ""name"": ""flower_one""}, {""xmin"": 4640.37, ""ymin"": 2041.76, ""xmax"": 4735.65, ""ymax"": 2161.65, ""confidence"": 0.11, ""name"": ""flower_one""}, {""xmin"": 3581.06, ""ymin"": 2117.64, ""xmax"": 3906.13, ""ymax"": 2364.48, ""confidence"": 0.11, ""name"": ""flower_one""}, {""xmin"": 3280.66, ""ymin"": 1371.09, ""xmax"": 3826.67, ""ymax"": 2275.38, ""confidence"": 0.1, ""name"": ""flower_many""}, {""xmin"": 3248.68, ""ymin"": 1703.8, ""xmax"": 5072.65, ""ymax"": 3332.54, ""confidence"": 0.1, ""name"": ""flower_many""}, {""xmin"": 3226.18, ""ymin"": 2187.83, ""xmax"": 4063.48, ""ymax"": 3057.16, ""confidence"": 0.1, ""name"": ""flower_many""}]",sample_outputs/annotated/HERB_0048_annotated.jpg
HERB_0049.jpg,1,0,0,26,0.2451,"[{""xmin"": 1481.5, ""ymin"": 988.23, ""xmax"": 1505.54, ""ymax"": 1012.81, ""confidence"": 0.25, ""name"": ""bud""}, {""xmin"": 745.9, ""ymin"": 711.45, ""xmax"": 764.63, ""ymax"": 728.91, ""confidence"": 0.23, ""name"": ""bud""}, {""xmin"": 1467.64, ""ymin"": 993.69, ""xmax"": 1484.62, ""ymax"": 1013.08, ""confidence"": 0.23, ""name"": ""bud""}, {""xmin"": 1649.35, ""ymin"": 776.22, ""xmax"": 1661.01, ""ymax"": 791.28, ""confidence"": 0.22, ""name"": ""bud""}, {""xmin"": 668.22, ""ymin"": 813.57, ""xmax"": 686.38, ""ymax"": 838.0, ""confidence"": 0.22, ""name"": ""bud""}, {""xmin"": 210.99, ""ymin"": 1900.48, ""xmax"": 228.02, ""ymax"": 1917.55, ""confidence"": 0.21, ""name"": ""bud""}, {""xmin"": 205.19, ""ymin"": 1369.27, ""xmax"": 235.38, ""ymax"": 1406.5, ""confidence"": 0.2, ""name"": ""bud""}, {""xmin"": 726.18, ""ymin"": 716.95, ""xmax"": 746.72, ""ymax"": 740.5, ""confidence"": 0.2, ""name"": ""bud""}, {""xmin"": 1177.99, ""ymin"": 1515.14, ""xmax"": 1198.32, ""ymax"": 1533.87, ""confidence"": 0.19, ""name"": ""bud""}, {""xmin"": 792.12, ""ymin"": 1678.39, ""xmax"": 801.8, ""ymax"": 1691.38, ""confidence"": 0.19, ""name"": ""bud""}, {""xmin"": 276.06, ""ymin"": 1575.0, ""xmax"": 287.51, ""ymax"": 1586.6, ""confidence"": 0.19, ""name"": ""bud""}, {""xmin"": 199.69, ""ymin"": 1858.58, ""xmax"": 210.79, ""ymax"": 1872.37, ""confidence"": 0.19, ""name"": ""bud""}, {""xmin"": 725.61, ""ymin"": 2095.51, ""xmax"": 746.67, ""ymax"": 2116.79, ""confidence"": 0.17, ""name"": ""bud""}, {""xmin"": 254.65, ""ymin"": 1513.92, ""xmax"": 266.93, ""ymax"": 1528.72, ""confidence"": 0.17, ""name"": ""bud""}, {""xmin"": 375.24, ""ymin"": 1743.93, ""xmax"": 426.44, ""ymax"": 1788.51, ""confidence"": 0.17, ""name"": ""bud""}, {""xmin"": 783.34, ""ymin"": 668.41, ""xmax"": 804.84, ""ymax"": 693.8, ""confidence"": 0.16, ""name"": ""bud""}, {""xmin"": 1440.21, ""ymin"": 2076.03, ""xmax"": 1450.52, ""ymax"": 2086.06, ""confidence"": 0.15, ""name"": ""bud""}, {""xmin"": 424.19, ""ymin"": 1329.98, ""xmax"": 453.56, ""ymax"": 1353.96, ""confidence"": 0.14, ""name"": ""bud""}, {""xmin"": 727.91, ""ymin"": 713.4, ""xmax"": 763.88, ""ymax"": 736.09, ""confidence"": 0.14, ""name"": ""bud""}, {""xmin"": 359.69, ""ymin"": 1675.96, ""xmax"": 373.51, ""ymax"": 1690.86, ""confidence"": 0.14, ""name"": ""bud""}, {""xmin"": 1345.46, ""ymin"": 982.14, ""xmax"": 1355.27, ""ymax"": 994.27, ""confidence"": 0.12, ""name"": ""bud""}, {""xmin"": 1618.77, ""ymin"": 719.47, ""xmax"": 1704.76, ""ymax"": 847.11, ""confidence"": 0.12, ""name"": ""bud""}, {""xmin"": 180.7, ""ymin"": 1823.17, ""xmax"": 208.14, ""ymax"": 1838.44, ""confidence"": 0.11, ""name"": ""bud""}, {""xmin"": 1372.77, ""ymin"": 1352.8, ""xmax"": 1397.72, ""ymax"": 1377.82, ""confidence"": 0.11, ""name"": ""bud""}, {""xmin"": 415.61, ""ymin"": 1304.3, ""xmax"": 439.25, ""ymax"": 1335.39, ""confidence"": 0.11, ""name"": ""bud""}, {""xmin"": 821.83, ""ymin"": 1800.64, ""xmax"": 836.85, ""ymax"": 1819.47, ""confidence"": 0.1, ""name"": ""bud""}]",sample_outputs/annotated/HERB_0049_annotated.jpg
HERB_0050.jpg,1,5,0,0,0.6315,"[{""xmin"": 2380.29, ""ymin"": 5768.98, ""xmax"": 2792.74, ""ymax"": 6133.52, ""confidence"": 0.63, ""name"": ""flower_one""}, {""xmin"": 4457.06, ""ymin"": 10989.89, ""xmax"": 4617.02, ""ymax"": 11461.95, ""confidence"": 0.55, ""name"": ""flower_one""}, {""xmin"": 4266.49, ""ymin"": 10579.12, ""xmax"": 4395.22, ""ymax"": 10963.77, ""confidence"": 0.46, ""name"": ""flower_one""}, {""xmin"": 4068.33, ""ymin"": 10276.54, ""xmax"": 4224.23, ""ymax"": 10692.19, ""confidence"": 0.24, ""name"": ""flower_one""}, {""xmin"": 4179.96, ""ymin"": 11037.31, ""xmax"": 4312.65, ""ymax"": 11383.6, ""confidence"": 0.13, ""name"": ""flower_one""}]",sample_outputs/annotated/HERB_0050_annotated.jpg
HERB_0052.jpg,1,2,1,4,0.2695,"[{""xmin"": 637.95, ""ymin"": 981.05, ""xmax"": 652.12, ""ymax"": 1010.0, ""confidence"": 0.27, ""name"": ""bud""}, {""xmin"": 625.43, ""ymin"": 945.71, ""xmax"": 637.67, ""ymax"": 972.38, ""confidence"": 0.25, ""name"": ""bud""}, {""xmin"": 638.63, ""ymin"": 908.18, ""xmax"": 649.35, ""ymax"": 926.21, ""confidence"": 0.22, ""name"": ""bud""}, {""xmin"": 348.71, ""ymin"": 441.28, ""xmax"": 386.37, ""ymax"": 495.84, ""confidence"": 0.16, ""name"": ""flower_one""}, {""xmin"": 347.76, ""ymin"": 439.74, ""xmax"": 395.28, ""ymax"": 494.39, ""confidence"": 0.15, ""name"": ""flower_many""}, {""xmin"": 365.55, ""ymin"": 456.29, ""xmax"": 407.8, ""ymax"": 490.7, ""confidence"": 0.15, ""name"": ""flower_one""}, {""xmin"": 628.43, ""ymin"": 882.24, ""xmax"": 639.26, ""ymax"": 904.05, ""confidence"": 0.15, ""name"": ""bud""}]",sample_outputs/annotated/HERB_0052_annotated.jpg
HERB_0053.jpg,0,0,0,0,0.0,[],sample_outputs/annotated/HERB_0053_annotated.jpg
HERB_0054.jpg,1,148,27,3,0.5743,"[{""xmin"": 2044.8, ""ymin"": 7467.03, ""xmax"": 2211.59, ""ymax"": 7622.77, ""confidence"": 0.57, ""name"": ""flower_one""}, {""xmin"": 2037.54, ""ymin"": 7149.99, ""xmax"": 2161.72, ""ymax"": 7341.93, ""confidence"": 0.55, ""name"": ""flower_one""}, {""xmin"": 6776.14, ""ymin"": 1585.09, ""xmax"": 6873.8, ""ymax"": 1659.03, ""confidence"": 0.54, ""name"": ""flower_one""}, {""xmin"": 3890.64, ""ymin"": 3025.37, ""xmax"": 3995.85, ""ymax"": 3086.93, ""confidence"": 0.52, ""name"": ""flower_one""}, {""xmin"": 5632.86, ""ymin"": 3803.0, ""xmax"": 5770.58, ""ymax"": 3909.3, ""confidence"": 0.51, ""name"": ""flower_one""}, {""xmin"": 2490.89, ""ymin"": 1809.65, ""xmax"": 2579.85, ""ymax"": 1927.37, ""confidence"": 0.51, ""name"": ""flower_one""}, {""xmin"": 6205.37, ""ymin"": 3704.02, ""xmax"": 6309.66, ""ymax"": 3851.66, ""confidence"": 0.5, ""name"": ""flower_one""}, {""xmin"": 6048.32, ""ymin"": 5085.56, ""xmax"": 6138.56, ""ymax"": 5155.16, ""confidence"": 0.49, ""name"": ""flower_one""}, {""xmin"": 7303.25, ""ymin"": 2124.6, ""xmax"": 7429.09, ""ymax"": 2269.88, ""confidence"": 0.47, ""name"": ""flower_one""}, {""xmin"": 3937.37, ""ymin"": 2869.31, ""xmax"": 4000.22, ""ymax"": 2972.81, ""confidence"": 0.47, ""name"": ""flower_one""}, {""xmin"": 2643.59, ""ymin"": 5245.11, ""xmax"": 2764.68, ""ymax"": 5376.36, ""confidence"": 0.45, ""name"": ""flower_one""}, {""xmin"": 5999.64, ""ymin"": 1278.12, ""xmax"": 6068.45, ""ymax"": 1396.17, ""confidence"": 0.45, ""name"": ""flower_one""}, {""xmin"": 7137.72, ""ymin"": 2521.72, ""xmax"": 7227.55, ""ymax"": 2612.73, ""confidence"": 0.45, ""name"": ""flower_one""}, {""xmin"": 7123.99, ""ymin"": 5453.2, ""xmax"": 7192.34, ""ymax"": 5518.84, ""confidence"": 0.45, ""name"": ""flower_one""}, {""xmin"": 2966.12, ""ymin"": 2256.25, ""xmax"": 3080.45, ""ymax"": 2365.5, ""confidence"": 0.45, ""name"": ""flower_one""}, {""xmin"": 3112.65, ""ymin"": 1983.45, ""xmax"": 3194.22, ""ymax"": 2050.99, ""confidence"": 0.44, ""name"": ""flower_one""}, {""xmin"": 6041.17, ""ymin"": 1421.52, ""xmax"": 6126.27, ""ymax"": 1511.77, ""confidence"": 0.44, ""name"": ""flower_one""}, {""xmin"": 2589.22, ""ymin"": 1785.47, ""xmax"": 2661.84, ""ymax"": 1893.62, ""confidence"": 0.44, ""name"": ""flower_one""}, {""xmin"": 5984.6, ""ymin"": 5065.79, ""xmax"": 6050.86, ""ymax"": 5166.6, ""confidence"": 0.43, ""name"": ""flower_one""}, {""xmin"": 7290.06, ""ymin"": 2123.91, ""xmax"": 7429.55, ""ymax"": 2283.54, ""confidence"": 0.42, ""name"": ""flower_many""}, {""xmin"": 1769.89, ""ymin"": 7215.87, ""xmax"": 1942.2, ""ymax"": 7326.63, ""confidence"": 0.42, ""name"": ""flower_one""}, {""xmin"": 7663.54, ""ymin"": 3526.38, ""xmax"": 7812.48, ""ymax"": 3775.51, ""confidence"": 0.41, ""name"": ""flower_many""}, {""xmin"": 6636.25, ""ymin"": 6024.93, ""xmax"": 6739.7, ""ymax"": 6167.23, ""confidence"": 0.41, ""name"": ""flower_one""}, {""xmin"": 3182.66, ""ymin"": 1441.84, ""xmax"": 3354.32, ""ymax"": 1608.34, ""confidence"": 0.41, ""name"": ""flower_many""}, {""xmin"": 1853.51, ""ymin"": 7223.02, ""xmax"": 1952.63, ""ymax"": 7336.25, ""confidence"": 0.41, ""name"": ""flower_one""}, {""xmin"": 5905.33, ""ymin"": 1091.57, ""xmax"": 6020.48, ""ymax"": 1178.61, ""confidence"": 0.4, ""name"": ""flower_one""}, {""xmin"": 2470.7, ""ymin"": 3457.03, ""xmax"": 2590.39, ""ymax"": 3596.39, ""confidence"": 0.4, ""name"": ""flower_one""}, {""xmin"": 6493.34, ""ymin"": 1407.36, ""xmax"": 6554.81, ""ymax"": 1522.0, ""confidence"": 0.4, ""name"": ""flower_one""}, {""xmin"": 2877.47, ""ymin"": 2105.37, ""xmax"": 2993.84, ""ymax"": 2229.7, ""confidence"": 0.4, ""name"": ""flower_one""}, {""xmin"": 3617.38, ""ymin"": 5403.85, ""xmax"": 3727.74, ""ymax"": 5479.63, ""confidence"": 0.4, ""name"": ""flower_one""}, {""xmin"": 6883.71, ""ymin"": 2454.75, ""xmax"": 7005.95, ""ymax"": 2602.04, ""confidence"": 0.39, ""name"": ""flower_one""}, {""xmin"": 3155.57, ""ymin"": 2075.86, ""xmax"": 3306.45, ""ymax"": 2174.29, ""confidence"": 0.38, ""name"": ""flower_one""}, {""xmin"": 5499.56, ""ymin"": 3917.88, ""xmax"": 5591.17, ""ymax"": 4049.87, ""confidence"": 0.38, ""name"": ""flower_one""}, {""xmin"": 3633.54, ""ymin"": 3113.57, ""xmax"": 3739.54, ""ymax"": 3191.42, ""confidence"": 0.38, ""name"": ""flower_one""}, {""xmin"": 6733.06, ""ymin"": 2273.03, ""xmax"": 6810.54, ""ymax"": 2361.57, ""confidence"": 0.38, ""name"": ""flower_one""}, {""xmin"": 1956.49, ""ymin"": 7373.74, ""xmax"": 2040.67, ""ymax"": 7453.49, ""confidence"": 0.37, ""name"": ""flower_one""}, {""xmin"": 5838.3, ""ymin"": 4862.36, ""xmax"": 5924.48, ""ymax"": 4957.39, ""confidence"": 0.36, ""name"": ""flower_one""}, {""xmin"": 2631.09, ""ymin"": 3655.56, ""xmax"": 2708.42, ""ymax"": 3741.28, ""confidence"": 0.36, ""name"": ""flower_one""}, {""xmin"": 2489.52, ""ymin"": 5173.48, ""xmax"": 2584.45, ""ymax"": 5259.87, ""confidence"": 0.36, ""name"": ""flower_one""}, {""xmin"": 3985.75, ""ymin"": 2899.78, ""xmax"": 4064.86, ""ymax"": 2975.95, ""confidence"": 0.36, ""name"": ""flower_one""}, {""xmin"": 2471.09, ""ymin"": 5913.16, ""xmax"": 2660.1, ""ymax"": 6017.03, ""confidence"": 0.35, ""name"": ""flower_one""}, {""xmin"": 4995.99, ""ymin"": 4744.51, ""xmax"": 5070.39, ""ymax"": 4834.4, ""confidence"": 0.35, ""name"": ""flower_one""}, {""xmin"": 3543.49, ""ymin"": 2531.92, ""xmax"": 3666.34, ""ymax"": 2612.31, ""confidence"": 0.35, ""name"": ""flower_one""}, {""xmin"": 7517.84, ""ymin"": 3268.9, ""xmax"": 7602.44, ""ymax"": 3380.99, ""confidence"": 0.35, ""name"": ""flower_one""}, {""xmin"": 2437.68, ""ymin"": 2079.99, ""xmax"": 2594.89, ""ymax"": 2175.24, ""confidence"": 0.35, ""name"": ""flower_one""}, {""xmin"": 7085.0, ""ymin"": 3583.91, ""xmax"": 7209.09, ""ymax"": 3694.77, ""confidence"": 0.35, ""name"": ""flower_one""}, {""xmin"": 7226.64, ""ymin"": 2323.97, ""xmax"": 7304.64, ""ymax"": 2399.59, ""confidence"": 0.34, ""name"": ""flower_one""}, {""xmin"": 1463.32, ""ymin"": 1794.96, ""xmax"": 1568.26, ""ymax"": 1955.7, ""confidence"": 0.34, ""name"": ""flower_one""}, {""xmin"": 6364.28, ""ymin"": 3542.34, ""xmax"": 6436.06, ""ymax"": 3615.58, ""confidence"": 0.34, ""name"": ""flower_one""}, {""xmin"": 3423.83, ""ymin"": 5587.53, ""xmax"": 3552.32, ""ymax"": 5701.7, ""confidence"": 0.34, ""name"": ""flower_one""}, {""xmin"": 3248.1, ""ymin"": 1611.86, ""xmax"": 3309.37, ""ymax"": 1671.59, ""confidence"": 0.33, ""name"": ""flower_one""}, {""xmin"": 1890.74, ""ymin"": 1011.96, ""xmax"": 2007.37, ""ymax"": 1162.6, ""confidence"": 0.33, ""name"": ""flower_one""}, {""xmin"": 1891.35, ""ymin"": 1027.36, ""xmax"": 2140.43, ""ymax"": 1440.68, ""confidence"": 0.33, ""name"": ""flower_many""}, {""xmin"": 7146.8, ""ymin"": 3794.69, ""xmax"": 7218.39, ""ymax"": 3918.33, ""confidence"": 0.32, ""name"": ""flower_one""}, {""xmin"": 7676.01, ""ymin"": 3482.12, ""xmax"": 7792.87, ""ymax"": 3573.1, ""confidence"": 0.32, ""name"": ""flower_one""}, {""xmin"": 6631.01, ""ymin"": 5568.27, ""xmax"": 6835.34, ""ymax"": 5797.18, ""confidence"": 0.31, ""name"": ""flower_one""}, {""xmin"": 2954.32, ""ymin"": 4259.01, ""xmax"": 3179.5, ""ymax"": 5214.47, ""confidence"": 0.31, ""name"": ""flower_many""}, {""xmin"": 7083.47, ""ymin"": 3583.74, ""xmax"": 7208.95, ""ymax"": 3695.53, ""confidence"": 0.31, ""name"": ""flower_many""}, {""xmin"": 2252.81, ""ymin"": 7403.63, ""xmax"": 2345.93, ""ymax"": 7498.45, ""confidence"": 0.31, ""name"": ""flower_one""}, {""xmin"": 3497.29, ""ymin"": 5327.5, ""xmax"": 3627.05, ""ymax"": 5428.54, ""confidence"": 0.3, ""name"": ""flower_one""}, {""xmin"": 6865.46, ""ymin"": 1440.43, ""xmax"": 6955.38, ""ymax"": 1538.92, ""confidence"": 0.3, ""name"": ""flower_one""}, {""xmin"": 2974.22, ""ymin"": 4279.21, ""xmax"": 3074.96, ""ymax"": 4431.72, ""confidence"": 0.3, ""name"": ""flower_one""}, {""xmin"": 6384.18, ""ymin"": 2433.56, ""xmax"": 6465.29, ""ymax"": 2518.18, ""confidence"": 0.29, ""name"": ""flower_one""}, {""xmin"": 3684.31, ""ymin"": 2300.4, ""xmax"": 3811.02, ""ymax"": 2399.31, ""confidence"": 0.29, ""name"": ""flower_one""}, {""xmin"": 7102.07, ""ymin"": 2338.31, ""xmax"": 7172.85, ""ymax"": 2444.28, ""confidence"": 0.29, ""name"": ""flower_one""}, {""xmin"": 6668.21, ""ymin"": 2141.76, ""xmax"": 6746.71, ""ymax"": 2228.02, ""confidence"": 0.28, ""name"": ""flower_one""}, {""xmin"": 5471.86, ""ymin"": 4111.93, ""xmax"": 5558.76, ""ymax"": 4171.65, ""confidence"": 0.28, ""name"": ""flower_one""}, {""xmin"": 3727.82, ""ymin"": 5248.57, ""xmax"": 3792.7, ""ymax"": 5312.88, ""confidence"": 0.28, ""name"": ""flower_one""}, {""xmin"": 5698.15, ""ymin"": 1271.59, ""xmax"": 5794.25, ""ymax"": 1349.06, ""confidence"": 0.27, ""name"": ""flower_one""}, {""xmin"": 6908.14, ""ymin"": 1432.27, ""xmax"": 6998.21, ""ymax"": 1513.85, ""confidence"": 0.27, ""name"": ""flower_one""}, {""xmin"": 2974.36, ""ymin"": 4743.64, ""xmax"": 3145.65, ""ymax"": 5201.15, ""confidence"": 0.27, ""name"": ""flower_many""}, {""xmin"": 2617.53, ""ymin"": 1947.66, ""xmax"": 2686.21, ""ymax"": 1994.75, ""confidence"": 0.27, ""name"": ""flower_one""}, {""xmin"": 3352.66, ""ymin"": 5352.14, ""xmax"": 3446.52, ""ymax"": 5436.39, ""confidence"": 0.27, ""name"": ""flower_one""}, {""xmin"": 2467.24, ""ymin"": 6138.11, ""xmax"": 2567.77, ""ymax"": 6262.22, ""confidence"": 0.26, ""name"": ""flower_one""}, {""xmin"": 2860.44, ""ymin"": 2088.62, ""xmax"": 3011.24, ""ymax"": 2228.02, ""confidence"": 0.26, ""name"": ""flower_many""}, {""xmin"": 2980.63, ""ymin"": 5095.53, ""xmax"": 3123.34, ""ymax"": 5209.35, ""confidence"": 0.25, ""name"": ""flower_one""}, {""xmin"": 3434.76, ""ymin"": 1561.21, ""xmax"": 3514.54, ""ymax"": 1619.86, ""confidence"": 0.25, ""name"": ""flower_one""}, {""xmin"": 5289.87, ""ymin"": 2285.15, ""xmax"": 5391.01, ""ymax"": 2421.54, ""confidence"": 0.25, ""name"": ""flower_one""}, {""xmin"": 7295.73, ""ymin"": 5595.28, ""xmax"": 7363.03, ""ymax"": 5676.72, ""confidence"": 0.24, ""name"": ""flower_one""}, {""xmin"": 3189.11, ""ymin"": 1446.33, ""xmax"": 3340.65, ""ymax"": 1588.33, ""confidence"": 0.24, ""name"": ""flower_one""}, {""xmin"": 2036.49, ""ymin"": 5838.57, ""xmax"": 2173.35, ""ymax"": 5927.5, ""confidence"": 0.24, ""name"": ""flower_one""}, {""xmin"": 6650.39, ""ymin"": 6169.35, ""xmax"": 6779.13, ""ymax"": 6249.56, ""confidence"": 0.23, ""name"": ""flower_one""}, {""xmin"": 5521.48, ""ymin"": 2481.2, ""xmax"": 5638.6, ""ymax"": 2592.55, ""confidence"": 0.23, ""name"": ""flower_one""}, {""xmin"": 2519.62, ""ymin"": 5205.93, ""xmax"": 2653.48, ""ymax"": 5337.69, ""confidence"": 0.23, ""name"": ""flower_one""}, {""xmin"": 2995.37, ""ymin"": 4496.64, ""xmax"": 3066.67, ""ymax"": 4580.51, ""confidence"": 0.23, ""name"": ""flower_one""}, {""xmin"": 1987.71, ""ymin"": 1106.67, ""xmax"": 2122.83, ""ymax"": 1277.02, ""confidence"": 0.23, ""name"": ""flower_one""}, {""xmin"": 4922.42, ""ymin"": 4728.46, ""xmax"": 4995.21, ""ymax"": 4802.59, ""confidence"": 0.23, ""name"": ""flower_one""}, {""xmin"": 3054.17, ""ymin"": 4563.61, ""xmax"": 3150.19, ""ymax"": 4683.43, ""confidence"": 0.22, ""name"": ""flower_one""}, {""xmin"": 3624.56, ""ymin"": 5344.48, ""xmax"": 3691.8, ""ymax"": 5420.38, ""confidence"": 0.22, ""name"": ""flower_one""}, {""xmin"": 6628.15, ""ymin"": 2622.77, ""xmax"": 6745.47, ""ymax"": 2698.98, ""confidence"": 0.22, ""name"": ""flower_one""}, {""xmin"": 2226.53, ""ymin"": 5794.48, ""xmax"": 2354.23, ""ymax"": 5867.86, ""confidence"": 0.22, ""name"": ""flower_one""}, {""xmin"": 1875.37, ""ymin"": 1001.6, ""xmax"": 2075.75, ""ymax"": 1299.43, ""confidence"": 0.22, ""name"": ""flower_many""}, {""xmin"": 1461.11, ""ymin"": 1797.14, ""xmax"": 1576.53, ""ymax"": 1969.84, ""confidence"": 0.22, ""name"": ""flower_many""}, {""xmin"": 5825.98, ""ymin"": 1137.39, ""xmax"": 5882.45, ""ymax"": 1195.2, ""confidence"": 0.22, ""name"": ""flower_one""}, {""xmin"": 7670.16, ""ymin"": 3599.72, ""xmax"": 7807.24, ""ymax"": 3773.63, ""confidence"": 0.22, ""name"": ""flower_one""}, {""xmin"": 6470.5, ""ymin"": 5452.09, ""xmax"": 6552.9, ""ymax"": 5549.33, ""confidence"": 0.22, ""name"": ""flower_one""}, {""xmin"": 2495.49, ""ymin"": 1798.44, ""xmax"": 2664.54, ""ymax"": 1917.42, ""confidence"": 0.21, ""name"": ""flower_one""}, {""xmin"": 2855.64, ""ymin"": 2100.61, ""xmax"": 2934.12, ""ymax"": 2166.78, ""confidence"": 0.21, ""name"": ""flower_one""}, {""xmin"": 3343.04, ""ymin"": 5334.08, ""xmax"": 3613.09, ""ymax"": 5432.98, ""confidence"": 0.21, ""name"": ""flower_one""}, {""xmin"": 6497.76, ""ymin"": 1507.08, ""xmax"": 6558.69, ""ymax"": 1565.37, ""confidence"": 0.21, ""name"": ""flower_one""}, {""xmin"": 6301.27, ""ymin"": 5317.06, ""xmax"": 6851.74, ""ymax"": 5751.39, ""confidence"": 0.21, ""name"": ""flower_many""}, {""xmin"": 1669.81, ""ymin"": 1998.18, ""xmax"": 1755.32, ""ymax"": 2091.95, ""confidence"": 0.21, ""name"": ""flower_one""}, {""xmin"": 6677.41, ""ymin"": 6364.11, ""xmax"": 6802.23, ""ymax"": 6481.34, ""confidence"": 0.21, ""name"": ""flower_one""}, {""xmin"": 5203.19, ""ymin"": 3696.31, ""xmax"": 5274.6, ""ymax"": 3793.61, ""confidence"": 0.2, ""name"": ""flower_one""}, {""xmin"": 2124.78, ""ymin"": 6474.32, ""xmax"": 2224.9, ""ymax"": 6550.56, ""confidence"": 0.2, ""name"": ""flower_one""}, {""xmin"": 5712.43, ""ymin"": 5900.71, ""xmax"": 6019.27, ""ymax"": 6205.81, ""confidence"": 0.2, ""name"": ""flower_many""}, {""xmin"": 6010.37, ""ymin"": 1283.28, ""xmax"": 6109.28, ""ymax"": 1526.82, ""confidence"": 0.2, ""name"": ""flower_one""}, {""xmin"": 2136.23, ""ymin"": 7388.7, ""xmax"": 2219.78, ""ymax"": 7493.84, ""confidence"": 0.2, ""name"": ""flower_one""}, {""xmin"": 2544.03, ""ymin"": 5258.11, ""xmax"": 2646.06, ""ymax"": 5328.17, ""confidence"": 0.19, ""name"": ""flower_one""}, {""xmin"": 3853.18, ""ymin"": 5093.33, ""xmax"": 3909.31, ""ymax"": 5189.23, ""confidence"": 0.19, ""name"": ""flower_one""}, {""xmin"": 2994.94, ""ymin"": 4749.99, ""xmax"": 3134.02, ""ymax"": 5094.19, ""confidence"": 0.19, ""name"": ""flower_one""}, {""xmin"": 7675.0, ""ymin"": 6343.54, ""xmax"": 7736.04, ""ymax"": 6416.91, ""confidence"": 0.19, ""name"": ""flower_one""}, {""xmin"": 1969.28, ""ymin"": 1101.1, ""xmax"": 2127.28, ""ymax"": 1281.84, ""confidence"": 0.18, ""name"": ""flower_many""}, {""xmin"": 6662.19, ""ymin"": 2112.98, ""xmax"": 6822.93, ""ymax"": 2373.48, ""confidence"": 0.18, ""name"": ""flower_many""}, {""xmin"": 7186.03, ""ymin"": 5614.09, ""xmax"": 7282.14, ""ymax"": 5738.03, ""confidence"": 0.18, ""name"": ""flower_one""}, {""xmin"": 6617.16, ""ymin"": 6016.96, ""xmax"": 6844.19, ""ymax"": 6436.32, ""confidence"": 0.18, ""name"": ""flower_many""}, {""xmin"": 6879.25, ""ymin"": 2451.17, ""xmax"": 7012.31, ""ymax"": 2603.49, ""confidence"": 0.18, ""name"": ""flower_many""}, {""xmin"": 2353.36, ""ymin"": 6017.0, ""xmax"": 2451.12, ""ymax"": 6128.53, ""confidence"": 0.18, ""name"": ""flower_one""}, {""xmin"": 6376.34, ""ymin"": 5527.4, ""xmax"": 6514.19, ""ymax"": 5662.04, ""confidence"": 0.18, ""name"": ""flower_one""}, {""xmin"": 6372.44, ""ymin"": 5407.48, ""xmax"": 6570.96, ""ymax"": 5557.57, ""confidence"": 0.18, ""name"": ""flower_one""}, {""xmin"": 5411.05, ""ymin"": 2442.55, ""xmax"": 5499.24, ""ymax"": 2522.36, ""confidence"": 0.17, ""name"": ""flower_one""}, {""xmin"": 5991.63, ""ymin"": 5064.08, ""xmax"": 6124.72, ""ymax"": 5160.59, ""confidence"": 0.17, ""name"": ""flower_one""}, {""xmin"": 5772.08, ""ymin"": 6028.0, ""xmax"": 6012.5, ""ymax"": 6194.76, ""confidence"": 0.17, ""name"": ""flower_many""}, {""xmin"": 2480.46, ""ymin"": 5162.62, ""xmax"": 2728.87, ""ymax"": 5355.33, ""confidence"": 0.17, ""name"": ""flower_many""}, {""xmin"": 4055.91, ""ymin"": 5689.14, ""xmax"": 4151.87, ""ymax"": 5751.57, ""confidence"": 0.17, ""name"": ""flower_one""}, {""xmin"": 3528.24, ""ymin"": 5338.01, ""xmax"": 3715.0, ""ymax"": 5454.31, ""confidence"": 0.17, ""name"": ""flower_one""}, {""xmin"": 1876.23, ""ymin"": 7173.83, ""xmax"": 2185.11, ""ymax"": 7339.67, ""confidence"": 0.16, ""name"": ""flower_one""}, {""xmin"": 2360.39, ""ymin"": 5832.04, ""xmax"": 2478.8, ""ymax"": 6130.37, ""confidence"": 0.16, ""name"": ""flower_one""}, {""xmin"": 7634.64, ""ymin"": 6162.55, ""xmax"": 7686.29, ""ymax"": 6255.45, ""confidence"": 0.16, ""name"": ""flower_one""}, {""xmin"": 6681.88, ""ymin"": 2133.07, ""xmax"": 6802.76, ""ymax"": 2366.67, ""confidence"": 0.16, ""name"": ""flower_one""}, {""xmin"": 6587.3, ""ymin"": 5363.04, ""xmax"": 6752.16, ""ymax"": 5487.57, ""confidence"": 0.16, ""name"": ""flower_one""}, {""xmin"": 2580.07, ""ymin"": 7527.37, ""xmax"": 2645.78, ""ymax"": 7572.96, ""confidence"": 0.15, ""name"": ""bud""}, {""xmin"": 1887.94, ""ymin"": 1004.06, ""xmax"": 2022.57, ""ymax"": 1194.66, ""confidence"": 0.15, ""name"": ""flower_many""}, {""xmin"": 2582.26, ""ymin"": 5223.35, ""xmax"": 2776.88, ""ymax"": 5381.89, ""confidence"": 0.15, ""name"": ""flower_many""}, {""xmin"": 2485.84, ""ymin"": 5815.9, ""xmax"": 2638.2, ""ymax"": 5926.25, ""confidence"": 0.15, ""name"": ""flower_one""}, {""xmin"": 3927.93, ""ymin"": 2872.9, ""xmax"": 4062.07, ""ymax"": 2997.15, ""confidence"": 0.14, ""name"": ""flower_one""}, {""xmin"": 3754.86, ""ymin"": 1613.78, ""xmax"": 3810.49, ""ymax"": 1672.67, ""confidence"": 0.14, ""name"": ""flower_one""}, {""xmin"": 7127.68, ""ymin"": 3709.42, ""xmax"": 7225.53, ""ymax"": 3917.36, ""confidence"": 0.14, ""name"": ""flower_many""}, {""xmin"": 2015.5, ""ymin"": 5758.16, ""xmax"": 2831.45, ""ymax"": 6191.66, ""confidence"": 0.14, ""name"": ""flower_many""}, {""xmin"": 2404.49, ""ymin"": 5790.59, ""xmax"": 2490.06, ""ymax"": 5899.75, ""confidence"": 0.14, ""name"": ""flower_one""}, {""xmin"": 6544.01, ""ymin"": 2591.45, ""xmax"": 6715.94, ""ymax"": 2680.17, ""confidence"": 0.14, ""name"": ""flower_one""}, {""xmin"": 2290.06, ""ymin"": 5792.61, ""xmax"": 2516.43, ""ymax"": 5914.98, ""confidence"": 0.14, ""name"": ""flower_one""}, {""xmin"": 2204.83, ""ymin"": 5934.4, ""xmax"": 2280.17, ""ymax"": 6011.46, ""confidence"": 0.14, ""name"": ""flower_one""}, {""xmin"": 2185.8, ""ymin"": 5878.96, ""xmax"": 2282.4, ""ymax"": 6004.5, ""confidence"": 0.14, ""name"": ""flower_one""}, {""xmin"": 2053.98, ""ymin"": 5846.86, ""xmax"": 2246.45, ""ymax"": 5958.63, ""confidence"": 0.14, ""name"": ""flower_one""}, {""xmin"": 5827.6, ""ymin"": 6062.81, ""xmax"": 6011.89, ""ymax"": 6185.92, ""confidence"": 0.14, ""name"": ""flower_one""}, {""xmin"": 6837.04, ""ymin"": 1425.46, ""xmax"": 7004.36, ""ymax"": 1571.5, ""confidence"": 0.13, ""name"": ""flower_many""}, {""xmin"": 6704.13, ""ymin"": 5472.78, ""xmax"": 6801.79, ""ymax"": 5575.77, ""confidence"": 0.13, ""name"": ""flower_one""}, {""xmin"": 2054.76, ""ymin"": 7177.29, ""xmax"": 2203.56, ""ymax"": 7403.42, ""confidence"": 0.13, ""name"": ""flower_one""}, {""xmin"": 7145.99, ""ymin"": 5579.43, ""xmax"": 7358.43, ""ymax"": 5735.11, ""confidence"": 0.12, ""name"": ""flower_many""}, {""xmin"": 1548.49, ""ymin"": 1929.43, ""xmax"": 1599.96, ""ymax"": 1991.46, ""confidence"": 0.12, ""name"": ""flower_one""}, {""xmin"": 6280.35, ""ymin"": 5349.52, ""xmax"": 6603.79, ""ymax"": 5554.76, ""confidence"": 0.12, ""name"": ""flower_one""}, {""xmin"": 6898.83, ""ymin"": 5295.78, ""xmax"": 6973.7, ""ymax"": 5361.11, ""confidence"": 0.12, ""name"": ""flower_one""}, {""xmin"": 2218.19, ""ymin"": 6459.14, ""xmax"": 2303.99, ""ymax"": 6540.36, ""confidence"": 0.12, ""name"": ""flower_one""}, {""xmin"": 6626.84, ""ymin"": 6031.86, ""xmax"": 6797.78, ""ymax"": 6330.61, ""confidence"": 0.12, ""name"": ""flower_one""}, {""xmin"": 3204.7, ""ymin"": 2096.96, ""xmax"": 3318.32, ""ymax"": 2202.81, ""confidence"": 0.12, ""name"": ""flower_one""}, {""xmin"": 6787.62, ""ymin"": 1535.98, ""xmax"": 6914.42, ""ymax"": 1663.36, ""confidence"": 0.12, ""name"": ""flower_one""}, {""xmin"": 6576.64, ""ymin"": 5389.42, ""xmax"": 6683.27, ""ymax"": 5484.83, ""confidence"": 0.12, ""name"": ""flower_one""}, {""xmin"": 2962.33, ""ymin"": 4281.67, ""xmax"": 3143.68, ""ymax"": 4705.96, ""confidence"": 0.12, ""name"": ""flower_many""}, {""xmin"": 2535.79, ""ymin"": 2072.47, ""xmax"": 2595.65, ""ymax"": 2156.31, ""confidence"": 0.12, ""name"": ""flower_one""}, {""xmin"": 4140.82, ""ymin"": 3264.48, ""xmax"": 4490.95, ""ymax"": 3711.42, ""confidence"": 0.11, ""name"": ""flower_one""}, {""xmin"": 2473.65, ""ymin"": 5855.29, ""xmax"": 2695.18, ""ymax"": 5990.1, ""confidence"": 0.11, ""name"": ""flower_one""}, {""xmin"": 2201.49, ""ymin"": 2059.34, ""xmax"": 2257.83, ""ymax"": 2110.75, ""confidence"": 0.11, ""name"": ""bud""}, {""xmin"": 5382.42, ""ymin"": 2397.63, ""xmax"": 5645.88, ""ymax"": 2600.24, ""confidence"": 0.11, ""name"": ""flower_many""}, {""xmin"": 5418.05, ""ymin"": 2446.6, ""xmax"": 5642.04, ""ymax"": 2593.2, ""confidence"": 0.11, ""name"": ""flower_one""}, {""xmin"": 6576.84, ""ymin"": 5306.82, ""xmax"": 6732.33, ""ymax"": 5443.27, ""confidence"": 0.11, ""name"": ""flower_one""}, {""xmin"": 2224.94, ""ymin"": 5778.75, ""xmax"": 2557.49, ""ymax"": 6065.85, ""confidence"": 0.11, ""name"": ""flower_one""}, {""xmin"": 4730.76, ""ymin"": 3291.35, ""xmax"": 4828.82, ""ymax"": 3366.77, ""confidence"": 0.11, ""name"": ""bud""}, {""xmin"": 6601.62, ""ymin"": 5390.83, ""xmax"": 6700.18, ""ymax"": 5600.17, ""confidence"": 0.1, ""name"": ""flower_one""}, {""xmin"": 7077.56, ""ymin"": 3582.96, ""xmax"": 7228.96, ""ymax"": 3801.12, ""confidence"": 0.1, ""name"": ""flower_many""}, {""xmin"": 7165.58, ""ymin"": 5585.51, ""xmax"": 7357.21, ""ymax"": 5716.26, ""confidence"": 0.1, ""name"": ""flower_one""}, {""xmin"": 2201.21, ""ymin"": 2054.66, ""xmax"": 2261.44, ""ymax"": 2113.93, ""confidence"": 0.1, ""name"": ""flower_one""}, {""xmin"": 1813.29, ""ymin"": 7219.89, ""xmax"": 1992.67, ""ymax"": 7388.94, ""confidence"": 0.1, ""name"": ""flower_one""}, {""xmin"": 2407.76, ""ymin"": 5813.96, ""xmax"": 2677.57, ""ymax"": 6041.6, ""confidence"": 0.1, ""name"": ""flower_one""}, {""xmin"": 2149.62, ""ymin"": 6460.06, ""xmax"": 2298.05, ""ymax"": 6554.92, ""confidence"": 0.1, ""name"": ""flower_one""}, {""xmin"": 2143.5, ""ymin"": 7288.73, ""xmax"": 2200.24, ""ymax"": 7374.22, ""confidence"": 0.1, ""name"": ""flower_one""}, {""xmin"": 2313.18, ""ymin"": 5803.12, ""xmax"": 2413.95, ""ymax"": 5883.81, ""confidence"": 0.1, ""name"": ""flower_one""}, {""xmin"": 4928.5, ""ymin"": 4734.69, ""xmax"": 5053.67, ""ymax"": 4821.48, ""confidence"": 0.1, ""name"": ""flower_one""}]",sample_outputs/annotated/HERB_0054_annotated.jpg
HERB_0056.jpg,1,35,22,3,0.6803,"[{""xmin"": 822.71, ""ymin"": 375.26, ""xmax"": 1253.29, ""ymax"": 682.0, ""confidence"": 0.68, ""name"": ""flower_many""}, {""xmin"": 624.02, ""ymin"": 1196.52, ""xmax"": 713.07, ""ymax"": 1286.03, ""confidence"": 0.49, ""name"": ""flower_many""}, {""xmin"": 638.7, ""ymin"": 888.15, ""xmax"": 900.41, ""ymax"": 1124.6, ""confidence"": 0.49, ""name"": ""flower_many""}, {""xmin"": 1324.82, ""ymin"": 793.42, ""xmax"": 1661.1, ""ymax"": 1003.71, ""confidence"": 0.46, ""name"": ""flower_many""}, {""xmin"": 1425.77, ""ymin"": 347.06, ""xmax"": 1530.79, ""ymax"": 466.46, ""confidence"": 0.39, ""name"": ""flower_one""}, {""xmin"": 1372.12, ""ymin"": 501.75, ""xmax"": 1647.2, ""ymax"": 832.57, ""confidence"": 0.37, ""name"": ""flower_many""}, {""xmin"": 1201.01, ""ymin"": 236.82, ""xmax"": 1359.47, ""ymax"": 442.24, ""confidence"": 0.35, ""name"": ""flower_many""}, {""xmin"": 1184.36, ""ymin"": 391.48, ""xmax"": 1280.72, ""ymax"": 459.66, ""confidence"": 0.34, ""name"": ""flower_one""}, {""xmin"": 1157.43, ""ymin"": 530.56, ""xmax"": 1222.08, ""ymax"": 611.85, ""confidence"": 0.33, ""name"": ""flower_one""}, {""xmin"": 1440.52, ""ymin"": 415.34, ""xmax"": 1584.31, ""ymax"": 497.63, ""confidence"": 0.32, ""name"": ""flower_one""}, {""xmin"": 905.73, ""ymin"": 562.41, ""xmax"": 967.25, ""ymax"": 622.51, ""confidence"": 0.29, ""name"": ""flower_one""}, {""xmin"": 914.98, ""ymin"": 580.25, ""xmax"": 992.01, ""ymax"": 670.65, ""confidence"": 0.28, ""name"": ""flower_one""}, {""xmin"": 1411.61, ""ymin"": 347.84, ""xmax"": 1465.12, ""ymax"": 461.78, ""confidence"": 0.28, ""name"": ""flower_one""}, {""xmin"": 524.8, ""ymin"": 962.88, ""xmax"": 634.61, ""ymax"": 1071.63, ""confidence"": 0.27, ""name"": ""flower_many""}, {""xmin"": 1390.52, ""ymin"": 314.13, ""xmax"": 1465.45, ""ymax"": 386.72, ""confidence"": 0.24, ""name"": ""flower_one""}, {""xmin"": 685.01, ""ymin"": 2378.98, ""xmax"": 708.94, ""ymax"": 2416.62, ""confidence"": 0.23, ""name"": ""bud""}, {""xmin"": 1434.06, ""ymin"": 410.76, ""xmax"": 1531.56, ""ymax"": 476.72, ""confidence"": 0.22, ""name"": ""flower_one""}, {""xmin"": 973.55, ""ymin"": 550.52, ""xmax"": 1025.17, ""ymax"": 625.56, ""confidence"": 0.22, ""name"": ""flower_one""}, {""xmin"": 844.91, ""ymin"": 495.56, ""xmax"": 923.74, ""ymax"": 542.9, ""confidence"": 0.21, ""name"": ""flower_one""}, {""xmin"": 1184.47, ""ymin"": 254.62, ""xmax"": 1636.14, ""ymax"": 812.56, ""confidence"": 0.21, ""name"": ""flower_many""}, {""xmin"": 793.96, ""ymin"": 2193.32, ""xmax"": 814.67, ""ymax"": 2216.4, ""confidence"": 0.21, ""name"": ""bud""}, {""xmin"": 898.58, ""ymin"": 551.45, ""xmax"": 968.98, ""ymax"": 591.13, ""confidence"": 0.2, ""name"": ""flower_one""}, {""xmin"": 1321.1, ""ymin"": 589.04, ""xmax"": 1662.35, ""ymax"": 965.12, ""confidence"": 0.19, ""name"": ""flower_many""}, {""xmin"": 1400.89, ""ymin"": 316.29, ""xmax"": 1578.54, ""ymax"": 528.45, ""confidence"": 0.19, ""name"": ""flower_many""}, {""xmin"": 1554.92, ""ymin"": 665.82, ""xmax"": 1625.63, ""ymax"": 719.35, ""confidence"": 0.19, ""name"": ""flower_one""}, {""xmin"": 1441.83, ""ymin"": 490.1, ""xmax"": 1557.04, ""ymax"": 566.74, ""confidence"": 0.19, ""name"": ""flower_one""}, {""xmin"": 631.85, ""ymin"": 887.52, ""xmax"": 738.86, ""ymax"": 1053.47, ""confidence"": 0.18, ""name"": ""flower_many""}, {""xmin"": 1423.82, ""ymin"": 409.69, ""xmax"": 1585.26, ""ymax"": 504.75, ""confidence"": 0.18, ""name"": ""flower_many""}, {""xmin"": 633.24, ""ymin"": 888.67, ""xmax"": 739.58, ""ymax"": 1033.68, ""confidence"": 0.18, ""name"": ""flower_one""}, {""xmin"": 1466.68, ""ymin"": 836.18, ""xmax"": 1656.63, ""ymax"": 994.19, ""confidence"": 0.18, ""name"": ""flower_many""}, {""xmin"": 1208.15, ""ymin"": 240.24, ""xmax"": 1338.57, ""ymax"": 372.67, ""confidence"": 0.18, ""name"": ""flower_one""}, {""xmin"": 744.17, ""ymin"": 1464.54, ""xmax"": 782.58, ""ymax"": 1550.92, ""confidence"": 0.17, ""name"": ""flower_many""}, {""xmin"": 623.86, ""ymin"": 1202.52, ""xmax"": 711.02, ""ymax"": 1285.53, ""confidence"": 0.17, ""name"": ""flower_one""}, {""xmin"": 1071.02, ""ymin"": 1097.85, ""xmax"": 1103.05, ""ymax"": 1117.13, ""confidence"": 0.17, ""name"": ""bud""}, {""xmin"": 829.56, ""ymin"": 534.82, ""xmax"": 879.38, ""ymax"": 583.42, ""confidence"": 0.17, ""name"": ""flower_one""}, {""xmin"": 535.41, ""ymin"": 1156.08, ""xmax"": 721.28, ""ymax"": 1241.01, ""confidence"": 0.17, ""name"": ""flower_many""}, {""xmin"": 931.81, ""ymin"": 410.34, ""xmax"": 1021.98, ""ymax"": 503.79, ""confidence"": 0.17, ""name"": ""flower_one""}, {""xmin"": 325.98, ""ymin"": 1632.2, ""xmax"": 383.07, ""ymax"": 1684.06, ""confidence"": 0.17, ""name"": ""flower_one""}, {""xmin"": 1335.85, ""ymin"": 506.35, ""xmax"": 1501.33, ""ymax"": 582.38, ""confidence"": 0.16, ""name"": ""flower_many""}, {""xmin"": 1028.3, ""ymin"": 387.4, ""xmax"": 1104.44, ""ymax"": 492.59, ""confidence"": 0.16, ""name"": ""flower_one""}, {""xmin"": 958.44, ""ymin"": 571.94, ""xmax"": 1106.01, ""ymax"": 671.04, ""confidence"": 0.16, ""name"": ""flower_one""}, {""xmin"": 1233.93, ""ymin"": 341.88, ""xmax"": 1335.36, ""ymax"": 392.48, ""confidence"": 0.16, ""name"": ""flower_one""}, {""xmin"": 1119.87, ""ymin"": 408.1, ""xmax"": 1208.73, ""ymax"": 499.9, ""confidence"": 0.15, ""name"": ""flower_one""}, {""xmin"": 587.41, ""ymin"": 1241.39, ""xmax"": 724.15, ""ymax"": 1349.62, ""confidence"": 0.15, ""name"": ""flower_many""}, {""xmin"": 1509.84, ""ymin"": 584.58, ""xmax"": 1613.27, ""ymax"": 684.52, ""confidence"": 0.15, ""name"": ""flower_one""}, {""xmin"": 905.68, ""ymin"": 1241.96, ""xmax"": 967.81, ""ymax"": 1319.38, ""confidence"": 0.14, ""name"": ""flower_one""}, {""xmin"": 1398.54, ""ymin"": 318.96, ""xmax"": 1505.53, ""ymax"": 430.79, ""confidence"": 0.13, ""name"": ""flower_one""}, {""xmin"": 1063.57, ""ymin"": 475.04, ""xmax"": 1197.12, ""ymax"": 602.55, ""confidence"": 0.13, ""name"": ""flower_many""}, {""xmin"": 975.95, ""ymin"": 405.06, ""xmax"": 1052.63, ""ymax"": 492.71, ""confidence"": 0.13, ""name"": ""flower_one""}, {""xmin"": 1257.65, ""ymin"": 239.92, ""xmax"": 1328.99, ""ymax"": 334.5, ""confidence"": 0.12, ""name"": ""flower_one""}, {""xmin"": 1361.87, ""ymin"": 569.48, ""xmax"": 1506.26, ""ymax"": 715.65, ""confidence"": 0.12, ""name"": ""flower_many""}, {""xmin"": 879.15, ""ymin"": 479.84, ""xmax"": 942.47, ""ymax"": 532.29, ""confidence"": 0.12, ""name"": ""flower_one""}, {""xmin"": 905.98, ""ymin"": 1241.73, ""xmax"": 969.07, ""ymax"": 1321.53, ""confidence"": 0.12, ""name"": ""flower_many""}, {""xmin"": 901.9, ""ymin"": 1244.24, ""xmax"": 1018.33, ""ymax"": 1367.05, ""confidence"": 0.11, ""name"": ""flower_many""}, {""xmin"": 1232.88, ""ymin"": 371.67, ""xmax"": 1324.59, ""ymax"": 473.16, ""confidence"": 0.11, ""name"": ""flower_one""}, {""xmin"": 941.05, ""ymin"": 498.81, ""xmax"": 1001.03, ""ymax"": 548.06, ""confidence"": 0.11, ""name"": ""flower_one""}, {""xmin"": 1159.4, ""ymin"": 480.63, ""xmax"": 1225.45, ""ymax"": 527.75, ""confidence"": 0.11, ""name"": ""flower_one""}, {""xmin"": 915.16, ""ymin"": 424.54, ""xmax"": 986.43, ""ymax"": 497.35, ""confidence"": 0.11, ""name"": ""flower_one""}, {""xmin"": 1186.51, ""ymin"": 233.57, ""xmax"": 1481.11, ""ymax"": 524.16, ""confidence"": 0.11, ""name"": ""flower_many""}, {""xmin"": 855.76, ""ymin"": 530.67, ""xmax"": 963.76, ""ymax"": 601.35, ""confidence"": 0.1, ""name"": ""flower_one""}]",sample_outputs/annotated/HERB_0056_annotated.jpg
HERB_0059.jpg,1,0,0,1,0.156,"[{""xmin"": 1155.15, ""ymin"": 1802.02, ""xmax"": 1170.93, ""ymax"": 1818.09, ""confidence"": 0.16, ""name"": ""bud""}]",sample_outputs/annotated/HERB_0059_annotated.jpg
HERB_0060.jpg,1,12,0,31,0.638,"[{""xmin"": 395.64, ""ymin"": 1457.25, ""xmax"": 433.5, ""ymax"": 1523.5, ""confidence"": 0.64, ""name"": ""bud""}, {""xmin"": 664.13, ""ymin"": 388.06, ""xmax"": 713.06, ""ymax"": 472.85, ""confidence"": 0.59, ""name"": ""bud""}, {""xmin"": 1288.79, ""ymin"": 258.66, ""xmax"": 1377.66, ""ymax"": 416.02, ""confidence"": 0.55, ""name"": ""flower_one""}, {""xmin"": 959.04, ""ymin"": 347.35, ""xmax"": 1050.4, ""ymax"": 532.54, ""confidence"": 0.52, ""name"": ""flower_one""}, {""xmin"": 921.6, ""ymin"": 479.91, ""xmax"": 998.33, ""ymax"": 544.04, ""confidence"": 0.52, ""name"": ""flower_one""}, {""xmin"": 1466.67, ""ymin"": 1567.45, ""xmax"": 1654.45, ""ymax"": 1720.97, ""confidence"": 0.52, ""name"": ""flower_one""}, {""xmin"": 1266.48, ""ymin"": 1314.85, ""xmax"": 1364.8, ""ymax"": 1434.45, ""confidence"": 0.49, ""name"": ""flower_one""}, {""xmin"": 937.26, ""ymin"": 1807.58, ""xmax"": 976.18, ""ymax"": 1882.56, ""confidence"": 0.48, ""name"": ""bud""}, {""xmin"": 1413.92, ""ymin"": 468.23, ""xmax"": 1485.84, ""ymax"": 541.51, ""confidence"": 0.45, ""name"": ""flower_one""}, {""xmin"": 921.88, ""ymin"": 1833.57, ""xmax"": 946.87, ""ymax"": 1876.4, ""confidence"": 0.42, ""name"": ""bud""}, {""xmin"": 430.75, ""ymin"": 1469.89, ""xmax"": 457.11, ""ymax"": 1523.78, ""confidence"": 0.41, ""name"": ""bud""}, {""xmin"": 943.28, ""ymin"": 1843.37, ""xmax"": 996.77, ""ymax"": 1901.11, ""confidence"": 0.39, ""name"": ""bud""}, {""xmin"": 374.15, ""ymin"": 1506.28, ""xmax"": 430.04, ""ymax"": 1535.71, ""confidence"": 0.38, ""name"": ""bud""}, {""xmin"": 896.64, ""ymin"": 398.77, ""xmax"": 924.57, ""ymax"": 447.41, ""confidence"": 0.29, ""name"": ""bud""}, {""xmin"": 968.75, ""ymin"": 341.5, ""xmax"": 1053.61, ""ymax"": 443.69, ""confidence"": 0.28, ""name"": ""flower_one""}, {""xmin"": 981.06, ""ymin"": 345.45, ""xmax"": 1053.2, ""ymax"": 431.72, ""confidence"": 0.24, ""name"": ""bud""}, {""xmin"": 1086.31, ""ymin"": 615.67, ""xmax"": 1147.7, ""ymax"": 646.3, ""confidence"": 0.22, ""name"": ""bud""}, {""xmin"": 588.81, ""ymin"": 1364.37, ""xmax"": 626.35, ""ymax"": 1433.76, ""confidence"": 0.22, ""name"": ""bud""}, {""xmin"": 1754.27, ""ymin"": 349.96, ""xmax"": 1810.66, ""ymax"": 379.76, ""confidence"": 0.21, ""name"": ""bud""}, {""xmin"": 441.92, ""ymin"": 779.25, ""xmax"": 497.21, ""ymax"": 846.82, ""confidence"": 0.21, ""name"": ""bud""}, {""xmin"": 645.12, ""ymin"": 431.44, ""xmax"": 702.21, ""ymax"": 481.36, ""confidence"": 0.21, ""name"": ""bud""}, {""xmin"": 1331.83, ""ymin"": 1276.32, ""xmax"": 1402.97, ""ymax"": 1357.4, ""confidence"": 0.2, ""name"": ""bud""}, {""xmin"": 876.12, ""ymin"": 405.06, ""xmax"": 905.54, ""ymax"": 450.12, ""confidence"": 0.2, ""name"": ""bud""}, {""xmin"": 1439.02, ""ymin"": 449.25, ""xmax"": 1501.59, ""ymax"": 535.41, ""confidence"": 0.17, ""name"": ""flower_one""}, {""xmin"": 1754.79, ""ymin"": 349.8, ""xmax"": 1811.0, ""ymax"": 378.43, ""confidence"": 0.17, ""name"": ""flower_one""}, {""xmin"": 1086.64, ""ymin"": 581.72, ""xmax"": 1137.99, ""ymax"": 619.64, ""confidence"": 0.17, ""name"": ""bud""}, {""xmin"": 561.02, ""ymin"": 1338.3, ""xmax"": 636.38, ""ymax"": 1407.25, ""confidence"": 0.16, ""name"": ""bud""}, {""xmin"": 481.69, ""ymin"": 757.64, ""xmax"": 519.55, ""ymax"": 839.39, ""confidence"": 0.16, ""name"": ""bud""}, {""xmin"": 1331.9, ""ymin"": 1275.26, ""xmax"": 1402.51, ""ymax"": 1358.69, ""confidence"": 0.16, ""name"": ""flower_one""}, {""xmin"": 1805.04, ""ymin"": 286.33, ""xmax"": 1843.77, ""ymax"": 354.52, ""confidence"": 0.16, ""name"": ""bud""}, {""xmin"": 1596.11, ""ymin"": 1156.11, ""xmax"": 1624.46, ""ymax"": 1190.78, ""confidence"": 0.15, ""name"": ""bud""}, {""xmin"": 1292.96, ""ymin"": 442.5, ""xmax"": 1388.71, ""ymax"": 525.91, ""confidence"": 0.15, ""name"": ""flower_one""}, {""xmin"": 1125.01, ""ymin"": 584.26, ""xmax"": 1153.06, ""ymax"": 616.79, ""confidence"": 0.15, ""name"": ""bud""}, {""xmin"": 1085.53, ""ymin"": 567.17, ""xmax"": 1151.54, ""ymax"": 634.26, ""confidence"": 0.14, ""name"": ""bud""}, {""xmin"": 874.24, ""ymin"": 427.22, ""xmax"": 902.01, ""ymax"": 457.33, ""confidence"": 0.13, ""name"": ""bud""}, {""xmin"": 471.36, ""ymin"": 746.64, ""xmax"": 502.72, ""ymax"": 806.2, ""confidence"": 0.13, ""name"": ""bud""}, {""xmin"": 615.93, ""ymin"": 1338.49, ""xmax"": 660.59, ""ymax"": 1411.81, ""confidence"": 0.13, ""name"": ""bud""}, {""xmin"": 1112.44, ""ymin"": 558.72, ""xmax"": 1136.68, ""ymax"": 601.21, ""confidence"": 0.12, ""name"": ""bud""}, {""xmin"": 633.09, ""ymin"": 1396.51, ""xmax"": 659.12, ""ymax"": 1433.04, ""confidence"": 0.12, ""name"": ""bud""}, {""xmin"": 1591.93, ""ymin"": 1732.33, ""xmax"": 1669.37, ""ymax"": 1795.49, ""confidence"": 0.12, ""name"": ""bud""}, {""xmin"": 581.01, ""ymin"": 1342.09, ""xmax"": 666.88, ""ymax"": 1421.34, ""confidence"": 0.11, ""name"": ""bud""}, {""xmin"": 1322.36, ""ymin"": 435.14, ""xmax"": 1370.58, ""ymax"": 517.63, ""confidence"": 0.11, ""name"": ""flower_one""}, {""xmin"": 462.9, ""ymin"": 747.51, ""xmax"": 509.91, ""ymax"": 835.62, ""confidence"": 0.1, ""name"": ""bud""}]",sample_outputs/annotated/HERB_0060_annotated.jpg
HERB_0064.jpg,1,4,2,0,0.7674,"[{""xmin"": 185.67, ""ymin"": 1071.0, ""xmax"": 368.91, ""ymax"": 1071.0, ""confidence"": 0.77, ""name"": ""flower_one""}, {""xmin"": 305.55, ""ymin"": 1152.21, ""xmax"": 370.01, ""ymax"": 1269.06, ""confidence"": 0.43, ""name"": ""flower_one""}, {""xmin"": 279.32, ""ymin"": 1118.44, ""xmax"": 334.99, ""ymax"": 1248.54, ""confidence"": 0.42, ""name"": ""flower_one""}, {""xmin"": 182.55, ""ymin"": 1121.33, ""xmax"": 389.25, ""ymax"": 1296.66, ""confidence"": 0.16, ""name"": ""flower_many""}, {""xmin"": 301.6, ""ymin"": 1118.65, ""xmax"": 428.35, ""ymax"": 1263.32, ""confidence"": 0.14, ""name"": ""flower_one""}, {""xmin"": 380.14, ""ymin"": 1174.5, ""xmax"": 469.27, ""ymax"": 1243.59, ""confidence"": 0.13, ""name"": ""flower_many""}]",sample_outputs/annotated/HERB_0064_annotated.jpg
HERB_0066.jpg,1,1,3,0,0.7,"[{""xmin"": 4289.13, ""ymin"": 2648.04, ""xmax"": 5274.87, ""ymax"": 3750.34, ""confidence"": 0.7, ""name"": ""flower_many""}, {""xmin"": 4820.22, ""ymin"": 3044.7, ""xmax"": 5270.27, ""ymax"": 3725.54, ""confidence"": 0.21, ""name"": ""flower_many""}, {""xmin"": 4414.6, ""ymin"": 2670.24, ""xmax"": 5012.72, ""ymax"": 3463.96, ""confidence"": 0.15, ""name"": ""flower_many""}, {""xmin"": 4428.98, ""ymin"": 2670.6, ""xmax"": 5003.04, ""ymax"": 3451.3, ""confidence"": 0.11, ""name"": ""flower_one""}]",sample_outputs/annotated/HERB_0066_annotated.jpg
HERB_0069.jpg,1,0,0,2,0.4053,"[{""xmin"": 4922.81, ""ymin"": 1963.94, ""xmax"": 4974.6, ""ymax"": 2025.59, ""confidence"": 0.41, ""name"": ""bud""}, {""xmin"": 4963.36, ""ymin"": 3680.09, ""xmax"": 5031.1, ""ymax"": 3761.03, ""confidence"": 0.16, ""name"": ""bud""}]",sample_outputs/annotated/HERB_0069_annotated.jpg
HERB_0071.jpg,0,0,0,0,0.0,[],sample_outputs/annotated/HERB_0071_annotated.jpg
HERB_0074.jpg,1,1,0,2,0.4566,"[{""xmin"": 991.48, ""ymin"": 724.11, ""xmax"": 1095.38, ""ymax"": 870.33, ""confidence"": 0.46, ""name"": ""flower_one""}, {""xmin"": 972.98, ""ymin"": 1038.6, ""xmax"": 988.59, ""ymax"": 1057.15, ""confidence"": 0.14, ""name"": ""bud""}, {""xmin"": 840.71, ""ymin"": 1426.56, ""xmax"": 858.57, ""ymax"": 1445.55, ""confidence"": 0.12, ""name"": ""bud""}]",sample_outputs/annotated/HERB_0074_annotated.jpg
HERB_0075.jpg,1,2,2,0,0.5006,"[{""xmin"": 610.43, ""ymin"": 765.18, ""xmax"": 764.07, ""ymax"": 871.51, ""confidence"": 0.5, ""name"": ""flower_many""}, {""xmin"": 737.09, ""ymin"": 164.81, ""xmax"": 809.25, ""ymax"": 231.09, ""confidence"": 0.29, ""name"": ""flower_many""}, {""xmin"": 702.1, ""ymin"": 771.76, ""xmax"": 764.56, ""ymax"": 831.44, ""confidence"": 0.17, ""name"": ""flower_one""}, {""xmin"": 738.52, ""ymin"": 164.39, ""xmax"": 800.64, ""ymax"": 221.17, ""confidence"": 0.1, ""name"": ""flower_one""}]",sample_outputs/annotated/HERB_0075_annotated.jpg
HERB_0079.jpg,1,0,0,4,0.3807,"[{""xmin"": 3178.75, ""ymin"": 5334.29, ""xmax"": 3245.34, ""ymax"": 5413.72, ""confidence"": 0.38, ""name"": ""bud""}, {""xmin"": 3317.41, ""ymin"": 5988.31, ""xmax"": 3366.01, ""ymax"": 6045.66, ""confidence"": 0.38, ""name"": ""bud""}, {""xmin"": 2640.65, ""ymin"": 8969.74, ""xmax"": 2724.5, ""ymax"": 9059.9, ""confidence"": 0.12, ""name"": ""bud""}, {""xmin"": 3026.56, ""ymin"": 9344.26, ""xmax"": 3125.69, ""ymax"": 9417.54, ""confidence"": 0.1, ""name"": ""bud""}]",sample_outputs/annotated/HERB_0079_annotated.jpg
HERB_0082.jpg,1,1,0,17,0.3858,"[{""xmin"": 3777.36, ""ymin"": 2567.98, ""xmax"": 3841.42, ""ymax"": 2691.98, ""confidence"": 0.39, ""name"": ""bud""}, {""xmin"": 1607.91, ""ymin"": 1837.69, ""xmax"": 1661.67, ""ymax"": 1915.33, ""confidence"": 0.36, ""name"": ""bud""}, {""xmin"": 1061.28, ""ymin"": 4956.54, ""xmax"": 1121.28, ""ymax"": 5017.06, ""confidence"": 0.34, ""name"": ""flower_one""}, {""xmin"": 1486.23, ""ymin"": 1237.0, ""xmax"": 1606.21, ""ymax"": 1324.26, ""confidence"": 0.23, ""name"": ""bud""}, {""xmin"": 1608.36, ""ymin"": 1727.45, ""xmax"": 1643.07, ""ymax"": 1765.59, ""confidence"": 0.2, ""name"": ""bud""}, {""xmin"": 1387.72, ""ymin"": 4086.14, ""xmax"": 1442.94, ""ymax"": 4145.65, ""confidence"": 0.19, ""name"": ""bud""}, {""xmin"": 3782.61, ""ymin"": 2569.37, ""xmax"": 3833.01, ""ymax"": 2631.08, ""confidence"": 0.19, ""name"": ""bud""}, {""xmin"": 3826.06, ""ymin"": 3160.9, ""xmax"": 3901.28, ""ymax"": 3249.65, ""confidence"": 0.18, ""name"": ""bud""}, {""xmin"": 3768.86, ""ymin"": 2628.9, ""xmax"": 3819.58, ""ymax"": 2692.2, ""confidence"": 0.17, ""name"": ""bud""}, {""xmin"": 3511.78, ""ymin"": 5299.76, ""xmax"": 3606.17, ""ymax"": 5408.68, ""confidence"": 0.16, ""name"": ""bud""}, {""xmin"": 3853.19, ""ymin"": 2967.1, ""xmax"": 4068.49, ""ymax"": 3241.93, ""confidence"": 0.15, ""name"": ""bud""}, {""xmin"": 252.41, ""ymin"": 5095.31, ""xmax"": 323.92, ""ymax"": 5242.01, ""confidence"": 0.14, ""name"": ""bud""}, {""xmin"": 378.74, ""ymin"": 5135.24, ""xmax"": 421.11, ""ymax"": 5184.98, ""confidence"": 0.14, ""name"": ""bud""}, {""xmin"": 3616.61, ""ymin"": 5235.19, ""xmax"": 3672.77, ""ymax"": 5282.76, ""confidence"": 0.13, ""name"": ""bud""}, {""xmin"": 3810.42, ""ymin"": 3164.24, ""xmax"": 3863.7, ""ymax"": 3247.68, ""confidence"": 0.12, ""name"": ""bud""}, {""xmin"": 1530.43, ""ymin"": 1258.84, ""xmax"": 1623.35, ""ymax"": 1331.11, ""confidence"": 0.12, ""name"": ""bud""}, {""xmin"": 1523.46, ""ymin"": 1374.48, ""xmax"": 1565.26, ""ymax"": 1419.31, ""confidence"": 0.12, ""name"": ""bud""}, {""xmin"": 4438.36, ""ymin"": 3618.44, ""xmax"": 4554.11, ""ymax"": 3717.5, ""confidence"": 0.12, ""name"": ""bud""}]",sample_outputs/annotated/HERB_0082_annotated.jpg
HERB_0083.jpg,0,0,0,0,0.0,[],sample_outputs/annotated/HERB_0083_annotated.jpg
HERB_0084.jpg,1,9,1,0,0.6049,"[{""xmin"": 1947.8, ""ymin"": 1630.59, ""xmax"": 2187.22, ""ymax"": 1898.8, ""confidence"": 0.6, ""name"": ""flower_one""}, {""xmin"": 3677.05, ""ymin"": 1910.96, ""xmax"": 3883.1, ""ymax"": 2221.96, ""confidence"": 0.55, ""name"": ""flower_one""}, {""xmin"": 1918.86, ""ymin"": 1402.45, ""xmax"": 2141.43, ""ymax"": 1615.74, ""confidence"": 0.51, ""name"": ""flower_one""}, {""xmin"": 3281.84, ""ymin"": 2874.04, ""xmax"": 3621.12, ""ymax"": 3068.85, ""confidence"": 0.46, ""name"": ""flower_one""}, {""xmin"": 2573.5, ""ymin"": 3413.45, ""xmax"": 2761.21, ""ymax"": 3550.14, ""confidence"": 0.39, ""name"": ""flower_one""}, {""xmin"": 1274.18, ""ymin"": 8195.36, ""xmax"": 1541.17, ""ymax"": 8423.08, ""confidence"": 0.34, ""name"": ""flower_many""}, {""xmin"": 4674.16, ""ymin"": 3872.39, ""xmax"": 4826.01, ""ymax"": 4006.4, ""confidence"": 0.24, ""name"": ""flower_one""}, {""xmin"": 2616.16, ""ymin"": 3467.7, ""xmax"": 2791.15, ""ymax"": 3640.46, ""confidence"": 0.16, ""name"": ""flower_one""}, {""xmin"": 1263.14, ""ymin"": 8217.84, ""xmax"": 1509.85, ""ymax"": 8416.87, ""confidence"": 0.13, ""name"": ""flower_one""}, {""xmin"": 4324.11, ""ymin"": 3793.64, ""xmax"": 4482.67, ""ymax"": 3907.14, ""confidence"": 0.11, ""name"": ""flower_one""}]",sample_outputs/annotated/HERB_0084_annotated.jpg
HERB_0085.jpg,1,7,5,0,0.1772,"[{""xmin"": 776.38, ""ymin"": 1224.79, ""xmax"": 926.1, ""ymax"": 1375.53, ""confidence"": 0.18, ""name"": ""flower_many""}, {""xmin"": 1171.53, ""ymin"": 863.35, ""xmax"": 1436.07, ""ymax"": 1002.05, ""confidence"": 0.17, ""name"": ""flower_many""}, {""xmin"": 1120.38, ""ymin"": 800.04, ""xmax"": 1181.86, ""ymax"": 904.15, ""confidence"": 0.17, ""name"": ""flower_one""}, {""xmin"": 1119.78, ""ymin"": 690.73, ""xmax"": 1207.93, ""ymax"": 967.41, ""confidence"": 0.17, ""name"": ""flower_many""}, {""xmin"": 483.46, ""ymin"": 872.21, ""xmax"": 626.18, ""ymax"": 1022.47, ""confidence"": 0.16, ""name"": ""flower_many""}, {""xmin"": 1175.81, ""ymin"": 864.93, ""xmax"": 1432.64, ""ymax"": 1004.87, ""confidence"": 0.15, ""name"": ""flower_one""}, {""xmin"": 1169.68, ""ymin"": 1020.55, ""xmax"": 1231.4, ""ymax"": 1077.51, ""confidence"": 0.15, ""name"": ""flower_one""}, {""xmin"": 691.18, ""ymin"": 1111.18, ""xmax"": 935.52, ""ymax"": 1298.35, ""confidence"": 0.13, ""name"": ""flower_one""}, {""xmin"": 1125.73, ""ymin"": 688.35, ""xmax"": 1189.72, ""ymax"": 889.57, ""confidence"": 0.12, ""name"": ""flower_one""}, {""xmin"": 1137.01, ""ymin"": 1003.95, ""xmax"": 1324.31, ""ymax"": 1118.51, ""confidence"": 0.12, ""name"": ""flower_many""}, {""xmin"": 1166.01, ""ymin"": 831.15, ""xmax"": 1220.21, ""ymax"": 985.92, ""confidence"": 0.11, ""name"": ""flower_one""}, {""xmin"": 485.1, ""ymin"": 872.01, ""xmax"": 627.54, ""ymax"": 1024.05, ""confidence"": 0.11, ""name"": ""flower_one""}]",sample_outputs/annotated/HERB_0085_annotated.jpg
HERB_0088.jpg,0,0,0,0,0.0,[],sample_outputs/annotated/HERB_0088_annotated.jpg
HERB_0089.jpg,0,0,0,0,0.0,[],sample_outputs/annotated/HERB_0089_annotated.jpg
HERB_0090.jpg,0,0,0,0,0.0,[],sample_outputs/annotated/HERB_0090_annotated.jpg
HERB_0092.jpg,1,11,7,0,0.8584,"[{""xmin"": 315.29, ""ymin"": 741.5, ""xmax"": 673.67, ""ymax"": 972.42, ""confidence"": 0.86, ""name"": ""flower_many""}, {""xmin"": 639.62, ""ymin"": 320.82, ""xmax"": 801.35, ""ymax"": 558.73, ""confidence"": 0.84, ""name"": ""flower_many""}, {""xmin"": 395.43, ""ymin"": 173.64, ""xmax"": 660.67, ""ymax"": 386.4, ""confidence"": 0.75, ""name"": ""flower_many""}, {""xmin"": 499.68, ""ymin"": 493.3, ""xmax"": 561.87, ""ymax"": 552.52, ""confidence"": 0.25, ""name"": ""flower_many""}, {""xmin"": 514.88, ""ymin"": 508.09, ""xmax"": 548.39, ""ymax"": 548.86, ""confidence"": 0.21, ""name"": ""flower_one""}, {""xmin"": 425.38, ""ymin"": 200.44, ""xmax"": 473.1, ""ymax"": 225.89, ""confidence"": 0.21, ""name"": ""flower_one""}, {""xmin"": 479.08, ""ymin"": 783.6, ""xmax"": 519.68, ""ymax"": 811.95, ""confidence"": 0.18, ""name"": ""flower_one""}, {""xmin"": 512.92, ""ymin"": 506.92, ""xmax"": 549.54, ""ymax"": 550.76, ""confidence"": 0.17, ""name"": ""flower_many""}, {""xmin"": 537.57, ""ymin"": 781.23, ""xmax"": 575.99, ""ymax"": 817.72, ""confidence"": 0.17, ""name"": ""flower_one""}, {""xmin"": 438.87, ""ymin"": 752.33, ""xmax"": 483.33, ""ymax"": 807.63, ""confidence"": 0.16, ""name"": ""flower_one""}, {""xmin"": 456.31, ""ymin"": 850.74, ""xmax"": 528.34, ""ymax"": 892.37, ""confidence"": 0.14, ""name"": ""flower_one""}, {""xmin"": 397.72, ""ymin"": 202.4, ""xmax"": 501.66, ""ymax"": 288.79, ""confidence"": 0.14, ""name"": ""flower_many""}, {""xmin"": 511.91, ""ymin"": 490.37, ""xmax"": 573.44, ""ymax"": 521.23, ""confidence"": 0.14, ""name"": ""flower_many""}, {""xmin"": 528.76, ""ymin"": 491.81, ""xmax"": 573.21, ""ymax"": 522.26, ""confidence"": 0.13, ""name"": ""flower_one""}, {""xmin"": 361.51, ""ymin"": 808.34, ""xmax"": 399.59, ""ymax"": 852.41, ""confidence"": 0.11, ""name"": ""flower_one""}, {""xmin"": 397.11, ""ymin"": 215.01, ""xmax"": 461.8, ""ymax"": 280.27, ""confidence"": 0.11, ""name"": ""flower_one""}, {""xmin"": 445.25, ""ymin"": 883.75, ""xmax"": 515.4, ""ymax"": 934.0, ""confidence"": 0.11, ""name"": ""flower_one""}, {""xmin"": 637.15, ""ymin"": 919.19, ""xmax"": 668.5, ""ymax"": 948.19, ""confidence"": 0.11, ""name"": ""flower_one""}]",sample_outputs/annotated/HERB_0092_annotated.jpg
HERB_0094.jpg,1,1,1,0,0.6115,"[{""xmin"": 81.73, ""ymin"": 170.6, ""xmax"": 138.21, ""ymax"": 251.75, ""confidence"": 0.61, ""name"": ""flower_many""}, {""xmin"": 296.13, ""ymin"": 287.94, ""xmax"": 389.24, ""ymax"": 413.7, ""confidence"": 0.4, ""name"": ""flower_one""}]",sample_outputs/annotated/HERB_0094_annotated.jpg
HERB_0095.jpg,0,0,0,0,0.0,[],sample_outputs/annotated/HERB_0095_annotated.jpg
HERB_0096.jpg,0,0,0,0,0.0,[],sample_outputs/annotated/HERB_0096_annotated.jpg
HERB_0099.jpg,1,0,0,4,0.2198,"[{""xmin"": 4408.85, ""ymin"": 1495.79, ""xmax"": 4476.67, ""ymax"": 1566.76, ""confidence"": 0.22, ""name"": ""bud""}, {""xmin"": 1149.01, ""ymin"": 4187.27, ""xmax"": 1197.88, ""ymax"": 4232.7, ""confidence"": 0.14, ""name"": ""bud""}, {""xmin"": 947.58, ""ymin"": 4493.4, ""xmax"": 1001.91, ""ymax"": 4539.75, ""confidence"": 0.12, ""name"": ""bud""}, {""xmin"": 845.2, ""ymin"": 4756.32, ""xmax"": 902.12, ""ymax"": 4817.64, ""confidence"": 0.11, ""name"": ""bud""}]",sample_outputs/annotated/HERB_0099_annotated.jpg
HERB_0100.jpg,1,0,0,1,0.1003,"[{""xmin"": 4798.27, ""ymin"": 2711.88, ""xmax"": 4844.4, ""ymax"": 2746.7, ""confidence"": 0.1, ""name"": ""bud""}]",sample_outputs/annotated/HERB_0100_annotated.jpg
HERB_0101.jpg,0,0,0,0,0.0,[],sample_outputs/annotated/HERB_0101_annotated.jpg
HERB_0102.jpg,1,186,9,0,0.7423,"[{""xmin"": 1229.85, ""ymin"": 2600.04, ""xmax"": 1364.78, ""ymax"": 2749.05, ""confidence"": 0.74, ""name"": ""flower_one""}, {""xmin"": 3884.19, ""ymin"": 2491.56, ""xmax"": 4025.74, ""ymax"": 2662.35, ""confidence"": 0.74, ""name"": ""flower_one""}, {""xmin"": 3889.58, ""ymin"": 2957.53, ""xmax"": 4014.93, ""ymax"": 3094.92, ""confidence"": 0.71, ""name"": ""flower_one""}, {""xmin"": 3509.19, ""ymin"": 2846.51, ""xmax"": 3667.21, ""ymax"": 2972.5, ""confidence"": 0.71, ""name"": ""flower_one""}, {""xmin"": 4263.94, ""ymin"": 2862.0, ""xmax"": 4436.47, ""ymax"": 2972.39, ""confidence"": 0.69, ""name"": ""flower_one""}, {""xmin"": 4712.62, ""ymin"": 3808.86, ""xmax"": 4898.57, ""ymax"": 4039.28, ""confidence"": 0.69, ""name"": ""flower_one""}, {""xmin"": 4329.4, ""ymin"": 3083.07, ""xmax"": 4482.07, ""ymax"": 3214.54, ""confidence"": 0.68, ""name"": ""flower_one""}, {""xmin"": 2451.58, ""ymin"": 3909.7, ""xmax"": 2598.43, ""ymax"": 4031.02, ""confidence"": 0.67, ""name"": ""flower_one""}, {""xmin"": 4778.44, ""ymin"": 3471.78, ""xmax"": 4884.02, ""ymax"": 3593.92, ""confidence"": 0.66, ""name"": ""flower_one""}, {""xmin"": 3240.07, ""ymin"": 2173.63, ""xmax"": 3381.1, ""ymax"": 2303.86, ""confidence"": 0.66, ""name"": ""flower_one""}, {""xmin"": 356.55, ""ymin"": 3151.45, ""xmax"": 565.91, ""ymax"": 3542.98, ""confidence"": 0.65, ""name"": ""flower_one""}, {""xmin"": 1522.87, ""ymin"": 4090.26, ""xmax"": 1671.16, ""ymax"": 4319.91, ""confidence"": 0.65, ""name"": ""flower_one""}, {""xmin"": 4682.25, ""ymin"": 2978.79, ""xmax"": 4851.43, ""ymax"": 3123.4, ""confidence"": 0.65, ""name"": ""flower_one""}, {""xmin"": 3185.22, ""ymin"": 2526.22, ""xmax"": 3284.44, ""ymax"": 2681.65, ""confidence"": 0.64, ""name"": ""flower_one""}, {""xmin"": 1177.14, ""ymin"": 2795.59, ""xmax"": 1352.8, ""ymax"": 2960.67, ""confidence"": 0.64, ""name"": ""flower_one""}, {""xmin"": 4712.11, ""ymin"": 4549.34, ""xmax"": 4850.91, ""ymax"": 4648.23, ""confidence"": 0.63, ""name"": ""flower_one""}, {""xmin"": 3805.99, ""ymin"": 3597.33, ""xmax"": 3918.53, ""ymax"": 3700.82, ""confidence"": 0.62, ""name"": ""flower_one""}, {""xmin"": 4434.99, ""ymin"": 3669.86, ""xmax"": 4591.69, ""ymax"": 3829.83, ""confidence"": 0.61, ""name"": ""flower_one""}, {""xmin"": 2595.49, ""ymin"": 4125.08, ""xmax"": 2747.1, ""ymax"": 4201.9, ""confidence"": 0.61, ""name"": ""flower_one""}, {""xmin"": 4451.2, ""ymin"": 4016.52, ""xmax"": 4688.7, ""ymax"": 4167.26, ""confidence"": 0.6, ""name"": ""flower_one""}, {""xmin"": 546.21, ""ymin"": 3186.34, ""xmax"": 722.21, ""ymax"": 3492.61, ""confidence"": 0.6, ""name"": ""flower_one""}, {""xmin"": 4368.05, ""ymin"": 3233.5, ""xmax"": 4523.71, ""ymax"": 3395.35, ""confidence"": 0.58, ""name"": ""flower_one""}, {""xmin"": 1596.83, ""ymin"": 2370.06, ""xmax"": 1722.23, ""ymax"": 2510.39, ""confidence"": 0.58, ""name"": ""flower_one""}, {""xmin"": 1603.32, ""ymin"": 3340.33, ""xmax"": 1728.43, ""ymax"": 3547.44, ""confidence"": 0.57, ""name"": ""flower_one""}, {""xmin"": 2409.36, ""ymin"": 3281.92, ""xmax"": 2615.01, ""ymax"": 3429.56, ""confidence"": 0.57, ""name"": ""flower_one""}, {""xmin"": 2386.53, ""ymin"": 3016.56, ""xmax"": 2532.97, ""ymax"": 3150.13, ""confidence"": 0.57, ""name"": ""flower_one""}, {""xmin"": 3689.94, ""ymin"": 3599.22, ""xmax"": 3938.78, ""ymax"": 3717.43, ""confidence"": 0.56, ""name"": ""flower_one""}, {""xmin"": 532.66, ""ymin"": 2629.47, ""xmax"": 662.9, ""ymax"": 2733.59, ""confidence"": 0.55, ""name"": ""flower_one""}, {""xmin"": 4597.26, ""ymin"": 2846.2, ""xmax"": 4761.96, ""ymax"": 2989.14, ""confidence"": 0.55, ""name"": ""flower_one""}, {""xmin"": 4676.76, ""ymin"": 4027.36, ""xmax"": 4867.61, ""ymax"": 4279.11, ""confidence"": 0.54, ""name"": ""flower_one""}, {""xmin"": 1451.51, ""ymin"": 3137.1, ""xmax"": 1698.99, ""ymax"": 3403.27, ""confidence"": 0.54, ""name"": ""flower_one""}, {""xmin"": 641.37, ""ymin"": 3430.92, ""xmax"": 794.47, ""ymax"": 3577.37, ""confidence"": 0.54, ""name"": ""flower_one""}, {""xmin"": 4710.98, ""ymin"": 4351.1, ""xmax"": 4881.38, ""ymax"": 4471.73, ""confidence"": 0.53, ""name"": ""flower_one""}, {""xmin"": 1666.92, ""ymin"": 3808.71, ""xmax"": 1819.57, ""ymax"": 3947.2, ""confidence"": 0.53, ""name"": ""flower_one""}, {""xmin"": 1274.75, ""ymin"": 3877.2, ""xmax"": 1588.51, ""ymax"": 3989.65, ""confidence"": 0.53, ""name"": ""flower_one""}, {""xmin"": 2842.61, ""ymin"": 2291.72, ""xmax"": 2980.2, ""ymax"": 2379.66, ""confidence"": 0.53, ""name"": ""flower_one""}, {""xmin"": 2491.24, ""ymin"": 2524.91, ""xmax"": 2594.34, ""ymax"": 2643.22, ""confidence"": 0.52, ""name"": ""flower_one""}, {""xmin"": 2534.42, ""ymin"": 3669.2, ""xmax"": 2634.22, ""ymax"": 3797.76, ""confidence"": 0.52, ""name"": ""flower_one""}, {""xmin"": 351.27, ""ymin"": 2767.06, ""xmax"": 563.68, ""ymax"": 3047.8, ""confidence"": 0.51, ""name"": ""flower_one""}, {""xmin"": 2587.02, ""ymin"": 4053.9, ""xmax"": 2718.11, ""ymax"": 4177.9, ""confidence"": 0.5, ""name"": ""flower_one""}, {""xmin"": 1236.69, ""ymin"": 2959.95, ""xmax"": 1418.34, ""ymax"": 3296.56, ""confidence"": 0.5, ""name"": ""flower_one""}, {""xmin"": 1545.87, ""ymin"": 2890.56, ""xmax"": 1756.22, ""ymax"": 3097.92, ""confidence"": 0.5, ""name"": ""flower_one""}, {""xmin"": 1141.88, ""ymin"": 3284.62, ""xmax"": 1329.64, ""ymax"": 3464.04, ""confidence"": 0.49, ""name"": ""flower_one""}, {""xmin"": 356.78, ""ymin"": 3065.71, ""xmax"": 551.17, ""ymax"": 3350.48, ""confidence"": 0.49, ""name"": ""flower_one""}, {""xmin"": 2631.6, ""ymin"": 3475.21, ""xmax"": 2790.59, ""ymax"": 3586.47, ""confidence"": 0.49, ""name"": ""flower_one""}, {""xmin"": 3488.43, ""ymin"": 3117.8, ""xmax"": 3613.6, ""ymax"": 3271.16, ""confidence"": 0.49, ""name"": ""flower_one""}, {""xmin"": 2617.37, ""ymin"": 3868.65, ""xmax"": 2774.47, ""ymax"": 3967.94, ""confidence"": 0.49, ""name"": ""flower_one""}, {""xmin"": 2615.46, ""ymin"": 3369.14, ""xmax"": 2757.42, ""ymax"": 3528.46, ""confidence"": 0.48, ""name"": ""flower_one""}, {""xmin"": 1598.94, ""ymin"": 3904.62, ""xmax"": 1725.67, ""ymax"": 4097.89, ""confidence"": 0.47, ""name"": ""flower_one""}, {""xmin"": 3575.36, ""ymin"": 3222.98, ""xmax"": 3721.57, ""ymax"": 3387.65, ""confidence"": 0.47, ""name"": ""flower_one""}, {""xmin"": 2644.9, ""ymin"": 3655.81, ""xmax"": 2795.69, ""ymax"": 3744.91, ""confidence"": 0.47, ""name"": ""flower_one""}, {""xmin"": 1574.46, ""ymin"": 2554.04, ""xmax"": 1729.05, ""ymax"": 2697.92, ""confidence"": 0.46, ""name"": ""flower_one""}, {""xmin"": 4704.17, ""ymin"": 3765.29, ""xmax"": 4824.93, ""ymax"": 3922.47, ""confidence"": 0.45, ""name"": ""flower_one""}, {""xmin"": 3746.55, ""ymin"": 2670.56, ""xmax"": 3849.47, ""ymax"": 2817.55, ""confidence"": 0.44, ""name"": ""flower_one""}, {""xmin"": 1265.19, ""ymin"": 3525.85, ""xmax"": 1388.69, ""ymax"": 3620.11, ""confidence"": 0.44, ""name"": ""flower_one""}, {""xmin"": 3371.48, ""ymin"": 3607.06, ""xmax"": 3507.43, ""ymax"": 3746.22, ""confidence"": 0.44, ""name"": ""flower_one""}, {""xmin"": 4546.21, ""ymin"": 2679.19, ""xmax"": 4783.16, ""ymax"": 2815.43, ""confidence"": 0.44, ""name"": ""flower_one""}, {""xmin"": 2573.9, ""ymin"": 3024.77, ""xmax"": 2692.13, ""ymax"": 3175.88, ""confidence"": 0.43, ""name"": ""flower_one""}, {""xmin"": 4547.95, ""ymin"": 2591.07, ""xmax"": 4800.44, ""ymax"": 2765.98, ""confidence"": 0.43, ""name"": ""flower_one""}, {""xmin"": 1332.5, ""ymin"": 3388.7, ""xmax"": 1470.16, ""ymax"": 3545.3, ""confidence"": 0.43, ""name"": ""flower_one""}, {""xmin"": 546.02, ""ymin"": 3415.5, ""xmax"": 681.76, ""ymax"": 3539.42, ""confidence"": 0.43, ""name"": ""flower_one""}, {""xmin"": 2921.92, ""ymin"": 2212.37, ""xmax"": 3064.33, ""ymax"": 2324.04, ""confidence"": 0.42, ""name"": ""flower_one""}, {""xmin"": 1757.83, ""ymin"": 3665.14, ""xmax"": 1876.13, ""ymax"": 3779.74, ""confidence"": 0.42, ""name"": ""flower_one""}, {""xmin"": 2289.34, ""ymin"": 2432.09, ""xmax"": 2412.64, ""ymax"": 2588.47, ""confidence"": 0.42, ""name"": ""flower_one""}, {""xmin"": 4435.92, ""ymin"": 3671.75, ""xmax"": 4695.84, ""ymax"": 3890.49, ""confidence"": 0.42, ""name"": ""flower_one""}, {""xmin"": 1555.78, ""ymin"": 3667.83, ""xmax"": 1870.98, ""ymax"": 3895.37, ""confidence"": 0.41, ""name"": ""flower_one""}, {""xmin"": 437.96, ""ymin"": 3626.62, ""xmax"": 667.95, ""ymax"": 3920.35, ""confidence"": 0.41, ""name"": ""flower_one""}, {""xmin"": 3166.98, ""ymin"": 3690.85, ""xmax"": 3264.2, ""ymax"": 3770.05, ""confidence"": 0.39, ""name"": ""flower_one""}, {""xmin"": 4626.89, ""ymin"": 3168.43, ""xmax"": 4760.51, ""ymax"": 3281.2, ""confidence"": 0.39, ""name"": ""flower_one""}, {""xmin"": 2223.2, ""ymin"": 2433.21, ""xmax"": 2805.41, ""ymax"": 4406.13, ""confidence"": 0.39, ""name"": ""flower_many""}, {""xmin"": 3513.88, ""ymin"": 2442.3, ""xmax"": 3705.35, ""ymax"": 2673.29, ""confidence"": 0.39, ""name"": ""flower_one""}, {""xmin"": 2259.77, ""ymin"": 2539.94, ""xmax"": 2422.98, ""ymax"": 2646.84, ""confidence"": 0.39, ""name"": ""flower_one""}, {""xmin"": 1268.32, ""ymin"": 3873.64, ""xmax"": 1406.51, ""ymax"": 3975.95, ""confidence"": 0.38, ""name"": ""flower_one""}, {""xmin"": 4408.88, ""ymin"": 4604.39, ""xmax"": 4526.58, ""ymax"": 4756.83, ""confidence"": 0.37, ""name"": ""flower_one""}, {""xmin"": 860.13, ""ymin"": 2587.87, ""xmax"": 997.03, ""ymax"": 2695.03, ""confidence"": 0.37, ""name"": ""flower_one""}, {""xmin"": 1525.53, ""ymin"": 2386.67, ""xmax"": 1621.0, ""ymax"": 2503.26, ""confidence"": 0.36, ""name"": ""flower_one""}, {""xmin"": 946.23, ""ymin"": 2424.57, ""xmax"": 1033.21, ""ymax"": 2519.34, ""confidence"": 0.36, ""name"": ""flower_one""}, {""xmin"": 1267.52, ""ymin"": 3527.37, ""xmax"": 1493.45, ""ymax"": 3705.65, ""confidence"": 0.35, ""name"": ""flower_one""}, {""xmin"": 653.23, ""ymin"": 2342.41, ""xmax"": 768.21, ""ymax"": 2469.95, ""confidence"": 0.35, ""name"": ""flower_one""}, {""xmin"": 2417.93, ""ymin"": 2724.28, ""xmax"": 2530.07, ""ymax"": 2856.78, ""confidence"": 0.35, ""name"": ""flower_one""}, {""xmin"": 4408.42, ""ymin"": 2075.37, ""xmax"": 4788.79, ""ymax"": 2414.28, ""confidence"": 0.34, ""name"": ""flower_many""}, {""xmin"": 2523.41, ""ymin"": 3754.97, ""xmax"": 2616.32, ""ymax"": 3830.08, ""confidence"": 0.33, ""name"": ""flower_one""}, {""xmin"": 4343.25, ""ymin"": 4896.3, ""xmax"": 4448.19, ""ymax"": 4968.35, ""confidence"": 0.33, ""name"": ""flower_one""}, {""xmin"": 2947.44, ""ymin"": 2427.71, ""xmax"": 3000.49, ""ymax"": 2492.77, ""confidence"": 0.33, ""name"": ""flower_one""}, {""xmin"": 1471.88, ""ymin"": 2558.36, ""xmax"": 1733.78, ""ymax"": 2751.11, ""confidence"": 0.32, ""name"": ""flower_one""}, {""xmin"": 1086.07, ""ymin"": 2497.81, ""xmax"": 1187.74, ""ymax"": 2584.86, ""confidence"": 0.32, ""name"": ""flower_one""}, {""xmin"": 1164.73, ""ymin"": 3306.87, ""xmax"": 1465.25, ""ymax"": 3524.87, ""confidence"": 0.32, ""name"": ""flower_one""}, {""xmin"": 1020.72, ""ymin"": 2431.6, ""xmax"": 1185.43, ""ymax"": 2518.03, ""confidence"": 0.3, ""name"": ""flower_one""}, {""xmin"": 1087.59, ""ymin"": 2330.95, ""xmax"": 1880.99, ""ymax"": 4780.2, ""confidence"": 0.3, ""name"": ""flower_many""}, {""xmin"": 957.24, ""ymin"": 2515.61, ""xmax"": 1126.97, ""ymax"": 2626.64, ""confidence"": 0.3, ""name"": ""flower_one""}, {""xmin"": 4615.27, ""ymin"": 3680.13, ""xmax"": 4724.66, ""ymax"": 3772.3, ""confidence"": 0.3, ""name"": ""flower_one""}, {""xmin"": 2309.13, ""ymin"": 2474.85, ""xmax"": 2474.66, ""ymax"": 2635.58, ""confidence"": 0.3, ""name"": ""flower_one""}, {""xmin"": 1593.75, ""ymin"": 3747.89, ""xmax"": 1848.19, ""ymax"": 3944.91, ""confidence"": 0.3, ""name"": ""flower_one""}, {""xmin"": 1443.89, ""ymin"": 3354.79, ""xmax"": 1729.37, ""ymax"": 3581.33, ""confidence"": 0.3, ""name"": ""flower_one""}, {""xmin"": 4476.92, ""ymin"": 3367.5, ""xmax"": 4571.86, ""ymax"": 3452.28, ""confidence"": 0.29, ""name"": ""flower_one""}, {""xmin"": 4753.41, ""ymin"": 4023.55, ""xmax"": 4868.34, ""ymax"": 4171.18, ""confidence"": 0.29, ""name"": ""flower_one""}, {""xmin"": 1396.24, ""ymin"": 2885.09, ""xmax"": 1749.94, ""ymax"": 3157.07, ""confidence"": 0.29, ""name"": ""flower_one""}, {""xmin"": 647.71, ""ymin"": 2346.72, ""xmax"": 850.99, ""ymax"": 2534.12, ""confidence"": 0.29, ""name"": ""flower_one""}, {""xmin"": 611.95, ""ymin"": 2798.74, ""xmax"": 899.72, ""ymax"": 3044.18, ""confidence"": 0.29, ""name"": ""flower_one""}, {""xmin"": 4585.03, ""ymin"": 3285.5, ""xmax"": 4679.52, ""ymax"": 3417.39, ""confidence"": 0.28, ""name"": ""flower_one""}, {""xmin"": 1460.08, ""ymin"": 2665.29, ""xmax"": 1550.78, ""ymax"": 2770.65, ""confidence"": 0.28, ""name"": ""flower_one""}, {""xmin"": 2634.26, ""ymin"": 3609.76, ""xmax"": 2733.23, ""ymax"": 3739.9, ""confidence"": 0.28, ""name"": ""flower_one""}, {""xmin"": 713.25, ""ymin"": 2916.56, ""xmax"": 838.98, ""ymax"": 3041.93, ""confidence"": 0.27, ""name"": ""flower_one""}, {""xmin"": 625.93, ""ymin"": 2910.65, ""xmax"": 853.46, ""ymax"": 3082.7, ""confidence"": 0.27, ""name"": ""flower_one""}, {""xmin"": 1661.93, ""ymin"": 4254.34, ""xmax"": 1740.45, ""ymax"": 4333.78, ""confidence"": 0.27, ""name"": ""flower_one""}, {""xmin"": 4593.32, ""ymin"": 2459.7, ""xmax"": 4671.83, ""ymax"": 2640.51, ""confidence"": 0.26, ""name"": ""flower_one""}, {""xmin"": 1606.97, ""ymin"": 3807.81, ""xmax"": 1817.7, ""ymax"": 4049.99, ""confidence"": 0.26, ""name"": ""flower_one""}, {""xmin"": 492.24, ""ymin"": 2904.72, ""xmax"": 632.84, ""ymax"": 3048.65, ""confidence"": 0.26, ""name"": ""flower_one""}, {""xmin"": 3485.64, ""ymin"": 3118.82, ""xmax"": 3736.02, ""ymax"": 3298.14, ""confidence"": 0.25, ""name"": ""flower_one""}, {""xmin"": 670.18, ""ymin"": 2802.64, ""xmax"": 913.11, ""ymax"": 2939.56, ""confidence"": 0.25, ""name"": ""flower_one""}, {""xmin"": 2528.36, ""ymin"": 2704.22, ""xmax"": 2639.43, ""ymax"": 2804.92, ""confidence"": 0.25, ""name"": ""flower_one""}, {""xmin"": 1657.62, ""ymin"": 2539.81, ""xmax"": 1792.08, ""ymax"": 2599.42, ""confidence"": 0.25, ""name"": ""flower_one""}, {""xmin"": 4454.69, ""ymin"": 4017.79, ""xmax"": 4598.05, ""ymax"": 4129.41, ""confidence"": 0.25, ""name"": ""flower_one""}, {""xmin"": 2635.07, ""ymin"": 3510.86, ""xmax"": 2777.66, ""ymax"": 3750.37, ""confidence"": 0.24, ""name"": ""flower_one""}, {""xmin"": 2492.29, ""ymin"": 2782.45, ""xmax"": 2586.76, ""ymax"": 2931.71, ""confidence"": 0.24, ""name"": ""flower_one""}, {""xmin"": 1185.55, ""ymin"": 2799.98, ""xmax"": 1393.76, ""ymax"": 3082.95, ""confidence"": 0.24, ""name"": ""flower_one""}, {""xmin"": 3394.28, ""ymin"": 3585.02, ""xmax"": 3615.26, ""ymax"": 3776.76, ""confidence"": 0.24, ""name"": ""flower_one""}, {""xmin"": 1544.26, ""ymin"": 3144.43, ""xmax"": 1690.58, ""ymax"": 3326.99, ""confidence"": 0.23, ""name"": ""flower_one""}, {""xmin"": 440.18, ""ymin"": 3629.41, ""xmax"": 602.88, ""ymax"": 3752.2, ""confidence"": 0.23, ""name"": ""flower_one""}, {""xmin"": 991.67, ""ymin"": 2439.83, ""xmax"": 1187.97, ""ymax"": 2596.9, ""confidence"": 0.23, ""name"": ""flower_one""}, {""xmin"": 3102.15, ""ymin"": 2416.64, ""xmax"": 3176.99, ""ymax"": 2496.06, ""confidence"": 0.22, ""name"": ""flower_one""}, {""xmin"": 319.53, ""ymin"": 2323.34, ""xmax"": 1194.06, ""ymax"": 3736.8, ""confidence"": 0.22, ""name"": ""flower_many""}, {""xmin"": 2847.7, ""ymin"": 2229.53, ""xmax"": 3077.77, ""ymax"": 2380.78, ""confidence"": 0.22, ""name"": ""flower_one""}, {""xmin"": 4193.88, ""ymin"": 4893.66, ""xmax"": 4448.69, ""ymax"": 4975.74, ""confidence"": 0.22, ""name"": ""flower_one""}, {""xmin"": 1580.08, ""ymin"": 2524.25, ""xmax"": 1778.96, ""ymax"": 2626.87, ""confidence"": 0.21, ""name"": ""flower_one""}, {""xmin"": 2571.85, ""ymin"": 3543.72, ""xmax"": 2644.67, ""ymax"": 3627.14, ""confidence"": 0.21, ""name"": ""flower_one""}, {""xmin"": 4553.81, ""ymin"": 4545.83, ""xmax"": 4826.2, ""ymax"": 4685.17, ""confidence"": 0.21, ""name"": ""flower_one""}, {""xmin"": 4645.33, ""ymin"": 2633.21, ""xmax"": 4810.58, ""ymax"": 2771.66, ""confidence"": 0.21, ""name"": ""flower_one""}, {""xmin"": 3769.42, ""ymin"": 2858.43, ""xmax"": 3865.69, ""ymax"": 2943.67, ""confidence"": 0.2, ""name"": ""flower_one""}, {""xmin"": 946.0, ""ymin"": 2443.16, ""xmax"": 1108.64, ""ymax"": 2555.15, ""confidence"": 0.2, ""name"": ""flower_one""}, {""xmin"": 350.87, ""ymin"": 2773.8, ""xmax"": 863.43, ""ymax"": 3075.07, ""confidence"": 0.2, ""name"": ""flower_one""}, {""xmin"": 2293.18, ""ymin"": 2531.63, ""xmax"": 2505.61, ""ymax"": 2676.3, ""confidence"": 0.19, ""name"": ""flower_one""}, {""xmin"": 868.66, ""ymin"": 2488.3, ""xmax"": 1146.27, ""ymax"": 2640.5, ""confidence"": 0.19, ""name"": ""flower_one""}, {""xmin"": 3427.51, ""ymin"": 3597.71, ""xmax"": 3549.94, ""ymax"": 3728.5, ""confidence"": 0.19, ""name"": ""flower_one""}, {""xmin"": 497.75, ""ymin"": 2767.88, ""xmax"": 604.41, ""ymax"": 2871.97, ""confidence"": 0.19, ""name"": ""flower_one""}, {""xmin"": 346.53, ""ymin"": 2767.69, ""xmax"": 478.4, ""ymax"": 2836.96, ""confidence"": 0.19, ""name"": ""flower_one""}, {""xmin"": 4581.2, ""ymin"": 2304.03, ""xmax"": 4656.74, ""ymax"": 2385.12, ""confidence"": 0.18, ""name"": ""flower_one""}, {""xmin"": 2594.89, ""ymin"": 3880.76, ""xmax"": 2728.78, ""ymax"": 4002.43, ""confidence"": 0.18, ""name"": ""flower_one""}, {""xmin"": 3855.51, ""ymin"": 2835.05, ""xmax"": 3928.94, ""ymax"": 2917.65, ""confidence"": 0.18, ""name"": ""flower_one""}, {""xmin"": 2496.67, ""ymin"": 2709.91, ""xmax"": 2632.94, ""ymax"": 2875.96, ""confidence"": 0.18, ""name"": ""flower_one""}, {""xmin"": 2590.03, ""ymin"": 3871.9, ""xmax"": 2667.97, ""ymax"": 3958.86, ""confidence"": 0.18, ""name"": ""flower_one""}, {""xmin"": 2289.17, ""ymin"": 2428.37, ""xmax"": 2378.61, ""ymax"": 2514.59, ""confidence"": 0.17, ""name"": ""flower_one""}, {""xmin"": 531.88, ""ymin"": 2774.19, ""xmax"": 792.42, ""ymax"": 2945.4, ""confidence"": 0.17, ""name"": ""flower_one""}, {""xmin"": 2633.9, ""ymin"": 3786.19, ""xmax"": 2700.14, ""ymax"": 3836.54, ""confidence"": 0.17, ""name"": ""flower_one""}, {""xmin"": 4478.82, ""ymin"": 3294.88, ""xmax"": 4685.35, ""ymax"": 3436.9, ""confidence"": 0.17, ""name"": ""flower_one""}, {""xmin"": 2253.02, ""ymin"": 2421.43, ""xmax"": 2649.91, ""ymax"": 2897.15, ""confidence"": 0.17, ""name"": ""flower_many""}, {""xmin"": 2460.09, ""ymin"": 2656.17, ""xmax"": 2617.63, ""ymax"": 2786.48, ""confidence"": 0.17, ""name"": ""flower_one""}, {""xmin"": 720.7, ""ymin"": 2420.03, ""xmax"": 869.28, ""ymax"": 2557.72, ""confidence"": 0.16, ""name"": ""flower_one""}, {""xmin"": 1308.53, ""ymin"": 3097.58, ""xmax"": 1422.1, ""ymax"": 3333.48, ""confidence"": 0.16, ""name"": ""flower_one""}, {""xmin"": 4370.08, ""ymin"": 3233.65, ""xmax"": 4678.87, ""ymax"": 3415.59, ""confidence"": 0.16, ""name"": ""flower_one""}, {""xmin"": 2469.83, ""ymin"": 2637.98, ""xmax"": 2582.06, ""ymax"": 2742.57, ""confidence"": 0.15, ""name"": ""flower_one""}, {""xmin"": 586.78, ""ymin"": 2342.28, ""xmax"": 1183.64, ""ymax"": 2767.54, ""confidence"": 0.15, ""name"": ""flower_many""}, {""xmin"": 4601.88, ""ymin"": 2588.34, ""xmax"": 4806.32, ""ymax"": 2681.26, ""confidence"": 0.15, ""name"": ""flower_one""}, {""xmin"": 1241.78, ""ymin"": 2956.03, ""xmax"": 1402.78, ""ymax"": 3117.98, ""confidence"": 0.15, ""name"": ""flower_one""}, {""xmin"": 856.57, ""ymin"": 2452.28, ""xmax"": 978.74, ""ymax"": 2592.49, ""confidence"": 0.15, ""name"": ""flower_one""}, {""xmin"": 354.35, ""ymin"": 3062.52, ""xmax"": 539.84, ""ymax"": 3200.65, ""confidence"": 0.15, ""name"": ""flower_one""}, {""xmin"": 2899.09, ""ymin"": 2278.5, ""xmax"": 3024.55, ""ymax"": 2373.11, ""confidence"": 0.14, ""name"": ""flower_one""}, {""xmin"": 4604.72, ""ymin"": 2461.91, ""xmax"": 4666.96, ""ymax"": 2555.96, ""confidence"": 0.14, ""name"": ""flower_one""}, {""xmin"": 700.88, ""ymin"": 2609.18, ""xmax"": 857.97, ""ymax"": 2717.96, ""confidence"": 0.14, ""name"": ""flower_one""}, {""xmin"": 681.21, ""ymin"": 2483.12, ""xmax"": 878.45, ""ymax"": 2708.99, ""confidence"": 0.14, ""name"": ""flower_one""}, {""xmin"": 2549.5, ""ymin"": 3637.83, ""xmax"": 2731.36, ""ymax"": 3753.74, ""confidence"": 0.14, ""name"": ""flower_one""}, {""xmin"": 2513.82, ""ymin"": 3285.64, ""xmax"": 2630.95, ""ymax"": 3480.57, ""confidence"": 0.14, ""name"": ""flower_one""}, {""xmin"": 2389.14, ""ymin"": 3173.98, ""xmax"": 2684.55, ""ymax"": 3616.86, ""confidence"": 0.14, ""name"": ""flower_one""}, {""xmin"": 3775.54, ""ymin"": 2839.31, ""xmax"": 3938.54, ""ymax"": 2946.68, ""confidence"": 0.14, ""name"": ""flower_one""}, {""xmin"": 486.46, ""ymin"": 2758.99, ""xmax"": 643.82, ""ymax"": 2939.83, ""confidence"": 0.14, ""name"": ""flower_one""}, {""xmin"": 909.67, ""ymin"": 2511.01, ""xmax"": 1047.62, ""ymax"": 2613.06, ""confidence"": 0.14, ""name"": ""flower_one""}, {""xmin"": 421.4, ""ymin"": 3357.86, ""xmax"": 722.46, ""ymax"": 3923.87, ""confidence"": 0.14, ""name"": ""flower_one""}, {""xmin"": 4700.96, ""ymin"": 2658.32, ""xmax"": 4801.27, ""ymax"": 2756.86, ""confidence"": 0.13, ""name"": ""flower_one""}, {""xmin"": 3520.33, ""ymin"": 2436.44, ""xmax"": 3658.09, ""ymax"": 2583.09, ""confidence"": 0.13, ""name"": ""flower_one""}, {""xmin"": 792.21, ""ymin"": 2473.16, ""xmax"": 1004.85, ""ymax"": 2692.34, ""confidence"": 0.13, ""name"": ""flower_one""}, {""xmin"": 2409.84, ""ymin"": 2711.52, ""xmax"": 2503.53, ""ymax"": 2785.87, ""confidence"": 0.13, ""name"": ""flower_one""}, {""xmin"": 2405.88, ""ymin"": 2641.03, ""xmax"": 2609.34, ""ymax"": 2851.03, ""confidence"": 0.13, ""name"": ""flower_one""}, {""xmin"": 1526.5, ""ymin"": 2390.6, ""xmax"": 1690.77, ""ymax"": 2560.95, ""confidence"": 0.13, ""name"": ""flower_one""}, {""xmin"": 528.46, ""ymin"": 3418.49, ""xmax"": 771.39, ""ymax"": 3618.53, ""confidence"": 0.12, ""name"": ""flower_one""}, {""xmin"": 551.28, ""ymin"": 2829.41, ""xmax"": 830.42, ""ymax"": 3127.87, ""confidence"": 0.12, ""name"": ""flower_one""}, {""xmin"": 3520.76, ""ymin"": 2543.4, ""xmax"": 3666.39, ""ymax"": 2677.25, ""confidence"": 0.12, ""name"": ""flower_one""}, {""xmin"": 4561.36, ""ymin"": 2448.18, ""xmax"": 4676.28, ""ymax"": 2724.53, ""confidence"": 0.12, ""name"": ""flower_one""}, {""xmin"": 2582.64, ""ymin"": 3762.82, ""xmax"": 2703.4, ""ymax"": 3827.99, ""confidence"": 0.12, ""name"": ""flower_one""}, {""xmin"": 3811.87, ""ymin"": 3079.12, ""xmax"": 4032.67, ""ymax"": 3236.9, ""confidence"": 0.12, ""name"": ""flower_one""}, {""xmin"": 4433.37, ""ymin"": 3310.32, ""xmax"": 4568.99, ""ymax"": 3452.79, ""confidence"": 0.12, ""name"": ""flower_one""}, {""xmin"": 466.28, ""ymin"": 2651.36, ""xmax"": 997.99, ""ymax"": 3225.69, ""confidence"": 0.12, ""name"": ""flower_many""}, {""xmin"": 1303.74, ""ymin"": 3382.89, ""xmax"": 1632.43, ""ymax"": 3713.24, ""confidence"": 0.11, ""name"": ""flower_one""}, {""xmin"": 366.66, ""ymin"": 2863.77, ""xmax"": 825.57, ""ymax"": 3229.02, ""confidence"": 0.11, ""name"": ""flower_one""}, {""xmin"": 2230.25, ""ymin"": 2484.96, ""xmax"": 2793.56, ""ymax"": 4236.63, ""confidence"": 0.11, ""name"": ""flower_one""}, {""xmin"": 2520.84, ""ymin"": 3231.57, ""xmax"": 2802.89, ""ymax"": 3729.68, ""confidence"": 0.11, ""name"": ""flower_one""}, {""xmin"": 2267.67, ""ymin"": 2429.52, ""xmax"": 2564.42, ""ymax"": 2688.16, ""confidence"": 0.11, ""name"": ""flower_many""}, {""xmin"": 493.09, ""ymin"": 2908.39, ""xmax"": 562.81, ""ymax"": 3032.4, ""confidence"": 0.11, ""name"": ""flower_one""}, {""xmin"": 2380.76, ""ymin"": 2597.62, ""xmax"": 2548.82, ""ymax"": 2673.66, ""confidence"": 0.11, ""name"": ""flower_one""}, {""xmin"": 4582.6, ""ymin"": 2682.73, ""xmax"": 4781.38, ""ymax"": 2961.15, ""confidence"": 0.11, ""name"": ""flower_one""}, {""xmin"": 4416.0, ""ymin"": 2258.66, ""xmax"": 4560.58, ""ymax"": 2403.85, ""confidence"": 0.11, ""name"": ""flower_one""}, {""xmin"": 786.29, ""ymin"": 2400.92, ""xmax"": 1195.32, ""ymax"": 2658.21, ""confidence"": 0.11, ""name"": ""flower_many""}, {""xmin"": 4526.48, ""ymin"": 2083.27, ""xmax"": 4783.64, ""ymax"": 2246.63, ""confidence"": 0.1, ""name"": ""flower_one""}, {""xmin"": 4399.2, ""ymin"": 2111.9, ""xmax"": 4767.56, ""ymax"": 2460.07, ""confidence"": 0.1, ""name"": ""flower_one""}, {""xmin"": 536.92, ""ymin"": 2922.82, ""xmax"": 687.56, ""ymax"": 3121.17, ""confidence"": 0.1, ""name"": ""flower_one""}, {""xmin"": 2608.25, ""ymin"": 3033.29, ""xmax"": 2691.29, ""ymax"": 3114.5, ""confidence"": 0.1, ""name"": ""flower_one""}]",sample_outputs/annotated/HERB_0102_annotated.jpg
HERB_0103.jpg,0,0,0,0,0.0,[],sample_outputs/annotated/HERB_0103_annotated.jpg
HERB_0106.jpg,1,0,1,1,0.8318,"[{""xmin"": 2481.07, ""ymin"": 7429.36, ""xmax"": 4716.0, ""ymax"": 9960.44, ""confidence"": 0.83, ""name"": ""flower_many""}, {""xmin"": 4558.48, ""ymin"": 3642.34, ""xmax"": 4623.53, ""ymax"": 3715.68, ""confidence"": 0.11, ""name"": ""bud""}]",sample_outputs/annotated/HERB_0106_annotated.jpg
HERB_0111.jpg,1,14,2,0,0.4011,"[{""xmin"": 445.73, ""ymin"": 187.29, ""xmax"": 651.22, ""ymax"": 403.32, ""confidence"": 0.4, ""name"": ""flower_one""}, {""xmin"": 337.9, ""ymin"": 436.18, ""xmax"": 436.84, ""ymax"": 558.79, ""confidence"": 0.37, ""name"": ""flower_one""}, {""xmin"": 290.58, ""ymin"": 747.05, ""xmax"": 392.34, ""ymax"": 952.05, ""confidence"": 0.28, ""name"": ""flower_one""}, {""xmin"": 1192.69, ""ymin"": 306.18, ""xmax"": 1283.98, ""ymax"": 474.75, ""confidence"": 0.24, ""name"": ""flower_one""}, {""xmin"": 274.48, ""ymin"": 1178.48, ""xmax"": 343.01, ""ymax"": 1283.98, ""confidence"": 0.24, ""name"": ""flower_one""}, {""xmin"": 988.32, ""ymin"": 672.84, ""xmax"": 1091.99, ""ymax"": 865.18, ""confidence"": 0.19, ""name"": ""flower_many""}, {""xmin"": 141.68, ""ymin"": 336.97, ""xmax"": 292.98, ""ymax"": 664.67, ""confidence"": 0.16, ""name"": ""flower_many""}, {""xmin"": 221.19, ""ymin"": 524.99, ""xmax"": 287.28, ""ymax"": 590.97, ""confidence"": 0.16, ""name"": ""flower_one""}, {""xmin"": 313.89, ""ymin"": 1142.52, ""xmax"": 380.19, ""ymax"": 1246.55, ""confidence"": 0.16, ""name"": ""flower_one""}, {""xmin"": 575.44, ""ymin"": 688.74, ""xmax"": 681.06, ""ymax"": 754.78, ""confidence"": 0.14, ""name"": ""flower_one""}, {""xmin"": 143.27, ""ymin"": 343.82, ""xmax"": 295.57, ""ymax"": 665.47, ""confidence"": 0.14, ""name"": ""flower_one""}, {""xmin"": 586.83, ""ymin"": 243.16, ""xmax"": 651.74, ""ymax"": 340.3, ""confidence"": 0.13, ""name"": ""flower_one""}, {""xmin"": 698.32, ""ymin"": 140.24, ""xmax"": 748.35, ""ymax"": 207.36, ""confidence"": 0.12, ""name"": ""flower_one""}, {""xmin"": 272.44, ""ymin"": 1162.89, ""xmax"": 395.03, ""ymax"": 1316.17, ""confidence"": 0.12, ""name"": ""flower_one""}, {""xmin"": 427.44, ""ymin"": 300.14, ""xmax"": 524.11, ""ymax"": 441.42, ""confidence"": 0.12, ""name"": ""flower_one""}, {""xmin"": 917.5, ""ymin"": 196.05, ""xmax"": 975.51, ""ymax"": 239.63, ""confidence"": 0.12, ""name"": ""flower_one""}]",sample_outputs/annotated/HERB_0111_annotated.jpg
HERB_0112.jpg,1,1,0,1,0.1141,"[{""xmin"": 4616.87, ""ymin"": 4929.59, ""xmax"": 4685.32, ""ymax"": 4989.01, ""confidence"": 0.11, ""name"": ""bud""}, {""xmin"": 6259.02, ""ymin"": 6605.57, ""xmax"": 6391.91, ""ymax"": 6782.58, ""confidence"": 0.11, ""name"": ""flower_one""}]",sample_outputs/annotated/HERB_0112_annotated.jpg
HERB_0114.jpg,1,1,0,1,0.2292,"[{""xmin"": 702.12, ""ymin"": 1070.33, ""xmax"": 999.12, ""ymax"": 1245.5, ""confidence"": 0.23, ""name"": ""flower_one""}, {""xmin"": 494.27, ""ymin"": 935.1, ""xmax"": 513.66, ""ymax"": 964.8, ""confidence"": 0.17, ""name"": ""bud""}]",sample_outputs/annotated/HERB_0114_annotated.jpg
HERB_0115.jpg,1,13,0,2,0.4301,"[{""xmin"": 5261.64, ""ymin"": 1544.3, ""xmax"": 5412.55, ""ymax"": 1631.75, ""confidence"": 0.43, ""name"": ""flower_one""}, {""xmin"": 5148.7, ""ymin"": 1554.79, ""xmax"": 5250.86, ""ymax"": 1695.6, ""confidence"": 0.4, ""name"": ""flower_one""}, {""xmin"": 3980.52, ""ymin"": 4105.45, ""xmax"": 4156.14, ""ymax"": 4311.92, ""confidence"": 0.33, ""name"": ""flower_one""}, {""xmin"": 4344.38, ""ymin"": 3427.93, ""xmax"": 4486.65, ""ymax"": 3577.05, ""confidence"": 0.29, ""name"": ""flower_one""}, {""xmin"": 3907.39, ""ymin"": 4463.99, ""xmax"": 3997.34, ""ymax"": 4587.86, ""confidence"": 0.29, ""name"": ""flower_one""}, {""xmin"": 4148.31, ""ymin"": 3674.77, ""xmax"": 4258.59, ""ymax"": 3927.27, ""confidence"": 0.28, ""name"": ""flower_one""}, {""xmin"": 4969.3, ""ymin"": 1912.67, ""xmax"": 5036.7, ""ymax"": 2035.89, ""confidence"": 0.25, ""name"": ""flower_one""}, {""xmin"": 5205.06, ""ymin"": 1048.77, ""xmax"": 5319.74, ""ymax"": 1177.0, ""confidence"": 0.19, ""name"": ""flower_one""}, {""xmin"": 3845.53, ""ymin"": 4415.96, ""xmax"": 3913.07, ""ymax"": 4599.61, ""confidence"": 0.19, ""name"": ""flower_one""}, {""xmin"": 4750.44, ""ymin"": 459.96, ""xmax"": 5309.97, ""ymax"": 1050.3, ""confidence"": 0.17, ""name"": ""flower_one""}, {""xmin"": 3821.92, ""ymin"": 4721.01, ""xmax"": 3939.7, ""ymax"": 4922.94, ""confidence"": 0.17, ""name"": ""flower_one""}, {""xmin"": 4336.22, ""ymin"": 3336.73, ""xmax"": 4438.2, ""ymax"": 3525.66, ""confidence"": 0.15, ""name"": ""flower_one""}, {""xmin"": 3962.71, ""ymin"": 4124.96, ""xmax"": 4072.53, ""ymax"": 4314.44, ""confidence"": 0.14, ""name"": ""flower_one""}, {""xmin"": 5146.3, ""ymin"": 1811.97, ""xmax"": 5218.93, ""ymax"": 1881.96, ""confidence"": 0.13, ""name"": ""bud""}, {""xmin"": 4513.84, ""ymin"": 3145.51, ""xmax"": 4670.5, ""ymax"": 3262.5, ""confidence"": 0.12, ""name"": ""bud""}]",sample_outputs/annotated/HERB_0115_annotated.jpg
HERB_0119.jpg,0,0,0,0,0.0,[],sample_outputs/annotated/HERB_0119_annotated.jpg
HERB_0120.jpg,0,0,0,0,0.0,[],sample_outputs/annotated/HERB_0120_annotated.jpg
HERB_0124.jpg,1,0,0,1,0.2557,"[{""xmin"": 1176.99, ""ymin"": 2020.71, ""xmax"": 1209.42, ""ymax"": 2048.38, ""confidence"": 0.26, ""name"": ""bud""}]",sample_outputs/annotated/HERB_0124_annotated.jpg
HERB_0125.jpg,0,0,0,0,0.0,[],sample_outputs/annotated/HERB_0125_annotated.jpg
HERB_0128.jpg,0,0,0,0,0.0,[],sample_outputs/annotated/HERB_0128_annotated.jpg
HERB_0129.jpg,1,8,2,0,0.7273,"[{""xmin"": 705.84, ""ymin"": 1319.55, ""xmax"": 992.75, ""ymax"": 1703.72, ""confidence"": 0.73, ""name"": ""flower_many""}, {""xmin"": 710.25, ""ymin"": 1428.74, ""xmax"": 889.26, ""ymax"": 1521.71, ""confidence"": 0.5, ""name"": ""flower_one""}, {""xmin"": 2107.27, ""ymin"": 1276.52, ""xmax"": 2484.43, ""ymax"": 1539.43, ""confidence"": 0.48, ""name"": ""flower_many""}, {""xmin"": 740.29, ""ymin"": 1510.06, ""xmax"": 880.97, ""ymax"": 1586.59, ""confidence"": 0.32, ""name"": ""flower_one""}, {""xmin"": 703.38, ""ymin"": 1326.57, ""xmax"": 992.71, ""ymax"": 1694.99, ""confidence"": 0.3, ""name"": ""flower_one""}, {""xmin"": 784.02, ""ymin"": 1325.84, ""xmax"": 910.01, ""ymax"": 1511.75, ""confidence"": 0.26, ""name"": ""flower_one""}, {""xmin"": 881.12, ""ymin"": 1335.06, ""xmax"": 956.38, ""ymax"": 1505.68, ""confidence"": 0.25, ""name"": ""flower_one""}, {""xmin"": 2150.07, ""ymin"": 1410.26, ""xmax"": 2237.95, ""ymax"": 1498.97, ""confidence"": 0.25, ""name"": ""flower_one""}, {""xmin"": 2111.47, ""ymin"": 1322.88, ""xmax"": 2255.74, ""ymax"": 1411.85, ""confidence"": 0.23, ""name"": ""flower_one""}, {""xmin"": 806.0, ""ymin"": 1534.91, ""xmax"": 948.04, ""ymax"": 1686.42, ""confidence"": 0.11, ""name"": ""flower_one""}]",sample_outputs/annotated/HERB_0129_annotated.jpg
HERB_0130.jpg,1,7,0,1,0.825,"[{""xmin"": 3063.94, ""ymin"": 2821.48, ""xmax"": 3868.84, ""ymax"": 3103.78, ""confidence"": 0.82, ""name"": ""flower_one""}, {""xmin"": 3214.12, ""ymin"": 1968.88, ""xmax"": 3328.17, ""ymax"": 2400.62, ""confidence"": 0.32, ""name"": ""flower_one""}, {""xmin"": 2340.97, ""ymin"": 4786.3, ""xmax"": 2527.17, ""ymax"": 5246.11, ""confidence"": 0.31, ""name"": ""flower_one""}, {""xmin"": 3347.25, ""ymin"": 4509.89, ""xmax"": 3428.51, ""ymax"": 4624.37, ""confidence"": 0.26, ""name"": ""flower_one""}, {""xmin"": 2943.04, ""ymin"": 1860.69, ""xmax"": 3027.29, ""ymax"": 1963.09, ""confidence"": 0.26, ""name"": ""flower_one""}, {""xmin"": 2352.41, ""ymin"": 4781.96, ""xmax"": 2527.96, ""ymax"": 4998.76, ""confidence"": 0.22, ""name"": ""flower_one""}, {""xmin"": 4070.12, ""ymin"": 4284.26, ""xmax"": 4123.82, ""ymax"": 4359.06, ""confidence"": 0.2, ""name"": ""bud""}, {""xmin"": 3002.73, ""ymin"": 4580.88, ""xmax"": 3192.57, ""ymax"": 4927.76, ""confidence"": 0.11, ""name"": ""flower_one""}]",sample_outputs/annotated/HERB_0130_annotated.jpg
HERB_0132.jpg,0,0,0,0,0.0,[],sample_outputs/annotated/HERB_0132_annotated.jpg
HERB_0134.jpg,1,3,0,1,0.2548,"[{""xmin"": 686.71, ""ymin"": 524.07, ""xmax"": 710.75, ""ymax"": 593.68, ""confidence"": 0.25, ""name"": ""flower_one""}, {""xmin"": 644.12, ""ymin"": 327.33, ""xmax"": 763.15, ""ymax"": 409.59, ""confidence"": 0.18, ""name"": ""flower_one""}, {""xmin"": 662.71, ""ymin"": 792.3, ""xmax"": 674.74, ""ymax"": 806.55, ""confidence"": 0.16, ""name"": ""bud""}, {""xmin"": 693.67, ""ymin"": 548.63, ""xmax"": 733.93, ""ymax"": 611.27, ""confidence"": 0.16, ""name"": ""flower_one""}]",sample_outputs/annotated/HERB_0134_annotated.jpg
HERB_0135.jpg,1,0,1,0,0.6628,"[{""xmin"": 697.78, ""ymin"": 1142.03, ""xmax"": 897.72, ""ymax"": 1396.38, ""confidence"": 0.66, ""name"": ""flower_many""}]",sample_outputs/annotated/HERB_0135_annotated.jpg
HERB_0136.jpg,1,0,0,1,0.1083,"[{""xmin"": 1144.2, ""ymin"": 1938.21, ""xmax"": 1160.89, ""ymax"": 1973.76, ""confidence"": 0.11, ""name"": ""bud""}]",sample_outputs/annotated/HERB_0136_annotated.jpg
HERB_0138.jpg,0,0,0,0,0.0,[],sample_outputs/annotated/HERB_0138_annotated.jpg
HERB_0141.jpg,1,1,0,0,0.401,"[{""xmin"": 3298.1, ""ymin"": 1184.81, ""xmax"": 3880.88, ""ymax"": 2020.6, ""confidence"": 0.4, ""name"": ""flower_one""}]",sample_outputs/annotated/HERB_0141_annotated.jpg
HERB_0144.jpg,1,2,1,0,0.7115,"[{""xmin"": 1465.66, ""ymin"": 584.88, ""xmax"": 1584.45, ""ymax"": 692.79, ""confidence"": 0.71, ""name"": ""flower_one""}, {""xmin"": 1323.13, ""ymin"": 399.14, ""xmax"": 1591.54, ""ymax"": 694.09, ""confidence"": 0.46, ""name"": ""flower_many""}, {""xmin"": 1473.87, ""ymin"": 439.05, ""xmax"": 1512.32, ""ymax"": 478.17, ""confidence"": 0.12, ""name"": ""flower_one""}]",sample_outputs/annotated/HERB_0144_annotated.jpg
HERB_0146.jpg,1,0,0,5,0.2004,"[{""xmin"": 1024.48, ""ymin"": 1129.8, ""xmax"": 1043.15, ""ymax"": 1148.3, ""confidence"": 0.2, ""name"": ""bud""}, {""xmin"": 780.94, ""ymin"": 633.94, ""xmax"": 803.06, ""ymax"": 664.4, ""confidence"": 0.18, ""name"": ""bud""}, {""xmin"": 388.39, ""ymin"": 1534.36, ""xmax"": 415.5, ""ymax"": 1580.81, ""confidence"": 0.16, ""name"": ""bud""}, {""xmin"": 553.31, ""ymin"": 1409.29, ""xmax"": 566.86, ""ymax"": 1423.56, ""confidence"": 0.13, ""name"": ""bud""}, {""xmin"": 516.05, ""ymin"": 1298.08, ""xmax"": 526.48, ""ymax"": 1311.26, ""confidence"": 0.11, ""name"": ""bud""}]",sample_outputs/annotated/HERB_0146_annotated.jpg
HERB_0148.jpg,1,3,0,3,0.1685,"[{""xmin"": 2338.88, ""ymin"": 3576.01, ""xmax"": 2448.66, ""ymax"": 3657.43, ""confidence"": 0.17, ""name"": ""flower_one""}, {""xmin"": 2161.38, ""ymin"": 3389.8, ""xmax"": 2333.48, ""ymax"": 3538.05, ""confidence"": 0.16, ""name"": ""flower_one""}, {""xmin"": 1309.32, ""ymin"": 5905.6, ""xmax"": 1353.16, ""ymax"": 5953.97, ""confidence"": 0.16, ""name"": ""bud""}, {""xmin"": 2138.83, ""ymin"": 5841.76, ""xmax"": 2256.61, ""ymax"": 5931.9, ""confidence"": 0.14, ""name"": ""bud""}, {""xmin"": 2687.04, ""ymin"": 5550.34, ""xmax"": 2725.04, ""ymax"": 5599.82, ""confidence"": 0.13, ""name"": ""bud""}, {""xmin"": 2322.7, ""ymin"": 3546.25, ""xmax"": 2623.86, ""ymax"": 3692.65, ""confidence"": 0.11, ""name"": ""flower_one""}]",sample_outputs/annotated/HERB_0148_annotated.jpg
HERB_0154.jpg,1,3,2,1,0.3017,"[{""xmin"": 1424.27, ""ymin"": 1515.14, ""xmax"": 1644.08, ""ymax"": 1635.94, ""confidence"": 0.3, ""name"": ""flower_many""}, {""xmin"": 1418.57, ""ymin"": 1541.0, ""xmax"": 1456.53, ""ymax"": 1610.0, ""confidence"": 0.28, ""name"": ""bud""}, {""xmin"": 1419.3, ""ymin"": 1515.97, ""xmax"": 1642.31, ""ymax"": 1635.46, ""confidence"": 0.22, ""name"": ""flower_one""}, {""xmin"": 1247.24, ""ymin"": 1454.13, ""xmax"": 1420.92, ""ymax"": 1621.45, ""confidence"": 0.16, ""name"": ""flower_many""}, {""xmin"": 1247.29, ""ymin"": 1453.3, ""xmax"": 1423.2, ""ymax"": 1623.71, ""confidence"": 0.14, ""name"": ""flower_one""}, {""xmin"": 1416.35, ""ymin"": 1542.64, ""xmax"": 1458.94, ""ymax"": 1623.53, ""confidence"": 0.11, ""name"": ""flower_one""}]",sample_outputs/annotated/HERB_0154_annotated.jpg
HERB_0155.jpg,1,0,1,0,0.105,"[{""xmin"": 4737.12, ""ymin"": 3032.05, ""xmax"": 5085.57, ""ymax"": 3478.62, ""confidence"": 0.1, ""name"": ""flower_many""}]",sample_outputs/annotated/HERB_0155_annotated.jpg
HERB_0161.jpg,1,0,1,0,0.1703,"[{""xmin"": 2648.06, ""ymin"": 5293.24, ""xmax"": 2894.28, ""ymax"": 5517.7, ""confidence"": 0.17, ""name"": ""flower_many""}]",sample_outputs/annotated/HERB_0161_annotated.jpg
HERB_0163.jpg,0,0,0,0,0.0,[],sample_outputs/annotated/HERB_0163_annotated.jpg
HERB_0164.jpg,1,33,9,3,0.6551,"[{""xmin"": 2516.05, ""ymin"": 5003.65, ""xmax"": 2890.11, ""ymax"": 5558.84, ""confidence"": 0.66, ""name"": ""flower_one""}, {""xmin"": 5425.35, ""ymin"": 2502.27, ""xmax"": 5584.78, ""ymax"": 2736.84, ""confidence"": 0.45, ""name"": ""flower_one""}, {""xmin"": 1876.92, ""ymin"": 2647.8, ""xmax"": 2168.63, ""ymax"": 3010.25, ""confidence"": 0.38, ""name"": ""flower_one""}, {""xmin"": 4705.06, ""ymin"": 2322.72, ""xmax"": 4899.04, ""ymax"": 2558.56, ""confidence"": 0.36, ""name"": ""flower_one""}, {""xmin"": 1870.08, ""ymin"": 5673.46, ""xmax"": 2174.94, ""ymax"": 5896.63, ""confidence"": 0.34, ""name"": ""flower_one""}, {""xmin"": 4701.45, ""ymin"": 1367.63, ""xmax"": 5471.45, ""ymax"": 2669.98, ""confidence"": 0.34, ""name"": ""flower_many""}, {""xmin"": 1628.48, ""ymin"": 4456.65, ""xmax"": 2533.48, ""ymax"": 5243.4, ""confidence"": 0.32, ""name"": ""flower_many""}, {""xmin"": 2901.15, ""ymin"": 5162.72, ""xmax"": 3014.97, ""ymax"": 5380.46, ""confidence"": 0.3, ""name"": ""flower_one""}, {""xmin"": 4527.14, ""ymin"": 3079.01, ""xmax"": 4729.34, ""ymax"": 3364.09, ""confidence"": 0.27, ""name"": ""flower_one""}, {""xmin"": 2519.78, ""ymin"": 3419.48, ""xmax"": 2664.94, ""ymax"": 3611.06, ""confidence"": 0.27, ""name"": ""flower_one""}, {""xmin"": 2439.76, ""ymin"": 3586.29, ""xmax"": 2651.87, ""ymax"": 3742.61, ""confidence"": 0.25, ""name"": ""flower_one""}, {""xmin"": 4464.17, ""ymin"": 7078.17, ""xmax"": 4521.44, ""ymax"": 7139.63, ""confidence"": 0.23, ""name"": ""bud""}, {""xmin"": 2454.33, ""ymin"": 2316.0, ""xmax"": 2861.79, ""ymax"": 2696.74, ""confidence"": 0.23, ""name"": ""flower_one""}, {""xmin"": 4810.98, ""ymin"": 2289.97, ""xmax"": 4959.97, ""ymax"": 2404.32, ""confidence"": 0.22, ""name"": ""flower_one""}, {""xmin"": 2185.59, ""ymin"": 2711.16, ""xmax"": 2622.97, ""ymax"": 3126.25, ""confidence"": 0.22, ""name"": ""flower_one""}, {""xmin"": 4861.9, ""ymin"": 2538.62, ""xmax"": 4979.7, ""ymax"": 2696.21, ""confidence"": 0.2, ""name"": ""flower_one""}, {""xmin"": 2370.6, ""ymin"": 2286.93, ""xmax"": 3107.15, ""ymax"": 2786.74, ""confidence"": 0.19, ""name"": ""flower_many""}, {""xmin"": 1560.5, ""ymin"": 4930.96, ""xmax"": 2516.05, ""ymax"": 5867.05, ""confidence"": 0.18, ""name"": ""flower_many""}, {""xmin"": 2903.54, ""ymin"": 5149.3, ""xmax"": 3021.68, ""ymax"": 5753.54, ""confidence"": 0.18, ""name"": ""flower_one""}, {""xmin"": 3434.26, ""ymin"": 4777.18, ""xmax"": 3493.06, ""ymax"": 4843.76, ""confidence"": 0.18, ""name"": ""bud""}, {""xmin"": 4728.56, ""ymin"": 1383.2, ""xmax"": 5438.72, ""ymax"": 2292.03, ""confidence"": 0.18, ""name"": ""flower_one""}, {""xmin"": 2184.91, ""ymin"": 2705.26, ""xmax"": 2627.09, ""ymax"": 3131.25, ""confidence"": 0.16, ""name"": ""flower_many""}, {""xmin"": 2419.72, ""ymin"": 2247.37, ""xmax"": 3567.12, ""ymax"": 3060.84, ""confidence"": 0.16, ""name"": ""flower_many""}, {""xmin"": 2634.86, ""ymin"": 3131.15, ""xmax"": 2845.61, ""ymax"": 3477.54, ""confidence"": 0.15, ""name"": ""flower_one""}, {""xmin"": 4758.59, ""ymin"": 1731.3, ""xmax"": 5020.52, ""ymax"": 1976.66, ""confidence"": 0.15, ""name"": ""flower_one""}, {""xmin"": 4951.26, ""ymin"": 1392.34, ""xmax"": 5413.0, ""ymax"": 1969.03, ""confidence"": 0.15, ""name"": ""flower_one""}, {""xmin"": 5270.98, ""ymin"": 1937.55, ""xmax"": 5467.94, ""ymax"": 2250.9, ""confidence"": 0.14, ""name"": ""flower_one""}, {""xmin"": 1643.03, ""ymin"": 4460.12, ""xmax"": 2106.86, ""ymax"": 4819.13, ""confidence"": 0.14, ""name"": ""flower_many""}, {""xmin"": 4388.32, ""ymin"": 6150.69, ""xmax"": 4498.81, ""ymax"": 6248.17, ""confidence"": 0.13, ""name"": ""bud""}, {""xmin"": 1724.13, ""ymin"": 5392.59, ""xmax"": 2284.95, ""ymax"": 5910.06, ""confidence"": 0.13, ""name"": ""flower_one""}, {""xmin"": 1649.79, ""ymin"": 4470.39, ""xmax"": 2112.76, ""ymax"": 4847.26, ""confidence"": 0.13, ""name"": ""flower_one""}, {""xmin"": 2521.03, ""ymin"": 886.32, ""xmax"": 3491.49, ""ymax"": 1783.3, ""confidence"": 0.12, ""name"": ""flower_many""}, {""xmin"": 2645.68, ""ymin"": 3307.99, ""xmax"": 2780.46, ""ymax"": 3466.15, ""confidence"": 0.12, ""name"": ""flower_one""}, {""xmin"": 1716.57, ""ymin"": 3385.61, ""xmax"": 1980.2, ""ymax"": 3702.76, ""confidence"": 0.11, ""name"": ""flower_one""}, {""xmin"": 4905.39, ""ymin"": 1554.91, ""xmax"": 5074.05, ""ymax"": 1717.23, ""confidence"": 0.11, ""name"": ""flower_one""}, {""xmin"": 2453.79, ""ymin"": 3083.37, ""xmax"": 2969.81, ""ymax"": 3757.38, ""confidence"": 0.11, ""name"": ""flower_many""}, {""xmin"": 2098.37, ""ymin"": 4650.94, ""xmax"": 2486.16, ""ymax"": 5020.75, ""confidence"": 0.11, ""name"": ""flower_one""}, {""xmin"": 4739.75, ""ymin"": 2050.99, ""xmax"": 4970.94, ""ymax"": 2255.61, ""confidence"": 0.11, ""name"": ""flower_one""}, {""xmin"": 2496.05, ""ymin"": 3386.23, ""xmax"": 2725.71, ""ymax"": 3698.14, ""confidence"": 0.11, ""name"": ""flower_one""}, {""xmin"": 1867.81, ""ymin"": 2683.79, ""xmax"": 2622.56, ""ymax"": 3239.08, ""confidence"": 0.1, ""name"": ""flower_one""}, {""xmin"": 2502.66, ""ymin"": 3119.34, ""xmax"": 2912.92, ""ymax"": 3700.02, ""confidence"": 0.1, ""name"": ""flower_one""}, {""xmin"": 2105.89, ""ymin"": 4657.51, ""xmax"": 2375.6, ""ymax"": 4879.93, ""confidence"": 0.1, ""name"": ""flower_one""}, {""xmin"": 2118.97, ""ymin"": 4664.6, ""xmax"": 2263.21, ""ymax"": 4800.68, ""confidence"": 0.1, ""name"": ""flower_one""}, {""xmin"": 2360.59, ""ymin"": 2287.7, ""xmax"": 3284.05, ""ymax"": 2857.47, ""confidence"": 0.1, ""name"": ""flower_one""}, {""xmin"": 5284.27, ""ymin"": 1516.36, ""xmax"": 5396.33, ""ymax"": 1698.99, ""confidence"": 0.1, ""name"": ""flower_one""}]",sample_outputs/annotated/HERB_0164_annotated.jpg
HERB_0165.jpg,1,17,2,0,0.3166,"[{""xmin"": 2836.49, ""ymin"": 6283.17, ""xmax"": 3053.73, ""ymax"": 6509.53, ""confidence"": 0.32, ""name"": ""flower_one""}, {""xmin"": 3022.45, ""ymin"": 6314.58, ""xmax"": 3196.08, ""ymax"": 6521.55, ""confidence"": 0.26, ""name"": ""flower_one""}, {""xmin"": 1170.01, ""ymin"": 7771.04, ""xmax"": 1832.07, ""ymax"": 8684.8, ""confidence"": 0.23, ""name"": ""flower_many""}, {""xmin"": 1897.22, ""ymin"": 7952.16, ""xmax"": 2380.29, ""ymax"": 8319.57, ""confidence"": 0.22, ""name"": ""flower_one""}, {""xmin"": 2248.27, ""ymin"": 6569.32, ""xmax"": 2392.27, ""ymax"": 6771.88, ""confidence"": 0.21, ""name"": ""flower_one""}, {""xmin"": 1880.41, ""ymin"": 7517.11, ""xmax"": 2051.93, ""ymax"": 7666.62, ""confidence"": 0.21, ""name"": ""flower_one""}, {""xmin"": 2865.58, ""ymin"": 6004.41, ""xmax"": 3139.25, ""ymax"": 6220.09, ""confidence"": 0.21, ""name"": ""flower_one""}, {""xmin"": 1672.77, ""ymin"": 8778.25, ""xmax"": 1920.46, ""ymax"": 9019.41, ""confidence"": 0.21, ""name"": ""flower_one""}, {""xmin"": 3087.58, ""ymin"": 6169.16, ""xmax"": 3303.67, ""ymax"": 6400.46, ""confidence"": 0.19, ""name"": ""flower_one""}, {""xmin"": 2150.31, ""ymin"": 8719.24, ""xmax"": 2444.15, ""ymax"": 8973.04, ""confidence"": 0.18, ""name"": ""flower_one""}, {""xmin"": 2534.63, ""ymin"": 6771.61, ""xmax"": 2677.53, ""ymax"": 6894.11, ""confidence"": 0.18, ""name"": ""flower_one""}, {""xmin"": 1877.98, ""ymin"": 8750.83, ""xmax"": 2098.33, ""ymax"": 8999.83, ""confidence"": 0.17, ""name"": ""flower_one""}, {""xmin"": 1178.45, ""ymin"": 8183.09, ""xmax"": 1936.78, ""ymax"": 8977.84, ""confidence"": 0.17, ""name"": ""flower_many""}, {""xmin"": 2900.79, ""ymin"": 6292.23, ""xmax"": 3160.36, ""ymax"": 6530.49, ""confidence"": 0.15, ""name"": ""flower_one""}, {""xmin"": 2943.6, ""ymin"": 6179.31, ""xmax"": 3256.76, ""ymax"": 6526.9, ""confidence"": 0.15, ""name"": ""flower_one""}, {""xmin"": 1355.63, ""ymin"": 8654.73, ""xmax"": 1621.31, ""ymax"": 8914.69, ""confidence"": 0.14, ""name"": ""flower_one""}, {""xmin"": 2033.21, ""ymin"": 6643.16, ""xmax"": 2264.0, ""ymax"": 6846.22, ""confidence"": 0.12, ""name"": ""flower_one""}, {""xmin"": 2487.02, ""ymin"": 7239.59, ""xmax"": 2898.06, ""ymax"": 7669.35, ""confidence"": 0.12, ""name"": ""flower_one""}, {""xmin"": 1180.96, ""ymin"": 8380.62, ""xmax"": 1390.37, ""ymax"": 8648.78, ""confidence"": 0.11, ""name"": ""flower_one""}]",sample_outputs/annotated/HERB_0165_annotated.jpg
HERB_0166.jpg,1,4,1,1,0.6152,"[{""xmin"": 3614.16, ""ymin"": 4103.35, ""xmax"": 4162.05, ""ymax"": 4609.89, ""confidence"": 0.62, ""name"": ""flower_many""}, {""xmin"": 2480.48, ""ymin"": 6510.32, ""xmax"": 3076.48, ""ymax"": 6809.76, ""confidence"": 0.51, ""name"": ""flower_one""}, {""xmin"": 2657.97, ""ymin"": 6888.06, ""xmax"": 2889.13, ""ymax"": 7103.03, ""confidence"": 0.46, ""name"": ""flower_one""}, {""xmin"": 2673.97, ""ymin"": 7620.08, ""xmax"": 2802.15, ""ymax"": 7829.29, ""confidence"": 0.36, ""name"": ""bud""}, {""xmin"": 2652.56, ""ymin"": 6727.89, ""xmax"": 2976.08, ""ymax"": 6832.9, ""confidence"": 0.18, ""name"": ""flower_one""}, {""xmin"": 2559.73, ""ymin"": 6655.07, ""xmax"": 3142.44, ""ymax"": 7111.58, ""confidence"": 0.13, ""name"": ""flower_one""}]",sample_outputs/annotated/HERB_0166_annotated.jpg
HERB_0168.jpg,1,1,0,58,0.6441,"[{""xmin"": 885.34, ""ymin"": 2245.69, ""xmax"": 914.87, ""ymax"": 2264.22, ""confidence"": 0.64, ""name"": ""bud""}, {""xmin"": 705.05, ""ymin"": 2287.49, ""xmax"": 734.62, ""ymax"": 2304.07, ""confidence"": 0.57, ""name"": ""bud""}, {""xmin"": 967.28, ""ymin"": 2218.9, ""xmax"": 993.7, ""ymax"": 2237.01, ""confidence"": 0.53, ""name"": ""bud""}, {""xmin"": 386.27, ""ymin"": 1421.05, ""xmax"": 398.56, ""ymax"": 1433.78, ""confidence"": 0.51, ""name"": ""bud""}, {""xmin"": 437.02, ""ymin"": 1655.51, ""xmax"": 453.79, ""ymax"": 1678.78, ""confidence"": 0.46, ""name"": ""bud""}, {""xmin"": 1259.36, ""ymin"": 659.26, ""xmax"": 1279.21, ""ymax"": 684.06, ""confidence"": 0.45, ""name"": ""bud""}, {""xmin"": 1382.41, ""ymin"": 543.38, ""xmax"": 1400.92, ""ymax"": 567.63, ""confidence"": 0.42, ""name"": ""bud""}, {""xmin"": 635.58, ""ymin"": 1463.2, ""xmax"": 651.97, ""ymax"": 1485.49, ""confidence"": 0.42, ""name"": ""bud""}, {""xmin"": 1597.25, ""ymin"": 1751.8, ""xmax"": 1616.18, ""ymax"": 1776.0, ""confidence"": 0.38, ""name"": ""bud""}, {""xmin"": 609.85, ""ymin"": 2302.35, ""xmax"": 626.08, ""ymax"": 2317.25, ""confidence"": 0.36, ""name"": ""bud""}, {""xmin"": 609.03, ""ymin"": 1388.89, ""xmax"": 626.37, ""ymax"": 1419.8, ""confidence"": 0.35, ""name"": ""bud""}, {""xmin"": 1038.38, ""ymin"": 2192.05, ""xmax"": 1069.39, ""ymax"": 2213.1, ""confidence"": 0.34, ""name"": ""bud""}, {""xmin"": 913.75, ""ymin"": 1213.27, ""xmax"": 930.14, ""ymax"": 1236.19, ""confidence"": 0.34, ""name"": ""bud""}, {""xmin"": 1609.75, ""ymin"": 744.99, ""xmax"": 1625.26, ""ymax"": 758.52, ""confidence"": 0.33, ""name"": ""bud""}, {""xmin"": 938.7, ""ymin"": 1167.95, ""xmax"": 951.64, ""ymax"": 1184.64, ""confidence"": 0.32, ""name"": ""bud""}, {""xmin"": 483.03, ""ymin"": 2014.03, ""xmax"": 496.69, ""ymax"": 2038.65, ""confidence"": 0.32, ""name"": ""bud""}, {""xmin"": 1495.95, ""ymin"": 275.65, ""xmax"": 1520.27, ""ymax"": 321.78, ""confidence"": 0.28, ""name"": ""bud""}, {""xmin"": 1395.52, ""ymin"": 939.44, ""xmax"": 1415.68, ""ymax"": 960.2, ""confidence"": 0.28, ""name"": ""bud""}, {""xmin"": 1387.07, ""ymin"": 1988.95, ""xmax"": 1411.98, ""ymax"": 2004.69, ""confidence"": 0.28, ""name"": ""bud""}, {""xmin"": 1632.43, ""ymin"": 1677.62, ""xmax"": 1652.72, ""ymax"": 1697.74, ""confidence"": 0.26, ""name"": ""bud""}, {""xmin"": 1334.79, ""ymin"": 606.06, ""xmax"": 1361.54, ""ymax"": 629.6, ""confidence"": 0.25, ""name"": ""bud""}, {""xmin"": 703.44, ""ymin"": 1879.23, ""xmax"": 728.13, ""ymax"": 1894.94, ""confidence"": 0.23, ""name"": ""bud""}, {""xmin"": 780.49, ""ymin"": 345.82, ""xmax"": 793.53, ""ymax"": 361.62, ""confidence"": 0.23, ""name"": ""bud""}, {""xmin"": 608.22, ""ymin"": 2323.35, ""xmax"": 620.81, ""ymax"": 2334.7, ""confidence"": 0.22, ""name"": ""bud""}, {""xmin"": 825.01, ""ymin"": 1814.5, ""xmax"": 856.86, ""ymax"": 1834.73, ""confidence"": 0.21, ""name"": ""bud""}, {""xmin"": 1261.3, ""ymin"": 1104.9, ""xmax"": 1283.37, ""ymax"": 1135.85, ""confidence"": 0.21, ""name"": ""bud""}, {""xmin"": 736.8, ""ymin"": 1877.39, ""xmax"": 762.2, ""ymax"": 1894.38, ""confidence"": 0.21, ""name"": ""bud""}, {""xmin"": 694.77, ""ymin"": 1060.67, ""xmax"": 711.17, ""ymax"": 1076.31, ""confidence"": 0.2, ""name"": ""bud""}, {""xmin"": 771.98, ""ymin"": 844.9, ""xmax"": 784.93, ""ymax"": 862.12, ""confidence"": 0.2, ""name"": ""bud""}, {""xmin"": 462.11, ""ymin"": 1819.13, ""xmax"": 481.81, ""ymax"": 1851.79, ""confidence"": 0.2, ""name"": ""bud""}, {""xmin"": 763.13, ""ymin"": 1119.63, ""xmax"": 780.3, ""ymax"": 1151.16, ""confidence"": 0.19, ""name"": ""bud""}, {""xmin"": 1469.27, ""ymin"": 502.18, ""xmax"": 1494.05, ""ymax"": 519.34, ""confidence"": 0.19, ""name"": ""bud""}, {""xmin"": 465.2, ""ymin"": 2132.07, ""xmax"": 481.11, ""ymax"": 2150.85, ""confidence"": 0.19, ""name"": ""bud""}, {""xmin"": 873.85, ""ymin"": 1338.69, ""xmax"": 893.41, ""ymax"": 1358.77, ""confidence"": 0.18, ""name"": ""bud""}, {""xmin"": 504.36, ""ymin"": 674.79, ""xmax"": 520.81, ""ymax"": 702.17, ""confidence"": 0.18, ""name"": ""bud""}, {""xmin"": 883.22, ""ymin"": 1786.48, ""xmax"": 900.75, ""ymax"": 1802.47, ""confidence"": 0.17, ""name"": ""bud""}, {""xmin"": 1172.06, ""ymin"": 1523.9, ""xmax"": 1190.59, ""ymax"": 1552.27, ""confidence"": 0.16, ""name"": ""bud""}, {""xmin"": 624.97, ""ymin"": 916.39, ""xmax"": 641.78, ""ymax"": 936.35, ""confidence"": 0.16, ""name"": ""bud""}, {""xmin"": 1502.71, ""ymin"": 1889.14, ""xmax"": 1530.03, ""ymax"": 1913.58, ""confidence"": 0.16, ""name"": ""bud""}, {""xmin"": 1326.04, ""ymin"": 2051.5, ""xmax"": 1342.09, ""ymax"": 2069.15, ""confidence"": 0.15, ""name"": ""bud""}, {""xmin"": 957.78, ""ymin"": 1731.35, ""xmax"": 975.18, ""ymax"": 1758.61, ""confidence"": 0.15, ""name"": ""bud""}, {""xmin"": 1327.21, ""ymin"": 994.51, ""xmax"": 1347.2, ""ymax"": 1020.74, ""confidence"": 0.15, ""name"": ""bud""}, {""xmin"": 907.51, ""ymin"": 1212.82, ""xmax"": 930.85, ""ymax"": 1248.9, ""confidence"": 0.15, ""name"": ""bud""}, {""xmin"": 842.16, ""ymin"": 650.49, ""xmax"": 852.07, ""ymax"": 662.54, ""confidence"": 0.15, ""name"": ""bud""}, {""xmin"": 785.52, ""ymin"": 800.17, ""xmax"": 795.98, ""ymax"": 810.68, ""confidence"": 0.15, ""name"": ""bud""}, {""xmin"": 445.58, ""ymin"": 1892.97, ""xmax"": 468.09, ""ymax"": 1923.11, ""confidence"": 0.14, ""name"": ""bud""}, {""xmin"": 553.19, ""ymin"": 2342.99, ""xmax"": 568.67, ""ymax"": 2355.08, ""confidence"": 0.14, ""name"": ""bud""}, {""xmin"": 944.97, ""ymin"": 1186.42, ""xmax"": 957.48, ""ymax"": 1200.94, ""confidence"": 0.14, ""name"": ""bud""}, {""xmin"": 407.11, ""ymin"": 2342.09, ""xmax"": 425.79, ""ymax"": 2359.6, ""confidence"": 0.13, ""name"": ""bud""}, {""xmin"": 1239.13, ""ymin"": 1188.74, ""xmax"": 1254.79, ""ymax"": 1204.15, ""confidence"": 0.13, ""name"": ""bud""}, {""xmin"": 844.67, ""ymin"": 482.15, ""xmax"": 856.0, ""ymax"": 497.4, ""confidence"": 0.12, ""name"": ""bud""}, {""xmin"": 1539.63, ""ymin"": 824.5, ""xmax"": 1553.63, ""ymax"": 839.35, ""confidence"": 0.12, ""name"": ""bud""}, {""xmin"": 534.01, ""ymin"": 754.2, ""xmax"": 559.28, ""ymax"": 786.29, ""confidence"": 0.12, ""name"": ""flower_one""}, {""xmin"": 1640.5, ""ymin"": 1555.8, ""xmax"": 1668.99, ""ymax"": 1605.18, ""confidence"": 0.11, ""name"": ""bud""}, {""xmin"": 601.42, ""ymin"": 1409.42, ""xmax"": 614.47, ""ymax"": 1431.38, ""confidence"": 0.11, ""name"": ""bud""}, {""xmin"": 1075.14, ""ymin"": 877.2, ""xmax"": 1084.71, ""ymax"": 887.42, ""confidence"": 0.11, ""name"": ""bud""}, {""xmin"": 736.34, ""ymin"": 1095.93, ""xmax"": 750.29, ""ymax"": 1113.74, ""confidence"": 0.1, ""name"": ""bud""}, {""xmin"": 1206.78, ""ymin"": 733.33, ""xmax"": 1227.8, ""ymax"": 753.04, ""confidence"": 0.1, ""name"": ""bud""}, {""xmin"": 806.44, ""ymin"": 1426.39, ""xmax"": 820.55, ""ymax"": 1448.22, ""confidence"": 0.1, ""name"": ""bud""}]",sample_outputs/annotated/HERB_0168_annotated.jpg
HERB_0169.jpg,1,20,8,0,0.7669,"[{""xmin"": 219.05, ""ymin"": 234.92, ""xmax"": 724.16, ""ymax"": 835.59, ""confidence"": 0.77, ""name"": ""flower_many""}, {""xmin"": 1102.45, ""ymin"": 529.79, ""xmax"": 1374.57, ""ymax"": 778.77, ""confidence"": 0.64, ""name"": ""flower_many""}, {""xmin"": 166.31, ""ymin"": 1364.55, ""xmax"": 1020.83, ""ymax"": 1945.75, ""confidence"": 0.6, ""name"": ""flower_many""}, {""xmin"": 436.16, ""ymin"": 726.98, ""xmax"": 525.29, ""ymax"": 831.93, ""confidence"": 0.45, ""name"": ""flower_one""}, {""xmin"": 1156.01, ""ymin"": 594.54, ""xmax"": 1184.78, ""ymax"": 621.94, ""confidence"": 0.29, ""name"": ""flower_one""}, {""xmin"": 1329.98, ""ymin"": 567.3, ""xmax"": 1362.06, ""ymax"": 597.8, ""confidence"": 0.28, ""name"": ""flower_one""}, {""xmin"": 1295.67, ""ymin"": 570.91, ""xmax"": 1310.94, ""ymax"": 586.97, ""confidence"": 0.27, ""name"": ""flower_one""}, {""xmin"": 1311.73, ""ymin"": 706.72, ""xmax"": 1496.22, ""ymax"": 845.8, ""confidence"": 0.25, ""name"": ""flower_many""}, {""xmin"": 835.56, ""ymin"": 1833.99, ""xmax"": 1038.59, ""ymax"": 2105.76, ""confidence"": 0.24, ""name"": ""flower_many""}, {""xmin"": 629.88, ""ymin"": 1628.72, ""xmax"": 751.15, ""ymax"": 1698.64, ""confidence"": 0.2, ""name"": ""flower_one""}, {""xmin"": 1305.87, ""ymin"": 582.78, ""xmax"": 1324.98, ""ymax"": 603.14, ""confidence"": 0.19, ""name"": ""flower_one""}, {""xmin"": 1306.55, ""ymin"": 569.28, ""xmax"": 1326.22, ""ymax"": 587.05, ""confidence"": 0.19, ""name"": ""flower_one""}, {""xmin"": 1282.62, ""ymin"": 593.28, ""xmax"": 1295.6, ""ymax"": 614.46, ""confidence"": 0.18, ""name"": ""flower_one""}, {""xmin"": 219.15, ""ymin"": 461.48, ""xmax"": 526.03, ""ymax"": 833.89, ""confidence"": 0.16, ""name"": ""flower_many""}, {""xmin"": 774.54, ""ymin"": 1507.66, ""xmax"": 1031.07, ""ymax"": 2097.35, ""confidence"": 0.15, ""name"": ""flower_many""}, {""xmin"": 1243.76, ""ymin"": 598.5, ""xmax"": 1262.4, ""ymax"": 614.99, ""confidence"": 0.15, ""name"": ""flower_one""}, {""xmin"": 1162.38, ""ymin"": 605.84, ""xmax"": 1197.3, ""ymax"": 637.79, ""confidence"": 0.14, ""name"": ""flower_one""}, {""xmin"": 1160.2, ""ymin"": 617.51, ""xmax"": 1186.32, ""ymax"": 640.12, ""confidence"": 0.14, ""name"": ""flower_one""}, {""xmin"": 1330.39, ""ymin"": 585.93, ""xmax"": 1364.86, ""ymax"": 612.91, ""confidence"": 0.14, ""name"": ""flower_one""}, {""xmin"": 1298.53, ""ymin"": 570.25, ""xmax"": 1328.49, ""ymax"": 597.79, ""confidence"": 0.13, ""name"": ""flower_one""}, {""xmin"": 1172.38, ""ymin"": 681.77, ""xmax"": 1190.78, ""ymax"": 702.56, ""confidence"": 0.13, ""name"": ""flower_one""}, {""xmin"": 1319.12, ""ymin"": 564.53, ""xmax"": 1346.13, ""ymax"": 590.0, ""confidence"": 0.13, ""name"": ""flower_one""}, {""xmin"": 573.11, ""ymin"": 515.25, ""xmax"": 661.25, ""ymax"": 622.75, ""confidence"": 0.12, ""name"": ""flower_many""}, {""xmin"": 1155.96, ""ymin"": 606.51, ""xmax"": 1180.66, ""ymax"": 633.39, ""confidence"": 0.12, ""name"": ""flower_one""}, {""xmin"": 1303.52, ""ymin"": 638.37, ""xmax"": 1327.67, ""ymax"": 661.54, ""confidence"": 0.11, ""name"": ""flower_one""}, {""xmin"": 1256.56, ""ymin"": 538.17, ""xmax"": 1272.19, ""ymax"": 554.66, ""confidence"": 0.11, ""name"": ""flower_one""}, {""xmin"": 1255.88, ""ymin"": 555.76, ""xmax"": 1273.09, ""ymax"": 569.65, ""confidence"": 0.1, ""name"": ""flower_one""}, {""xmin"": 861.86, ""ymin"": 1581.14, ""xmax"": 904.69, ""ymax"": 1629.21, ""confidence"": 0.1, ""name"": ""flower_one""}]",sample_outputs/annotated/HERB_0169_annotated.jpg
HERB_0171.jpg,1,29,6,0,0.7176,"[{""xmin"": 2182.94, ""ymin"": 1611.64, ""xmax"": 2692.29, ""ymax"": 2057.51, ""confidence"": 0.72, ""name"": ""flower_many""}, {""xmin"": 1379.97, ""ymin"": 1305.42, ""xmax"": 2058.44, ""ymax"": 1917.55, ""confidence"": 0.57, ""name"": ""flower_many""}, {""xmin"": 1066.17, ""ymin"": 1868.13, ""xmax"": 1947.94, ""ymax"": 2440.77, ""confidence"": 0.45, ""name"": ""flower_many""}, {""xmin"": 1809.62, ""ymin"": 1247.49, ""xmax"": 2093.89, ""ymax"": 1884.92, ""confidence"": 0.4, ""name"": ""flower_many""}, {""xmin"": 2187.76, ""ymin"": 1619.07, ""xmax"": 2662.83, ""ymax"": 2050.05, ""confidence"": 0.32, ""name"": ""flower_one""}, {""xmin"": 1582.44, ""ymin"": 1788.74, ""xmax"": 1844.74, ""ymax"": 1942.69, ""confidence"": 0.26, ""name"": ""flower_one""}, {""xmin"": 1092.17, ""ymin"": 2260.98, ""xmax"": 1279.79, ""ymax"": 2398.7, ""confidence"": 0.26, ""name"": ""flower_one""}, {""xmin"": 1808.24, ""ymin"": 3517.66, ""xmax"": 1986.77, ""ymax"": 3824.22, ""confidence"": 0.23, ""name"": ""flower_one""}, {""xmin"": 1104.07, ""ymin"": 1872.96, ""xmax"": 1520.27, ""ymax"": 2349.04, ""confidence"": 0.22, ""name"": ""flower_many""}, {""xmin"": 2446.98, ""ymin"": 1822.26, ""xmax"": 2686.42, ""ymax"": 1977.2, ""confidence"": 0.19, ""name"": ""flower_one""}, {""xmin"": 2194.91, ""ymin"": 1654.03, ""xmax"": 2422.58, ""ymax"": 2014.03, ""confidence"": 0.19, ""name"": ""flower_one""}, {""xmin"": 4872.91, ""ymin"": 1591.05, ""xmax"": 4957.65, ""ymax"": 1679.8, ""confidence"": 0.19, ""name"": ""flower_one""}, {""xmin"": 1587.03, ""ymin"": 2132.81, ""xmax"": 1723.14, ""ymax"": 2302.21, ""confidence"": 0.18, ""name"": ""flower_one""}, {""xmin"": 1065.35, ""ymin"": 1325.35, ""xmax"": 2707.39, ""ymax"": 2479.18, ""confidence"": 0.16, ""name"": ""flower_many""}, {""xmin"": 1206.18, ""ymin"": 1894.0, ""xmax"": 1490.45, ""ymax"": 2226.8, ""confidence"": 0.16, ""name"": ""flower_one""}, {""xmin"": 2251.62, ""ymin"": 1929.21, ""xmax"": 2391.63, ""ymax"": 2038.05, ""confidence"": 0.15, ""name"": ""flower_one""}, {""xmin"": 1141.9, ""ymin"": 2110.08, ""xmax"": 1265.83, ""ymax"": 2225.18, ""confidence"": 0.15, ""name"": ""flower_one""}, {""xmin"": 5589.3, ""ymin"": 1846.53, ""xmax"": 5704.19, ""ymax"": 2023.4, ""confidence"": 0.15, ""name"": ""flower_one""}, {""xmin"": 1120.23, ""ymin"": 1872.67, ""xmax"": 1593.17, ""ymax"": 2391.08, ""confidence"": 0.15, ""name"": ""flower_one""}, {""xmin"": 2063.9, ""ymin"": 2246.97, ""xmax"": 2168.43, ""ymax"": 2334.27, ""confidence"": 0.14, ""name"": ""flower_one""}, {""xmin"": 1285.49, ""ymin"": 2254.36, ""xmax"": 1488.4, ""ymax"": 2334.09, ""confidence"": 0.14, ""name"": ""flower_one""}, {""xmin"": 1206.87, ""ymin"": 2006.64, ""xmax"": 1397.25, ""ymax"": 2111.11, ""confidence"": 0.14, ""name"": ""flower_one""}, {""xmin"": 1823.36, ""ymin"": 2284.53, ""xmax"": 1922.78, ""ymax"": 2382.1, ""confidence"": 0.13, ""name"": ""flower_one""}, {""xmin"": 1408.07, ""ymin"": 1380.36, ""xmax"": 1876.28, ""ymax"": 1799.29, ""confidence"": 0.13, ""name"": ""flower_one""}, {""xmin"": 2087.24, ""ymin"": 2274.08, ""xmax"": 2283.03, ""ymax"": 2366.85, ""confidence"": 0.13, ""name"": ""flower_one""}, {""xmin"": 1795.71, ""ymin"": 1248.55, ""xmax"": 2088.94, ""ymax"": 1887.44, ""confidence"": 0.11, ""name"": ""flower_one""}, {""xmin"": 1392.36, ""ymin"": 1535.01, ""xmax"": 1734.58, ""ymax"": 1717.49, ""confidence"": 0.11, ""name"": ""flower_one""}, {""xmin"": 1102.0, ""ymin"": 2232.53, ""xmax"": 1437.69, ""ymax"": 2382.13, ""confidence"": 0.11, ""name"": ""flower_one""}, {""xmin"": 1613.16, ""ymin"": 2216.01, ""xmax"": 1763.49, ""ymax"": 2396.62, ""confidence"": 0.11, ""name"": ""flower_one""}, {""xmin"": 1104.42, ""ymin"": 2101.9, ""xmax"": 1359.47, ""ymax"": 2391.41, ""confidence"": 0.1, ""name"": ""flower_one""}, {""xmin"": 1338.7, ""ymin"": 1898.18, ""xmax"": 1478.73, ""ymax"": 2136.07, ""confidence"": 0.1, ""name"": ""flower_one""}, {""xmin"": 1249.83, ""ymin"": 1924.28, ""xmax"": 1354.09, ""ymax"": 1998.84, ""confidence"": 0.1, ""name"": ""flower_one""}, {""xmin"": 1154.54, ""ymin"": 2089.98, ""xmax"": 1375.37, ""ymax"": 2242.97, ""confidence"": 0.1, ""name"": ""flower_one""}, {""xmin"": 5094.7, ""ymin"": 1830.38, ""xmax"": 5207.48, ""ymax"": 1945.19, ""confidence"": 0.1, ""name"": ""flower_one""}, {""xmin"": 1241.46, ""ymin"": 1930.37, ""xmax"": 1367.96, ""ymax"": 2075.62, ""confidence"": 0.1, ""name"": ""flower_one""}]",sample_outputs/annotated/HERB_0171_annotated.jpg
HERB_0174.jpg,1,1,0,0,0.105,"[{""xmin"": 853.9, ""ymin"": 1326.39, ""xmax"": 889.81, ""ymax"": 1396.35, ""confidence"": 0.1, ""name"": ""flower_one""}]",sample_outputs/annotated/HERB_0174_annotated.jpg
HERB_0175.jpg,1,3,1,0,0.4097,"[{""xmin"": 1066.93, ""ymin"": 497.43, ""xmax"": 1098.83, ""ymax"": 528.09, ""confidence"": 0.41, ""name"": ""flower_one""}, {""xmin"": 797.16, ""ymin"": 1545.76, ""xmax"": 845.99, ""ymax"": 1608.83, ""confidence"": 0.35, ""name"": ""flower_one""}, {""xmin"": 1582.4, ""ymin"": 184.17, ""xmax"": 1627.69, ""ymax"": 235.95, ""confidence"": 0.23, ""name"": ""flower_many""}, {""xmin"": 1581.76, ""ymin"": 183.69, ""xmax"": 1628.08, ""ymax"": 236.72, ""confidence"": 0.21, ""name"": ""flower_one""}]",sample_outputs/annotated/HERB_0175_annotated.jpg
HERB_0176.jpg,1,2,2,0,0.335,"[{""xmin"": 772.98, ""ymin"": 645.54, ""xmax"": 818.44, ""ymax"": 692.68, ""confidence"": 0.34, ""name"": ""flower_one""}, {""xmin"": 619.52, ""ymin"": 669.96, ""xmax"": 672.43, ""ymax"": 710.2, ""confidence"": 0.26, ""name"": ""flower_many""}, {""xmin"": 521.96, ""ymin"": 712.53, ""xmax"": 646.75, ""ymax"": 797.05, ""confidence"": 0.22, ""name"": ""flower_many""}, {""xmin"": 481.89, ""ymin"": 702.23, ""xmax"": 504.93, ""ymax"": 724.4, ""confidence"": 0.1, ""name"": ""flower_one""}]",sample_outputs/annotated/HERB_0176_annotated.jpg
HERB_0177.jpg,1,0,0,3,0.4373,"[{""xmin"": 2107.28, ""ymin"": 7740.86, ""xmax"": 2189.61, ""ymax"": 7866.22, ""confidence"": 0.44, ""name"": ""bud""}, {""xmin"": 2164.92, ""ymin"": 6249.38, ""xmax"": 2248.19, ""ymax"": 6359.93, ""confidence"": 0.4, ""name"": ""bud""}, {""xmin"": 5275.06, ""ymin"": 5667.43, ""xmax"": 5321.22, ""ymax"": 5728.12, ""confidence"": 0.13, ""name"": ""bud""}]",sample_outputs/annotated/HERB_0177_annotated.jpg
HERB_0178.jpg,0,0,0,0,0.0,[],sample_outputs/annotated/HERB_0178_annotated.jpg
HERB_0180.jpg,1,0,0,2,0.1552,"[{""xmin"": 1114.29, ""ymin"": 1175.06, ""xmax"": 1135.6, ""ymax"": 1201.89, ""confidence"": 0.16, ""name"": ""bud""}, {""xmin"": 978.7, ""ymin"": 1444.95, ""xmax"": 996.75, ""ymax"": 1469.01, ""confidence"": 0.1, ""name"": ""bud""}]",sample_outputs/annotated/HERB_0180_annotated.jpg
HERB_0183.jpg,1,1,1,0,0.2827,"[{""xmin"": 129.67, ""ymin"": 199.43, ""xmax"": 767.56, ""ymax"": 968.0, ""confidence"": 0.28, ""name"": ""flower_many""}, {""xmin"": 1285.32, ""ymin"": 854.07, ""xmax"": 1460.07, ""ymax"": 1019.77, ""confidence"": 0.17, ""name"": ""flower_one""}]",sample_outputs/annotated/HERB_0183_annotated.jpg
HERB_0186.jpg,1,48,4,0,0.7192,"[{""xmin"": 847.63, ""ymin"": 379.87, ""xmax"": 877.61, ""ymax"": 408.39, ""confidence"": 0.72, ""name"": ""flower_one""}, {""xmin"": 484.85, ""ymin"": 686.09, ""xmax"": 513.9, ""ymax"": 723.06, ""confidence"": 0.69, ""name"": ""flower_one""}, {""xmin"": 407.83, ""ymin"": 808.34, ""xmax"": 436.17, ""ymax"": 832.15, ""confidence"": 0.69, ""name"": ""flower_one""}, {""xmin"": 621.57, ""ymin"": 665.04, ""xmax"": 663.21, ""ymax"": 694.16, ""confidence"": 0.68, ""name"": ""flower_one""}, {""xmin"": 515.64, ""ymin"": 1060.0, ""xmax"": 545.17, ""ymax"": 1060.0, ""confidence"": 0.65, ""name"": ""flower_one""}, {""xmin"": 668.7, ""ymin"": 490.07, ""xmax"": 699.41, ""ymax"": 516.18, ""confidence"": 0.64, ""name"": ""flower_one""}, {""xmin"": 253.09, ""ymin"": 828.77, ""xmax"": 283.55, ""ymax"": 850.81, ""confidence"": 0.64, ""name"": ""flower_one""}, {""xmin"": 293.21, ""ymin"": 841.21, ""xmax"": 319.91, ""ymax"": 868.05, ""confidence"": 0.6, ""name"": ""flower_one""}, {""xmin"": 649.14, ""ymin"": 327.38, ""xmax"": 678.07, ""ymax"": 357.85, ""confidence"": 0.59, ""name"": ""flower_one""}, {""xmin"": 944.25, ""ymin"": 820.83, ""xmax"": 971.89, ""ymax"": 850.94, ""confidence"": 0.57, ""name"": ""flower_one""}, {""xmin"": 502.73, ""ymin"": 987.11, ""xmax"": 548.89, ""ymax"": 1031.86, ""confidence"": 0.56, ""name"": ""flower_one""}, {""xmin"": 656.46, ""ymin"": 598.4, ""xmax"": 683.81, ""ymax"": 622.41, ""confidence"": 0.54, ""name"": ""flower_one""}, {""xmin"": 886.86, ""ymin"": 764.17, ""xmax"": 915.05, ""ymax"": 791.4, ""confidence"": 0.52, ""name"": ""flower_one""}, {""xmin"": 299.7, ""ymin"": 353.11, ""xmax"": 331.25, ""ymax"": 380.6, ""confidence"": 0.51, ""name"": ""flower_one""}, {""xmin"": 150.41, ""ymin"": 1069.08, ""xmax"": 179.63, ""ymax"": 1093.62, ""confidence"": 0.48, ""name"": ""flower_one""}, {""xmin"": 824.61, ""ymin"": 893.55, ""xmax"": 867.73, ""ymax"": 932.63, ""confidence"": 0.46, ""name"": ""flower_one""}, {""xmin"": 706.66, ""ymin"": 264.38, ""xmax"": 740.58, ""ymax"": 290.11, ""confidence"": 0.43, ""name"": ""flower_one""}, {""xmin"": 362.19, ""ymin"": 412.44, ""xmax"": 394.17, ""ymax"": 441.62, ""confidence"": 0.41, ""name"": ""flower_one""}, {""xmin"": 366.65, ""ymin"": 961.05, ""xmax"": 397.08, ""ymax"": 989.4, ""confidence"": 0.4, ""name"": ""flower_one""}, {""xmin"": 306.98, ""ymin"": 237.98, ""xmax"": 332.91, ""ymax"": 257.31, ""confidence"": 0.4, ""name"": ""flower_one""}, {""xmin"": 478.5, ""ymin"": 808.01, ""xmax"": 503.42, ""ymax"": 834.53, ""confidence"": 0.38, ""name"": ""flower_one""}, {""xmin"": 264.46, ""ymin"": 280.92, ""xmax"": 305.71, ""ymax"": 308.19, ""confidence"": 0.35, ""name"": ""flower_one""}, {""xmin"": 771.39, ""ymin"": 358.35, ""xmax"": 796.41, ""ymax"": 375.0, ""confidence"": 0.35, ""name"": ""flower_one""}, {""xmin"": 762.41, ""ymin"": 516.25, ""xmax"": 799.77, ""ymax"": 546.17, ""confidence"": 0.34, ""name"": ""flower_one""}, {""xmin"": 276.96, ""ymin"": 1063.89, ""xmax"": 301.91, ""ymax"": 1085.21, ""confidence"": 0.34, ""name"": ""flower_one""}, {""xmin"": 465.19, ""ymin"": 813.36, ""xmax"": 525.63, ""ymax"": 861.43, ""confidence"": 0.31, ""name"": ""flower_many""}, {""xmin"": 704.11, ""ymin"": 59.04, ""xmax"": 727.99, ""ymax"": 85.88, ""confidence"": 0.3, ""name"": ""flower_one""}, {""xmin"": 869.77, ""ymin"": 706.55, ""xmax"": 932.0, ""ymax"": 789.56, ""confidence"": 0.29, ""name"": ""flower_many""}, {""xmin"": 301.43, ""ymin"": 1049.33, ""xmax"": 320.09, ""ymax"": 1074.63, ""confidence"": 0.29, ""name"": ""flower_one""}, {""xmin"": 822.9, ""ymin"": 557.39, ""xmax"": 869.79, ""ymax"": 582.08, ""confidence"": 0.28, ""name"": ""flower_one""}, {""xmin"": 161.64, ""ymin"": 699.79, ""xmax"": 187.88, ""ymax"": 724.22, ""confidence"": 0.26, ""name"": ""flower_one""}, {""xmin"": 761.74, ""ymin"": 1238.31, ""xmax"": 792.0, ""ymax"": 1291.49, ""confidence"": 0.24, ""name"": ""flower_one""}, {""xmin"": 272.07, ""ymin"": 1036.65, ""xmax"": 312.19, ""ymax"": 1081.53, ""confidence"": 0.24, ""name"": ""flower_one""}, {""xmin"": 759.46, ""ymin"": 337.83, ""xmax"": 808.62, ""ymax"": 376.16, ""confidence"": 0.22, ""name"": ""flower_one""}, {""xmin"": 725.5, ""ymin"": 435.08, ""xmax"": 760.53, ""ymax"": 454.0, ""confidence"": 0.21, ""name"": ""flower_one""}, {""xmin"": 589.95, ""ymin"": 912.35, ""xmax"": 661.5, ""ymax"": 979.9, ""confidence"": 0.2, ""name"": ""flower_many""}, {""xmin"": 467.89, ""ymin"": 812.35, ""xmax"": 508.42, ""ymax"": 852.98, ""confidence"": 0.2, ""name"": ""flower_one""}, {""xmin"": 268.53, ""ymin"": 258.3, ""xmax"": 299.67, ""ymax"": 280.07, ""confidence"": 0.19, ""name"": ""flower_one""}, {""xmin"": 892.8, ""ymin"": 710.36, ""xmax"": 920.93, ""ymax"": 739.33, ""confidence"": 0.19, ""name"": ""flower_one""}, {""xmin"": 301.5, ""ymin"": 328.05, ""xmax"": 334.45, ""ymax"": 372.85, ""confidence"": 0.18, ""name"": ""flower_one""}, {""xmin"": 294.75, ""ymin"": 785.55, ""xmax"": 314.14, ""ymax"": 815.13, ""confidence"": 0.17, ""name"": ""flower_one""}, {""xmin"": 460.11, ""ymin"": 881.3, ""xmax"": 482.94, ""ymax"": 908.94, ""confidence"": 0.17, ""name"": ""flower_one""}, {""xmin"": 761.71, ""ymin"": 1254.61, ""xmax"": 784.32, ""ymax"": 1284.93, ""confidence"": 0.16, ""name"": ""flower_one""}, {""xmin"": 372.53, ""ymin"": 1240.21, ""xmax"": 400.0, ""ymax"": 1269.21, ""confidence"": 0.16, ""name"": ""flower_one""}, {""xmin"": 646.8, ""ymin"": 791.82, ""xmax"": 686.67, ""ymax"": 822.86, ""confidence"": 0.15, ""name"": ""flower_one""}, {""xmin"": 892.21, ""ymin"": 711.39, ""xmax"": 929.32, ""ymax"": 764.63, ""confidence"": 0.15, ""name"": ""flower_one""}, {""xmin"": 865.72, ""ymin"": 705.54, ""xmax"": 911.77, ""ymax"": 771.27, ""confidence"": 0.14, ""name"": ""flower_one""}, {""xmin"": 875.53, ""ymin"": 710.39, ""xmax"": 927.02, ""ymax"": 792.55, ""confidence"": 0.14, ""name"": ""flower_one""}, {""xmin"": 338.29, ""ymin"": 666.45, ""xmax"": 372.6, ""ymax"": 704.77, ""confidence"": 0.14, ""name"": ""flower_one""}, {""xmin"": 263.33, ""ymin"": 245.02, ""xmax"": 306.63, ""ymax"": 309.52, ""confidence"": 0.11, ""name"": ""flower_one""}, {""xmin"": 254.66, ""ymin"": 233.19, ""xmax"": 349.7, ""ymax"": 307.98, ""confidence"": 0.1, ""name"": ""flower_many""}, {""xmin"": 669.28, ""ymin"": 490.33, ""xmax"": 756.07, ""ymax"": 542.09, ""confidence"": 0.1, ""name"": ""flower_one""}]",sample_outputs/annotated/HERB_0186_annotated.jpg
HERB_0187.jpg,1,0,0,5,0.2085,"[{""xmin"": 5075.81, ""ymin"": 3432.05, ""xmax"": 5169.15, ""ymax"": 3496.61, ""confidence"": 0.21, ""name"": ""bud""}, {""xmin"": 5966.58, ""ymin"": 4415.41, ""xmax"": 6050.75, ""ymax"": 4499.83, ""confidence"": 0.12, ""name"": ""bud""}, {""xmin"": 6001.68, ""ymin"": 5174.95, ""xmax"": 6142.54, ""ymax"": 5351.94, ""confidence"": 0.12, ""name"": ""bud""}, {""xmin"": 2131.54, ""ymin"": 3386.71, ""xmax"": 2200.61, ""ymax"": 3457.28, ""confidence"": 0.12, ""name"": ""bud""}, {""xmin"": 2281.29, ""ymin"": 3060.85, ""xmax"": 2339.54, ""ymax"": 3161.86, ""confidence"": 0.12, ""name"": ""bud""}]",sample_outputs/annotated/HERB_0187_annotated.jpg
HERB_0192.jpg,0,0,0,0,0.0,[],sample_outputs/annotated/HERB_0192_annotated.jpg
HERB_0194.jpg,1,0,0,1,0.138,"[{""xmin"": 4559.58, ""ymin"": 2823.57, ""xmax"": 4610.26, ""ymax"": 2874.68, ""confidence"": 0.14, ""name"": ""bud""}]",sample_outputs/annotated/HERB_0194_annotated.jpg
HERB_0197.jpg,1,7,1,2,0.5043,"[{""xmin"": 3324.42, ""ymin"": 7851.56, ""xmax"": 4036.39, ""ymax"": 8601.26, ""confidence"": 0.5, ""name"": ""flower_one""}, {""xmin"": 5701.03, ""ymin"": 1720.61, ""xmax"": 6028.53, ""ymax"": 2023.53, ""confidence"": 0.21, ""name"": ""flower_one""}, {""xmin"": 7059.57, ""ymin"": 4044.41, ""xmax"": 7321.34, ""ymax"": 4373.96, ""confidence"": 0.19, ""name"": ""flower_one""}, {""xmin"": 2954.45, ""ymin"": 4838.68, ""xmax"": 3097.87, ""ymax"": 5014.72, ""confidence"": 0.16, ""name"": ""bud""}, {""xmin"": 7055.23, ""ymin"": 4042.07, ""xmax"": 7320.35, ""ymax"": 4391.75, ""confidence"": 0.15, ""name"": ""flower_many""}, {""xmin"": 3538.23, ""ymin"": 9468.85, ""xmax"": 3747.02, ""ymax"": 9648.01, ""confidence"": 0.13, ""name"": ""flower_one""}, {""xmin"": 5889.12, ""ymin"": 1716.23, ""xmax"": 6023.7, ""ymax"": 1928.96, ""confidence"": 0.13, ""name"": ""flower_one""}, {""xmin"": 3626.24, ""ymin"": 9481.83, ""xmax"": 3742.27, ""ymax"": 9615.4, ""confidence"": 0.1, ""name"": ""flower_one""}, {""xmin"": 6006.37, ""ymin"": 6405.21, ""xmax"": 6099.3, ""ymax"": 6544.37, ""confidence"": 0.1, ""name"": ""bud""}, {""xmin"": 2793.82, ""ymin"": 9124.82, ""xmax"": 3035.04, ""ymax"": 9364.37, ""confidence"": 0.1, ""name"": ""flower_one""}]",sample_outputs/annotated/HERB_0197_annotated.jpg
HERB_0198.jpg,1,0,0,1,0.1264,"[{""xmin"": 3082.61, ""ymin"": 6930.83, ""xmax"": 3172.38, ""ymax"": 7006.03, ""confidence"": 0.13, ""name"": ""bud""}]",sample_outputs/annotated/HERB_0198_annotated.jpg
HERB_0199.jpg,0,0,0,0,0.0,[],sample_outputs/annotated/HERB_0199_annotated.jpg
HERB_0202.jpg,1,8,0,2,0.5982,"[{""xmin"": 2817.49, ""ymin"": 1207.78, ""xmax"": 3060.27, ""ymax"": 1533.65, ""confidence"": 0.6, ""name"": ""flower_one""}, {""xmin"": 4661.63, ""ymin"": 4776.89, ""xmax"": 4788.08, ""ymax"": 4916.57, ""confidence"": 0.23, ""name"": ""flower_one""}, {""xmin"": 3602.29, ""ymin"": 4696.57, ""xmax"": 3771.33, ""ymax"": 4814.71, ""confidence"": 0.22, ""name"": ""flower_one""}, {""xmin"": 3527.24, ""ymin"": 4774.73, ""xmax"": 3761.79, ""ymax"": 4933.74, ""confidence"": 0.21, ""name"": ""flower_one""}, {""xmin"": 3547.1, ""ymin"": 4956.76, ""xmax"": 3716.56, ""ymax"": 5069.65, ""confidence"": 0.17, ""name"": ""flower_one""}, {""xmin"": 3205.65, ""ymin"": 4836.51, ""xmax"": 3358.08, ""ymax"": 4984.0, ""confidence"": 0.15, ""name"": ""flower_one""}, {""xmin"": 2432.02, ""ymin"": 2573.9, ""xmax"": 2488.01, ""ymax"": 2625.51, ""confidence"": 0.15, ""name"": ""bud""}, {""xmin"": 3197.24, ""ymin"": 5189.88, ""xmax"": 3312.92, ""ymax"": 5316.44, ""confidence"": 0.14, ""name"": ""flower_one""}, {""xmin"": 5184.21, ""ymin"": 4942.93, ""xmax"": 5297.81, ""ymax"": 5035.34, ""confidence"": 0.11, ""name"": ""flower_one""}, {""xmin"": 4635.97, ""ymin"": 7114.54, ""xmax"": 4701.11, ""ymax"": 7199.31, ""confidence"": 0.11, ""name"": ""bud""}]",sample_outputs/annotated/HERB_0202_annotated.jpg
HERB_0203.jpg,1,0,0,19,0.489,"[{""xmin"": 3625.56, ""ymin"": 2818.26, ""xmax"": 3695.93, ""ymax"": 2930.9, ""confidence"": 0.49, ""name"": ""bud""}, {""xmin"": 2768.61, ""ymin"": 6474.26, ""xmax"": 2819.63, ""ymax"": 6527.95, ""confidence"": 0.48, ""name"": ""bud""}, {""xmin"": 2868.76, ""ymin"": 6552.44, ""xmax"": 2924.5, ""ymax"": 6614.54, ""confidence"": 0.47, ""name"": ""bud""}, {""xmin"": 2885.81, ""ymin"": 5966.55, ""xmax"": 2950.42, ""ymax"": 6022.62, ""confidence"": 0.44, ""name"": ""bud""}, {""xmin"": 3720.62, ""ymin"": 2994.25, ""xmax"": 3799.26, ""ymax"": 3092.9, ""confidence"": 0.41, ""name"": ""bud""}, {""xmin"": 5123.22, ""ymin"": 6413.33, ""xmax"": 5215.29, ""ymax"": 6483.06, ""confidence"": 0.35, ""name"": ""bud""}, {""xmin"": 4931.05, ""ymin"": 6607.35, ""xmax"": 4977.28, ""ymax"": 6651.07, ""confidence"": 0.28, ""name"": ""bud""}, {""xmin"": 5228.89, ""ymin"": 6224.76, ""xmax"": 5287.65, ""ymax"": 6270.13, ""confidence"": 0.28, ""name"": ""bud""}, {""xmin"": 3565.43, ""ymin"": 4056.94, ""xmax"": 3635.26, ""ymax"": 4210.91, ""confidence"": 0.25, ""name"": ""bud""}, {""xmin"": 5422.14, ""ymin"": 5736.0, ""xmax"": 5473.52, ""ymax"": 5799.57, ""confidence"": 0.22, ""name"": ""bud""}, {""xmin"": 2566.45, ""ymin"": 6293.65, ""xmax"": 2714.57, ""ymax"": 6343.81, ""confidence"": 0.21, ""name"": ""bud""}, {""xmin"": 3616.99, ""ymin"": 2282.44, ""xmax"": 3665.5, ""ymax"": 2347.83, ""confidence"": 0.21, ""name"": ""bud""}, {""xmin"": 4182.57, ""ymin"": 6213.72, ""xmax"": 4238.83, ""ymax"": 6284.39, ""confidence"": 0.21, ""name"": ""bud""}, {""xmin"": 4274.19, ""ymin"": 6073.65, ""xmax"": 4337.08, ""ymax"": 6141.89, ""confidence"": 0.2, ""name"": ""bud""}, {""xmin"": 5258.35, ""ymin"": 6054.74, ""xmax"": 5303.47, ""ymax"": 6129.42, ""confidence"": 0.18, ""name"": ""bud""}, {""xmin"": 2693.75, ""ymin"": 5947.78, ""xmax"": 2753.13, ""ymax"": 5987.25, ""confidence"": 0.15, ""name"": ""bud""}, {""xmin"": 3794.84, ""ymin"": 6400.8, ""xmax"": 3886.92, ""ymax"": 6508.29, ""confidence"": 0.13, ""name"": ""bud""}, {""xmin"": 4296.48, ""ymin"": 4620.18, ""xmax"": 4380.93, ""ymax"": 4693.22, ""confidence"": 0.13, ""name"": ""bud""}, {""xmin"": 3802.37, ""ymin"": 3400.52, ""xmax"": 3857.17, ""ymax"": 3460.24, ""confidence"": 0.11, ""name"": ""bud""}]",sample_outputs/annotated/HERB_0203_annotated.jpg
HERB_0204.jpg,0,0,0,0,0.0,[],sample_outputs/annotated/HERB_0204_annotated.jpg
HERB_0205.jpg,1,1,0,0,0.2496,"[{""xmin"": 329.84, ""ymin"": 2597.44, ""xmax"": 405.08, ""ymax"": 2676.17, ""confidence"": 0.25, ""name"": ""flower_one""}]",sample_outputs/annotated/HERB_0205_annotated.jpg
HERB_0206.jpg,1,2,1,2,0.2778,"[{""xmin"": 5585.79, ""ymin"": 3649.86, ""xmax"": 6460.45, ""ymax"": 4691.81, ""confidence"": 0.28, ""name"": ""flower_many""}, {""xmin"": 5324.1, ""ymin"": 4796.84, ""xmax"": 5412.16, ""ymax"": 4880.6, ""confidence"": 0.2, ""name"": ""flower_one""}, {""xmin"": 2577.28, ""ymin"": 5149.15, ""xmax"": 2732.78, ""ymax"": 5282.77, ""confidence"": 0.16, ""name"": ""flower_one""}, {""xmin"": 3112.34, ""ymin"": 8361.59, ""xmax"": 3227.78, ""ymax"": 8459.63, ""confidence"": 0.15, ""name"": ""bud""}, {""xmin"": 2586.81, ""ymin"": 6324.23, ""xmax"": 2697.63, ""ymax"": 6417.05, ""confidence"": 0.11, ""name"": ""bud""}]",sample_outputs/annotated/HERB_0206_annotated.jpg
HERB_0207.jpg,1,1,1,0,0.1935,"[{""xmin"": 563.57, ""ymin"": 2178.85, ""xmax"": 1850.8, ""ymax"": 3104.61, ""confidence"": 0.19, ""name"": ""flower_many""}, {""xmin"": 3836.03, ""ymin"": 2261.67, ""xmax"": 4114.71, ""ymax"": 2587.08, ""confidence"": 0.1, ""name"": ""flower_one""}]",sample_outputs/annotated/HERB_0207_annotated.jpg
HERB_0211.jpg,0,0,0,0,0.0,[],sample_outputs/annotated/HERB_0211_annotated.jpg
HERB_0212.jpg,0,0,0,0,0.0,[],sample_outputs/annotated/HERB_0212_annotated.jpg
HERB_0214.jpg,1,0,0,1,0.1051,"[{""xmin"": 912.94, ""ymin"": 1399.05, ""xmax"": 946.34, ""ymax"": 1424.11, ""confidence"": 0.11, ""name"": ""bud""}]",sample_outputs/annotated/HERB_0214_annotated.jpg
HERB_0216.jpg,1,4,0,0,0.216,"[{""xmin"": 1120.85, ""ymin"": 258.74, ""xmax"": 1168.55, ""ymax"": 401.45, ""confidence"": 0.22, ""name"": ""flower_one""}, {""xmin"": 1027.59, ""ymin"": 236.1, ""xmax"": 1127.07, ""ymax"": 309.46, ""confidence"": 0.19, ""name"": ""flower_one""}, {""xmin"": 958.3, ""ymin"": 442.08, ""xmax"": 1199.4, ""ymax"": 546.37, ""confidence"": 0.15, ""name"": ""flower_one""}, {""xmin"": 1364.55, ""ymin"": 1878.04, ""xmax"": 1394.74, ""ymax"": 1951.96, ""confidence"": 0.15, ""name"": ""flower_one""}]",sample_outputs/annotated/HERB_0216_annotated.jpg
HERB_0217.jpg,1,0,0,3,0.35,"[{""xmin"": 2595.9, ""ymin"": 3411.23, ""xmax"": 2675.78, ""ymax"": 3483.13, ""confidence"": 0.35, ""name"": ""bud""}, {""xmin"": 2571.41, ""ymin"": 3313.19, ""xmax"": 2630.44, ""ymax"": 3383.52, ""confidence"": 0.29, ""name"": ""bud""}, {""xmin"": 4190.25, ""ymin"": 6653.02, ""xmax"": 4280.97, ""ymax"": 6722.11, ""confidence"": 0.11, ""name"": ""bud""}]",sample_outputs/annotated/HERB_0217_annotated.jpg
HERB_0219.jpg,1,0,0,3,0.1466,"[{""xmin"": 826.78, ""ymin"": 1824.06, ""xmax"": 842.13, ""ymax"": 1842.66, ""confidence"": 0.15, ""name"": ""bud""}, {""xmin"": 815.78, ""ymin"": 1921.63, ""xmax"": 833.18, ""ymax"": 1943.42, ""confidence"": 0.14, ""name"": ""bud""}, {""xmin"": 913.62, ""ymin"": 1689.77, ""xmax"": 929.79, ""ymax"": 1708.11, ""confidence"": 0.12, ""name"": ""bud""}]",sample_outputs/annotated/HERB_0219_annotated.jpg
HERB_0220.jpg,1,62,1,1,0.8798,"[{""xmin"": 584.88, ""ymin"": 392.98, ""xmax"": 1273.61, ""ymax"": 808.14, ""confidence"": 0.88, ""name"": ""flower_many""}, {""xmin"": 590.64, ""ymin"": 689.39, ""xmax"": 706.86, ""ymax"": 773.71, ""confidence"": 0.46, ""name"": ""flower_one""}, {""xmin"": 732.2, ""ymin"": 506.47, ""xmax"": 846.81, ""ymax"": 584.78, ""confidence"": 0.46, ""name"": ""flower_one""}, {""xmin"": 626.93, ""ymin"": 630.4, ""xmax"": 739.4, ""ymax"": 712.86, ""confidence"": 0.43, ""name"": ""flower_one""}, {""xmin"": 1190.93, ""ymin"": 707.81, ""xmax"": 1264.58, ""ymax"": 741.47, ""confidence"": 0.42, ""name"": ""flower_one""}, {""xmin"": 666.38, ""ymin"": 561.2, ""xmax"": 740.21, ""ymax"": 644.83, ""confidence"": 0.4, ""name"": ""flower_one""}, {""xmin"": 747.45, ""ymin"": 461.17, ""xmax"": 852.62, ""ymax"": 535.58, ""confidence"": 0.4, ""name"": ""flower_one""}, {""xmin"": 839.48, ""ymin"": 479.45, ""xmax"": 913.99, ""ymax"": 552.19, ""confidence"": 0.39, ""name"": ""flower_one""}, {""xmin"": 793.35, ""ymin"": 445.23, ""xmax"": 870.42, ""ymax"": 529.86, ""confidence"": 0.39, ""name"": ""flower_one""}, {""xmin"": 898.74, ""ymin"": 416.22, ""xmax"": 950.11, ""ymax"": 471.92, ""confidence"": 0.37, ""name"": ""flower_one""}, {""xmin"": 719.14, ""ymin"": 562.39, ""xmax"": 805.94, ""ymax"": 636.79, ""confidence"": 0.36, ""name"": ""flower_one""}, {""xmin"": 815.14, ""ymin"": 626.31, ""xmax"": 884.95, ""ymax"": 712.77, ""confidence"": 0.34, ""name"": ""flower_one""}, {""xmin"": 1171.48, ""ymin"": 556.65, ""xmax"": 1227.6, ""ymax"": 609.05, ""confidence"": 0.33, ""name"": ""flower_one""}, {""xmin"": 827.66, ""ymin"": 402.33, ""xmax"": 910.89, ""ymax"": 483.35, ""confidence"": 0.32, ""name"": ""flower_one""}, {""xmin"": 634.91, ""ymin"": 591.33, ""xmax"": 718.44, ""ymax"": 666.74, ""confidence"": 0.31, ""name"": ""flower_one""}, {""xmin"": 1159.99, ""ymin"": 630.02, ""xmax"": 1256.44, ""ymax"": 694.24, ""confidence"": 0.31, ""name"": ""flower_one""}, {""xmin"": 755.97, ""ymin"": 612.64, ""xmax"": 839.88, ""ymax"": 710.56, ""confidence"": 0.31, ""name"": ""flower_one""}, {""xmin"": 817.3, ""ymin"": 405.06, ""xmax"": 874.8, ""ymax"": 466.49, ""confidence"": 0.3, ""name"": ""flower_one""}, {""xmin"": 1185.45, ""ymin"": 740.15, ""xmax"": 1229.9, ""ymax"": 795.89, ""confidence"": 0.29, ""name"": ""flower_one""}, {""xmin"": 1189.72, ""ymin"": 728.65, ""xmax"": 1246.41, ""ymax"": 767.98, ""confidence"": 0.28, ""name"": ""flower_one""}, {""xmin"": 959.82, ""ymin"": 424.63, ""xmax"": 1026.69, ""ymax"": 484.58, ""confidence"": 0.28, ""name"": ""flower_one""}, {""xmin"": 922.2, ""ymin"": 603.93, ""xmax"": 988.36, ""ymax"": 689.84, ""confidence"": 0.27, ""name"": ""flower_one""}, {""xmin"": 1163.47, ""ymin"": 605.1, ""xmax"": 1250.42, ""ymax"": 655.57, ""confidence"": 0.27, ""name"": ""flower_one""}, {""xmin"": 820.15, ""ymin"": 556.19, ""xmax"": 904.78, ""ymax"": 633.38, ""confidence"": 0.27, ""name"": ""flower_one""}, {""xmin"": 1152.07, ""ymin"": 734.74, ""xmax"": 1199.58, ""ymax"": 792.82, ""confidence"": 0.26, ""name"": ""flower_one""}, {""xmin"": 1174.92, ""ymin"": 581.6, ""xmax"": 1245.89, ""ymax"": 622.09, ""confidence"": 0.23, ""name"": ""flower_one""}, {""xmin"": 735.29, ""ymin"": 646.96, ""xmax"": 817.06, ""ymax"": 722.78, ""confidence"": 0.21, ""name"": ""flower_one""}, {""xmin"": 1014.0, ""ymin"": 468.02, ""xmax"": 1092.68, ""ymax"": 559.35, ""confidence"": 0.21, ""name"": ""flower_one""}, {""xmin"": 836.26, ""ymin"": 582.13, ""xmax"": 906.74, ""ymax"": 677.3, ""confidence"": 0.21, ""name"": ""flower_one""}, {""xmin"": 859.27, ""ymin"": 618.0, ""xmax"": 905.79, ""ymax"": 674.57, ""confidence"": 0.21, ""name"": ""flower_one""}, {""xmin"": 1180.18, ""ymin"": 677.99, ""xmax"": 1231.65, ""ymax"": 732.03, ""confidence"": 0.2, ""name"": ""flower_one""}, {""xmin"": 859.12, ""ymin"": 401.65, ""xmax"": 904.16, ""ymax"": 454.32, ""confidence"": 0.2, ""name"": ""flower_one""}, {""xmin"": 865.27, ""ymin"": 423.18, ""xmax"": 914.88, ""ymax"": 487.45, ""confidence"": 0.2, ""name"": ""flower_one""}, {""xmin"": 608.11, ""ymin"": 381.52, ""xmax"": 1273.05, ""ymax"": 806.12, ""confidence"": 0.2, ""name"": ""flower_one""}, {""xmin"": 945.51, ""ymin"": 426.38, ""xmax"": 988.89, ""ymax"": 479.86, ""confidence"": 0.19, ""name"": ""flower_one""}, {""xmin"": 1136.43, ""ymin"": 519.94, ""xmax"": 1202.18, ""ymax"": 600.26, ""confidence"": 0.18, ""name"": ""flower_one""}, {""xmin"": 676.57, ""ymin"": 565.43, ""xmax"": 771.74, ""ymax"": 671.88, ""confidence"": 0.17, ""name"": ""flower_one""}, {""xmin"": 740.25, ""ymin"": 555.25, ""xmax"": 848.24, ""ymax"": 631.46, ""confidence"": 0.17, ""name"": ""flower_one""}, {""xmin"": 900.72, ""ymin"": 436.84, ""xmax"": 994.37, ""ymax"": 525.37, ""confidence"": 0.17, ""name"": ""flower_one""}, {""xmin"": 822.66, ""ymin"": 422.94, ""xmax"": 922.67, ""ymax"": 549.02, ""confidence"": 0.17, ""name"": ""flower_one""}, {""xmin"": 1129.2, ""ymin"": 707.31, ""xmax"": 1213.04, ""ymax"": 794.58, ""confidence"": 0.16, ""name"": ""flower_one""}, {""xmin"": 603.45, ""ymin"": 641.85, ""xmax"": 699.79, ""ymax"": 750.19, ""confidence"": 0.16, ""name"": ""flower_one""}, {""xmin"": 913.79, ""ymin"": 521.16, ""xmax"": 980.35, ""ymax"": 598.42, ""confidence"": 0.16, ""name"": ""flower_one""}, {""xmin"": 885.24, ""ymin"": 439.07, ""xmax"": 947.98, ""ymax"": 520.01, ""confidence"": 0.15, ""name"": ""flower_one""}, {""xmin"": 946.2, ""ymin"": 561.2, ""xmax"": 1010.79, ""ymax"": 626.92, ""confidence"": 0.15, ""name"": ""flower_one""}, {""xmin"": 905.45, ""ymin"": 549.14, ""xmax"": 994.42, ""ymax"": 624.41, ""confidence"": 0.14, ""name"": ""flower_one""}, {""xmin"": 976.95, ""ymin"": 479.02, ""xmax"": 1068.77, ""ymax"": 564.24, ""confidence"": 0.14, ""name"": ""flower_one""}, {""xmin"": 992.9, ""ymin"": 591.41, ""xmax"": 1064.69, ""ymax"": 670.3, ""confidence"": 0.12, ""name"": ""flower_one""}, {""xmin"": 986.81, ""ymin"": 656.07, ""xmax"": 1040.91, ""ymax"": 705.45, ""confidence"": 0.12, ""name"": ""flower_one""}, {""xmin"": 896.02, ""ymin"": 463.93, ""xmax"": 940.2, ""ymax"": 513.1, ""confidence"": 0.12, ""name"": ""flower_one""}, {""xmin"": 1065.09, ""ymin"": 624.56, ""xmax"": 1108.99, ""ymax"": 674.62, ""confidence"": 0.12, ""name"": ""flower_one""}, {""xmin"": 879.27, ""ymin"": 548.44, ""xmax"": 957.39, ""ymax"": 621.29, ""confidence"": 0.12, ""name"": ""flower_one""}, {""xmin"": 981.43, ""ymin"": 624.54, ""xmax"": 1065.12, ""ymax"": 705.51, ""confidence"": 0.12, ""name"": ""flower_one""}, {""xmin"": 944.82, ""ymin"": 474.13, ""xmax"": 1028.57, ""ymax"": 555.27, ""confidence"": 0.12, ""name"": ""flower_one""}, {""xmin"": 1138.12, ""ymin"": 665.07, ""xmax"": 1182.53, ""ymax"": 717.92, ""confidence"": 0.12, ""name"": ""flower_one""}, {""xmin"": 1145.42, ""ymin"": 677.41, ""xmax"": 1196.79, ""ymax"": 735.68, ""confidence"": 0.12, ""name"": ""flower_one""}, {""xmin"": 933.58, ""ymin"": 519.58, ""xmax"": 1015.14, ""ymax"": 594.62, ""confidence"": 0.12, ""name"": ""flower_one""}, {""xmin"": 950.86, ""ymin"": 430.15, ""xmax"": 1072.65, ""ymax"": 545.72, ""confidence"": 0.11, ""name"": ""flower_one""}, {""xmin"": 1128.91, ""ymin"": 487.14, ""xmax"": 1189.62, ""ymax"": 569.11, ""confidence"": 0.11, ""name"": ""flower_one""}, {""xmin"": 1087.99, ""ymin"": 560.37, ""xmax"": 1166.86, ""ymax"": 643.47, ""confidence"": 0.11, ""name"": ""flower_one""}, {""xmin"": 978.33, ""ymin"": 514.81, ""xmax"": 1059.34, ""ymax"": 593.24, ""confidence"": 0.11, ""name"": ""flower_one""}, {""xmin"": 1170.0, ""ymin"": 2047.42, ""xmax"": 1205.6, ""ymax"": 2076.13, ""confidence"": 0.1, ""name"": ""bud""}, {""xmin"": 1081.91, ""ymin"": 478.16, ""xmax"": 1179.58, ""ymax"": 565.03, ""confidence"": 0.1, ""name"": ""flower_one""}, {""xmin"": 910.55, ""ymin"": 475.61, ""xmax"": 980.69, ""ymax"": 569.82, ""confidence"": 0.1, ""name"": ""flower_one""}]",sample_outputs/annotated/HERB_0220_annotated.jpg
HERB_0221.jpg,1,0,0,2,0.1826,"[{""xmin"": 949.24, ""ymin"": 1693.91, ""xmax"": 976.48, ""ymax"": 1715.1, ""confidence"": 0.18, ""name"": ""bud""}, {""xmin"": 1131.02, ""ymin"": 1640.07, ""xmax"": 1158.09, ""ymax"": 1665.33, ""confidence"": 0.1, ""name"": ""bud""}]",sample_outputs/annotated/HERB_0221_annotated.jpg
HERB_0222.jpg,0,0,0,0,0.0,[],sample_outputs/annotated/HERB_0222_annotated.jpg
HERB_0224.jpg,0,0,0,0,0.0,[],sample_outputs/annotated/HERB_0224_annotated.jpg
HERB_0225.jpg,0,0,0,0,0.0,[],sample_outputs/annotated/HERB_0225_annotated.jpg
HERB_0227.jpg,1,3,0,3,0.3633,"[{""xmin"": 1823.49, ""ymin"": 4963.85, ""xmax"": 1956.55, ""ymax"": 5144.25, ""confidence"": 0.36, ""name"": ""flower_one""}, {""xmin"": 1574.11, ""ymin"": 5055.26, ""xmax"": 1813.8, ""ymax"": 5170.15, ""confidence"": 0.23, ""name"": ""flower_one""}, {""xmin"": 1771.61, ""ymin"": 4417.72, ""xmax"": 1914.04, ""ymax"": 4732.09, ""confidence"": 0.22, ""name"": ""flower_one""}, {""xmin"": 1610.87, ""ymin"": 5384.76, ""xmax"": 1665.78, ""ymax"": 5442.67, ""confidence"": 0.21, ""name"": ""bud""}, {""xmin"": 4952.28, ""ymin"": 4809.41, ""xmax"": 5053.39, ""ymax"": 4962.04, ""confidence"": 0.19, ""name"": ""bud""}, {""xmin"": 1876.21, ""ymin"": 1354.0, ""xmax"": 1959.14, ""ymax"": 1506.12, ""confidence"": 0.17, ""name"": ""bud""}]",sample_outputs/annotated/HERB_0227_annotated.jpg
HERB_0228.jpg,1,1,0,0,0.2183,"[{""xmin"": 4153.43, ""ymin"": 4370.54, ""xmax"": 4325.82, ""ymax"": 4585.79, ""confidence"": 0.22, ""name"": ""flower_one""}]",sample_outputs/annotated/HERB_0228_annotated.jpg
HERB_0230.jpg,1,0,0,2,0.2197,"[{""xmin"": 688.74, ""ymin"": 721.86, ""xmax"": 704.7, ""ymax"": 738.94, ""confidence"": 0.22, ""name"": ""bud""}, {""xmin"": 463.91, ""ymin"": 1509.8, ""xmax"": 480.09, ""ymax"": 1529.34, ""confidence"": 0.12, ""name"": ""bud""}]",sample_outputs/annotated/HERB_0230_annotated.jpg
HERB_0231.jpg,1,5,0,0,0.4614,"[{""xmin"": 1447.62, ""ymin"": 4723.54, ""xmax"": 1705.4, ""ymax"": 5029.36, ""confidence"": 0.46, ""name"": ""flower_one""}, {""xmin"": 1515.14, ""ymin"": 4025.54, ""xmax"": 1891.95, ""ymax"": 4405.97, ""confidence"": 0.33, ""name"": ""flower_one""}, {""xmin"": 1506.21, ""ymin"": 4083.72, ""xmax"": 1726.69, ""ymax"": 4367.29, ""confidence"": 0.23, ""name"": ""flower_one""}, {""xmin"": 1613.69, ""ymin"": 4819.29, ""xmax"": 1724.03, ""ymax"": 5005.11, ""confidence"": 0.21, ""name"": ""flower_one""}, {""xmin"": 1679.22, ""ymin"": 4022.24, ""xmax"": 1902.95, ""ymax"": 4313.69, ""confidence"": 0.19, ""name"": ""flower_one""}]",sample_outputs/annotated/HERB_0231_annotated.jpg
HERB_0235.jpg,1,14,0,0,0.6055,"[{""xmin"": 1028.01, ""ymin"": 919.01, ""xmax"": 1183.09, ""ymax"": 1088.46, ""confidence"": 0.61, ""name"": ""flower_one""}, {""xmin"": 1187.64, ""ymin"": 1659.48, ""xmax"": 1329.2, ""ymax"": 1866.51, ""confidence"": 0.58, ""name"": ""flower_one""}, {""xmin"": 668.18, ""ymin"": 937.62, ""xmax"": 775.83, ""ymax"": 1011.65, ""confidence"": 0.57, ""name"": ""flower_one""}, {""xmin"": 583.3, ""ymin"": 441.84, ""xmax"": 710.21, ""ymax"": 547.97, ""confidence"": 0.48, ""name"": ""flower_one""}, {""xmin"": 1316.77, ""ymin"": 1853.51, ""xmax"": 1469.9, ""ymax"": 2014.5, ""confidence"": 0.48, ""name"": ""flower_one""}, {""xmin"": 646.71, ""ymin"": 898.51, ""xmax"": 751.92, ""ymax"": 996.61, ""confidence"": 0.47, ""name"": ""flower_one""}, {""xmin"": 1157.25, ""ymin"": 834.22, ""xmax"": 1287.55, ""ymax"": 995.69, ""confidence"": 0.42, ""name"": ""flower_one""}, {""xmin"": 1446.85, ""ymin"": 498.68, ""xmax"": 1600.59, ""ymax"": 714.63, ""confidence"": 0.4, ""name"": ""flower_one""}, {""xmin"": 557.57, ""ymin"": 393.36, ""xmax"": 644.47, ""ymax"": 536.64, ""confidence"": 0.39, ""name"": ""flower_one""}, {""xmin"": 1248.93, ""ymin"": 830.89, ""xmax"": 1312.25, ""ymax"": 976.61, ""confidence"": 0.31, ""name"": ""flower_one""}, {""xmin"": 485.99, ""ymin"": 1080.0, ""xmax"": 620.94, ""ymax"": 1239.81, ""confidence"": 0.23, ""name"": ""flower_one""}, {""xmin"": 1146.36, ""ymin"": 653.91, ""xmax"": 1422.61, ""ymax"": 793.9, ""confidence"": 0.2, ""name"": ""flower_one""}, {""xmin"": 641.85, ""ymin"": 880.5, ""xmax"": 708.35, ""ymax"": 971.0, ""confidence"": 0.15, ""name"": ""flower_one""}, {""xmin"": 1337.52, ""ymin"": 1851.87, ""xmax"": 1409.17, ""ymax"": 1956.64, ""confidence"": 0.1, ""name"": ""flower_one""}]",sample_outputs/annotated/HERB_0235_annotated.jpg
HERB_0236.jpg,0,0,0,0,0.0,[],sample_outputs/annotated/HERB_0236_annotated.jpg
HERB_0237.jpg,1,5,1,0,0.2776,"[{""xmin"": 5019.74, ""ymin"": 6962.22, ""xmax"": 5375.32, ""ymax"": 7317.69, ""confidence"": 0.28, ""name"": ""flower_one""}, {""xmin"": 2394.77, ""ymin"": 7252.1, ""xmax"": 2856.66, ""ymax"": 7589.37, ""confidence"": 0.18, ""name"": ""flower_one""}, {""xmin"": 3614.93, ""ymin"": 5680.8, ""xmax"": 5073.27, ""ymax"": 6570.94, ""confidence"": 0.16, ""name"": ""flower_many""}, {""xmin"": 3797.32, ""ymin"": 5720.61, ""xmax"": 4097.39, ""ymax"": 6133.24, ""confidence"": 0.13, ""name"": ""flower_one""}, {""xmin"": 4262.19, ""ymin"": 5746.73, ""xmax"": 4561.21, ""ymax"": 6078.08, ""confidence"": 0.12, ""name"": ""flower_one""}, {""xmin"": 4637.68, ""ymin"": 6076.2, ""xmax"": 4920.48, ""ymax"": 6403.11, ""confidence"": 0.1, ""name"": ""flower_one""}]",sample_outputs/annotated/HERB_0237_annotated.jpg
HERB_0238.jpg,0,0,0,0,0.0,[],sample_outputs/annotated/HERB_0238_annotated.jpg
HERB_0241.jpg,1,1,0,0,0.2038,"[{""xmin"": 891.94, ""ymin"": 687.28, ""xmax"": 931.13, ""ymax"": 721.67, ""confidence"": 0.2, ""name"": ""flower_one""}]",sample_outputs/annotated/HERB_0241_annotated.jpg
HERB_0244.jpg,1,0,0,2,0.2225,"[{""xmin"": 999.55, ""ymin"": 2053.13, ""xmax"": 1040.19, ""ymax"": 2136.02, ""confidence"": 0.22, ""name"": ""bud""}, {""xmin"": 920.67, ""ymin"": 2220.18, ""xmax"": 949.09, ""ymax"": 2258.7, ""confidence"": 0.21, ""name"": ""bud""}]",sample_outputs/annotated/HERB_0244_annotated.jpg
HERB_0245.jpg,0,0,0,0,0.0,[],sample_outputs/annotated/HERB_0245_annotated.jpg
HERB_0247.jpg,1,1,2,4,0.4469,"[{""xmin"": 1090.3, ""ymin"": 650.14, ""xmax"": 1412.5, ""ymax"": 830.89, ""confidence"": 0.45, ""name"": ""flower_many""}, {""xmin"": 942.65, ""ymin"": 1091.61, ""xmax"": 962.81, ""ymax"": 1119.88, ""confidence"": 0.33, ""name"": ""bud""}, {""xmin"": 973.62, ""ymin"": 698.96, ""xmax"": 1108.56, ""ymax"": 787.23, ""confidence"": 0.28, ""name"": ""flower_one""}, {""xmin"": 1017.92, ""ymin"": 971.92, ""xmax"": 1038.6, ""ymax"": 999.04, ""confidence"": 0.23, ""name"": ""bud""}, {""xmin"": 970.68, ""ymin"": 702.98, ""xmax"": 1112.6, ""ymax"": 785.75, ""confidence"": 0.2, ""name"": ""flower_many""}, {""xmin"": 837.74, ""ymin"": 1357.97, ""xmax"": 854.75, ""ymax"": 1376.52, ""confidence"": 0.13, ""name"": ""bud""}, {""xmin"": 805.05, ""ymin"": 1767.72, ""xmax"": 827.15, ""ymax"": 1788.95, ""confidence"": 0.12, ""name"": ""bud""}]",sample_outputs/annotated/HERB_0247_annotated.jpg
HERB_0248.jpg,1,2,1,2,0.6725,"[{""xmin"": 1749.82, ""ymin"": 3735.12, ""xmax"": 2712.36, ""ymax"": 4775.33, ""confidence"": 0.67, ""name"": ""flower_one""}, {""xmin"": 1274.68, ""ymin"": 5953.1, ""xmax"": 2352.99, ""ymax"": 6932.2, ""confidence"": 0.67, ""name"": ""flower_many""}, {""xmin"": 2106.03, ""ymin"": 6145.5, ""xmax"": 2275.54, ""ymax"": 6251.75, ""confidence"": 0.16, ""name"": ""flower_one""}, {""xmin"": 2302.88, ""ymin"": 6425.49, ""xmax"": 2410.82, ""ymax"": 6554.28, ""confidence"": 0.13, ""name"": ""bud""}, {""xmin"": 5957.59, ""ymin"": 3630.99, ""xmax"": 6097.84, ""ymax"": 3736.57, ""confidence"": 0.1, ""name"": ""bud""}]",sample_outputs/annotated/HERB_0248_annotated.jpg
HERB_0250.jpg,1,0,0,1,0.3455,"[{""xmin"": 2265.24, ""ymin"": 3707.42, ""xmax"": 2330.8, ""ymax"": 3774.03, ""confidence"": 0.35, ""name"": ""bud""}]",sample_outputs/annotated/HERB_0250_annotated.jpg
HERB_0252.jpg,1,30,1,0,0.5253,"[{""xmin"": 5519.86, ""ymin"": 1739.81, ""xmax"": 5713.55, ""ymax"": 2126.42, ""confidence"": 0.53, ""name"": ""flower_one""}, {""xmin"": 6160.73, ""ymin"": 2828.07, ""xmax"": 6409.99, ""ymax"": 3008.98, ""confidence"": 0.45, ""name"": ""flower_one""}, {""xmin"": 5481.64, ""ymin"": 2180.92, ""xmax"": 5647.64, ""ymax"": 2323.23, ""confidence"": 0.37, ""name"": ""flower_one""}, {""xmin"": 5476.48, ""ymin"": 2033.58, ""xmax"": 5650.19, ""ymax"": 2289.83, ""confidence"": 0.33, ""name"": ""flower_one""}, {""xmin"": 3497.35, ""ymin"": 2368.45, ""xmax"": 3685.76, ""ymax"": 2497.01, ""confidence"": 0.32, ""name"": ""flower_one""}, {""xmin"": 6423.42, ""ymin"": 2640.87, ""xmax"": 6575.87, ""ymax"": 3008.4, ""confidence"": 0.31, ""name"": ""flower_one""}, {""xmin"": 3194.94, ""ymin"": 1715.09, ""xmax"": 3349.83, ""ymax"": 1887.38, ""confidence"": 0.27, ""name"": ""flower_one""}, {""xmin"": 5531.18, ""ymin"": 1580.2, ""xmax"": 5745.47, ""ymax"": 1672.79, ""confidence"": 0.25, ""name"": ""flower_one""}, {""xmin"": 6783.79, ""ymin"": 1993.37, ""xmax"": 6862.51, ""ymax"": 2073.17, ""confidence"": 0.22, ""name"": ""flower_one""}, {""xmin"": 3439.46, ""ymin"": 2269.12, ""xmax"": 3552.4, ""ymax"": 2427.5, ""confidence"": 0.21, ""name"": ""flower_one""}, {""xmin"": 3603.52, ""ymin"": 1819.51, ""xmax"": 3727.14, ""ymax"": 1906.13, ""confidence"": 0.21, ""name"": ""flower_one""}, {""xmin"": 6048.15, ""ymin"": 1920.79, ""xmax"": 6140.71, ""ymax"": 1997.23, ""confidence"": 0.2, ""name"": ""flower_one""}, {""xmin"": 3613.52, ""ymin"": 1975.08, ""xmax"": 3732.19, ""ymax"": 2158.1, ""confidence"": 0.18, ""name"": ""flower_one""}, {""xmin"": 6014.99, ""ymin"": 1693.55, ""xmax"": 6098.84, ""ymax"": 1858.16, ""confidence"": 0.18, ""name"": ""flower_one""}, {""xmin"": 6223.33, ""ymin"": 1920.35, ""xmax"": 6325.85, ""ymax"": 2110.96, ""confidence"": 0.17, ""name"": ""flower_one""}, {""xmin"": 3409.02, ""ymin"": 1880.61, ""xmax"": 3523.68, ""ymax"": 1959.18, ""confidence"": 0.17, ""name"": ""flower_one""}, {""xmin"": 6728.92, ""ymin"": 1859.05, ""xmax"": 6896.22, ""ymax"": 2006.84, ""confidence"": 0.16, ""name"": ""flower_one""}, {""xmin"": 6191.48, ""ymin"": 1945.21, ""xmax"": 6335.59, ""ymax"": 2241.29, ""confidence"": 0.14, ""name"": ""flower_one""}, {""xmin"": 6096.53, ""ymin"": 1585.04, ""xmax"": 6233.49, ""ymax"": 1684.54, ""confidence"": 0.14, ""name"": ""flower_one""}, {""xmin"": 3364.34, ""ymin"": 2762.07, ""xmax"": 3774.19, ""ymax"": 3312.56, ""confidence"": 0.13, ""name"": ""flower_many""}, {""xmin"": 6508.93, ""ymin"": 2103.69, ""xmax"": 6628.78, ""ymax"": 2229.9, ""confidence"": 0.13, ""name"": ""flower_one""}, {""xmin"": 3386.88, ""ymin"": 2778.22, ""xmax"": 3758.71, ""ymax"": 3315.12, ""confidence"": 0.12, ""name"": ""flower_one""}, {""xmin"": 5951.13, ""ymin"": 1873.04, ""xmax"": 6068.96, ""ymax"": 1946.1, ""confidence"": 0.12, ""name"": ""flower_one""}, {""xmin"": 6490.43, ""ymin"": 2115.21, ""xmax"": 6696.78, ""ymax"": 2281.79, ""confidence"": 0.12, ""name"": ""flower_one""}, {""xmin"": 3195.61, ""ymin"": 2003.36, ""xmax"": 3314.84, ""ymax"": 2143.48, ""confidence"": 0.12, ""name"": ""flower_one""}, {""xmin"": 6763.69, ""ymin"": 1899.2, ""xmax"": 6873.03, ""ymax"": 2074.33, ""confidence"": 0.11, ""name"": ""flower_one""}, {""xmin"": 5493.31, ""ymin"": 2181.51, ""xmax"": 5708.05, ""ymax"": 2430.58, ""confidence"": 0.11, ""name"": ""flower_one""}, {""xmin"": 3657.27, ""ymin"": 2028.16, ""xmax"": 3817.81, ""ymax"": 2176.99, ""confidence"": 0.1, ""name"": ""flower_one""}, {""xmin"": 6033.33, ""ymin"": 2433.87, ""xmax"": 6102.37, ""ymax"": 2490.75, ""confidence"": 0.1, ""name"": ""flower_one""}, {""xmin"": 6974.38, ""ymin"": 5660.76, ""xmax"": 7214.32, ""ymax"": 5781.65, ""confidence"": 0.1, ""name"": ""flower_one""}, {""xmin"": 6230.25, ""ymin"": 2406.57, ""xmax"": 6387.22, ""ymax"": 2644.36, ""confidence"": 0.1, ""name"": ""flower_one""}]",sample_outputs/annotated/HERB_0252_annotated.jpg
HERB_0253.jpg,0,0,0,0,0.0,[],sample_outputs/annotated/HERB_0253_annotated.jpg
HERB_0254.jpg,1,12,3,0,0.3336,"[{""xmin"": 3150.71, ""ymin"": 3967.64, ""xmax"": 3324.4, ""ymax"": 4115.07, ""confidence"": 0.33, ""name"": ""flower_one""}, {""xmin"": 3110.06, ""ymin"": 4269.64, ""xmax"": 3319.7, ""ymax"": 4462.3, ""confidence"": 0.27, ""name"": ""flower_one""}, {""xmin"": 2599.68, ""ymin"": 3928.5, ""xmax"": 2865.6, ""ymax"": 4376.76, ""confidence"": 0.26, ""name"": ""flower_many""}, {""xmin"": 2259.12, ""ymin"": 2850.08, ""xmax"": 3877.17, ""ymax"": 3894.86, ""confidence"": 0.25, ""name"": ""flower_many""}, {""xmin"": 2867.6, ""ymin"": 3057.05, ""xmax"": 3020.0, ""ymax"": 3222.17, ""confidence"": 0.21, ""name"": ""flower_one""}, {""xmin"": 3389.15, ""ymin"": 3117.44, ""xmax"": 3847.27, ""ymax"": 3443.25, ""confidence"": 0.2, ""name"": ""flower_one""}, {""xmin"": 2601.95, ""ymin"": 3891.21, ""xmax"": 2878.53, ""ymax"": 4381.21, ""confidence"": 0.18, ""name"": ""flower_one""}, {""xmin"": 3145.96, ""ymin"": 3974.47, ""xmax"": 3269.14, ""ymax"": 4071.1, ""confidence"": 0.17, ""name"": ""flower_one""}, {""xmin"": 3376.75, ""ymin"": 2961.74, ""xmax"": 3848.0, ""ymax"": 3168.08, ""confidence"": 0.15, ""name"": ""flower_one""}, {""xmin"": 3069.35, ""ymin"": 2904.12, ""xmax"": 3238.43, ""ymax"": 3034.89, ""confidence"": 0.14, ""name"": ""flower_one""}, {""xmin"": 3186.31, ""ymin"": 3153.81, ""xmax"": 3348.96, ""ymax"": 3324.18, ""confidence"": 0.12, ""name"": ""flower_one""}, {""xmin"": 2281.77, ""ymin"": 3407.66, ""xmax"": 2545.65, ""ymax"": 3613.71, ""confidence"": 0.12, ""name"": ""flower_one""}, {""xmin"": 3068.04, ""ymin"": 3028.75, ""xmax"": 3222.88, ""ymax"": 3140.39, ""confidence"": 0.11, ""name"": ""flower_one""}, {""xmin"": 3120.13, ""ymin"": 3296.63, ""xmax"": 3273.93, ""ymax"": 3438.72, ""confidence"": 0.11, ""name"": ""flower_one""}, {""xmin"": 3374.65, ""ymin"": 3008.36, ""xmax"": 3867.07, ""ymax"": 3440.97, ""confidence"": 0.1, ""name"": ""flower_many""}]",sample_outputs/annotated/HERB_0254_annotated.jpg
HERB_0256.jpg,1,3,9,0,0.2677,"[{""xmin"": 4486.67, ""ymin"": 5559.07, ""xmax"": 4632.25, ""ymax"": 5758.87, ""confidence"": 0.27, ""name"": ""flower_one""}, {""xmin"": 4926.13, ""ymin"": 4326.12, ""xmax"": 5609.31, ""ymax"": 4984.71, ""confidence"": 0.23, ""name"": ""flower_many""}, {""xmin"": 5048.77, ""ymin"": 4986.75, ""xmax"": 5357.81, ""ymax"": 5559.65, ""confidence"": 0.2, ""name"": ""flower_many""}, {""xmin"": 3987.51, ""ymin"": 4418.42, ""xmax"": 4673.1, ""ymax"": 4997.22, ""confidence"": 0.18, ""name"": ""flower_many""}, {""xmin"": 3951.03, ""ymin"": 4723.29, ""xmax"": 4339.87, ""ymax"": 5711.37, ""confidence"": 0.17, ""name"": ""flower_many""}, {""xmin"": 4955.91, ""ymin"": 4522.36, ""xmax"": 5091.89, ""ymax"": 4664.06, ""confidence"": 0.16, ""name"": ""flower_one""}, {""xmin"": 3967.34, ""ymin"": 5464.3, ""xmax"": 4070.49, ""ymax"": 5588.78, ""confidence"": 0.15, ""name"": ""flower_one""}, {""xmin"": 4952.32, ""ymin"": 4491.02, ""xmax"": 5107.92, ""ymax"": 4678.26, ""confidence"": 0.13, ""name"": ""flower_many""}, {""xmin"": 5032.86, ""ymin"": 4924.38, ""xmax"": 5611.7, ""ymax"": 5826.49, ""confidence"": 0.12, ""name"": ""flower_many""}, {""xmin"": 4009.09, ""ymin"": 4346.88, ""xmax"": 4987.93, ""ymax"": 5271.7, ""confidence"": 0.11, ""name"": ""flower_many""}, {""xmin"": 4961.05, ""ymin"": 4600.77, ""xmax"": 5579.72, ""ymax"": 5324.1, ""confidence"": 0.1, ""name"": ""flower_many""}, {""xmin"": 4925.97, ""ymin"": 4342.14, ""xmax"": 5357.32, ""ymax"": 4745.55, ""confidence"": 0.1, ""name"": ""flower_many""}]",sample_outputs/annotated/HERB_0256_annotated.jpg
HERB_0257.jpg,1,0,0,43,0.5247,"[{""xmin"": 469.41, ""ymin"": 1934.67, ""xmax"": 495.88, ""ymax"": 1972.01, ""confidence"": 0.52, ""name"": ""bud""}, {""xmin"": 652.97, ""ymin"": 824.83, ""xmax"": 675.36, ""ymax"": 844.01, ""confidence"": 0.46, ""name"": ""bud""}, {""xmin"": 822.69, ""ymin"": 1360.06, ""xmax"": 848.19, ""ymax"": 1393.41, ""confidence"": 0.45, ""name"": ""bud""}, {""xmin"": 997.93, ""ymin"": 1107.71, ""xmax"": 1019.44, ""ymax"": 1135.89, ""confidence"": 0.45, ""name"": ""bud""}, {""xmin"": 874.04, ""ymin"": 1445.63, ""xmax"": 892.12, ""ymax"": 1475.58, ""confidence"": 0.44, ""name"": ""bud""}, {""xmin"": 749.47, ""ymin"": 1166.68, ""xmax"": 772.36, ""ymax"": 1199.01, ""confidence"": 0.42, ""name"": ""bud""}, {""xmin"": 660.81, ""ymin"": 922.35, ""xmax"": 692.78, ""ymax"": 966.25, ""confidence"": 0.4, ""name"": ""bud""}, {""xmin"": 674.21, ""ymin"": 815.19, ""xmax"": 697.83, ""ymax"": 840.7, ""confidence"": 0.37, ""name"": ""bud""}, {""xmin"": 950.67, ""ymin"": 631.02, ""xmax"": 968.46, ""ymax"": 655.58, ""confidence"": 0.35, ""name"": ""bud""}, {""xmin"": 912.82, ""ymin"": 503.7, ""xmax"": 933.5, ""ymax"": 526.06, ""confidence"": 0.35, ""name"": ""bud""}, {""xmin"": 740.56, ""ymin"": 1132.16, ""xmax"": 767.63, ""ymax"": 1162.38, ""confidence"": 0.33, ""name"": ""bud""}, {""xmin"": 343.44, ""ymin"": 1710.22, ""xmax"": 363.83, ""ymax"": 1740.45, ""confidence"": 0.32, ""name"": ""bud""}, {""xmin"": 1227.91, ""ymin"": 2207.64, ""xmax"": 1246.04, ""ymax"": 2227.58, ""confidence"": 0.32, ""name"": ""bud""}, {""xmin"": 358.73, ""ymin"": 1862.81, ""xmax"": 385.46, ""ymax"": 1896.49, ""confidence"": 0.29, ""name"": ""bud""}, {""xmin"": 782.85, ""ymin"": 2244.03, ""xmax"": 802.26, ""ymax"": 2266.87, ""confidence"": 0.29, ""name"": ""bud""}, {""xmin"": 906.97, ""ymin"": 575.46, ""xmax"": 928.27, ""ymax"": 604.29, ""confidence"": 0.28, ""name"": ""bud""}, {""xmin"": 824.27, ""ymin"": 1272.65, ""xmax"": 858.35, ""ymax"": 1310.75, ""confidence"": 0.27, ""name"": ""bud""}, {""xmin"": 1593.72, ""ymin"": 1731.14, ""xmax"": 1613.38, ""ymax"": 1751.06, ""confidence"": 0.27, ""name"": ""bud""}, {""xmin"": 1485.32, ""ymin"": 969.21, ""xmax"": 1514.32, ""ymax"": 994.11, ""confidence"": 0.26, ""name"": ""bud""}, {""xmin"": 958.33, ""ymin"": 650.07, ""xmax"": 973.68, ""ymax"": 674.64, ""confidence"": 0.25, ""name"": ""bud""}, {""xmin"": 1563.8, ""ymin"": 1740.32, ""xmax"": 1583.11, ""ymax"": 1760.55, ""confidence"": 0.25, ""name"": ""bud""}, {""xmin"": 833.35, ""ymin"": 397.74, ""xmax"": 895.81, ""ymax"": 452.66, ""confidence"": 0.24, ""name"": ""bud""}, {""xmin"": 920.52, ""ymin"": 589.3, ""xmax"": 937.48, ""ymax"": 612.03, ""confidence"": 0.23, ""name"": ""bud""}, {""xmin"": 1529.46, ""ymin"": 791.49, ""xmax"": 1563.25, ""ymax"": 873.4, ""confidence"": 0.23, ""name"": ""bud""}, {""xmin"": 1282.65, ""ymin"": 2080.19, ""xmax"": 1304.05, ""ymax"": 2103.58, ""confidence"": 0.22, ""name"": ""bud""}, {""xmin"": 655.26, ""ymin"": 821.24, ""xmax"": 693.25, ""ymax"": 849.1, ""confidence"": 0.21, ""name"": ""bud""}, {""xmin"": 946.85, ""ymin"": 741.47, ""xmax"": 970.48, ""ymax"": 776.15, ""confidence"": 0.2, ""name"": ""bud""}, {""xmin"": 736.81, ""ymin"": 1028.96, ""xmax"": 770.06, ""ymax"": 1075.15, ""confidence"": 0.2, ""name"": ""bud""}, {""xmin"": 512.76, ""ymin"": 2022.12, ""xmax"": 545.0, ""ymax"": 2059.8, ""confidence"": 0.2, ""name"": ""bud""}, {""xmin"": 280.61, ""ymin"": 1683.54, ""xmax"": 356.1, ""ymax"": 1731.54, ""confidence"": 0.19, ""name"": ""bud""}, {""xmin"": 1579.38, ""ymin"": 1070.74, ""xmax"": 1610.11, ""ymax"": 1095.67, ""confidence"": 0.17, ""name"": ""bud""}, {""xmin"": 743.86, ""ymin"": 1130.67, ""xmax"": 772.6, ""ymax"": 1199.86, ""confidence"": 0.17, ""name"": ""bud""}, {""xmin"": 992.62, ""ymin"": 2057.19, ""xmax"": 1012.17, ""ymax"": 2076.66, ""confidence"": 0.16, ""name"": ""bud""}, {""xmin"": 872.96, ""ymin"": 1565.37, ""xmax"": 891.0, ""ymax"": 1592.45, ""confidence"": 0.15, ""name"": ""bud""}, {""xmin"": 1155.53, ""ymin"": 2270.19, ""xmax"": 1171.54, ""ymax"": 2287.18, ""confidence"": 0.15, ""name"": ""bud""}, {""xmin"": 320.32, ""ymin"": 1701.44, ""xmax"": 364.35, ""ymax"": 1746.39, ""confidence"": 0.14, ""name"": ""bud""}, {""xmin"": 837.82, ""ymin"": 1389.34, ""xmax"": 852.91, ""ymax"": 1409.42, ""confidence"": 0.14, ""name"": ""bud""}, {""xmin"": 721.87, ""ymin"": 2155.99, ""xmax"": 742.95, ""ymax"": 2178.36, ""confidence"": 0.14, ""name"": ""bud""}, {""xmin"": 863.85, ""ymin"": 403.27, ""xmax"": 895.13, ""ymax"": 441.01, ""confidence"": 0.14, ""name"": ""bud""}, {""xmin"": 514.17, ""ymin"": 2021.19, ""xmax"": 535.22, ""ymax"": 2048.44, ""confidence"": 0.12, ""name"": ""bud""}, {""xmin"": 678.98, ""ymin"": 831.9, ""xmax"": 695.47, ""ymax"": 853.03, ""confidence"": 0.11, ""name"": ""bud""}, {""xmin"": 921.15, ""ymin"": 2407.7, ""xmax"": 944.15, ""ymax"": 2431.45, ""confidence"": 0.11, ""name"": ""bud""}, {""xmin"": 829.56, ""ymin"": 1372.25, ""xmax"": 853.63, ""ymax"": 1410.79, ""confidence"": 0.1, ""name"": ""bud""}]",sample_outputs/annotated/HERB_0257_annotated.jpg
HERB_0263.jpg,1,0,0,24,0.5553,"[{""xmin"": 833.34, ""ymin"": 1796.26, ""xmax"": 854.06, ""ymax"": 1814.92, ""confidence"": 0.56, ""name"": ""bud""}, {""xmin"": 1193.2, ""ymin"": 2218.45, ""xmax"": 1230.98, ""ymax"": 2246.36, ""confidence"": 0.52, ""name"": ""bud""}, {""xmin"": 1027.36, ""ymin"": 2110.6, ""xmax"": 1058.12, ""ymax"": 2135.5, ""confidence"": 0.49, ""name"": ""bud""}, {""xmin"": 1152.11, ""ymin"": 2173.33, ""xmax"": 1201.74, ""ymax"": 2206.6, ""confidence"": 0.44, ""name"": ""bud""}, {""xmin"": 848.66, ""ymin"": 1115.97, ""xmax"": 903.35, ""ymax"": 1150.27, ""confidence"": 0.4, ""name"": ""bud""}, {""xmin"": 1064.85, ""ymin"": 2159.51, ""xmax"": 1106.36, ""ymax"": 2198.26, ""confidence"": 0.36, ""name"": ""bud""}, {""xmin"": 1414.33, ""ymin"": 1533.71, ""xmax"": 1442.6, ""ymax"": 1565.28, ""confidence"": 0.36, ""name"": ""bud""}, {""xmin"": 793.73, ""ymin"": 582.0, ""xmax"": 834.72, ""ymax"": 604.7, ""confidence"": 0.34, ""name"": ""bud""}, {""xmin"": 1057.36, ""ymin"": 548.79, ""xmax"": 1085.13, ""ymax"": 571.37, ""confidence"": 0.34, ""name"": ""bud""}, {""xmin"": 378.01, ""ymin"": 1424.15, ""xmax"": 407.62, ""ymax"": 1457.06, ""confidence"": 0.32, ""name"": ""bud""}, {""xmin"": 1023.44, ""ymin"": 2129.03, ""xmax"": 1055.12, ""ymax"": 2156.04, ""confidence"": 0.32, ""name"": ""bud""}, {""xmin"": 1125.86, ""ymin"": 407.28, ""xmax"": 1153.22, ""ymax"": 431.54, ""confidence"": 0.26, ""name"": ""bud""}, {""xmin"": 883.9, ""ymin"": 1066.03, ""xmax"": 917.52, ""ymax"": 1098.68, ""confidence"": 0.23, ""name"": ""bud""}, {""xmin"": 1470.38, ""ymin"": 1803.3, ""xmax"": 1504.81, ""ymax"": 1850.1, ""confidence"": 0.2, ""name"": ""bud""}, {""xmin"": 385.78, ""ymin"": 1326.42, ""xmax"": 404.89, ""ymax"": 1353.25, ""confidence"": 0.2, ""name"": ""bud""}, {""xmin"": 879.67, ""ymin"": 1777.26, ""xmax"": 907.15, ""ymax"": 1800.18, ""confidence"": 0.18, ""name"": ""bud""}, {""xmin"": 391.56, ""ymin"": 1380.49, ""xmax"": 428.45, ""ymax"": 1422.53, ""confidence"": 0.17, ""name"": ""bud""}, {""xmin"": 309.55, ""ymin"": 1581.51, ""xmax"": 349.37, ""ymax"": 1626.66, ""confidence"": 0.15, ""name"": ""bud""}, {""xmin"": 1394.14, ""ymin"": 1446.21, ""xmax"": 1409.82, ""ymax"": 1463.79, ""confidence"": 0.14, ""name"": ""bud""}, {""xmin"": 887.71, ""ymin"": 1788.08, ""xmax"": 911.0, ""ymax"": 1810.32, ""confidence"": 0.13, ""name"": ""bud""}, {""xmin"": 895.61, ""ymin"": 416.38, ""xmax"": 943.59, ""ymax"": 440.83, ""confidence"": 0.13, ""name"": ""bud""}, {""xmin"": 822.63, ""ymin"": 601.39, ""xmax"": 855.74, ""ymax"": 627.07, ""confidence"": 0.11, ""name"": ""bud""}, {""xmin"": 568.54, ""ymin"": 2027.14, ""xmax"": 589.51, ""ymax"": 2048.73, ""confidence"": 0.11, ""name"": ""bud""}, {""xmin"": 1023.67, ""ymin"": 2132.62, ""xmax"": 1078.19, ""ymax"": 2175.01, ""confidence"": 0.11, ""name"": ""bud""}]",sample_outputs/annotated/HERB_0263_annotated.jpg
HERB_0265.jpg,0,0,0,0,0.0,[],sample_outputs/annotated/HERB_0265_annotated.jpg
HERB_0267.jpg,0,0,0,0,0.0,[],sample_outputs/annotated/HERB_0267_annotated.jpg
HERB_0268.jpg,1,3,0,0,0.2176,"[{""xmin"": 891.78, ""ymin"": 85.56, ""xmax"": 923.87, ""ymax"": 107.18, ""confidence"": 0.22, ""name"": ""flower_one""}, {""xmin"": 893.28, ""ymin"": 58.82, ""xmax"": 926.8, ""ymax"": 77.92, ""confidence"": 0.18, ""name"": ""flower_one""}, {""xmin"": 888.84, ""ymin"": 66.47, ""xmax"": 929.48, ""ymax"": 107.95, ""confidence"": 0.12, ""name"": ""flower_one""}]",sample_outputs/annotated/HERB_0268_annotated.jpg
HERB_0269.jpg,0,0,0,0,0.0,[],sample_outputs/annotated/HERB_0269_annotated.jpg
HERB_0270.jpg,1,1,0,0,0.151,"[{""xmin"": 2119.91, ""ymin"": 6052.9, ""xmax"": 4044.73, ""ymax"": 7361.6, ""confidence"": 0.15, ""name"": ""flower_one""}]",sample_outputs/annotated/HERB_0270_annotated.jpg
HERB_0272.jpg,0,0,0,0,0.0,[],sample_outputs/annotated/HERB_0272_annotated.jpg
HERB_0274.jpg,1,14,4,3,0.3289,"[{""xmin"": 630.65, ""ymin"": 797.9, ""xmax"": 1031.08, ""ymax"": 1141.69, ""confidence"": 0.33, ""name"": ""flower_many""}, {""xmin"": 596.45, ""ymin"": 624.6, ""xmax"": 625.5, ""ymax"": 645.54, ""confidence"": 0.3, ""name"": ""bud""}, {""xmin"": 710.31, ""ymin"": 941.48, ""xmax"": 744.58, ""ymax"": 973.91, ""confidence"": 0.28, ""name"": ""flower_one""}, {""xmin"": 710.11, ""ymin"": 761.99, ""xmax"": 755.78, ""ymax"": 803.94, ""confidence"": 0.25, ""name"": ""flower_one""}, {""xmin"": 578.44, ""ymin"": 1481.78, ""xmax"": 617.67, ""ymax"": 1523.25, ""confidence"": 0.21, ""name"": ""flower_one""}, {""xmin"": 826.48, ""ymin"": 853.12, ""xmax"": 853.08, ""ymax"": 883.81, ""confidence"": 0.2, ""name"": ""flower_one""}, {""xmin"": 690.49, ""ymin"": 969.65, ""xmax"": 724.35, ""ymax"": 999.26, ""confidence"": 0.17, ""name"": ""flower_one""}, {""xmin"": 478.74, ""ymin"": 1045.68, ""xmax"": 672.7, ""ymax"": 1457.29, ""confidence"": 0.17, ""name"": ""flower_many""}, {""xmin"": 757.8, ""ymin"": 802.24, ""xmax"": 996.23, ""ymax"": 1013.89, ""confidence"": 0.17, ""name"": ""flower_many""}, {""xmin"": 581.9, ""ymin"": 1126.67, ""xmax"": 608.36, ""ymax"": 1161.98, ""confidence"": 0.15, ""name"": ""flower_one""}, {""xmin"": 668.78, ""ymin"": 1107.07, ""xmax"": 701.63, ""ymax"": 1137.07, ""confidence"": 0.13, ""name"": ""flower_one""}, {""xmin"": 246.86, ""ymin"": 1792.63, ""xmax"": 293.16, ""ymax"": 1847.24, ""confidence"": 0.13, ""name"": ""flower_many""}, {""xmin"": 865.75, ""ymin"": 899.79, ""xmax"": 894.38, ""ymax"": 930.16, ""confidence"": 0.13, ""name"": ""flower_one""}, {""xmin"": 793.4, ""ymin"": 813.22, ""xmax"": 824.47, ""ymax"": 851.57, ""confidence"": 0.13, ""name"": ""flower_one""}, {""xmin"": 815.95, ""ymin"": 882.75, ""xmax"": 844.64, ""ymax"": 900.46, ""confidence"": 0.11, ""name"": ""flower_one""}, {""xmin"": 941.57, ""ymin"": 1026.2, ""xmax"": 1022.96, ""ymax"": 1094.44, ""confidence"": 0.11, ""name"": ""flower_one""}, {""xmin"": 774.89, ""ymin"": 833.99, ""xmax"": 812.31, ""ymax"": 863.75, ""confidence"": 0.11, ""name"": ""flower_one""}, {""xmin"": 1057.65, ""ymin"": 815.06, ""xmax"": 1077.49, ""ymax"": 832.58, ""confidence"": 0.11, ""name"": ""bud""}, {""xmin"": 939.38, ""ymin"": 945.3, ""xmax"": 983.22, ""ymax"": 985.16, ""confidence"": 0.11, ""name"": ""flower_one""}, {""xmin"": 828.03, ""ymin"": 1301.68, ""xmax"": 858.27, ""ymax"": 1356.28, ""confidence"": 0.1, ""name"": ""bud""}, {""xmin"": 577.46, ""ymin"": 1176.77, ""xmax"": 609.25, ""ymax"": 1200.77, ""confidence"": 0.1, ""name"": ""flower_one""}]",sample_outputs/annotated/HERB_0274_annotated.jpg
HERB_0276.jpg,1,1,0,0,0.2901,"[{""xmin"": 1893.9, ""ymin"": 1807.45, ""xmax"": 2220.05, ""ymax"": 2276.31, ""confidence"": 0.29, ""name"": ""flower_one""}]",sample_outputs/annotated/HERB_0276_annotated.jpg
HERB_0277.jpg,0,0,0,0,0.0,[],sample_outputs/annotated/HERB_0277_annotated.jpg
HERB_0278.jpg,1,0,0,1,0.1742,"[{""xmin"": 834.65, ""ymin"": 1524.57, ""xmax"": 850.17, ""ymax"": 1541.74, ""confidence"": 0.17, ""name"": ""bud""}]",sample_outputs/annotated/HERB_0278_annotated.jpg
HERB_0279.jpg,1,10,1,1,0.6302,"[{""xmin"": 855.86, ""ymin"": 5385.24, ""xmax"": 2438.38, ""ymax"": 6806.72, ""confidence"": 0.63, ""name"": ""flower_many""}, {""xmin"": 1181.53, ""ymin"": 6236.44, ""xmax"": 1571.79, ""ymax"": 6786.55, ""confidence"": 0.31, ""name"": ""flower_one""}, {""xmin"": 2173.56, ""ymin"": 4034.34, ""xmax"": 2343.61, ""ymax"": 4180.64, ""confidence"": 0.3, ""name"": ""bud""}, {""xmin"": 1660.54, ""ymin"": 6437.66, ""xmax"": 1947.58, ""ymax"": 6762.88, ""confidence"": 0.29, ""name"": ""flower_one""}, {""xmin"": 2175.23, ""ymin"": 6441.01, ""xmax"": 2375.38, ""ymax"": 6634.77, ""confidence"": 0.27, ""name"": ""flower_one""}, {""xmin"": 1389.51, ""ymin"": 5629.1, ""xmax"": 1510.86, ""ymax"": 5820.49, ""confidence"": 0.18, ""name"": ""flower_one""}, {""xmin"": 1453.91, ""ymin"": 6458.83, ""xmax"": 1698.23, ""ymax"": 6679.62, ""confidence"": 0.17, ""name"": ""flower_one""}, {""xmin"": 1145.08, ""ymin"": 6078.69, ""xmax"": 1471.45, ""ymax"": 6216.48, ""confidence"": 0.16, ""name"": ""flower_one""}, {""xmin"": 1250.34, ""ymin"": 5625.55, ""xmax"": 1519.46, ""ymax"": 5860.23, ""confidence"": 0.14, ""name"": ""flower_one""}, {""xmin"": 1624.12, ""ymin"": 5589.55, ""xmax"": 1828.58, ""ymax"": 5749.15, ""confidence"": 0.13, ""name"": ""flower_one""}, {""xmin"": 923.53, ""ymin"": 6332.53, ""xmax"": 1156.67, ""ymax"": 6500.0, ""confidence"": 0.13, ""name"": ""flower_one""}, {""xmin"": 859.76, ""ymin"": 5612.27, ""xmax"": 2370.11, ""ymax"": 6744.49, ""confidence"": 0.12, ""name"": ""flower_one""}]",sample_outputs/annotated/HERB_0279_annotated.jpg
HERB_0280.jpg,1,0,0,3,0.1466,"[{""xmin"": 1405.43, ""ymin"": 586.35, ""xmax"": 1416.72, ""ymax"": 597.94, ""confidence"": 0.15, ""name"": ""bud""}, {""xmin"": 792.38, ""ymin"": 963.71, ""xmax"": 804.84, ""ymax"": 975.84, ""confidence"": 0.13, ""name"": ""bud""}, {""xmin"": 1386.7, ""ymin"": 1035.35, ""xmax"": 1404.55, ""ymax"": 1055.96, ""confidence"": 0.12, ""name"": ""bud""}]",sample_outputs/annotated/HERB_0280_annotated.jpg
HERB_0282.jpg,1,23,26,0,0.4072,"[{""xmin"": 5494.11, ""ymin"": 6340.56, ""xmax"": 5884.31, ""ymax"": 6574.24, ""confidence"": 0.41, ""name"": ""flower_many""}, {""xmin"": 1853.96, ""ymin"": 2723.59, ""xmax"": 2193.13, ""ymax"": 3514.33, ""confidence"": 0.34, ""name"": ""flower_many""}, {""xmin"": 2204.38, ""ymin"": 2867.17, ""xmax"": 2538.54, ""ymax"": 3332.17, ""confidence"": 0.32, ""name"": ""flower_many""}, {""xmin"": 1898.1, ""ymin"": 4015.29, ""xmax"": 2488.89, ""ymax"": 4633.04, ""confidence"": 0.3, ""name"": ""flower_many""}, {""xmin"": 5426.39, ""ymin"": 4125.87, ""xmax"": 5554.37, ""ymax"": 4311.96, ""confidence"": 0.29, ""name"": ""flower_one""}, {""xmin"": 3962.7, ""ymin"": 6773.7, ""xmax"": 4155.22, ""ymax"": 6917.95, ""confidence"": 0.28, ""name"": ""flower_many""}, {""xmin"": 3025.81, ""ymin"": 8358.57, ""xmax"": 3374.49, ""ymax"": 8717.38, ""confidence"": 0.27, ""name"": ""flower_many""}, {""xmin"": 3749.01, ""ymin"": 6698.02, ""xmax"": 3962.23, ""ymax"": 6927.55, ""confidence"": 0.27, ""name"": ""flower_many""}, {""xmin"": 2236.39, ""ymin"": 4427.33, ""xmax"": 2383.37, ""ymax"": 4719.95, ""confidence"": 0.26, ""name"": ""flower_many""}, {""xmin"": 2297.9, ""ymin"": 3969.88, ""xmax"": 2513.25, ""ymax"": 4234.98, ""confidence"": 0.25, ""name"": ""flower_many""}, {""xmin"": 4370.51, ""ymin"": 1173.4, ""xmax"": 4639.26, ""ymax"": 1463.02, ""confidence"": 0.25, ""name"": ""flower_many""}, {""xmin"": 3962.79, ""ymin"": 6774.39, ""xmax"": 4156.62, ""ymax"": 6918.45, ""confidence"": 0.25, ""name"": ""flower_one""}, {""xmin"": 3412.97, ""ymin"": 6648.78, ""xmax"": 3665.8, ""ymax"": 6871.09, ""confidence"": 0.24, ""name"": ""flower_many""}, {""xmin"": 3328.15, ""ymin"": 6664.97, ""xmax"": 3524.29, ""ymax"": 6868.07, ""confidence"": 0.23, ""name"": ""flower_many""}, {""xmin"": 2624.05, ""ymin"": 2455.84, ""xmax"": 2945.25, ""ymax"": 2714.29, ""confidence"": 0.23, ""name"": ""flower_many""}, {""xmin"": 1881.33, ""ymin"": 4037.2, ""xmax"": 2137.39, ""ymax"": 4486.27, ""confidence"": 0.2, ""name"": ""flower_many""}, {""xmin"": 5428.11, ""ymin"": 4124.61, ""xmax"": 5555.16, ""ymax"": 4317.26, ""confidence"": 0.2, ""name"": ""flower_many""}, {""xmin"": 3750.07, ""ymin"": 6698.06, ""xmax"": 3957.62, ""ymax"": 6925.32, ""confidence"": 0.2, ""name"": ""flower_one""}, {""xmin"": 3525.38, ""ymin"": 5479.2, ""xmax"": 3830.54, ""ymax"": 5725.43, ""confidence"": 0.18, ""name"": ""flower_many""}, {""xmin"": 6143.1, ""ymin"": 5448.96, ""xmax"": 6276.43, ""ymax"": 5691.38, ""confidence"": 0.18, ""name"": ""flower_many""}, {""xmin"": 1804.84, ""ymin"": 3416.74, ""xmax"": 2021.12, ""ymax"": 3637.98, ""confidence"": 0.17, ""name"": ""flower_one""}, {""xmin"": 1923.42, ""ymin"": 2727.87, ""xmax"": 2156.0, ""ymax"": 3232.6, ""confidence"": 0.15, ""name"": ""flower_many""}, {""xmin"": 1795.6, ""ymin"": 3405.57, ""xmax"": 2028.72, ""ymax"": 3653.08, ""confidence"": 0.15, ""name"": ""flower_many""}, {""xmin"": 1863.8, ""ymin"": 2948.64, ""xmax"": 2629.67, ""ymax"": 3939.08, ""confidence"": 0.14, ""name"": ""flower_many""}, {""xmin"": 2103.84, ""ymin"": 3079.91, ""xmax"": 2190.27, ""ymax"": 3195.13, ""confidence"": 0.14, ""name"": ""flower_one""}, {""xmin"": 1928.7, ""ymin"": 3051.93, ""xmax"": 2024.76, ""ymax"": 3162.5, ""confidence"": 0.14, ""name"": ""flower_one""}, {""xmin"": 1887.71, ""ymin"": 3113.97, ""xmax"": 2018.12, ""ymax"": 3238.95, ""confidence"": 0.14, ""name"": ""flower_one""}, {""xmin"": 1993.69, ""ymin"": 3092.5, ""xmax"": 2160.6, ""ymax"": 3225.01, ""confidence"": 0.13, ""name"": ""flower_one""}, {""xmin"": 1869.28, ""ymin"": 2744.82, ""xmax"": 2210.72, ""ymax"": 3482.05, ""confidence"": 0.13, ""name"": ""flower_one""}, {""xmin"": 1979.45, ""ymin"": 3317.13, ""xmax"": 2140.45, ""ymax"": 3454.82, ""confidence"": 0.13, ""name"": ""flower_one""}, {""xmin"": 5616.26, ""ymin"": 6185.5, ""xmax"": 5919.43, ""ymax"": 6552.87, ""confidence"": 0.13, ""name"": ""flower_many""}, {""xmin"": 1797.23, ""ymin"": 3412.38, ""xmax"": 1949.87, ""ymax"": 3552.37, ""confidence"": 0.13, ""name"": ""flower_one""}, {""xmin"": 5732.23, ""ymin"": 1779.62, ""xmax"": 5838.86, ""ymax"": 1873.48, ""confidence"": 0.12, ""name"": ""flower_one""}, {""xmin"": 3534.42, ""ymin"": 5595.56, ""xmax"": 3678.5, ""ymax"": 5723.24, ""confidence"": 0.12, ""name"": ""flower_one""}, {""xmin"": 2234.22, ""ymin"": 4432.32, ""xmax"": 2381.0, ""ymax"": 4737.46, ""confidence"": 0.12, ""name"": ""flower_one""}, {""xmin"": 1872.38, ""ymin"": 3242.52, ""xmax"": 2022.09, ""ymax"": 3335.16, ""confidence"": 0.12, ""name"": ""flower_one""}, {""xmin"": 1863.63, ""ymin"": 3072.35, ""xmax"": 2157.85, ""ymax"": 3456.36, ""confidence"": 0.12, ""name"": ""flower_one""}, {""xmin"": 2097.28, ""ymin"": 4242.12, ""xmax"": 2388.65, ""ymax"": 4665.04, ""confidence"": 0.12, ""name"": ""flower_many""}, {""xmin"": 1872.91, ""ymin"": 3161.19, ""xmax"": 2018.07, ""ymax"": 3320.41, ""confidence"": 0.12, ""name"": ""flower_one""}, {""xmin"": 5129.98, ""ymin"": 5794.78, ""xmax"": 5267.99, ""ymax"": 5919.56, ""confidence"": 0.11, ""name"": ""flower_many""}, {""xmin"": 2895.34, ""ymin"": 2695.67, ""xmax"": 2965.95, ""ymax"": 2770.12, ""confidence"": 0.11, ""name"": ""flower_one""}, {""xmin"": 2014.4, ""ymin"": 4109.67, ""xmax"": 2353.51, ""ymax"": 4567.59, ""confidence"": 0.11, ""name"": ""flower_many""}, {""xmin"": 3506.42, ""ymin"": 6681.22, ""xmax"": 3659.71, ""ymax"": 6867.77, ""confidence"": 0.11, ""name"": ""flower_one""}, {""xmin"": 1997.64, ""ymin"": 3049.22, ""xmax"": 2111.08, ""ymax"": 3195.24, ""confidence"": 0.11, ""name"": ""flower_one""}, {""xmin"": 6152.46, ""ymin"": 5510.4, ""xmax"": 6264.58, ""ymax"": 5687.8, ""confidence"": 0.11, ""name"": ""flower_one""}, {""xmin"": 3903.46, ""ymin"": 7798.08, ""xmax"": 4507.08, ""ymax"": 8088.2, ""confidence"": 0.1, ""name"": ""flower_many""}, {""xmin"": 1990.73, ""ymin"": 2816.28, ""xmax"": 2115.88, ""ymax"": 3107.25, ""confidence"": 0.1, ""name"": ""flower_one""}, {""xmin"": 5690.24, ""ymin"": 6183.67, ""xmax"": 5905.9, ""ymax"": 6380.66, ""confidence"": 0.1, ""name"": ""flower_many""}, {""xmin"": 2031.99, ""ymin"": 2900.33, ""xmax"": 2111.42, ""ymax"": 3019.13, ""confidence"": 0.1, ""name"": ""flower_one""}]",sample_outputs/annotated/HERB_0282_annotated.jpg
HERB_0283.jpg,1,0,0,4,0.2186,"[{""xmin"": 1550.35, ""ymin"": 1965.58, ""xmax"": 1568.83, ""ymax"": 1990.37, ""confidence"": 0.22, ""name"": ""bud""}, {""xmin"": 695.5, ""ymin"": 1143.82, ""xmax"": 725.68, ""ymax"": 1203.44, ""confidence"": 0.15, ""name"": ""bud""}, {""xmin"": 1523.63, ""ymin"": 2427.02, ""xmax"": 1548.75, ""ymax"": 2453.14, ""confidence"": 0.12, ""name"": ""bud""}, {""xmin"": 1523.69, ""ymin"": 2455.8, ""xmax"": 1548.34, ""ymax"": 2485.0, ""confidence"": 0.11, ""name"": ""bud""}]",sample_outputs/annotated/HERB_0283_annotated.jpg
HERB_0285.jpg,0,0,0,0,0.0,[],sample_outputs/annotated/HERB_0285_annotated.jpg
HERB_0288.jpg,1,7,2,1,0.3289,"[{""xmin"": 3001.67, ""ymin"": 4679.77, ""xmax"": 3170.68, ""ymax"": 4847.84, ""confidence"": 0.33, ""name"": ""flower_one""}, {""xmin"": 3061.09, ""ymin"": 3477.34, ""xmax"": 3222.49, ""ymax"": 3755.36, ""confidence"": 0.3, ""name"": ""flower_one""}, {""xmin"": 2408.99, ""ymin"": 4751.56, ""xmax"": 2600.15, ""ymax"": 4876.91, ""confidence"": 0.28, ""name"": ""flower_one""}, {""xmin"": 1570.1, ""ymin"": 4692.11, ""xmax"": 1854.53, ""ymax"": 4826.64, ""confidence"": 0.27, ""name"": ""flower_one""}, {""xmin"": 2231.19, ""ymin"": 5266.5, ""xmax"": 2315.8, ""ymax"": 5334.87, ""confidence"": 0.23, ""name"": ""flower_one""}, {""xmin"": 1693.64, ""ymin"": 5109.47, ""xmax"": 1906.65, ""ymax"": 5300.79, ""confidence"": 0.19, ""name"": ""flower_many""}, {""xmin"": 5851.12, ""ymin"": 5835.39, ""xmax"": 5931.03, ""ymax"": 5918.28, ""confidence"": 0.14, ""name"": ""bud""}, {""xmin"": 2480.04, ""ymin"": 4520.08, ""xmax"": 2691.23, ""ymax"": 4712.04, ""confidence"": 0.14, ""name"": ""flower_many""}, {""xmin"": 3121.72, ""ymin"": 4783.27, ""xmax"": 3210.26, ""ymax"": 4853.82, ""confidence"": 0.13, ""name"": ""flower_one""}, {""xmin"": 2485.2, ""ymin"": 4536.69, ""xmax"": 2670.25, ""ymax"": 4707.66, ""confidence"": 0.12, ""name"": ""flower_one""}]",sample_outputs/annotated/HERB_0288_annotated.jpg
HERB_0289.jpg,1,0,0,1,0.1074,"[{""xmin"": 1516.7, ""ymin"": 1472.49, ""xmax"": 1539.09, ""ymax"": 1492.24, ""confidence"": 0.11, ""name"": ""bud""}]",sample_outputs/annotated/HERB_0289_annotated.jpg
HERB_0290.jpg,1,0,0,1,0.1383,"[{""xmin"": 6385.83, ""ymin"": 7196.6, ""xmax"": 6434.1, ""ymax"": 7245.88, ""confidence"": 0.14, ""name"": ""bud""}]",sample_outputs/annotated/HERB_0290_annotated.jpg
HERB_0292.jpg,1,4,3,0,0.7616,"[{""xmin"": 1292.34, ""ymin"": 925.58, ""xmax"": 1511.65, ""ymax"": 1130.21, ""confidence"": 0.76, ""name"": ""flower_many""}, {""xmin"": 514.88, ""ymin"": 355.08, ""xmax"": 690.44, ""ymax"": 528.07, ""confidence"": 0.58, ""name"": ""flower_many""}, {""xmin"": 713.14, ""ymin"": 1395.9, ""xmax"": 962.46, ""ymax"": 1611.7, ""confidence"": 0.43, ""name"": ""flower_many""}, {""xmin"": 516.93, ""ymin"": 356.75, ""xmax"": 690.52, ""ymax"": 525.29, ""confidence"": 0.21, ""name"": ""flower_one""}, {""xmin"": 593.82, ""ymin"": 475.56, ""xmax"": 655.46, ""ymax"": 519.38, ""confidence"": 0.2, ""name"": ""flower_one""}, {""xmin"": 552.39, ""ymin"": 404.33, ""xmax"": 589.85, ""ymax"": 461.36, ""confidence"": 0.12, ""name"": ""flower_one""}, {""xmin"": 529.04, ""ymin"": 367.66, ""xmax"": 598.04, ""ymax"": 465.26, ""confidence"": 0.1, ""name"": ""flower_one""}]",sample_outputs/annotated/HERB_0292_annotated.jpg
HERB_0293.jpg,1,28,1,1,0.8665,"[{""xmin"": 1285.55, ""ymin"": 1307.2, ""xmax"": 1708.79, ""ymax"": 2346.4, ""confidence"": 0.87, ""name"": ""flower_one""}, {""xmin"": 5703.18, ""ymin"": 2330.82, ""xmax"": 6257.85, ""ymax"": 2866.73, ""confidence"": 0.85, ""name"": ""flower_one""}, {""xmin"": 941.1, ""ymin"": 1120.79, ""xmax"": 1345.54, ""ymax"": 1762.65, ""confidence"": 0.82, ""name"": ""flower_one""}, {""xmin"": 522.23, ""ymin"": 1168.55, ""xmax"": 1035.6, ""ymax"": 2081.94, ""confidence"": 0.77, ""name"": ""flower_one""}, {""xmin"": 4910.15, ""ymin"": 1910.49, ""xmax"": 5605.15, ""ymax"": 2609.67, ""confidence"": 0.72, ""name"": ""flower_one""}, {""xmin"": 5101.67, ""ymin"": 2179.44, ""xmax"": 5857.71, ""ymax"": 2603.82, ""confidence"": 0.72, ""name"": ""flower_one""}, {""xmin"": 1081.12, ""ymin"": 1783.25, ""xmax"": 1327.66, ""ymax"": 2305.26, ""confidence"": 0.66, ""name"": ""flower_one""}, {""xmin"": 3602.79, ""ymin"": 2905.91, ""xmax"": 3802.02, ""ymax"": 3305.72, ""confidence"": 0.65, ""name"": ""flower_one""}, {""xmin"": 720.63, ""ymin"": 1215.11, ""xmax"": 1013.65, ""ymax"": 1770.0, ""confidence"": 0.61, ""name"": ""flower_one""}, {""xmin"": 3974.59, ""ymin"": 2805.33, ""xmax"": 4370.97, ""ymax"": 2978.76, ""confidence"": 0.6, ""name"": ""flower_one""}, {""xmin"": 1162.05, ""ymin"": 2071.22, ""xmax"": 1318.05, ""ymax"": 2330.21, ""confidence"": 0.53, ""name"": ""flower_one""}, {""xmin"": 1970.55, ""ymin"": 3075.8, ""xmax"": 2257.5, ""ymax"": 3679.72, ""confidence"": 0.53, ""name"": ""flower_one""}, {""xmin"": 5175.33, ""ymin"": 2740.02, ""xmax"": 5384.79, ""ymax"": 2970.12, ""confidence"": 0.51, ""name"": ""flower_one""}, {""xmin"": 4854.13, ""ymin"": 1909.23, ""xmax"": 5230.81, ""ymax"": 2606.94, ""confidence"": 0.49, ""name"": ""flower_one""}, {""xmin"": 1147.39, ""ymin"": 2276.52, ""xmax"": 1318.16, ""ymax"": 2529.87, ""confidence"": 0.45, ""name"": ""flower_one""}, {""xmin"": 3298.65, ""ymin"": 2862.18, ""xmax"": 3635.24, ""ymax"": 3229.63, ""confidence"": 0.44, ""name"": ""flower_one""}, {""xmin"": 5698.48, ""ymin"": 2642.36, ""xmax"": 6304.69, ""ymax"": 2871.06, ""confidence"": 0.39, ""name"": ""flower_one""}, {""xmin"": 5061.04, ""ymin"": 2834.18, ""xmax"": 5208.39, ""ymax"": 3070.91, ""confidence"": 0.37, ""name"": ""flower_one""}, {""xmin"": 3993.56, ""ymin"": 2653.55, ""xmax"": 4335.24, ""ymax"": 2948.33, ""confidence"": 0.36, ""name"": ""flower_one""}, {""xmin"": 3405.34, ""ymin"": 2977.86, ""xmax"": 3711.97, ""ymax"": 3313.6, ""confidence"": 0.3, ""name"": ""flower_one""}, {""xmin"": 4128.58, ""ymin"": 2664.79, ""xmax"": 4327.82, ""ymax"": 2843.62, ""confidence"": 0.16, ""name"": ""flower_one""}, {""xmin"": 4352.04, ""ymin"": 3814.8, ""xmax"": 4432.69, ""ymax"": 3952.98, ""confidence"": 0.16, ""name"": ""bud""}, {""xmin"": 4789.26, ""ymin"": 1872.62, ""xmax"": 6136.03, ""ymax"": 3070.16, ""confidence"": 0.15, ""name"": ""flower_many""}, {""xmin"": 3501.26, ""ymin"": 5363.47, ""xmax"": 3631.2, ""ymax"": 5515.43, ""confidence"": 0.14, ""name"": ""flower_one""}, {""xmin"": 4393.79, ""ymin"": 1923.42, ""xmax"": 5017.09, ""ymax"": 2896.47, ""confidence"": 0.14, ""name"": ""flower_one""}, {""xmin"": 3183.15, ""ymin"": 5068.63, ""xmax"": 4203.73, ""ymax"": 5551.45, ""confidence"": 0.14, ""name"": ""flower_one""}, {""xmin"": 3498.7, ""ymin"": 5378.18, ""xmax"": 3857.7, ""ymax"": 5524.58, ""confidence"": 0.14, ""name"": ""flower_one""}, {""xmin"": 3705.54, ""ymin"": 5414.62, ""xmax"": 3843.03, ""ymax"": 5520.87, ""confidence"": 0.12, ""name"": ""flower_one""}, {""xmin"": 4869.72, ""ymin"": 1940.57, ""xmax"": 5016.18, ""ymax"": 2263.98, ""confidence"": 0.11, ""name"": ""flower_one""}, {""xmin"": 5012.23, ""ymin"": 2825.83, ""xmax"": 5230.64, ""ymax"": 3181.32, ""confidence"": 0.11, ""name"": ""flower_one""}]",sample_outputs/annotated/HERB_0293_annotated.jpg
HERB_0294.jpg,1,6,13,0,0.6958,"[{""xmin"": 933.14, ""ymin"": 594.51, ""xmax"": 1024.23, ""ymax"": 689.65, ""confidence"": 0.7, ""name"": ""flower_many""}, {""xmin"": 640.86, ""ymin"": 278.16, ""xmax"": 793.67, ""ymax"": 371.03, ""confidence"": 0.56, ""name"": ""flower_many""}, {""xmin"": 1168.01, ""ymin"": 1397.17, ""xmax"": 1258.51, ""ymax"": 1476.57, ""confidence"": 0.47, ""name"": ""flower_one""}, {""xmin"": 853.98, ""ymin"": 1153.9, ""xmax"": 916.96, ""ymax"": 1226.6, ""confidence"": 0.35, ""name"": ""flower_many""}, {""xmin"": 973.86, ""ymin"": 1655.72, ""xmax"": 1048.5, ""ymax"": 1724.11, ""confidence"": 0.35, ""name"": ""flower_many""}, {""xmin"": 974.22, ""ymin"": 1655.18, ""xmax"": 1048.37, ""ymax"": 1723.98, ""confidence"": 0.33, ""name"": ""flower_one""}, {""xmin"": 1290.48, ""ymin"": 666.52, ""xmax"": 1386.15, ""ymax"": 754.49, ""confidence"": 0.33, ""name"": ""flower_many""}, {""xmin"": 1304.47, ""ymin"": 998.82, ""xmax"": 1391.08, ""ymax"": 1107.48, ""confidence"": 0.32, ""name"": ""flower_many""}, {""xmin"": 1166.18, ""ymin"": 1398.79, ""xmax"": 1256.99, ""ymax"": 1477.33, ""confidence"": 0.32, ""name"": ""flower_many""}, {""xmin"": 1222.07, ""ymin"": 247.78, ""xmax"": 1291.35, ""ymax"": 316.02, ""confidence"": 0.31, ""name"": ""flower_many""}, {""xmin"": 1522.23, ""ymin"": 898.46, ""xmax"": 1625.13, ""ymax"": 992.07, ""confidence"": 0.28, ""name"": ""flower_many""}, {""xmin"": 1175.2, ""ymin"": 291.91, ""xmax"": 1248.28, ""ymax"": 364.91, ""confidence"": 0.28, ""name"": ""flower_many""}, {""xmin"": 950.33, ""ymin"": 806.08, ""xmax"": 1028.69, ""ymax"": 874.08, ""confidence"": 0.27, ""name"": ""flower_many""}, {""xmin"": 949.26, ""ymin"": 805.35, ""xmax"": 1026.33, ""ymax"": 874.48, ""confidence"": 0.19, ""name"": ""flower_one""}, {""xmin"": 1292.03, ""ymin"": 665.77, ""xmax"": 1387.69, ""ymax"": 753.49, ""confidence"": 0.18, ""name"": ""flower_one""}, {""xmin"": 509.71, ""ymin"": 505.52, ""xmax"": 605.8, ""ymax"": 587.99, ""confidence"": 0.17, ""name"": ""flower_one""}, {""xmin"": 1429.9, ""ymin"": 1213.53, ""xmax"": 1471.91, ""ymax"": 1256.34, ""confidence"": 0.17, ""name"": ""flower_one""}, {""xmin"": 1182.04, ""ymin"": 244.4, ""xmax"": 1283.56, ""ymax"": 361.09, ""confidence"": 0.16, ""name"": ""flower_many""}, {""xmin"": 420.28, ""ymin"": 832.57, ""xmax"": 520.76, ""ymax"": 899.42, ""confidence"": 0.16, ""name"": ""flower_many""}]",sample_outputs/annotated/HERB_0294_annotated.jpg
HERB_0296.jpg,1,0,0,12,0.5508,"[{""xmin"": 1036.0, ""ymin"": 1883.26, ""xmax"": 1060.95, ""ymax"": 1920.29, ""confidence"": 0.55, ""name"": ""bud""}, {""xmin"": 980.26, ""ymin"": 1729.87, ""xmax"": 1012.17, ""ymax"": 1771.68, ""confidence"": 0.52, ""name"": ""bud""}, {""xmin"": 1010.3, ""ymin"": 1291.12, ""xmax"": 1031.58, ""ymax"": 1317.32, ""confidence"": 0.51, ""name"": ""bud""}, {""xmin"": 1004.91, ""ymin"": 2049.61, ""xmax"": 1036.81, ""ymax"": 2084.4, ""confidence"": 0.5, ""name"": ""bud""}, {""xmin"": 1020.94, ""ymin"": 1611.86, ""xmax"": 1040.83, ""ymax"": 1636.42, ""confidence"": 0.37, ""name"": ""bud""}, {""xmin"": 972.27, ""ymin"": 1434.65, ""xmax"": 997.09, ""ymax"": 1469.66, ""confidence"": 0.35, ""name"": ""bud""}, {""xmin"": 952.18, ""ymin"": 1122.86, ""xmax"": 989.53, ""ymax"": 1167.93, ""confidence"": 0.31, ""name"": ""bud""}, {""xmin"": 1063.25, ""ymin"": 2175.8, ""xmax"": 1084.11, ""ymax"": 2205.68, ""confidence"": 0.29, ""name"": ""bud""}, {""xmin"": 1074.69, ""ymin"": 2635.75, ""xmax"": 1094.03, ""ymax"": 2660.69, ""confidence"": 0.23, ""name"": ""bud""}, {""xmin"": 973.68, ""ymin"": 1416.91, ""xmax"": 997.28, ""ymax"": 1443.63, ""confidence"": 0.2, ""name"": ""bud""}, {""xmin"": 996.07, ""ymin"": 1010.13, ""xmax"": 1041.39, ""ymax"": 1057.66, ""confidence"": 0.17, ""name"": ""bud""}, {""xmin"": 981.98, ""ymin"": 738.87, ""xmax"": 1012.15, ""ymax"": 771.78, ""confidence"": 0.1, ""name"": ""bud""}]",sample_outputs/annotated/HERB_0296_annotated.jpg
HERB_0298.jpg,1,6,1,1,0.3795,"[{""xmin"": 956.41, ""ymin"": 1900.76, ""xmax"": 986.17, ""ymax"": 1930.48, ""confidence"": 0.38, ""name"": ""bud""}, {""xmin"": 1276.57, ""ymin"": 959.05, ""xmax"": 1301.18, ""ymax"": 984.49, ""confidence"": 0.31, ""name"": ""flower_one""}, {""xmin"": 1294.03, ""ymin"": 939.1, ""xmax"": 1319.84, ""ymax"": 962.65, ""confidence"": 0.24, ""name"": ""flower_one""}, {""xmin"": 1247.09, ""ymin"": 964.25, ""xmax"": 1468.7, ""ymax"": 1093.99, ""confidence"": 0.18, ""name"": ""flower_many""}, {""xmin"": 1245.65, ""ymin"": 962.82, ""xmax"": 1465.33, ""ymax"": 1087.31, ""confidence"": 0.15, ""name"": ""flower_one""}, {""xmin"": 1353.76, ""ymin"": 995.23, ""xmax"": 1376.16, ""ymax"": 1016.98, ""confidence"": 0.14, ""name"": ""flower_one""}, {""xmin"": 1350.32, ""ymin"": 969.38, ""xmax"": 1466.02, ""ymax"": 1017.56, ""confidence"": 0.14, ""name"": ""flower_one""}, {""xmin"": 1278.14, ""ymin"": 942.02, ""xmax"": 1311.72, ""ymax"": 983.08, ""confidence"": 0.12, ""name"": ""flower_one""}]",sample_outputs/annotated/HERB_0298_annotated.jpg
HERB_0299.jpg,1,0,3,0,0.6973,"[{""xmin"": 3418.66, ""ymin"": 3787.31, ""xmax"": 4427.39, ""ymax"": 4860.75, ""confidence"": 0.7, ""name"": ""flower_many""}, {""xmin"": 3094.47, ""ymin"": 3117.75, ""xmax"": 3920.61, ""ymax"": 4001.5, ""confidence"": 0.56, ""name"": ""flower_many""}, {""xmin"": 3059.22, ""ymin"": 3118.4, ""xmax"": 4434.51, ""ymax"": 4875.08, ""confidence"": 0.22, ""name"": ""flower_many""}]",sample_outputs/annotated/HERB_0299_annotated.jpg
HERB_0300.jpg,0,0,0,0,0.0,[],sample_outputs/annotated/HERB_0300_annotated.jpg
HERB_0301.jpg,1,6,1,0,0.2702,"[{""xmin"": 3823.77, ""ymin"": 4792.52, ""xmax"": 4123.01, ""ymax"": 5160.11, ""confidence"": 0.27, ""name"": ""flower_one""}, {""xmin"": 4700.3, ""ymin"": 1508.22, ""xmax"": 5033.2, ""ymax"": 1983.42, ""confidence"": 0.18, ""name"": ""flower_one""}, {""xmin"": 1381.97, ""ymin"": 2748.95, ""xmax"": 1634.63, ""ymax"": 3151.36, ""confidence"": 0.17, ""name"": ""flower_many""}, {""xmin"": 4497.46, ""ymin"": 2152.77, ""xmax"": 4946.07, ""ymax"": 2728.05, ""confidence"": 0.15, ""name"": ""flower_one""}, {""xmin"": 1377.75, ""ymin"": 2750.55, ""xmax"": 1634.76, ""ymax"": 3153.37, ""confidence"": 0.13, ""name"": ""flower_one""}, {""xmin"": 4301.47, ""ymin"": 2926.88, ""xmax"": 5454.28, ""ymax"": 3425.76, ""confidence"": 0.11, ""name"": ""flower_one""}, {""xmin"": 4758.05, ""ymin"": 1622.52, ""xmax"": 5502.42, ""ymax"": 1959.71, ""confidence"": 0.1, ""name"": ""flower_one""}]",sample_outputs/annotated/HERB_0301_annotated.jpg
HERB_0302.jpg,1,2,0,8,0.3188,"[{""xmin"": 2550.53, ""ymin"": 4329.81, ""xmax"": 2590.11, ""ymax"": 4377.51, ""confidence"": 0.32, ""name"": ""bud""}, {""xmin"": 2660.65, ""ymin"": 5934.02, ""xmax"": 2708.72, ""ymax"": 5982.77, ""confidence"": 0.24, ""name"": ""bud""}, {""xmin"": 3413.82, ""ymin"": 4516.25, ""xmax"": 3462.67, ""ymax"": 4562.56, ""confidence"": 0.21, ""name"": ""bud""}, {""xmin"": 2614.93, ""ymin"": 6081.52, ""xmax"": 2661.03, ""ymax"": 6127.19, ""confidence"": 0.19, ""name"": ""bud""}, {""xmin"": 2780.19, ""ymin"": 5875.38, ""xmax"": 2824.68, ""ymax"": 5919.99, ""confidence"": 0.17, ""name"": ""bud""}, {""xmin"": 2985.05, ""ymin"": 3692.11, ""xmax"": 3026.12, ""ymax"": 3733.21, ""confidence"": 0.17, ""name"": ""bud""}, {""xmin"": 3904.91, ""ymin"": 4007.03, ""xmax"": 4060.71, ""ymax"": 4198.64, ""confidence"": 0.14, ""name"": ""flower_one""}, {""xmin"": 2443.28, ""ymin"": 4547.84, ""xmax"": 2480.88, ""ymax"": 4594.24, ""confidence"": 0.14, ""name"": ""bud""}, {""xmin"": 2743.52, ""ymin"": 4076.32, ""xmax"": 2783.84, ""ymax"": 4118.57, ""confidence"": 0.12, ""name"": ""bud""}, {""xmin"": 3572.11, ""ymin"": 2858.46, ""xmax"": 3727.19, ""ymax"": 3014.14, ""confidence"": 0.12, ""name"": ""flower_one""}]",sample_outputs/annotated/HERB_0302_annotated.jpg
HERB_0303.jpg,1,0,0,1,0.1406,"[{""xmin"": 4873.86, ""ymin"": 3646.06, ""xmax"": 4981.97, ""ymax"": 3759.58, ""confidence"": 0.14, ""name"": ""bud""}]",sample_outputs/annotated/HERB_0303_annotated.jpg
HERB_0304.jpg,0,0,0,0,0.0,[],sample_outputs/annotated/HERB_0304_annotated.jpg
HERB_0306.jpg,1,35,4,0,0.4227,"[{""xmin"": 5044.91, ""ymin"": 3662.96, ""xmax"": 5567.24, ""ymax"": 4254.22, ""confidence"": 0.42, ""name"": ""flower_many""}, {""xmin"": 5912.66, ""ymin"": 1761.31, ""xmax"": 6004.92, ""ymax"": 1847.82, ""confidence"": 0.38, ""name"": ""flower_one""}, {""xmin"": 5245.39, ""ymin"": 3910.2, ""xmax"": 5322.9, ""ymax"": 3987.14, ""confidence"": 0.35, ""name"": ""flower_one""}, {""xmin"": 5889.23, ""ymin"": 1934.81, ""xmax"": 5969.98, ""ymax"": 2017.05, ""confidence"": 0.34, ""name"": ""flower_one""}, {""xmin"": 4278.03, ""ymin"": 2608.32, ""xmax"": 4388.9, ""ymax"": 2717.55, ""confidence"": 0.33, ""name"": ""flower_one""}, {""xmin"": 5833.01, ""ymin"": 1706.34, ""xmax"": 5918.12, ""ymax"": 1802.54, ""confidence"": 0.31, ""name"": ""flower_one""}, {""xmin"": 5698.83, ""ymin"": 1700.52, ""xmax"": 5774.74, ""ymax"": 1790.41, ""confidence"": 0.31, ""name"": ""flower_one""}, {""xmin"": 5765.45, ""ymin"": 2147.95, ""xmax"": 5845.13, ""ymax"": 2238.37, ""confidence"": 0.3, ""name"": ""flower_one""}, {""xmin"": 5054.94, ""ymin"": 4123.65, ""xmax"": 5194.63, ""ymax"": 4236.31, ""confidence"": 0.29, ""name"": ""flower_one""}, {""xmin"": 5473.31, ""ymin"": 3698.18, ""xmax"": 5561.8, ""ymax"": 3790.54, ""confidence"": 0.28, ""name"": ""flower_one""}, {""xmin"": 5363.47, ""ymin"": 3673.11, ""xmax"": 5449.74, ""ymax"": 3774.47, ""confidence"": 0.26, ""name"": ""flower_one""}, {""xmin"": 5317.44, ""ymin"": 3902.41, ""xmax"": 5415.0, ""ymax"": 3996.97, ""confidence"": 0.25, ""name"": ""flower_one""}, {""xmin"": 5025.62, ""ymin"": 1676.35, ""xmax"": 6021.33, ""ymax"": 2619.39, ""confidence"": 0.25, ""name"": ""flower_many""}, {""xmin"": 5665.11, ""ymin"": 1797.16, ""xmax"": 5747.96, ""ymax"": 1915.19, ""confidence"": 0.22, ""name"": ""flower_one""}, {""xmin"": 4166.89, ""ymin"": 2783.77, ""xmax"": 4269.47, ""ymax"": 2892.96, ""confidence"": 0.22, ""name"": ""flower_one""}, {""xmin"": 4101.91, ""ymin"": 2622.32, ""xmax"": 4528.32, ""ymax"": 3069.83, ""confidence"": 0.22, ""name"": ""flower_many""}, {""xmin"": 3508.73, ""ymin"": 3878.49, ""xmax"": 3576.84, ""ymax"": 3968.53, ""confidence"": 0.21, ""name"": ""flower_one""}, {""xmin"": 2843.77, ""ymin"": 3352.6, ""xmax"": 3757.29, ""ymax"": 4214.16, ""confidence"": 0.2, ""name"": ""flower_many""}, {""xmin"": 5666.18, ""ymin"": 1720.36, ""xmax"": 5760.08, ""ymax"": 1895.26, ""confidence"": 0.2, ""name"": ""flower_one""}, {""xmin"": 3563.97, ""ymin"": 3344.53, ""xmax"": 3695.57, ""ymax"": 3481.11, ""confidence"": 0.19, ""name"": ""flower_one""}, {""xmin"": 4312.88, ""ymin"": 2961.35, ""xmax"": 4411.07, ""ymax"": 3037.75, ""confidence"": 0.19, ""name"": ""flower_one""}, {""xmin"": 5849.1, ""ymin"": 1713.68, ""xmax"": 5997.54, ""ymax"": 1826.28, ""confidence"": 0.18, ""name"": ""flower_one""}, {""xmin"": 5049.94, ""ymin"": 3653.0, ""xmax"": 5566.5, ""ymax"": 4256.96, ""confidence"": 0.18, ""name"": ""flower_one""}, {""xmin"": 5920.69, ""ymin"": 1715.19, ""xmax"": 5994.99, ""ymax"": 1800.96, ""confidence"": 0.18, ""name"": ""flower_one""}, {""xmin"": 5286.3, ""ymin"": 3815.2, ""xmax"": 5394.49, ""ymax"": 3903.18, ""confidence"": 0.15, ""name"": ""flower_one""}, {""xmin"": 4123.07, ""ymin"": 2894.09, ""xmax"": 4218.96, ""ymax"": 2995.7, ""confidence"": 0.15, ""name"": ""flower_one""}, {""xmin"": 4226.99, ""ymin"": 2940.11, ""xmax"": 4316.02, ""ymax"": 3030.33, ""confidence"": 0.14, ""name"": ""flower_one""}, {""xmin"": 5442.9, ""ymin"": 1741.11, ""xmax"": 5523.19, ""ymax"": 1829.02, ""confidence"": 0.14, ""name"": ""flower_one""}, {""xmin"": 5198.08, ""ymin"": 4108.91, ""xmax"": 5290.76, ""ymax"": 4200.97, ""confidence"": 0.14, ""name"": ""flower_one""}, {""xmin"": 5290.84, ""ymin"": 3828.37, ""xmax"": 5403.99, ""ymax"": 3984.16, ""confidence"": 0.14, ""name"": ""flower_one""}, {""xmin"": 5362.17, ""ymin"": 3762.49, ""xmax"": 5475.43, ""ymax"": 3878.6, ""confidence"": 0.13, ""name"": ""flower_one""}, {""xmin"": 5120.12, ""ymin"": 4053.9, ""xmax"": 5270.07, ""ymax"": 4212.22, ""confidence"": 0.13, ""name"": ""flower_one""}, {""xmin"": 4108.98, ""ymin"": 2885.79, ""xmax"": 4187.85, ""ymax"": 2960.88, ""confidence"": 0.12, ""name"": ""flower_one""}, {""xmin"": 4383.9, ""ymin"": 2921.02, ""xmax"": 4481.94, ""ymax"": 3028.92, ""confidence"": 0.12, ""name"": ""flower_one""}, {""xmin"": 5410.34, ""ymin"": 3733.23, ""xmax"": 5525.17, ""ymax"": 3855.15, ""confidence"": 0.11, ""name"": ""flower_one""}, {""xmin"": 4241.58, ""ymin"": 2600.14, ""xmax"": 4422.18, ""ymax"": 2854.66, ""confidence"": 0.11, ""name"": ""flower_one""}, {""xmin"": 4209.1, ""ymin"": 2807.4, ""xmax"": 4310.39, ""ymax"": 2915.69, ""confidence"": 0.11, ""name"": ""flower_one""}, {""xmin"": 5332.89, ""ymin"": 3819.81, ""xmax"": 5453.37, ""ymax"": 3943.59, ""confidence"": 0.11, ""name"": ""flower_one""}, {""xmin"": 5269.05, ""ymin"": 4063.04, ""xmax"": 5341.82, ""ymax"": 4141.52, ""confidence"": 0.1, ""name"": ""flower_one""}]",sample_outputs/annotated/HERB_0306_annotated.jpg
HERB_0309.jpg,0,0,0,0,0.0,[],sample_outputs/annotated/HERB_0309_annotated.jpg
HERB_0311.jpg,1,0,0,2,0.3429,"[{""xmin"": 744.83, ""ymin"": 2211.44, ""xmax"": 767.58, ""ymax"": 2243.4, ""confidence"": 0.34, ""name"": ""bud""}, {""xmin"": 625.77, ""ymin"": 1760.97, ""xmax"": 642.51, ""ymax"": 1786.3, ""confidence"": 0.1, ""name"": ""bud""}]",sample_outputs/annotated/HERB_0311_annotated.jpg
HERB_0312.jpg,0,0,0,0,0.0,[],sample_outputs/annotated/HERB_0312_annotated.jpg
HERB_0313.jpg,1,0,0,1,0.1227,"[{""xmin"": 527.03, ""ymin"": 878.05, ""xmax"": 548.01, ""ymax"": 896.16, ""confidence"": 0.12, ""name"": ""bud""}]",sample_outputs/annotated/HERB_0313_annotated.jpg
HERB_0314.jpg,0,0,0,0,0.0,[],sample_outputs/annotated/HERB_0314_annotated.jpg
HERB_0316.jpg,1,0,0,5,0.3585,"[{""xmin"": 781.06, ""ymin"": 1849.8, ""xmax"": 800.97, ""ymax"": 1868.45, ""confidence"": 0.36, ""name"": ""bud""}, {""xmin"": 1569.76, ""ymin"": 1168.21, ""xmax"": 1590.98, ""ymax"": 1188.77, ""confidence"": 0.17, ""name"": ""bud""}, {""xmin"": 864.77, ""ymin"": 1739.33, ""xmax"": 885.08, ""ymax"": 1757.86, ""confidence"": 0.14, ""name"": ""bud""}, {""xmin"": 832.26, ""ymin"": 676.74, ""xmax"": 851.36, ""ymax"": 690.73, ""confidence"": 0.14, ""name"": ""bud""}, {""xmin"": 812.51, ""ymin"": 1759.51, ""xmax"": 830.91, ""ymax"": 1786.84, ""confidence"": 0.13, ""name"": ""bud""}]",sample_outputs/annotated/HERB_0316_annotated.jpg
HERB_0317.jpg,1,2,5,0,0.5674,"[{""xmin"": 471.3, ""ymin"": 690.2, ""xmax"": 624.46, ""ymax"": 837.91, ""confidence"": 0.57, ""name"": ""flower_many""}, {""xmin"": 230.58, ""ymin"": 972.79, ""xmax"": 325.6, ""ymax"": 1073.97, ""confidence"": 0.55, ""name"": ""flower_many""}, {""xmin"": 332.93, ""ymin"": 231.1, ""xmax"": 569.73, ""ymax"": 393.51, ""confidence"": 0.48, ""name"": ""flower_many""}, {""xmin"": 200.74, ""ymin"": 659.75, ""xmax"": 308.93, ""ymax"": 753.29, ""confidence"": 0.35, ""name"": ""flower_many""}, {""xmin"": 918.47, ""ymin"": 491.42, ""xmax"": 999.95, ""ymax"": 574.13, ""confidence"": 0.22, ""name"": ""flower_many""}, {""xmin"": 931.73, ""ymin"": 495.15, ""xmax"": 998.53, ""ymax"": 552.61, ""confidence"": 0.18, ""name"": ""flower_one""}, {""xmin"": 926.2, ""ymin"": 545.44, ""xmax"": 961.77, ""ymax"": 591.84, ""confidence"": 0.12, ""name"": ""flower_one""}]",sample_outputs/annotated/HERB_0317_annotated.jpg
HERB_0322.jpg,0,0,0,0,0.0,[],sample_outputs/annotated/HERB_0322_annotated.jpg
HERB_0324.jpg,0,0,0,0,0.0,[],sample_outputs/annotated/HERB_0324_annotated.jpg
HERB_0325.jpg,1,5,3,0,0.4508,"[{""xmin"": 2022.81, ""ymin"": 5162.73, ""xmax"": 2179.68, ""ymax"": 5325.65, ""confidence"": 0.45, ""name"": ""flower_one""}, {""xmin"": 1606.97, ""ymin"": 7197.45, ""xmax"": 1733.83, ""ymax"": 7322.67, ""confidence"": 0.25, ""name"": ""flower_one""}, {""xmin"": 1009.68, ""ymin"": 4518.97, ""xmax"": 1178.29, ""ymax"": 4656.99, ""confidence"": 0.13, ""name"": ""flower_one""}, {""xmin"": 2076.14, ""ymin"": 4484.75, ""xmax"": 2341.99, ""ymax"": 4692.98, ""confidence"": 0.13, ""name"": ""flower_many""}, {""xmin"": 1492.11, ""ymin"": 4779.25, ""xmax"": 1646.65, ""ymax"": 4947.81, ""confidence"": 0.13, ""name"": ""flower_many""}, {""xmin"": 1606.43, ""ymin"": 7208.13, ""xmax"": 1735.78, ""ymax"": 7317.47, ""confidence"": 0.13, ""name"": ""flower_many""}, {""xmin"": 1459.67, ""ymin"": 5453.95, ""xmax"": 1546.86, ""ymax"": 5531.63, ""confidence"": 0.11, ""name"": ""flower_one""}, {""xmin"": 1998.37, ""ymin"": 6076.28, ""xmax"": 2100.13, ""ymax"": 6151.37, ""confidence"": 0.11, ""name"": ""flower_one""}]",sample_outputs/annotated/HERB_0325_annotated.jpg
HERB_0327.jpg,1,18,0,0,0.4107,"[{""xmin"": 5129.61, ""ymin"": 5872.73, ""xmax"": 5216.55, ""ymax"": 5969.97, ""confidence"": 0.41, ""name"": ""flower_one""}, {""xmin"": 5719.07, ""ymin"": 4169.85, ""xmax"": 5796.93, ""ymax"": 4251.04, ""confidence"": 0.33, ""name"": ""flower_one""}, {""xmin"": 5878.19, ""ymin"": 4638.56, ""xmax"": 5958.86, ""ymax"": 4767.82, ""confidence"": 0.3, ""name"": ""flower_one""}, {""xmin"": 4269.15, ""ymin"": 1381.41, ""xmax"": 4421.96, ""ymax"": 1526.38, ""confidence"": 0.27, ""name"": ""flower_one""}, {""xmin"": 4923.17, ""ymin"": 5684.99, ""xmax"": 4986.26, ""ymax"": 5763.87, ""confidence"": 0.26, ""name"": ""flower_one""}, {""xmin"": 4637.74, ""ymin"": 7640.86, ""xmax"": 4720.51, ""ymax"": 7716.48, ""confidence"": 0.22, ""name"": ""flower_one""}, {""xmin"": 5236.32, ""ymin"": 4773.13, ""xmax"": 5285.68, ""ymax"": 4823.07, ""confidence"": 0.22, ""name"": ""flower_one""}, {""xmin"": 5504.58, ""ymin"": 8032.05, ""xmax"": 5576.83, ""ymax"": 8116.27, ""confidence"": 0.21, ""name"": ""flower_one""}, {""xmin"": 5317.6, ""ymin"": 3626.27, ""xmax"": 5400.43, ""ymax"": 3706.61, ""confidence"": 0.2, ""name"": ""flower_one""}, {""xmin"": 3119.65, ""ymin"": 1097.17, ""xmax"": 3330.89, ""ymax"": 1326.7, ""confidence"": 0.18, ""name"": ""flower_one""}, {""xmin"": 4402.6, ""ymin"": 4324.9, ""xmax"": 4455.28, ""ymax"": 4379.74, ""confidence"": 0.17, ""name"": ""flower_one""}, {""xmin"": 5177.5, ""ymin"": 6312.38, ""xmax"": 5250.77, ""ymax"": 6377.51, ""confidence"": 0.17, ""name"": ""flower_one""}, {""xmin"": 6139.88, ""ymin"": 4796.86, ""xmax"": 6283.99, ""ymax"": 4924.85, ""confidence"": 0.16, ""name"": ""flower_one""}, {""xmin"": 4693.97, ""ymin"": 6132.88, ""xmax"": 4814.73, ""ymax"": 6237.59, ""confidence"": 0.16, ""name"": ""flower_one""}, {""xmin"": 5418.88, ""ymin"": 8272.39, ""xmax"": 5557.74, ""ymax"": 8445.21, ""confidence"": 0.14, ""name"": ""flower_one""}, {""xmin"": 4837.97, ""ymin"": 5434.73, ""xmax"": 4903.93, ""ymax"": 5513.46, ""confidence"": 0.13, ""name"": ""flower_one""}, {""xmin"": 4366.56, ""ymin"": 4216.91, ""xmax"": 4417.88, ""ymax"": 4270.03, ""confidence"": 0.13, ""name"": ""flower_one""}, {""xmin"": 4937.96, ""ymin"": 6235.85, ""xmax"": 5022.4, ""ymax"": 6311.63, ""confidence"": 0.1, ""name"": ""flower_one""}]",sample_outputs/annotated/HERB_0327_annotated.jpg
HERB_0329.jpg,0,0,0,0,0.0,[],sample_outputs/annotated/HERB_0329_annotated.jpg
HERB_0330.jpg,1,6,6,0,0.4252,"[{""xmin"": 4222.48, ""ymin"": 5548.64, ""xmax"": 4597.95, ""ymax"": 5950.51, ""confidence"": 0.43, ""name"": ""flower_many""}, {""xmin"": 1561.21, ""ymin"": 4449.81, ""xmax"": 1736.79, ""ymax"": 4621.98, ""confidence"": 0.3, ""name"": ""flower_one""}, {""xmin"": 1719.66, ""ymin"": 4515.79, ""xmax"": 2031.11, ""ymax"": 4824.54, ""confidence"": 0.23, ""name"": ""flower_many""}, {""xmin"": 1711.96, ""ymin"": 4500.92, ""xmax"": 2025.95, ""ymax"": 4819.06, ""confidence"": 0.21, ""name"": ""flower_one""}, {""xmin"": 1500.54, ""ymin"": 4186.27, ""xmax"": 2032.37, ""ymax"": 4832.2, ""confidence"": 0.2, ""name"": ""flower_many""}, {""xmin"": 1558.99, ""ymin"": 4364.59, ""xmax"": 1876.13, ""ymax"": 4625.73, ""confidence"": 0.18, ""name"": ""flower_one""}, {""xmin"": 3332.04, ""ymin"": 3453.86, ""xmax"": 3718.35, ""ymax"": 3808.71, ""confidence"": 0.15, ""name"": ""flower_many""}, {""xmin"": 3862.44, ""ymin"": 4559.87, ""xmax"": 4117.48, ""ymax"": 4880.65, ""confidence"": 0.13, ""name"": ""flower_one""}, {""xmin"": 3462.66, ""ymin"": 3455.16, ""xmax"": 3710.91, ""ymax"": 3696.59, ""confidence"": 0.13, ""name"": ""flower_many""}, {""xmin"": 1539.91, ""ymin"": 4333.18, ""xmax"": 1904.96, ""ymax"": 4669.7, ""confidence"": 0.13, ""name"": ""flower_many""}, {""xmin"": 1585.03, ""ymin"": 3941.18, ""xmax"": 1818.79, ""ymax"": 4149.75, ""confidence"": 0.12, ""name"": ""flower_one""}, {""xmin"": 1467.35, ""ymin"": 4208.21, ""xmax"": 1702.97, ""ymax"": 4407.22, ""confidence"": 0.11, ""name"": ""flower_one""}]",sample_outputs/annotated/HERB_0330_annotated.jpg
HERB_0332.jpg,0,0,0,0,0.0,[],sample_outputs/annotated/HERB_0332_annotated.jpg
HERB_0333.jpg,1,3,0,2,0.4215,"[{""xmin"": 5632.15, ""ymin"": 2160.56, ""xmax"": 5753.3, ""ymax"": 2328.98, ""confidence"": 0.42, ""name"": ""bud""}, {""xmin"": 5695.1, ""ymin"": 2415.02, ""xmax"": 5773.01, ""ymax"": 2507.02, ""confidence"": 0.32, ""name"": ""bud""}, {""xmin"": 3253.03, ""ymin"": 6997.54, ""xmax"": 3501.67, ""ymax"": 7258.69, ""confidence"": 0.27, ""name"": ""flower_one""}, {""xmin"": 2859.74, ""ymin"": 7070.64, ""xmax"": 3072.65, ""ymax"": 7269.44, ""confidence"": 0.12, ""name"": ""flower_one""}, {""xmin"": 2953.47, ""ymin"": 6803.01, ""xmax"": 3120.76, ""ymax"": 7154.24, ""confidence"": 0.12, ""name"": ""flower_one""}]",sample_outputs/annotated/HERB_0333_annotated.jpg
HERB_0334.jpg,0,0,0,0,0.0,[],sample_outputs/annotated/HERB_0334_annotated.jpg
HERB_0335.jpg,1,0,0,1,0.139,"[{""xmin"": 2897.34, ""ymin"": 5890.44, ""xmax"": 2968.4, ""ymax"": 5996.05, ""confidence"": 0.14, ""name"": ""bud""}]",sample_outputs/annotated/HERB_0335_annotated.jpg
HERB_0338.jpg,1,40,3,0,0.5303,"[{""xmin"": 2786.91, ""ymin"": 4214.95, ""xmax"": 3144.86, ""ymax"": 4579.08, ""confidence"": 0.53, ""name"": ""flower_many""}, {""xmin"": 3077.17, ""ymin"": 3253.84, ""xmax"": 3760.73, ""ymax"": 3929.62, ""confidence"": 0.4, ""name"": ""flower_many""}, {""xmin"": 3096.24, ""ymin"": 3547.28, ""xmax"": 3315.38, ""ymax"": 3696.0, ""confidence"": 0.37, ""name"": ""flower_one""}, {""xmin"": 3470.75, ""ymin"": 3441.26, ""xmax"": 3615.28, ""ymax"": 3585.39, ""confidence"": 0.31, ""name"": ""flower_one""}, {""xmin"": 3766.52, ""ymin"": 3606.21, ""xmax"": 3935.87, ""ymax"": 3744.99, ""confidence"": 0.29, ""name"": ""flower_one""}, {""xmin"": 3219.37, ""ymin"": 3785.76, ""xmax"": 3340.5, ""ymax"": 3882.88, ""confidence"": 0.26, ""name"": ""flower_one""}, {""xmin"": 3427.97, ""ymin"": 3592.25, ""xmax"": 3527.59, ""ymax"": 3711.79, ""confidence"": 0.25, ""name"": ""flower_one""}, {""xmin"": 3198.87, ""ymin"": 3272.75, ""xmax"": 3440.04, ""ymax"": 3582.8, ""confidence"": 0.24, ""name"": ""flower_one""}, {""xmin"": 4322.27, ""ymin"": 2532.55, ""xmax"": 4392.59, ""ymax"": 2624.56, ""confidence"": 0.23, ""name"": ""flower_one""}, {""xmin"": 3199.27, ""ymin"": 3264.17, ""xmax"": 3444.81, ""ymax"": 3590.19, ""confidence"": 0.2, ""name"": ""flower_many""}, {""xmin"": 3465.21, ""ymin"": 3445.04, ""xmax"": 3705.96, ""ymax"": 3651.79, ""confidence"": 0.2, ""name"": ""flower_one""}, {""xmin"": 3176.83, ""ymin"": 3703.71, ""xmax"": 3329.34, ""ymax"": 3835.82, ""confidence"": 0.19, ""name"": ""flower_one""}, {""xmin"": 3335.07, ""ymin"": 3644.38, ""xmax"": 3435.24, ""ymax"": 3734.03, ""confidence"": 0.18, ""name"": ""flower_one""}, {""xmin"": 3572.05, ""ymin"": 3475.52, ""xmax"": 3709.81, ""ymax"": 3638.28, ""confidence"": 0.18, ""name"": ""flower_one""}, {""xmin"": 3324.1, ""ymin"": 3332.91, ""xmax"": 3437.6, ""ymax"": 3437.41, ""confidence"": 0.17, ""name"": ""flower_one""}, {""xmin"": 3320.14, ""ymin"": 3792.6, ""xmax"": 3432.89, ""ymax"": 3905.24, ""confidence"": 0.17, ""name"": ""flower_one""}, {""xmin"": 3152.87, ""ymin"": 3779.77, ""xmax"": 3272.97, ""ymax"": 3847.23, ""confidence"": 0.17, ""name"": ""flower_one""}, {""xmin"": 3165.5, ""ymin"": 3698.17, ""xmax"": 3266.79, ""ymax"": 3784.72, ""confidence"": 0.17, ""name"": ""flower_one""}, {""xmin"": 3672.84, ""ymin"": 3608.64, ""xmax"": 3938.02, ""ymax"": 3816.68, ""confidence"": 0.17, ""name"": ""flower_one""}, {""xmin"": 3094.04, ""ymin"": 3545.45, ""xmax"": 3215.82, ""ymax"": 3645.4, ""confidence"": 0.16, ""name"": ""flower_one""}, {""xmin"": 3607.29, ""ymin"": 3803.77, ""xmax"": 3751.4, ""ymax"": 3901.56, ""confidence"": 0.16, ""name"": ""flower_one""}, {""xmin"": 3189.69, ""ymin"": 3671.27, ""xmax"": 3337.71, ""ymax"": 3784.41, ""confidence"": 0.16, ""name"": ""flower_one""}, {""xmin"": 3273.25, ""ymin"": 3276.86, ""xmax"": 3358.49, ""ymax"": 3382.84, ""confidence"": 0.15, ""name"": ""flower_one""}, {""xmin"": 3205.82, ""ymin"": 3320.21, ""xmax"": 3332.73, ""ymax"": 3478.42, ""confidence"": 0.15, ""name"": ""flower_one""}, {""xmin"": 3088.53, ""ymin"": 3319.99, ""xmax"": 3710.03, ""ymax"": 3944.41, ""confidence"": 0.15, ""name"": ""flower_one""}, {""xmin"": 3170.54, ""ymin"": 3689.65, ""xmax"": 3439.96, ""ymax"": 3899.38, ""confidence"": 0.14, ""name"": ""flower_one""}, {""xmin"": 3410.99, ""ymin"": 3612.48, ""xmax"": 3517.01, ""ymax"": 3777.17, ""confidence"": 0.14, ""name"": ""flower_one""}, {""xmin"": 3101.59, ""ymin"": 3499.28, ""xmax"": 3484.72, ""ymax"": 3874.51, ""confidence"": 0.13, ""name"": ""flower_one""}, {""xmin"": 3445.44, ""ymin"": 3722.0, ""xmax"": 3524.28, ""ymax"": 3803.14, ""confidence"": 0.13, ""name"": ""flower_one""}, {""xmin"": 4351.98, ""ymin"": 2780.39, ""xmax"": 4461.17, ""ymax"": 2885.87, ""confidence"": 0.13, ""name"": ""flower_one""}, {""xmin"": 2935.44, ""ymin"": 4228.29, ""xmax"": 3031.39, ""ymax"": 4320.25, ""confidence"": 0.13, ""name"": ""flower_one""}, {""xmin"": 3290.92, ""ymin"": 3813.94, ""xmax"": 3391.53, ""ymax"": 3908.98, ""confidence"": 0.13, ""name"": ""flower_one""}, {""xmin"": 4445.65, ""ymin"": 2270.91, ""xmax"": 4586.58, ""ymax"": 2439.2, ""confidence"": 0.13, ""name"": ""flower_one""}, {""xmin"": 2797.02, ""ymin"": 4207.03, ""xmax"": 3158.97, ""ymax"": 4555.03, ""confidence"": 0.13, ""name"": ""flower_one""}, {""xmin"": 4634.91, ""ymin"": 2473.92, ""xmax"": 4732.3, ""ymax"": 2591.63, ""confidence"": 0.12, ""name"": ""flower_one""}, {""xmin"": 3256.26, ""ymin"": 3654.1, ""xmax"": 3422.78, ""ymax"": 3756.85, ""confidence"": 0.12, ""name"": ""flower_one""}, {""xmin"": 4766.62, ""ymin"": 2398.96, ""xmax"": 4969.31, ""ymax"": 2556.54, ""confidence"": 0.12, ""name"": ""flower_one""}, {""xmin"": 3255.35, ""ymin"": 3714.56, ""xmax"": 3394.26, ""ymax"": 3849.46, ""confidence"": 0.12, ""name"": ""flower_one""}, {""xmin"": 3427.67, ""ymin"": 3532.68, ""xmax"": 3634.68, ""ymax"": 3757.25, ""confidence"": 0.12, ""name"": ""flower_one""}, {""xmin"": 2809.4, ""ymin"": 4306.6, ""xmax"": 2926.31, ""ymax"": 4398.15, ""confidence"": 0.11, ""name"": ""flower_one""}, {""xmin"": 4816.78, ""ymin"": 2202.11, ""xmax"": 4985.05, ""ymax"": 2352.57, ""confidence"": 0.11, ""name"": ""flower_one""}, {""xmin"": 3620.65, ""ymin"": 3473.58, ""xmax"": 3710.91, ""ymax"": 3563.13, ""confidence"": 0.1, ""name"": ""flower_one""}, {""xmin"": 4624.01, ""ymin"": 2527.98, ""xmax"": 4771.46, ""ymax"": 2712.34, ""confidence"": 0.1, ""name"": ""flower_one""}]",sample_outputs/annotated/HERB_0338_annotated.jpg
HERB_0339.jpg,1,0,0,9,0.4014,"[{""xmin"": 3277.47, ""ymin"": 8417.34, ""xmax"": 3419.3, ""ymax"": 8550.55, ""confidence"": 0.4, ""name"": ""bud""}, {""xmin"": 3767.26, ""ymin"": 7538.85, ""xmax"": 3888.9, ""ymax"": 7663.72, ""confidence"": 0.27, ""name"": ""bud""}, {""xmin"": 4000.49, ""ymin"": 6753.47, ""xmax"": 4109.85, ""ymax"": 6852.82, ""confidence"": 0.26, ""name"": ""bud""}, {""xmin"": 3944.95, ""ymin"": 7202.0, ""xmax"": 4058.83, ""ymax"": 7328.14, ""confidence"": 0.26, ""name"": ""bud""}, {""xmin"": 3573.93, ""ymin"": 7860.23, ""xmax"": 3710.41, ""ymax"": 8086.62, ""confidence"": 0.24, ""name"": ""bud""}, {""xmin"": 3593.34, ""ymin"": 7859.02, ""xmax"": 3672.69, ""ymax"": 7964.28, ""confidence"": 0.23, ""name"": ""bud""}, {""xmin"": 4120.66, ""ymin"": 6476.13, ""xmax"": 4239.51, ""ymax"": 6592.54, ""confidence"": 0.21, ""name"": ""bud""}, {""xmin"": 3130.19, ""ymin"": 8919.01, ""xmax"": 3220.61, ""ymax"": 9045.98, ""confidence"": 0.15, ""name"": ""bud""}, {""xmin"": 3609.35, ""ymin"": 7968.79, ""xmax"": 3717.65, ""ymax"": 8084.25, ""confidence"": 0.15, ""name"": ""bud""}]",sample_outputs/annotated/HERB_0339_annotated.jpg
HERB_0340.jpg,1,0,1,1,0.1313,"[{""xmin"": 4860.94, ""ymin"": 4403.12, ""xmax"": 5153.78, ""ymax"": 4803.23, ""confidence"": 0.13, ""name"": ""flower_many""}, {""xmin"": 4829.7, ""ymin"": 3580.81, ""xmax"": 4920.99, ""ymax"": 3670.29, ""confidence"": 0.13, ""name"": ""bud""}]",sample_outputs/annotated/HERB_0340_annotated.jpg
HERB_0343.jpg,1,0,1,0,0.6171,"[{""xmin"": 2104.68, ""ymin"": 6364.33, ""xmax"": 2508.63, ""ymax"": 6848.83, ""confidence"": 0.62, ""name"": ""flower_many""}]",sample_outputs/annotated/HERB_0343_annotated.jpg
HERB_0345.jpg,0,0,0,0,0.0,[],sample_outputs/annotated/HERB_0345_annotated.jpg
HERB_0353.jpg,1,0,0,1,0.1009,"[{""xmin"": 2018.14, ""ymin"": 3222.29, ""xmax"": 2146.95, ""ymax"": 3372.91, ""confidence"": 0.1, ""name"": ""bud""}]",sample_outputs/annotated/HERB_0353_annotated.jpg
HERB_0354.jpg,1,7,1,0,0.4422,"[{""xmin"": 2821.48, ""ymin"": 3208.68, ""xmax"": 2948.71, ""ymax"": 3321.93, ""confidence"": 0.44, ""name"": ""flower_one""}, {""xmin"": 4652.15, ""ymin"": 1565.23, ""xmax"": 4881.98, ""ymax"": 2324.78, ""confidence"": 0.39, ""name"": ""flower_many""}, {""xmin"": 721.65, ""ymin"": 4937.61, ""xmax"": 881.33, ""ymax"": 5054.96, ""confidence"": 0.21, ""name"": ""flower_one""}, {""xmin"": 5129.73, ""ymin"": 2730.39, ""xmax"": 5190.51, ""ymax"": 2806.56, ""confidence"": 0.2, ""name"": ""flower_one""}, {""xmin"": 5410.9, ""ymin"": 3373.32, ""xmax"": 5471.84, ""ymax"": 3471.53, ""confidence"": 0.18, ""name"": ""flower_one""}, {""xmin"": 1321.7, ""ymin"": 4756.07, ""xmax"": 1498.82, ""ymax"": 4866.43, ""confidence"": 0.17, ""name"": ""flower_one""}, {""xmin"": 5111.67, ""ymin"": 2729.92, ""xmax"": 5203.91, ""ymax"": 2867.9, ""confidence"": 0.13, ""name"": ""flower_one""}, {""xmin"": 5090.14, ""ymin"": 2815.07, ""xmax"": 5151.11, ""ymax"": 2874.28, ""confidence"": 0.11, ""name"": ""flower_one""}]",sample_outputs/annotated/HERB_0354_annotated.jpg
HERB_0356.jpg,1,1,2,1,0.2479,"[{""xmin"": 1203.07, ""ymin"": 783.46, ""xmax"": 1234.89, ""ymax"": 839.94, ""confidence"": 0.25, ""name"": ""flower_one""}, {""xmin"": 470.44, ""ymin"": 1569.41, ""xmax"": 837.94, ""ymax"": 1809.7, ""confidence"": 0.21, ""name"": ""flower_many""}, {""xmin"": 1353.39, ""ymin"": 1640.87, ""xmax"": 1367.94, ""ymax"": 1662.16, ""confidence"": 0.11, ""name"": ""bud""}, {""xmin"": 854.16, ""ymin"": 1751.71, ""xmax"": 1578.83, ""ymax"": 2314.52, ""confidence"": 0.1, ""name"": ""flower_many""}]",sample_outputs/annotated/HERB_0356_annotated.jpg
HERB_0357.jpg,0,0,0,0,0.0,[],sample_outputs/annotated/HERB_0357_annotated.jpg
HERB_0359.jpg,1,5,7,1,0.5284,"[{""xmin"": 3513.01, ""ymin"": 3511.78, ""xmax"": 3731.11, ""ymax"": 3880.81, ""confidence"": 0.53, ""name"": ""flower_one""}, {""xmin"": 3307.72, ""ymin"": 2578.04, ""xmax"": 3848.98, ""ymax"": 3386.36, ""confidence"": 0.47, ""name"": ""flower_many""}, {""xmin"": 3838.64, ""ymin"": 1342.08, ""xmax"": 4412.61, ""ymax"": 2337.69, ""confidence"": 0.24, ""name"": ""flower_many""}, {""xmin"": 2212.99, ""ymin"": 2290.36, ""xmax"": 2641.96, ""ymax"": 2765.34, ""confidence"": 0.23, ""name"": ""flower_one""}, {""xmin"": 2211.4, ""ymin"": 2285.58, ""xmax"": 2664.71, ""ymax"": 2804.53, ""confidence"": 0.22, ""name"": ""flower_many""}, {""xmin"": 4236.9, ""ymin"": 2941.15, ""xmax"": 4289.54, ""ymax"": 3014.18, ""confidence"": 0.17, ""name"": ""bud""}, {""xmin"": 3865.23, ""ymin"": 1346.74, ""xmax"": 4399.05, ""ymax"": 1835.84, ""confidence"": 0.16, ""name"": ""flower_one""}, {""xmin"": 2624.77, ""ymin"": 2318.93, ""xmax"": 3067.48, ""ymax"": 2829.25, ""confidence"": 0.15, ""name"": ""flower_one""}, {""xmin"": 2055.84, ""ymin"": 3329.31, ""xmax"": 2475.02, ""ymax"": 3836.98, ""confidence"": 0.15, ""name"": ""flower_many""}, {""xmin"": 2567.94, ""ymin"": 2312.72, ""xmax"": 3073.36, ""ymax"": 2883.23, ""confidence"": 0.14, ""name"": ""flower_many""}, {""xmin"": 3600.62, ""ymin"": 1469.31, ""xmax"": 4136.21, ""ymax"": 2328.82, ""confidence"": 0.14, ""name"": ""flower_many""}, {""xmin"": 3288.32, ""ymin"": 1432.48, ""xmax"": 4395.47, ""ymax"": 2519.98, ""confidence"": 0.11, ""name"": ""flower_many""}, {""xmin"": 3638.75, ""ymin"": 1557.1, ""xmax"": 4006.49, ""ymax"": 1894.81, ""confidence"": 0.1, ""name"": ""flower_one""}]",sample_outputs/annotated/HERB_0359_annotated.jpg
HERB_0360.jpg,1,0,0,6,0.4964,"[{""xmin"": 1832.69, ""ymin"": 768.15, ""xmax"": 1854.06, ""ymax"": 792.99, ""confidence"": 0.5, ""name"": ""bud""}, {""xmin"": 1813.23, ""ymin"": 733.45, ""xmax"": 1833.47, ""ymax"": 759.8, ""confidence"": 0.25, ""name"": ""bud""}, {""xmin"": 1795.5, ""ymin"": 616.16, ""xmax"": 1815.89, ""ymax"": 642.49, ""confidence"": 0.16, ""name"": ""bud""}, {""xmin"": 1827.81, ""ymin"": 729.75, ""xmax"": 1844.05, ""ymax"": 752.57, ""confidence"": 0.13, ""name"": ""bud""}, {""xmin"": 1091.32, ""ymin"": 2202.01, ""xmax"": 1119.91, ""ymax"": 2223.35, ""confidence"": 0.12, ""name"": ""bud""}, {""xmin"": 1825.27, ""ymin"": 889.65, ""xmax"": 1845.58, ""ymax"": 921.72, ""confidence"": 0.11, ""name"": ""bud""}]",sample_outputs/annotated/HERB_0360_annotated.jpg
HERB_0361.jpg,1,11,11,0,0.2934,"[{""xmin"": 1658.55, ""ymin"": 5043.92, ""xmax"": 1940.14, ""ymax"": 5290.4, ""confidence"": 0.29, ""name"": ""flower_many""}, {""xmin"": 4220.92, ""ymin"": 1886.62, ""xmax"": 4343.37, ""ymax"": 2041.5, ""confidence"": 0.25, ""name"": ""flower_one""}, {""xmin"": 2135.64, ""ymin"": 9576.75, ""xmax"": 2788.61, ""ymax"": 11046.89, ""confidence"": 0.23, ""name"": ""flower_many""}, {""xmin"": 4220.57, ""ymin"": 2872.3, ""xmax"": 4350.91, ""ymax"": 3265.24, ""confidence"": 0.21, ""name"": ""flower_one""}, {""xmin"": 1515.76, ""ymin"": 5404.95, ""xmax"": 1731.69, ""ymax"": 5564.67, ""confidence"": 0.19, ""name"": ""flower_one""}, {""xmin"": 4406.5, ""ymin"": 3165.5, ""xmax"": 4565.68, ""ymax"": 3285.44, ""confidence"": 0.19, ""name"": ""flower_one""}, {""xmin"": 2145.75, ""ymin"": 10827.13, ""xmax"": 2416.53, ""ymax"": 11022.55, ""confidence"": 0.18, ""name"": ""flower_one""}, {""xmin"": 4359.69, ""ymin"": 1704.21, ""xmax"": 4449.16, ""ymax"": 1794.91, ""confidence"": 0.18, ""name"": ""flower_one""}, {""xmin"": 1513.77, ""ymin"": 6118.51, ""xmax"": 1619.68, ""ymax"": 6233.49, ""confidence"": 0.16, ""name"": ""flower_many""}, {""xmin"": 2118.04, ""ymin"": 3687.34, ""xmax"": 2192.66, ""ymax"": 3781.27, ""confidence"": 0.15, ""name"": ""flower_one""}, {""xmin"": 1435.21, ""ymin"": 6131.48, ""xmax"": 1620.98, ""ymax"": 6290.31, ""confidence"": 0.15, ""name"": ""flower_many""}, {""xmin"": 4240.63, ""ymin"": 2006.72, ""xmax"": 4342.79, ""ymax"": 2079.15, ""confidence"": 0.14, ""name"": ""flower_one""}, {""xmin"": 3338.46, ""ymin"": 3481.4, ""xmax"": 3573.15, ""ymax"": 3707.49, ""confidence"": 0.14, ""name"": ""flower_many""}, {""xmin"": 1820.43, ""ymin"": 5095.65, ""xmax"": 1941.4, ""ymax"": 5260.07, ""confidence"": 0.14, ""name"": ""flower_many""}, {""xmin"": 2503.07, ""ymin"": 10387.62, ""xmax"": 2707.43, ""ymax"": 10505.77, ""confidence"": 0.14, ""name"": ""flower_one""}, {""xmin"": 1664.42, ""ymin"": 5062.85, ""xmax"": 1822.03, ""ymax"": 5191.73, ""confidence"": 0.12, ""name"": ""flower_one""}, {""xmin"": 1424.96, ""ymin"": 6188.29, ""xmax"": 1567.6, ""ymax"": 6285.9, ""confidence"": 0.12, ""name"": ""flower_many""}, {""xmin"": 1508.29, ""ymin"": 5410.68, ""xmax"": 1714.25, ""ymax"": 5565.91, ""confidence"": 0.11, ""name"": ""flower_many""}, {""xmin"": 4262.7, ""ymin"": 3119.26, ""xmax"": 4345.36, ""ymax"": 3258.43, ""confidence"": 0.11, ""name"": ""flower_one""}, {""xmin"": 1667.64, ""ymin"": 5069.54, ""xmax"": 1844.17, ""ymax"": 5203.21, ""confidence"": 0.1, ""name"": ""flower_many""}, {""xmin"": 1650.51, ""ymin"": 5083.1, ""xmax"": 1892.91, ""ymax"": 5445.28, ""confidence"": 0.1, ""name"": ""flower_many""}, {""xmin"": 2151.79, ""ymin"": 10230.92, ""xmax"": 2678.7, ""ymax"": 11034.45, ""confidence"": 0.1, ""name"": ""flower_many""}]",sample_outputs/annotated/HERB_0361_annotated.jpg
HERB_0362.jpg,0,0,0,0,0.0,[],sample_outputs/annotated/HERB_0362_annotated.jpg
HERB_0363.jpg,1,26,8,0,0.5858,"[{""xmin"": 474.45, ""ymin"": 628.78, ""xmax"": 518.57, ""ymax"": 714.29, ""confidence"": 0.59, ""name"": ""flower_many""}, {""xmin"": 636.78, ""ymin"": 637.16, ""xmax"": 662.96, ""ymax"": 670.32, ""confidence"": 0.49, ""name"": ""flower_one""}, {""xmin"": 397.42, ""ymin"": 527.29, ""xmax"": 416.54, ""ymax"": 543.63, ""confidence"": 0.47, ""name"": ""flower_one""}, {""xmin"": 477.19, ""ymin"": 690.79, ""xmax"": 492.35, ""ymax"": 712.25, ""confidence"": 0.44, ""name"": ""flower_one""}, {""xmin"": 653.31, ""ymin"": 688.26, ""xmax"": 674.97, ""ymax"": 715.08, ""confidence"": 0.39, ""name"": ""flower_one""}, {""xmin"": 373.34, ""ymin"": 518.3, ""xmax"": 391.13, ""ymax"": 539.44, ""confidence"": 0.36, ""name"": ""flower_one""}, {""xmin"": 173.58, ""ymin"": 738.86, ""xmax"": 201.64, ""ymax"": 771.45, ""confidence"": 0.35, ""name"": ""flower_one""}, {""xmin"": 367.24, ""ymin"": 1534.22, ""xmax"": 416.31, ""ymax"": 1654.7, ""confidence"": 0.32, ""name"": ""flower_many""}, {""xmin"": 395.72, ""ymin"": 544.13, ""xmax"": 420.89, ""ymax"": 564.88, ""confidence"": 0.32, ""name"": ""flower_one""}, {""xmin"": 393.07, ""ymin"": 541.35, ""xmax"": 407.56, ""ymax"": 561.53, ""confidence"": 0.31, ""name"": ""flower_one""}, {""xmin"": 496.28, ""ymin"": 631.8, ""xmax"": 514.18, ""ymax"": 656.87, ""confidence"": 0.31, ""name"": ""flower_one""}, {""xmin"": 492.18, ""ymin"": 677.61, ""xmax"": 507.04, ""ymax"": 694.86, ""confidence"": 0.31, ""name"": ""flower_one""}, {""xmin"": 267.68, ""ymin"": 326.87, ""xmax"": 280.89, ""ymax"": 345.88, ""confidence"": 0.29, ""name"": ""flower_one""}, {""xmin"": 383.38, ""ymin"": 523.26, ""xmax"": 422.85, ""ymax"": 567.4, ""confidence"": 0.28, ""name"": ""flower_many""}, {""xmin"": 248.18, ""ymin"": 315.24, ""xmax"": 263.89, ""ymax"": 336.66, ""confidence"": 0.28, ""name"": ""flower_one""}, {""xmin"": 416.47, ""ymin"": 1532.41, ""xmax"": 456.09, ""ymax"": 1646.0, ""confidence"": 0.26, ""name"": ""flower_many""}, {""xmin"": 333.37, ""ymin"": 545.19, ""xmax"": 365.01, ""ymax"": 579.09, ""confidence"": 0.25, ""name"": ""flower_one""}, {""xmin"": 282.09, ""ymin"": 333.5, ""xmax"": 302.39, ""ymax"": 352.7, ""confidence"": 0.24, ""name"": ""flower_one""}, {""xmin"": 499.08, ""ymin"": 643.56, ""xmax"": 517.48, ""ymax"": 663.74, ""confidence"": 0.23, ""name"": ""flower_one""}, {""xmin"": 331.57, ""ymin"": 543.92, ""xmax"": 365.4, ""ymax"": 580.39, ""confidence"": 0.23, ""name"": ""flower_many""}, {""xmin"": 570.28, ""ymin"": 517.15, ""xmax"": 588.63, ""ymax"": 551.61, ""confidence"": 0.22, ""name"": ""flower_one""}, {""xmin"": 390.28, ""ymin"": 525.15, ""xmax"": 420.29, ""ymax"": 565.54, ""confidence"": 0.21, ""name"": ""flower_one""}, {""xmin"": 275.68, ""ymin"": 324.58, ""xmax"": 303.71, ""ymax"": 341.47, ""confidence"": 0.21, ""name"": ""flower_one""}, {""xmin"": 407.29, ""ymin"": 1523.83, ""xmax"": 430.86, ""ymax"": 1565.89, ""confidence"": 0.19, ""name"": ""flower_one""}, {""xmin"": 477.9, ""ymin"": 629.28, ""xmax"": 518.75, ""ymax"": 712.1, ""confidence"": 0.19, ""name"": ""flower_one""}, {""xmin"": 407.45, ""ymin"": 1522.96, ""xmax"": 430.63, ""ymax"": 1565.8, ""confidence"": 0.15, ""name"": ""flower_many""}, {""xmin"": 703.82, ""ymin"": 1349.82, ""xmax"": 725.51, ""ymax"": 1383.89, ""confidence"": 0.15, ""name"": ""flower_one""}, {""xmin"": 484.98, ""ymin"": 661.63, ""xmax"": 497.95, ""ymax"": 682.52, ""confidence"": 0.15, ""name"": ""flower_one""}, {""xmin"": 791.64, ""ymin"": 1273.46, ""xmax"": 815.68, ""ymax"": 1327.08, ""confidence"": 0.14, ""name"": ""flower_one""}, {""xmin"": 555.9, ""ymin"": 492.41, ""xmax"": 570.5, ""ymax"": 519.4, ""confidence"": 0.14, ""name"": ""flower_one""}, {""xmin"": 337.1, ""ymin"": 517.13, ""xmax"": 422.46, ""ymax"": 571.44, ""confidence"": 0.12, ""name"": ""flower_many""}, {""xmin"": 483.35, ""ymin"": 655.06, ""xmax"": 500.88, ""ymax"": 690.11, ""confidence"": 0.11, ""name"": ""flower_many""}, {""xmin"": 494.01, ""ymin"": 636.29, ""xmax"": 517.74, ""ymax"": 673.73, ""confidence"": 0.11, ""name"": ""flower_one""}, {""xmin"": 629.82, ""ymin"": 615.44, ""xmax"": 649.67, ""ymax"": 632.45, ""confidence"": 0.11, ""name"": ""flower_one""}]",sample_outputs/annotated/HERB_0363_annotated.jpg
HERB_0364.jpg,1,11,2,4,0.615,"[{""xmin"": 741.59, ""ymin"": 358.03, ""xmax"": 860.41, ""ymax"": 511.17, ""confidence"": 0.61, ""name"": ""flower_one""}, {""xmin"": 639.15, ""ymin"": 366.8, ""xmax"": 738.64, ""ymax"": 514.32, ""confidence"": 0.56, ""name"": ""flower_one""}, {""xmin"": 735.17, ""ymin"": 486.97, ""xmax"": 852.89, ""ymax"": 606.0, ""confidence"": 0.54, ""name"": ""flower_one""}, {""xmin"": 693.31, ""ymin"": 311.77, ""xmax"": 813.38, ""ymax"": 421.4, ""confidence"": 0.46, ""name"": ""flower_one""}, {""xmin"": 749.78, ""ymin"": 546.18, ""xmax"": 982.91, ""ymax"": 754.34, ""confidence"": 0.42, ""name"": ""flower_one""}, {""xmin"": 835.86, ""ymin"": 664.66, ""xmax"": 945.26, ""ymax"": 754.29, ""confidence"": 0.39, ""name"": ""flower_one""}, {""xmin"": 630.31, ""ymin"": 310.66, ""xmax"": 888.18, ""ymax"": 637.39, ""confidence"": 0.37, ""name"": ""flower_many""}, {""xmin"": 636.65, ""ymin"": 325.08, ""xmax"": 857.18, ""ymax"": 563.48, ""confidence"": 0.28, ""name"": ""flower_one""}, {""xmin"": 732.08, ""ymin"": 715.14, ""xmax"": 956.71, ""ymax"": 809.56, ""confidence"": 0.27, ""name"": ""flower_one""}, {""xmin"": 738.88, ""ymin"": 550.19, ""xmax"": 813.61, ""ymax"": 608.23, ""confidence"": 0.23, ""name"": ""flower_one""}, {""xmin"": 813.84, ""ymin"": 543.55, ""xmax"": 928.11, ""ymax"": 688.29, ""confidence"": 0.21, ""name"": ""flower_one""}, {""xmin"": 425.77, ""ymin"": 1097.93, ""xmax"": 444.85, ""ymax"": 1126.81, ""confidence"": 0.21, ""name"": ""bud""}, {""xmin"": 711.2, ""ymin"": 509.17, ""xmax"": 988.51, ""ymax"": 776.93, ""confidence"": 0.19, ""name"": ""flower_many""}, {""xmin"": 824.7, ""ymin"": 581.37, ""xmax"": 982.56, ""ymax"": 707.99, ""confidence"": 0.17, ""name"": ""flower_one""}, {""xmin"": 604.7, ""ymin"": 1999.34, ""xmax"": 621.65, ""ymax"": 2018.87, ""confidence"": 0.16, ""name"": ""bud""}, {""xmin"": 647.98, ""ymin"": 1565.83, ""xmax"": 665.38, ""ymax"": 1585.49, ""confidence"": 0.11, ""name"": ""bud""}, {""xmin"": 1090.4, ""ymin"": 2275.32, ""xmax"": 1105.12, ""ymax"": 2293.08, ""confidence"": 0.11, ""name"": ""bud""}]",sample_outputs/annotated/HERB_0364_annotated.jpg
HERB_0367.jpg,1,2,0,0,0.2432,"[{""xmin"": 3582.69, ""ymin"": 2356.64, ""xmax"": 3918.7, ""ymax"": 2873.81, ""confidence"": 0.24, ""name"": ""flower_one""}, {""xmin"": 4107.74, ""ymin"": 2173.25, ""xmax"": 4490.31, ""ymax"": 2646.78, ""confidence"": 0.21, ""name"": ""flower_one""}]",sample_outputs/annotated/HERB_0367_annotated.jpg
HERB_0368.jpg,1,39,29,0,0.4452,"[{""xmin"": 1211.58, ""ymin"": 2329.32, ""xmax"": 3112.39, ""ymax"": 3246.35, ""confidence"": 0.45, ""name"": ""flower_many""}, {""xmin"": 3334.17, ""ymin"": 3368.72, ""xmax"": 5700.01, ""ymax"": 3998.15, ""confidence"": 0.43, ""name"": ""flower_many""}, {""xmin"": 4450.69, ""ymin"": 791.98, ""xmax"": 6136.4, ""ymax"": 1999.46, ""confidence"": 0.42, ""name"": ""flower_many""}, {""xmin"": 2997.84, ""ymin"": 2451.85, ""xmax"": 3484.05, ""ymax"": 3037.5, ""confidence"": 0.36, ""name"": ""flower_many""}, {""xmin"": 1242.42, ""ymin"": 2623.59, ""xmax"": 1429.05, ""ymax"": 2852.98, ""confidence"": 0.34, ""name"": ""flower_many""}, {""xmin"": 1638.07, ""ymin"": 2790.59, ""xmax"": 1704.6, ""ymax"": 2855.85, ""confidence"": 0.29, ""name"": ""flower_one""}, {""xmin"": 2117.85, ""ymin"": 1856.93, ""xmax"": 2588.98, ""ymax"": 2200.24, ""confidence"": 0.28, ""name"": ""flower_many""}, {""xmin"": 3558.57, ""ymin"": 1169.05, ""xmax"": 4152.17, ""ymax"": 1449.1, ""confidence"": 0.27, ""name"": ""flower_many""}, {""xmin"": 3910.29, ""ymin"": 2353.77, ""xmax"": 4530.99, ""ymax"": 2946.66, ""confidence"": 0.26, ""name"": ""flower_many""}, {""xmin"": 3259.43, ""ymin"": 1496.76, ""xmax"": 3613.13, ""ymax"": 1902.19, ""confidence"": 0.25, ""name"": ""flower_many""}, {""xmin"": 3665.6, ""ymin"": 3755.6, ""xmax"": 3858.08, ""ymax"": 4020.42, ""confidence"": 0.23, ""name"": ""flower_many""}, {""xmin"": 2366.09, ""ymin"": 2171.55, ""xmax"": 2585.24, ""ymax"": 2378.62, ""confidence"": 0.23, ""name"": ""flower_one""}, {""xmin"": 1307.32, ""ymin"": 2047.79, ""xmax"": 1369.98, ""ymax"": 2106.52, ""confidence"": 0.23, ""name"": ""flower_one""}, {""xmin"": 3338.02, ""ymin"": 3736.91, ""xmax"": 3611.19, ""ymax"": 4078.65, ""confidence"": 0.22, ""name"": ""flower_many""}, {""xmin"": 1251.4, ""ymin"": 2626.16, ""xmax"": 1417.6, ""ymax"": 2848.62, ""confidence"": 0.21, ""name"": ""flower_one""}, {""xmin"": 3591.15, ""ymin"": 1765.83, ""xmax"": 6549.65, ""ymax"": 3050.11, ""confidence"": 0.21, ""name"": ""flower_many""}, {""xmin"": 1506.33, ""ymin"": 2911.05, ""xmax"": 1569.85, ""ymax"": 2969.2, ""confidence"": 0.2, ""name"": ""flower_one""}, {""xmin"": 1911.29, ""ymin"": 2056.77, ""xmax"": 2037.53, ""ymax"": 2179.43, ""confidence"": 0.2, ""name"": ""flower_one""}, {""xmin"": 1383.92, ""ymin"": 2272.04, ""xmax"": 1659.2, ""ymax"": 2503.09, ""confidence"": 0.19, ""name"": ""flower_many""}, {""xmin"": 1487.68, ""ymin"": 2418.72, ""xmax"": 1594.21, ""ymax"": 2492.84, ""confidence"": 0.19, ""name"": ""flower_one""}, {""xmin"": 3386.76, ""ymin"": 1609.6, ""xmax"": 4498.71, ""ymax"": 2447.67, ""confidence"": 0.18, ""name"": ""flower_many""}, {""xmin"": 2366.05, ""ymin"": 2170.23, ""xmax"": 2583.43, ""ymax"": 2377.86, ""confidence"": 0.18, ""name"": ""flower_many""}, {""xmin"": 2924.4, ""ymin"": 2028.15, ""xmax"": 3007.25, ""ymax"": 2121.01, ""confidence"": 0.17, ""name"": ""flower_one""}, {""xmin"": 1976.37, ""ymin"": 1876.67, ""xmax"": 2081.66, ""ymax"": 1972.43, ""confidence"": 0.17, ""name"": ""flower_one""}, {""xmin"": 1590.6, ""ymin"": 2087.37, ""xmax"": 1677.68, ""ymax"": 2169.91, ""confidence"": 0.17, ""name"": ""flower_one""}, {""xmin"": 1704.34, ""ymin"": 1921.55, ""xmax"": 1805.33, ""ymax"": 2033.88, ""confidence"": 0.17, ""name"": ""flower_one""}, {""xmin"": 4787.65, ""ymin"": 1995.0, ""xmax"": 4986.03, ""ymax"": 2314.02, ""confidence"": 0.17, ""name"": ""flower_many""}, {""xmin"": 2031.14, ""ymin"": 2117.8, ""xmax"": 2116.64, ""ymax"": 2202.05, ""confidence"": 0.17, ""name"": ""flower_one""}, {""xmin"": 2665.22, ""ymin"": 2007.02, ""xmax"": 2925.71, ""ymax"": 2282.27, ""confidence"": 0.16, ""name"": ""flower_many""}, {""xmin"": 1414.57, ""ymin"": 492.42, ""xmax"": 4651.52, ""ymax"": 1839.08, ""confidence"": 0.15, ""name"": ""flower_many""}, {""xmin"": 1976.89, ""ymin"": 1973.53, ""xmax"": 2083.3, ""ymax"": 2065.27, ""confidence"": 0.15, ""name"": ""flower_one""}, {""xmin"": 2675.23, ""ymin"": 1602.23, ""xmax"": 3009.24, ""ymax"": 1915.4, ""confidence"": 0.15, ""name"": ""flower_many""}, {""xmin"": 2786.1, ""ymin"": 2792.99, ""xmax"": 2948.25, ""ymax"": 2918.53, ""confidence"": 0.15, ""name"": ""flower_one""}, {""xmin"": 1098.24, ""ymin"": 477.03, ""xmax"": 4588.26, ""ymax"": 3374.77, ""confidence"": 0.14, ""name"": ""flower_many""}, {""xmin"": 1275.81, ""ymin"": 2123.12, ""xmax"": 1330.63, ""ymax"": 2186.31, ""confidence"": 0.14, ""name"": ""flower_one""}, {""xmin"": 1923.43, ""ymin"": 1894.52, ""xmax"": 2021.75, ""ymax"": 2004.5, ""confidence"": 0.14, ""name"": ""flower_one""}, {""xmin"": 1536.12, ""ymin"": 2052.65, ""xmax"": 1658.02, ""ymax"": 2181.43, ""confidence"": 0.14, ""name"": ""flower_one""}, {""xmin"": 3534.36, ""ymin"": 1893.27, ""xmax"": 3588.03, ""ymax"": 1941.43, ""confidence"": 0.14, ""name"": ""flower_one""}, {""xmin"": 2675.39, ""ymin"": 1614.06, ""xmax"": 2997.16, ""ymax"": 1914.62, ""confidence"": 0.14, ""name"": ""flower_one""}, {""xmin"": 1906.03, ""ymin"": 2096.52, ""xmax"": 1987.35, ""ymax"": 2184.67, ""confidence"": 0.14, ""name"": ""flower_one""}, {""xmin"": 1911.48, ""ymin"": 1861.37, ""xmax"": 2100.55, ""ymax"": 2186.86, ""confidence"": 0.14, ""name"": ""flower_one""}, {""xmin"": 3486.3, ""ymin"": 3482.7, ""xmax"": 3703.64, ""ymax"": 3643.28, ""confidence"": 0.13, ""name"": ""flower_one""}, {""xmin"": 1805.76, ""ymin"": 2523.71, ""xmax"": 2119.27, ""ymax"": 2789.14, ""confidence"": 0.13, ""name"": ""flower_many""}, {""xmin"": 1805.29, ""ymin"": 2282.61, ""xmax"": 2244.63, ""ymax"": 2502.6, ""confidence"": 0.13, ""name"": ""flower_many""}, {""xmin"": 1558.27, ""ymin"": 2287.23, ""xmax"": 1638.64, ""ymax"": 2355.6, ""confidence"": 0.13, ""name"": ""flower_one""}, {""xmin"": 1381.82, ""ymin"": 2273.0, ""xmax"": 1659.92, ""ymax"": 2488.91, ""confidence"": 0.13, ""name"": ""flower_one""}, {""xmin"": 1577.22, ""ymin"": 2374.8, ""xmax"": 1646.92, ""ymax"": 2427.42, ""confidence"": 0.12, ""name"": ""flower_one""}, {""xmin"": 1886.12, ""ymin"": 1865.66, ""xmax"": 2126.35, ""ymax"": 2211.82, ""confidence"": 0.12, ""name"": ""flower_many""}, {""xmin"": 1644.85, ""ymin"": 1874.04, ""xmax"": 1810.39, ""ymax"": 2041.62, ""confidence"": 0.12, ""name"": ""flower_one""}, {""xmin"": 1639.28, ""ymin"": 3095.68, ""xmax"": 1697.88, ""ymax"": 3151.53, ""confidence"": 0.12, ""name"": ""flower_one""}, {""xmin"": 1516.31, ""ymin"": 3017.8, ""xmax"": 1583.26, ""ymax"": 3078.76, ""confidence"": 0.12, ""name"": ""flower_one""}, {""xmin"": 4786.85, ""ymin"": 1991.08, ""xmax"": 4981.55, ""ymax"": 2302.23, ""confidence"": 0.12, ""name"": ""flower_one""}, {""xmin"": 5735.29, ""ymin"": 3677.62, ""xmax"": 6027.77, ""ymax"": 3906.2, ""confidence"": 0.12, ""name"": ""flower_many""}, {""xmin"": 3357.71, ""ymin"": 1974.88, ""xmax"": 3443.26, ""ymax"": 2060.76, ""confidence"": 0.12, ""name"": ""flower_one""}, {""xmin"": 3086.41, ""ymin"": 1648.29, ""xmax"": 3500.48, ""ymax"": 2416.82, ""confidence"": 0.12, ""name"": ""flower_many""}, {""xmin"": 1699.44, ""ymin"": 1963.78, ""xmax"": 1780.79, ""ymax"": 2038.32, ""confidence"": 0.12, ""name"": ""flower_one""}, {""xmin"": 1807.31, ""ymin"": 2526.25, ""xmax"": 2113.06, ""ymax"": 2799.19, ""confidence"": 0.11, ""name"": ""flower_one""}, {""xmin"": 3797.49, ""ymin"": 725.07, ""xmax"": 6529.56, ""ymax"": 2769.67, ""confidence"": 0.11, ""name"": ""flower_many""}, {""xmin"": 3587.7, ""ymin"": 1305.38, ""xmax"": 3661.05, ""ymax"": 1367.78, ""confidence"": 0.11, ""name"": ""flower_one""}, {""xmin"": 1813.77, ""ymin"": 2739.83, ""xmax"": 1876.57, ""ymax"": 2809.7, ""confidence"": 0.11, ""name"": ""flower_one""}, {""xmin"": 3113.8, ""ymin"": 1780.35, ""xmax"": 3193.76, ""ymax"": 1862.24, ""confidence"": 0.11, ""name"": ""flower_one""}, {""xmin"": 1374.56, ""ymin"": 2106.48, ""xmax"": 1431.73, ""ymax"": 2174.38, ""confidence"": 0.11, ""name"": ""flower_one""}, {""xmin"": 4082.17, ""ymin"": 2032.33, ""xmax"": 4461.84, ""ymax"": 2509.72, ""confidence"": 0.11, ""name"": ""flower_many""}, {""xmin"": 4428.53, ""ymin"": 2233.95, ""xmax"": 4810.56, ""ymax"": 2689.75, ""confidence"": 0.1, ""name"": ""flower_many""}, {""xmin"": 3464.26, ""ymin"": 1505.17, ""xmax"": 3612.76, ""ymax"": 1651.63, ""confidence"": 0.1, ""name"": ""flower_one""}, {""xmin"": 4791.01, ""ymin"": 2321.2, ""xmax"": 5153.97, ""ymax"": 2625.73, ""confidence"": 0.1, ""name"": ""flower_many""}, {""xmin"": 3586.11, ""ymin"": 1180.49, ""xmax"": 4145.31, ""ymax"": 1451.11, ""confidence"": 0.1, ""name"": ""flower_one""}, {""xmin"": 3976.01, ""ymin"": 3462.75, ""xmax"": 4162.05, ""ymax"": 3713.9, ""confidence"": 0.1, ""name"": ""flower_one""}]",sample_outputs/annotated/HERB_0368_annotated.jpg
HERB_0369.jpg,1,3,1,0,0.5967,"[{""xmin"": 457.12, ""ymin"": 328.58, ""xmax"": 568.58, ""ymax"": 461.1, ""confidence"": 0.6, ""name"": ""flower_many""}, {""xmin"": 457.92, ""ymin"": 371.71, ""xmax"": 497.18, ""ymax"": 407.97, ""confidence"": 0.13, ""name"": ""flower_one""}, {""xmin"": 455.53, ""ymin"": 331.57, ""xmax"": 570.76, ""ymax"": 463.97, ""confidence"": 0.11, ""name"": ""flower_one""}, {""xmin"": 529.73, ""ymin"": 356.61, ""xmax"": 564.88, ""ymax"": 374.76, ""confidence"": 0.1, ""name"": ""flower_one""}]",sample_outputs/annotated/HERB_0369_annotated.jpg
HERB_0370.jpg,1,8,4,1,0.801,"[{""xmin"": 581.02, ""ymin"": 266.18, ""xmax"": 702.94, ""ymax"": 413.44, ""confidence"": 0.8, ""name"": ""flower_one""}, {""xmin"": 551.86, ""ymin"": 186.85, ""xmax"": 667.96, ""ymax"": 370.24, ""confidence"": 0.61, ""name"": ""flower_one""}, {""xmin"": 431.83, ""ymin"": 181.86, ""xmax"": 607.08, ""ymax"": 358.79, ""confidence"": 0.43, ""name"": ""flower_many""}, {""xmin"": 529.25, ""ymin"": 352.71, ""xmax"": 586.25, ""ymax"": 470.66, ""confidence"": 0.27, ""name"": ""flower_one""}, {""xmin"": 430.55, ""ymin"": 184.49, ""xmax"": 584.04, ""ymax"": 335.31, ""confidence"": 0.27, ""name"": ""flower_one""}, {""xmin"": 529.67, ""ymin"": 352.79, ""xmax"": 586.23, ""ymax"": 472.61, ""confidence"": 0.25, ""name"": ""flower_many""}, {""xmin"": 561.91, ""ymin"": 190.28, ""xmax"": 665.16, ""ymax"": 282.2, ""confidence"": 0.18, ""name"": ""flower_one""}, {""xmin"": 457.56, ""ymin"": 182.14, ""xmax"": 699.54, ""ymax"": 411.76, ""confidence"": 0.17, ""name"": ""flower_many""}, {""xmin"": 556.88, ""ymin"": 1141.05, ""xmax"": 567.34, ""ymax"": 1151.98, ""confidence"": 0.15, ""name"": ""bud""}, {""xmin"": 599.16, ""ymin"": 225.01, ""xmax"": 668.24, ""ymax"": 280.53, ""confidence"": 0.14, ""name"": ""flower_one""}, {""xmin"": 556.86, ""ymin"": 191.78, ""xmax"": 666.71, ""ymax"": 316.52, ""confidence"": 0.14, ""name"": ""flower_many""}, {""xmin"": 604.11, ""ymin"": 198.88, ""xmax"": 654.75, ""ymax"": 253.08, ""confidence"": 0.11, ""name"": ""flower_one""}, {""xmin"": 564.61, ""ymin"": 191.53, ""xmax"": 619.22, ""ymax"": 254.31, ""confidence"": 0.11, ""name"": ""flower_one""}]",sample_outputs/annotated/HERB_0370_annotated.jpg
HERB_0371.jpg,1,4,0,0,0.4884,"[{""xmin"": 1321.16, ""ymin"": 6763.19, ""xmax"": 1555.32, ""ymax"": 7210.58, ""confidence"": 0.49, ""name"": ""flower_one""}, {""xmin"": 1216.58, ""ymin"": 6398.58, ""xmax"": 1537.57, ""ymax"": 6911.79, ""confidence"": 0.42, ""name"": ""flower_one""}, {""xmin"": 1362.46, ""ymin"": 7184.35, ""xmax"": 1575.47, ""ymax"": 7585.92, ""confidence"": 0.28, ""name"": ""flower_one""}, {""xmin"": 1542.95, ""ymin"": 6355.65, ""xmax"": 1936.28, ""ymax"": 6854.14, ""confidence"": 0.23, ""name"": ""flower_one""}]",sample_outputs/annotated/HERB_0371_annotated.jpg
HERB_0373.jpg,1,6,4,0,0.4037,"[{""xmin"": 4228.8, ""ymin"": 3105.81, ""xmax"": 5350.4, ""ymax"": 3992.36, ""confidence"": 0.4, ""name"": ""flower_many""}, {""xmin"": 3256.07, ""ymin"": 1819.64, ""xmax"": 3936.12, ""ymax"": 2536.43, ""confidence"": 0.37, ""name"": ""flower_many""}, {""xmin"": 3555.74, ""ymin"": 1845.25, ""xmax"": 3712.91, ""ymax"": 2023.14, ""confidence"": 0.28, ""name"": ""flower_one""}, {""xmin"": 2719.18, ""ymin"": 3240.08, ""xmax"": 2791.25, ""ymax"": 3340.55, ""confidence"": 0.23, ""name"": ""flower_one""}, {""xmin"": 2343.25, ""ymin"": 3456.38, ""xmax"": 2524.68, ""ymax"": 3603.18, ""confidence"": 0.18, ""name"": ""flower_one""}, {""xmin"": 2049.41, ""ymin"": 5194.14, ""xmax"": 2395.15, ""ymax"": 5430.43, ""confidence"": 0.17, ""name"": ""flower_many""}, {""xmin"": 1992.49, ""ymin"": 2973.1, ""xmax"": 2947.7, ""ymax"": 3910.63, ""confidence"": 0.17, ""name"": ""flower_many""}, {""xmin"": 2291.43, ""ymin"": 5208.25, ""xmax"": 2388.06, ""ymax"": 5316.4, ""confidence"": 0.14, ""name"": ""flower_one""}, {""xmin"": 2954.25, ""ymin"": 3224.62, ""xmax"": 3067.01, ""ymax"": 3348.59, ""confidence"": 0.13, ""name"": ""flower_one""}, {""xmin"": 2052.7, ""ymin"": 5203.59, ""xmax"": 2400.21, ""ymax"": 5414.42, ""confidence"": 0.12, ""name"": ""flower_one""}]",sample_outputs/annotated/HERB_0373_annotated.jpg
HERB_0374.jpg,1,0,0,15,0.3737,"[{""xmin"": 532.25, ""ymin"": 868.86, ""xmax"": 563.63, ""ymax"": 897.41, ""confidence"": 0.37, ""name"": ""bud""}, {""xmin"": 689.26, ""ymin"": 660.29, ""xmax"": 714.03, ""ymax"": 687.97, ""confidence"": 0.34, ""name"": ""bud""}, {""xmin"": 1370.33, ""ymin"": 630.02, ""xmax"": 1411.3, ""ymax"": 669.81, ""confidence"": 0.31, ""name"": ""bud""}, {""xmin"": 1326.41, ""ymin"": 702.26, ""xmax"": 1355.93, ""ymax"": 733.43, ""confidence"": 0.26, ""name"": ""bud""}, {""xmin"": 434.47, ""ymin"": 1093.84, ""xmax"": 449.15, ""ymax"": 1109.39, ""confidence"": 0.26, ""name"": ""bud""}, {""xmin"": 1229.35, ""ymin"": 791.27, ""xmax"": 1256.46, ""ymax"": 814.72, ""confidence"": 0.23, ""name"": ""bud""}, {""xmin"": 598.11, ""ymin"": 807.6, ""xmax"": 619.34, ""ymax"": 832.13, ""confidence"": 0.22, ""name"": ""bud""}, {""xmin"": 534.77, ""ymin"": 916.94, ""xmax"": 560.77, ""ymax"": 940.78, ""confidence"": 0.22, ""name"": ""bud""}, {""xmin"": 592.72, ""ymin"": 841.53, ""xmax"": 614.97, ""ymax"": 860.09, ""confidence"": 0.17, ""name"": ""bud""}, {""xmin"": 374.01, ""ymin"": 1169.38, ""xmax"": 394.4, ""ymax"": 1191.01, ""confidence"": 0.17, ""name"": ""bud""}, {""xmin"": 758.51, ""ymin"": 570.4, ""xmax"": 783.41, ""ymax"": 593.38, ""confidence"": 0.14, ""name"": ""bud""}, {""xmin"": 665.28, ""ymin"": 2190.55, ""xmax"": 683.96, ""ymax"": 2224.55, ""confidence"": 0.14, ""name"": ""bud""}, {""xmin"": 639.03, ""ymin"": 2302.68, ""xmax"": 650.72, ""ymax"": 2319.33, ""confidence"": 0.12, ""name"": ""bud""}, {""xmin"": 536.13, ""ymin"": 866.33, ""xmax"": 563.87, ""ymax"": 929.18, ""confidence"": 0.11, ""name"": ""bud""}, {""xmin"": 438.08, ""ymin"": 1025.67, ""xmax"": 450.73, ""ymax"": 1040.04, ""confidence"": 0.11, ""name"": ""bud""}]",sample_outputs/annotated/HERB_0374_annotated.jpg
HERB_0376.jpg,1,2,3,3,0.555,"[{""xmin"": 1743.81, ""ymin"": 1361.56, ""xmax"": 1915.9, ""ymax"": 1590.65, ""confidence"": 0.55, ""name"": ""flower_many""}, {""xmin"": 1101.47, ""ymin"": 1530.17, ""xmax"": 1184.86, ""ymax"": 1700.07, ""confidence"": 0.26, ""name"": ""flower_many""}, {""xmin"": 993.46, ""ymin"": 1483.71, ""xmax"": 1020.37, ""ymax"": 1515.68, ""confidence"": 0.2, ""name"": ""bud""}, {""xmin"": 1105.34, ""ymin"": 1534.48, ""xmax"": 1181.66, ""ymax"": 1704.53, ""confidence"": 0.17, ""name"": ""flower_one""}, {""xmin"": 683.62, ""ymin"": 1902.42, ""xmax"": 707.59, ""ymax"": 1929.45, ""confidence"": 0.15, ""name"": ""bud""}, {""xmin"": 1330.88, ""ymin"": 230.12, ""xmax"": 1479.37, ""ymax"": 356.53, ""confidence"": 0.11, ""name"": ""flower_one""}, {""xmin"": 1376.47, ""ymin"": 898.7, ""xmax"": 1535.3, ""ymax"": 1231.3, ""confidence"": 0.11, ""name"": ""flower_many""}, {""xmin"": 1020.35, ""ymin"": 1463.03, ""xmax"": 1046.61, ""ymax"": 1488.64, ""confidence"": 0.11, ""name"": ""bud""}]",sample_outputs/annotated/HERB_0376_annotated.jpg
HERB_0377.jpg,0,0,0,0,0.0,[],sample_outputs/annotated/HERB_0377_annotated.jpg
HERB_0378.jpg,1,3,0,3,0.3048,"[{""xmin"": 1906.34, ""ymin"": 5248.73, ""xmax"": 2115.64, ""ymax"": 5581.46, ""confidence"": 0.3, ""name"": ""flower_one""}, {""xmin"": 2217.38, ""ymin"": 5427.41, ""xmax"": 2353.55, ""ymax"": 5710.23, ""confidence"": 0.27, ""name"": ""flower_one""}, {""xmin"": 2714.0, ""ymin"": 7700.63, ""xmax"": 2816.37, ""ymax"": 7816.98, ""confidence"": 0.18, ""name"": ""bud""}, {""xmin"": 2601.34, ""ymin"": 7332.71, ""xmax"": 2688.69, ""ymax"": 7409.58, ""confidence"": 0.16, ""name"": ""bud""}, {""xmin"": 6400.79, ""ymin"": 6136.24, ""xmax"": 6511.65, ""ymax"": 6256.61, ""confidence"": 0.15, ""name"": ""bud""}, {""xmin"": 3248.4, ""ymin"": 5929.5, ""xmax"": 3416.04, ""ymax"": 6214.1, ""confidence"": 0.14, ""name"": ""flower_one""}]",sample_outputs/annotated/HERB_0378_annotated.jpg
HERB_0380.jpg,0,0,0,0,0.0,[],sample_outputs/annotated/HERB_0380_annotated.jpg
HERB_0381.jpg,1,0,0,20,0.4163,"[{""xmin"": 2657.01, ""ymin"": 5289.26, ""xmax"": 2752.43, ""ymax"": 5387.42, ""confidence"": 0.42, ""name"": ""bud""}, {""xmin"": 1446.65, ""ymin"": 6224.53, ""xmax"": 1514.72, ""ymax"": 6284.51, ""confidence"": 0.21, ""name"": ""bud""}, {""xmin"": 3193.83, ""ymin"": 5402.16, ""xmax"": 3251.54, ""ymax"": 5476.37, ""confidence"": 0.2, ""name"": ""bud""}, {""xmin"": 3223.99, ""ymin"": 5237.61, ""xmax"": 3278.21, ""ymax"": 5298.61, ""confidence"": 0.19, ""name"": ""bud""}, {""xmin"": 2250.67, ""ymin"": 1962.76, ""xmax"": 2319.09, ""ymax"": 2043.91, ""confidence"": 0.19, ""name"": ""bud""}, {""xmin"": 1837.42, ""ymin"": 4043.98, ""xmax"": 1930.8, ""ymax"": 4113.46, ""confidence"": 0.18, ""name"": ""bud""}, {""xmin"": 3191.76, ""ymin"": 4114.48, ""xmax"": 3269.63, ""ymax"": 4175.23, ""confidence"": 0.18, ""name"": ""bud""}, {""xmin"": 2493.76, ""ymin"": 5300.95, ""xmax"": 2554.61, ""ymax"": 5359.72, ""confidence"": 0.18, ""name"": ""bud""}, {""xmin"": 3083.73, ""ymin"": 801.95, ""xmax"": 3146.45, ""ymax"": 872.99, ""confidence"": 0.17, ""name"": ""bud""}, {""xmin"": 3642.45, ""ymin"": 4904.17, ""xmax"": 3719.41, ""ymax"": 4970.62, ""confidence"": 0.15, ""name"": ""bud""}, {""xmin"": 4430.21, ""ymin"": 4796.3, ""xmax"": 4484.34, ""ymax"": 4862.68, ""confidence"": 0.15, ""name"": ""bud""}, {""xmin"": 4472.52, ""ymin"": 4405.14, ""xmax"": 4543.65, ""ymax"": 4496.1, ""confidence"": 0.15, ""name"": ""bud""}, {""xmin"": 2442.23, ""ymin"": 4044.83, ""xmax"": 2506.5, ""ymax"": 4089.9, ""confidence"": 0.15, ""name"": ""bud""}, {""xmin"": 1630.85, ""ymin"": 4842.8, ""xmax"": 1680.7, ""ymax"": 4893.5, ""confidence"": 0.14, ""name"": ""bud""}, {""xmin"": 3189.2, ""ymin"": 5067.53, ""xmax"": 3344.26, ""ymax"": 5188.57, ""confidence"": 0.14, ""name"": ""bud""}, {""xmin"": 2752.51, ""ymin"": 2042.01, ""xmax"": 2806.32, ""ymax"": 2095.73, ""confidence"": 0.13, ""name"": ""bud""}, {""xmin"": 1354.28, ""ymin"": 1403.61, ""xmax"": 1413.69, ""ymax"": 1474.06, ""confidence"": 0.12, ""name"": ""bud""}, {""xmin"": 2881.4, ""ymin"": 5876.72, ""xmax"": 2948.22, ""ymax"": 5958.98, ""confidence"": 0.12, ""name"": ""bud""}, {""xmin"": 3444.18, ""ymin"": 5642.78, ""xmax"": 3508.97, ""ymax"": 5704.98, ""confidence"": 0.12, ""name"": ""bud""}, {""xmin"": 2645.83, ""ymin"": 2984.44, ""xmax"": 2701.82, ""ymax"": 3029.09, ""confidence"": 0.12, ""name"": ""bud""}]",sample_outputs/annotated/HERB_0381_annotated.jpg
HERB_0383.jpg,1,0,0,3,0.1622,"[{""xmin"": 1295.05, ""ymin"": 935.81, ""xmax"": 1309.28, ""ymax"": 954.91, ""confidence"": 0.16, ""name"": ""bud""}, {""xmin"": 1080.1, ""ymin"": 1721.44, ""xmax"": 1109.3, ""ymax"": 1751.1, ""confidence"": 0.15, ""name"": ""bud""}, {""xmin"": 1183.66, ""ymin"": 1157.65, ""xmax"": 1198.52, ""ymax"": 1175.15, ""confidence"": 0.13, ""name"": ""bud""}]",sample_outputs/annotated/HERB_0383_annotated.jpg
HERB_0385.jpg,1,0,6,0,0.6499,"[{""xmin"": 2009.19, ""ymin"": 7598.68, ""xmax"": 2798.22, ""ymax"": 9262.72, ""confidence"": 0.65, ""name"": ""flower_many""}, {""xmin"": 1735.29, ""ymin"": 5006.24, ""xmax"": 2487.99, ""ymax"": 7127.76, ""confidence"": 0.63, ""name"": ""flower_many""}, {""xmin"": 2487.69, ""ymin"": 2189.03, ""xmax"": 3600.35, ""ymax"": 3685.66, ""confidence"": 0.57, ""name"": ""flower_many""}, {""xmin"": 4638.31, ""ymin"": 3172.49, ""xmax"": 5337.21, ""ymax"": 4123.83, ""confidence"": 0.33, ""name"": ""flower_many""}, {""xmin"": 5118.62, ""ymin"": 3822.0, ""xmax"": 5466.17, ""ymax"": 4126.33, ""confidence"": 0.33, ""name"": ""flower_many""}, {""xmin"": 4379.57, ""ymin"": 3166.05, ""xmax"": 4731.67, ""ymax"": 3532.74, ""confidence"": 0.23, ""name"": ""flower_many""}]",sample_outputs/annotated/HERB_0385_annotated.jpg
HERB_0386.jpg,1,20,1,3,0.3887,"[{""xmin"": 6364.05, ""ymin"": 5973.3, ""xmax"": 6432.76, ""ymax"": 6066.25, ""confidence"": 0.39, ""name"": ""flower_one""}, {""xmin"": 6418.34, ""ymin"": 6179.88, ""xmax"": 6507.39, ""ymax"": 6270.19, ""confidence"": 0.33, ""name"": ""flower_one""}, {""xmin"": 4881.13, ""ymin"": 3040.12, ""xmax"": 4996.16, ""ymax"": 3136.06, ""confidence"": 0.32, ""name"": ""flower_one""}, {""xmin"": 4631.82, ""ymin"": 2984.78, ""xmax"": 4721.84, ""ymax"": 3095.99, ""confidence"": 0.28, ""name"": ""flower_one""}, {""xmin"": 5788.35, ""ymin"": 5223.87, ""xmax"": 5909.63, ""ymax"": 5335.05, ""confidence"": 0.28, ""name"": ""flower_one""}, {""xmin"": 6414.2, ""ymin"": 6103.14, ""xmax"": 6515.65, ""ymax"": 6204.88, ""confidence"": 0.27, ""name"": ""flower_one""}, {""xmin"": 6068.14, ""ymin"": 3091.43, ""xmax"": 6483.66, ""ymax"": 3345.32, ""confidence"": 0.23, ""name"": ""flower_one""}, {""xmin"": 4750.53, ""ymin"": 3209.21, ""xmax"": 4873.24, ""ymax"": 3287.54, ""confidence"": 0.22, ""name"": ""flower_one""}, {""xmin"": 5896.94, ""ymin"": 5241.4, ""xmax"": 5993.74, ""ymax"": 5346.46, ""confidence"": 0.2, ""name"": ""flower_one""}, {""xmin"": 5308.77, ""ymin"": 3018.58, ""xmax"": 5411.76, ""ymax"": 3130.86, ""confidence"": 0.19, ""name"": ""flower_one""}, {""xmin"": 5871.11, ""ymin"": 5156.62, ""xmax"": 6004.91, ""ymax"": 5251.4, ""confidence"": 0.19, ""name"": ""flower_one""}, {""xmin"": 1982.52, ""ymin"": 4558.12, ""xmax"": 2066.1, ""ymax"": 4646.12, ""confidence"": 0.19, ""name"": ""bud""}, {""xmin"": 5512.25, ""ymin"": 5319.53, ""xmax"": 5665.66, ""ymax"": 5528.54, ""confidence"": 0.17, ""name"": ""flower_one""}, {""xmin"": 5786.15, ""ymin"": 5168.63, ""xmax"": 5992.92, ""ymax"": 5335.71, ""confidence"": 0.14, ""name"": ""flower_one""}, {""xmin"": 4552.63, ""ymin"": 2964.52, ""xmax"": 4719.3, ""ymax"": 3090.11, ""confidence"": 0.14, ""name"": ""flower_one""}, {""xmin"": 5712.19, ""ymin"": 5024.38, ""xmax"": 5789.35, ""ymax"": 5111.72, ""confidence"": 0.14, ""name"": ""flower_one""}, {""xmin"": 5604.45, ""ymin"": 5307.78, ""xmax"": 5733.55, ""ymax"": 5397.09, ""confidence"": 0.13, ""name"": ""flower_one""}, {""xmin"": 6398.9, ""ymin"": 6011.52, ""xmax"": 6526.02, ""ymax"": 6239.81, ""confidence"": 0.12, ""name"": ""flower_one""}, {""xmin"": 5508.96, ""ymin"": 5310.82, ""xmax"": 5691.86, ""ymax"": 5534.86, ""confidence"": 0.12, ""name"": ""flower_many""}, {""xmin"": 4533.92, ""ymin"": 2952.17, ""xmax"": 4618.31, ""ymax"": 3034.43, ""confidence"": 0.11, ""name"": ""bud""}, {""xmin"": 6682.16, ""ymin"": 6390.32, ""xmax"": 6799.03, ""ymax"": 6492.74, ""confidence"": 0.11, ""name"": ""flower_one""}, {""xmin"": 5267.84, ""ymin"": 2585.81, ""xmax"": 5455.62, ""ymax"": 3151.86, ""confidence"": 0.11, ""name"": ""flower_one""}, {""xmin"": 3121.99, ""ymin"": 5332.4, ""xmax"": 3185.3, ""ymax"": 5397.44, ""confidence"": 0.11, ""name"": ""bud""}, {""xmin"": 6366.56, ""ymin"": 5916.25, ""xmax"": 6421.19, ""ymax"": 6014.8, ""confidence"": 0.1, ""name"": ""flower_one""}]",sample_outputs/annotated/HERB_0386_annotated.jpg
HERB_0388.jpg,0,0,0,0,0.0,[],sample_outputs/annotated/HERB_0388_annotated.jpg
HERB_0389.jpg,0,0,0,0,0.0,[],sample_outputs/annotated/HERB_0389_annotated.jpg
HERB_0390.jpg,0,0,0,0,0.0,[],sample_outputs/annotated/HERB_0390_annotated.jpg
HERB_0391.jpg,0,0,0,0,0.0,[],sample_outputs/annotated/HERB_0391_annotated.jpg
HERB_0392.jpg,0,0,0,0,0.0,[],sample_outputs/annotated/HERB_0392_annotated.jpg
HERB_0393.jpg,1,28,3,1,0.4046,"[{""xmin"": 301.09, ""ymin"": 235.34, ""xmax"": 311.77, ""ymax"": 249.64, ""confidence"": 0.4, ""name"": ""flower_one""}, {""xmin"": 321.65, ""ymin"": 242.0, ""xmax"": 335.03, ""ymax"": 255.2, ""confidence"": 0.34, ""name"": ""flower_one""}, {""xmin"": 317.85, ""ymin"": 316.72, ""xmax"": 331.77, ""ymax"": 330.45, ""confidence"": 0.32, ""name"": ""flower_one""}, {""xmin"": 386.07, ""ymin"": 301.56, ""xmax"": 400.52, ""ymax"": 317.8, ""confidence"": 0.3, ""name"": ""flower_one""}, {""xmin"": 339.97, ""ymin"": 297.4, ""xmax"": 350.1, ""ymax"": 311.45, ""confidence"": 0.28, ""name"": ""flower_one""}, {""xmin"": 393.75, ""ymin"": 311.1, ""xmax"": 413.87, ""ymax"": 326.43, ""confidence"": 0.28, ""name"": ""flower_one""}, {""xmin"": 271.7, ""ymin"": 266.98, ""xmax"": 284.01, ""ymax"": 279.45, ""confidence"": 0.27, ""name"": ""flower_one""}, {""xmin"": 249.06, ""ymin"": 228.68, ""xmax"": 339.97, ""ymax"": 286.24, ""confidence"": 0.26, ""name"": ""flower_many""}, {""xmin"": 392.13, ""ymin"": 316.54, ""xmax"": 411.61, ""ymax"": 331.09, ""confidence"": 0.26, ""name"": ""flower_one""}, {""xmin"": 314.49, ""ymin"": 254.36, ""xmax"": 328.87, ""ymax"": 266.49, ""confidence"": 0.24, ""name"": ""flower_one""}, {""xmin"": 358.25, ""ymin"": 315.06, ""xmax"": 370.96, ""ymax"": 329.33, ""confidence"": 0.24, ""name"": ""flower_one""}, {""xmin"": 313.14, ""ymin"": 297.17, ""xmax"": 414.43, ""ymax"": 358.78, ""confidence"": 0.21, ""name"": ""flower_many""}, {""xmin"": 251.11, ""ymin"": 211.69, ""xmax"": 413.44, ""ymax"": 368.84, ""confidence"": 0.19, ""name"": ""flower_many""}, {""xmin"": 350.24, ""ymin"": 302.49, ""xmax"": 362.88, ""ymax"": 317.59, ""confidence"": 0.18, ""name"": ""flower_one""}, {""xmin"": 384.38, ""ymin"": 206.64, ""xmax"": 396.47, ""ymax"": 219.99, ""confidence"": 0.17, ""name"": ""flower_one""}, {""xmin"": 363.67, ""ymin"": 307.01, ""xmax"": 374.76, ""ymax"": 318.24, ""confidence"": 0.17, ""name"": ""flower_one""}, {""xmin"": 697.92, ""ymin"": 554.51, ""xmax"": 719.72, ""ymax"": 569.88, ""confidence"": 0.16, ""name"": ""flower_one""}, {""xmin"": 316.89, ""ymin"": 329.26, ""xmax"": 329.02, ""ymax"": 341.47, ""confidence"": 0.16, ""name"": ""flower_one""}, {""xmin"": 279.27, ""ymin"": 234.15, ""xmax"": 291.24, ""ymax"": 253.12, ""confidence"": 0.16, ""name"": ""flower_one""}, {""xmin"": 323.66, ""ymin"": 483.4, ""xmax"": 344.64, ""ymax"": 504.78, ""confidence"": 0.16, ""name"": ""flower_one""}, {""xmin"": 792.98, ""ymin"": 521.61, ""xmax"": 813.51, ""ymax"": 536.89, ""confidence"": 0.15, ""name"": ""flower_one""}, {""xmin"": 340.52, ""ymin"": 298.75, ""xmax"": 358.86, ""ymax"": 314.2, ""confidence"": 0.15, ""name"": ""flower_one""}, {""xmin"": 351.79, ""ymin"": 305.49, ""xmax"": 371.82, ""ymax"": 325.96, ""confidence"": 0.14, ""name"": ""flower_one""}, {""xmin"": 708.31, ""ymin"": 629.94, ""xmax"": 718.85, ""ymax"": 642.84, ""confidence"": 0.14, ""name"": ""flower_one""}, {""xmin"": 386.3, ""ymin"": 212.39, ""xmax"": 397.74, ""ymax"": 225.67, ""confidence"": 0.13, ""name"": ""flower_one""}, {""xmin"": 784.76, ""ymin"": 515.77, ""xmax"": 809.43, ""ymax"": 537.12, ""confidence"": 0.13, ""name"": ""flower_one""}, {""xmin"": 316.47, ""ymin"": 295.34, ""xmax"": 408.95, ""ymax"": 353.69, ""confidence"": 0.11, ""name"": ""flower_one""}, {""xmin"": 268.39, ""ymin"": 231.34, ""xmax"": 287.57, ""ymax"": 255.6, ""confidence"": 0.11, ""name"": ""flower_one""}, {""xmin"": 361.26, ""ymin"": 307.76, ""xmax"": 373.11, ""ymax"": 325.23, ""confidence"": 0.11, ""name"": ""flower_one""}, {""xmin"": 318.25, ""ymin"": 318.46, ""xmax"": 341.67, ""ymax"": 336.49, ""confidence"": 0.11, ""name"": ""flower_one""}, {""xmin"": 253.43, ""ymin"": 229.66, ""xmax"": 341.94, ""ymax"": 281.6, ""confidence"": 0.11, ""name"": ""flower_one""}, {""xmin"": 793.24, ""ymin"": 475.56, ""xmax"": 804.03, ""ymax"": 487.37, ""confidence"": 0.1, ""name"": ""bud""}]",sample_outputs/annotated/HERB_0393_annotated.jpg
HERB_0394.jpg,1,0,1,0,0.1014,"[{""xmin"": 684.9, ""ymin"": 1836.33, ""xmax"": 864.14, ""ymax"": 2175.27, ""confidence"": 0.1, ""name"": ""flower_many""}]",sample_outputs/annotated/HERB_0394_annotated.jpg
HERB_0395.jpg,1,1,0,0,0.1281,"[{""xmin"": 2815.08, ""ymin"": 5267.96, ""xmax"": 3212.87, ""ymax"": 5568.8, ""confidence"": 0.13, ""name"": ""flower_one""}]",sample_outputs/annotated/HERB_0395_annotated.jpg
HERB_0396.jpg,0,0,0,0,0.0,[],sample_outputs/annotated/HERB_0396_annotated.jpg
HERB_0397.jpg,0,0,0,0,0.0,[],sample_outputs/annotated/HERB_0397_annotated.jpg
HERB_0398.jpg,1,6,0,3,0.699,"[{""xmin"": 966.23, ""ymin"": 1884.09, ""xmax"": 1006.84, ""ymax"": 1923.19, ""confidence"": 0.7, ""name"": ""bud""}, {""xmin"": 1098.49, ""ymin"": 537.27, ""xmax"": 1227.02, ""ymax"": 715.34, ""confidence"": 0.59, ""name"": ""flower_one""}, {""xmin"": 826.35, ""ymin"": 220.08, ""xmax"": 924.66, ""ymax"": 337.31, ""confidence"": 0.3, ""name"": ""flower_one""}, {""xmin"": 973.77, ""ymin"": 2316.0, ""xmax"": 1005.99, ""ymax"": 2363.54, ""confidence"": 0.2, ""name"": ""bud""}, {""xmin"": 537.71, ""ymin"": 949.69, ""xmax"": 617.36, ""ymax"": 1067.86, ""confidence"": 0.19, ""name"": ""flower_one""}, {""xmin"": 536.04, ""ymin"": 837.21, ""xmax"": 660.63, ""ymax"": 1072.84, ""confidence"": 0.17, ""name"": ""flower_one""}, {""xmin"": 934.4, ""ymin"": 1551.05, ""xmax"": 950.82, ""ymax"": 1571.88, ""confidence"": 0.12, ""name"": ""bud""}, {""xmin"": 772.74, ""ymin"": 215.05, ""xmax"": 964.64, ""ymax"": 660.41, ""confidence"": 0.12, ""name"": ""flower_one""}, {""xmin"": 547.86, ""ymin"": 817.75, ""xmax"": 687.53, ""ymax"": 972.37, ""confidence"": 0.1, ""name"": ""flower_one""}]",sample_outputs/annotated/HERB_0398_annotated.jpg
HERB_0399.jpg,1,0,0,8,0.2632,"[{""xmin"": 5094.34, ""ymin"": 2759.47, ""xmax"": 5160.2, ""ymax"": 2853.84, ""confidence"": 0.26, ""name"": ""bud""}, {""xmin"": 2545.94, ""ymin"": 3247.99, ""xmax"": 2654.69, ""ymax"": 3316.04, ""confidence"": 0.2, ""name"": ""bud""}, {""xmin"": 5140.13, ""ymin"": 2934.7, ""xmax"": 5193.37, ""ymax"": 2996.07, ""confidence"": 0.19, ""name"": ""bud""}, {""xmin"": 5108.91, ""ymin"": 3010.66, ""xmax"": 5184.96, ""ymax"": 3090.45, ""confidence"": 0.15, ""name"": ""bud""}, {""xmin"": 5073.03, ""ymin"": 2859.69, ""xmax"": 5131.76, ""ymax"": 2921.36, ""confidence"": 0.13, ""name"": ""bud""}, {""xmin"": 5082.38, ""ymin"": 2757.39, ""xmax"": 5169.2, ""ymax"": 2922.41, ""confidence"": 0.12, ""name"": ""bud""}, {""xmin"": 5095.11, ""ymin"": 3003.87, ""xmax"": 5145.25, ""ymax"": 3068.02, ""confidence"": 0.12, ""name"": ""bud""}, {""xmin"": 2766.06, ""ymin"": 3375.4, ""xmax"": 2843.41, ""ymax"": 3428.11, ""confidence"": 0.11, ""name"": ""bud""}]",sample_outputs/annotated/HERB_0399_annotated.jpg
HERB_0400.jpg,1,0,0,4,0.2308,"[{""xmin"": 1316.61, ""ymin"": 1073.89, ""xmax"": 1347.86, ""ymax"": 1111.85, ""confidence"": 0.23, ""name"": ""bud""}, {""xmin"": 1325.64, ""ymin"": 1074.4, ""xmax"": 1347.59, ""ymax"": 1096.15, ""confidence"": 0.2, ""name"": ""bud""}, {""xmin"": 1320.49, ""ymin"": 1085.03, ""xmax"": 1347.53, ""ymax"": 1128.79, ""confidence"": 0.17, ""name"": ""bud""}, {""xmin"": 1323.49, ""ymin"": 1107.67, ""xmax"": 1346.03, ""ymax"": 1130.28, ""confidence"": 0.16, ""name"": ""bud""}]",sample_outputs/annotated/HERB_0400_annotated.jpg
HERB_0402.jpg,1,3,0,0,0.3866,"[{""xmin"": 2705.25, ""ymin"": 5597.43, ""xmax"": 3099.7, ""ymax"": 5979.4, ""confidence"": 0.39, ""name"": ""flower_one""}, {""xmin"": 3377.99, ""ymin"": 5347.87, ""xmax"": 4065.93, ""ymax"": 5742.96, ""confidence"": 0.21, ""name"": ""flower_one""}, {""xmin"": 3366.83, ""ymin"": 5551.87, ""xmax"": 4123.79, ""ymax"": 5758.81, ""confidence"": 0.16, ""name"": ""flower_one""}]",sample_outputs/annotated/HERB_0402_annotated.jpg
HERB_0406.jpg,0,0,0,0,0.0,[],sample_outputs/annotated/HERB_0406_annotated.jpg
HERB_0407.jpg,1,0,2,7,0.5255,"[{""xmin"": 1104.87, ""ymin"": 2128.74, ""xmax"": 1131.7, ""ymax"": 2161.77, ""confidence"": 0.53, ""name"": ""bud""}, {""xmin"": 1113.32, ""ymin"": 1807.46, ""xmax"": 1140.35, ""ymax"": 1853.99, ""confidence"": 0.52, ""name"": ""bud""}, {""xmin"": 1074.16, ""ymin"": 1617.08, ""xmax"": 1102.39, ""ymax"": 1675.05, ""confidence"": 0.49, ""name"": ""bud""}, {""xmin"": 1060.03, ""ymin"": 2270.84, ""xmax"": 1085.1, ""ymax"": 2304.86, ""confidence"": 0.4, ""name"": ""bud""}, {""xmin"": 1103.25, ""ymin"": 1450.85, ""xmax"": 1125.15, ""ymax"": 1493.7, ""confidence"": 0.29, ""name"": ""bud""}, {""xmin"": 574.96, ""ymin"": 203.32, ""xmax"": 956.05, ""ymax"": 771.71, ""confidence"": 0.27, ""name"": ""flower_many""}, {""xmin"": 1068.89, ""ymin"": 1974.4, ""xmax"": 1096.51, ""ymax"": 2011.48, ""confidence"": 0.24, ""name"": ""bud""}, {""xmin"": 985.75, ""ymin"": 476.28, ""xmax"": 1068.81, ""ymax"": 660.35, ""confidence"": 0.21, ""name"": ""flower_many""}, {""xmin"": 1050.85, ""ymin"": 1264.72, ""xmax"": 1077.69, ""ymax"": 1317.78, ""confidence"": 0.18, ""name"": ""bud""}]",sample_outputs/annotated/HERB_0407_annotated.jpg
HERB_0411.jpg,1,3,0,0,0.6642,"[{""xmin"": 1406.15, ""ymin"": 1682.34, ""xmax"": 1603.35, ""ymax"": 1910.02, ""confidence"": 0.66, ""name"": ""flower_one""}, {""xmin"": 1187.96, ""ymin"": 1352.36, ""xmax"": 1479.77, ""ymax"": 1548.02, ""confidence"": 0.25, ""name"": ""flower_one""}, {""xmin"": 1184.81, ""ymin"": 1533.57, ""xmax"": 1610.03, ""ymax"": 1915.68, ""confidence"": 0.12, ""name"": ""flower_one""}]",sample_outputs/annotated/HERB_0411_annotated.jpg
HERB_0413.jpg,0,0,0,0,0.0,[],sample_outputs/annotated/HERB_0413_annotated.jpg
HERB_0414.jpg,1,15,10,0,0.5877,"[{""xmin"": 5969.67, ""ymin"": 1632.54, ""xmax"": 6340.5, ""ymax"": 2021.04, ""confidence"": 0.59, ""name"": ""flower_many""}, {""xmin"": 4572.63, ""ymin"": 2850.43, ""xmax"": 4848.47, ""ymax"": 3110.59, ""confidence"": 0.58, ""name"": ""flower_one""}, {""xmin"": 3730.49, ""ymin"": 3505.74, ""xmax"": 4045.37, ""ymax"": 3837.65, ""confidence"": 0.57, ""name"": ""flower_many""}, {""xmin"": 5635.0, ""ymin"": 1982.98, ""xmax"": 5872.75, ""ymax"": 2224.48, ""confidence"": 0.56, ""name"": ""flower_one""}, {""xmin"": 5697.07, ""ymin"": 2148.53, ""xmax"": 6036.46, ""ymax"": 2367.9, ""confidence"": 0.55, ""name"": ""flower_one""}, {""xmin"": 2275.12, ""ymin"": 1173.2, ""xmax"": 2548.85, ""ymax"": 1421.86, ""confidence"": 0.47, ""name"": ""flower_one""}, {""xmin"": 2074.85, ""ymin"": 2160.83, ""xmax"": 2411.06, ""ymax"": 2397.0, ""confidence"": 0.47, ""name"": ""flower_many""}, {""xmin"": 5067.87, ""ymin"": 3852.64, ""xmax"": 5410.51, ""ymax"": 4204.7, ""confidence"": 0.45, ""name"": ""flower_many""}, {""xmin"": 5967.12, ""ymin"": 1621.98, ""xmax"": 6347.23, ""ymax"": 2023.39, ""confidence"": 0.37, ""name"": ""flower_one""}, {""xmin"": 2204.63, ""ymin"": 1439.55, ""xmax"": 2500.71, ""ymax"": 1689.03, ""confidence"": 0.33, ""name"": ""flower_many""}, {""xmin"": 5214.68, ""ymin"": 3509.76, ""xmax"": 5532.39, ""ymax"": 3796.32, ""confidence"": 0.3, ""name"": ""flower_one""}, {""xmin"": 1681.97, ""ymin"": 3157.17, ""xmax"": 1783.64, ""ymax"": 3277.23, ""confidence"": 0.26, ""name"": ""flower_one""}, {""xmin"": 4821.58, ""ymin"": 3367.0, ""xmax"": 4972.43, ""ymax"": 3487.49, ""confidence"": 0.26, ""name"": ""flower_one""}, {""xmin"": 5216.94, ""ymin"": 3508.32, ""xmax"": 5528.92, ""ymax"": 3795.4, ""confidence"": 0.26, ""name"": ""flower_many""}, {""xmin"": 1349.77, ""ymin"": 2871.01, ""xmax"": 1536.14, ""ymax"": 3039.97, ""confidence"": 0.25, ""name"": ""flower_many""}, {""xmin"": 3915.73, ""ymin"": 3801.93, ""xmax"": 4080.88, ""ymax"": 3932.13, ""confidence"": 0.24, ""name"": ""flower_one""}, {""xmin"": 2077.24, ""ymin"": 2167.86, ""xmax"": 2257.23, ""ymax"": 2349.38, ""confidence"": 0.24, ""name"": ""flower_one""}, {""xmin"": 5056.84, ""ymin"": 4176.9, ""xmax"": 5173.01, ""ymax"": 4285.16, ""confidence"": 0.22, ""name"": ""flower_one""}, {""xmin"": 5081.19, ""ymin"": 3856.69, ""xmax"": 5405.62, ""ymax"": 4175.59, ""confidence"": 0.22, ""name"": ""flower_one""}, {""xmin"": 5085.88, ""ymin"": 3960.84, ""xmax"": 5227.5, ""ymax"": 4142.31, ""confidence"": 0.21, ""name"": ""flower_one""}, {""xmin"": 5006.21, ""ymin"": 4156.36, ""xmax"": 5138.73, ""ymax"": 4272.78, ""confidence"": 0.16, ""name"": ""flower_one""}, {""xmin"": 3733.58, ""ymin"": 3523.72, ""xmax"": 4005.1, ""ymax"": 3801.23, ""confidence"": 0.16, ""name"": ""flower_one""}, {""xmin"": 2210.12, ""ymin"": 1216.7, ""xmax"": 2558.62, ""ymax"": 1838.03, ""confidence"": 0.16, ""name"": ""flower_many""}, {""xmin"": 2241.63, ""ymin"": 2196.59, ""xmax"": 2412.47, ""ymax"": 2379.82, ""confidence"": 0.12, ""name"": ""flower_many""}, {""xmin"": 4824.37, ""ymin"": 3337.2, ""xmax"": 5525.99, ""ymax"": 3779.97, ""confidence"": 0.11, ""name"": ""flower_many""}]",sample_outputs/annotated/HERB_0414_annotated.jpg
HERB_0415.jpg,1,1,1,3,0.1787,"[{""xmin"": 1351.46, ""ymin"": 1840.27, ""xmax"": 1513.48, ""ymax"": 1987.57, ""confidence"": 0.18, ""name"": ""flower_one""}, {""xmin"": 261.61, ""ymin"": 1161.89, ""xmax"": 285.25, ""ymax"": 1187.01, ""confidence"": 0.17, ""name"": ""bud""}, {""xmin"": 988.24, ""ymin"": 198.14, ""xmax"": 1317.1, ""ymax"": 496.98, ""confidence"": 0.17, ""name"": ""flower_many""}, {""xmin"": 481.57, ""ymin"": 746.84, ""xmax"": 495.39, ""ymax"": 758.01, ""confidence"": 0.14, ""name"": ""bud""}, {""xmin"": 522.6, ""ymin"": 723.39, ""xmax"": 542.09, ""ymax"": 741.33, ""confidence"": 0.12, ""name"": ""bud""}]",sample_outputs/annotated/HERB_0415_annotated.jpg
HERB_0417.jpg,1,230,34,0,0.7172,"[{""xmin"": 704.08, ""ymin"": 191.67, ""xmax"": 843.26, ""ymax"": 395.29, ""confidence"": 0.72, ""name"": ""flower_one""}, {""xmin"": 203.41, ""ymin"": 141.13, ""xmax"": 333.16, ""ymax"": 332.59, ""confidence"": 0.68, ""name"": ""flower_one""}, {""xmin"": 475.54, ""ymin"": 971.76, ""xmax"": 633.82, ""ymax"": 1091.25, ""confidence"": 0.67, ""name"": ""flower_many""}, {""xmin"": 1005.66, ""ymin"": 1112.13, ""xmax"": 1083.23, ""ymax"": 1187.78, ""confidence"": 0.65, ""name"": ""flower_one""}, {""xmin"": 630.6, ""ymin"": 1038.73, ""xmax"": 704.35, ""ymax"": 1123.07, ""confidence"": 0.65, ""name"": ""flower_one""}, {""xmin"": 796.88, ""ymin"": 630.96, ""xmax"": 895.01, ""ymax"": 705.16, ""confidence"": 0.65, ""name"": ""flower_one""}, {""xmin"": 1455.97, ""ymin"": 2000.0, ""xmax"": 1582.08, ""ymax"": 2000.0, ""confidence"": 0.65, ""name"": ""flower_one""}, {""xmin"": 611.82, ""ymin"": 1024.15, ""xmax"": 813.55, ""ymax"": 1164.16, ""confidence"": 0.63, ""name"": ""flower_many""}, {""xmin"": 843.23, ""ymin"": 544.37, ""xmax"": 921.88, ""ymax"": 629.31, ""confidence"": 0.63, ""name"": ""flower_one""}, {""xmin"": 1461.98, ""ymin"": 2000.0, ""xmax"": 1566.42, ""ymax"": 2000.0, ""confidence"": 0.6, ""name"": ""flower_one""}, {""xmin"": 401.09, ""ymin"": 173.79, ""xmax"": 545.81, ""ymax"": 323.8, ""confidence"": 0.59, ""name"": ""flower_one""}, {""xmin"": 1327.27, ""ymin"": 1228.44, ""xmax"": 1390.47, ""ymax"": 1306.34, ""confidence"": 0.58, ""name"": ""flower_one""}, {""xmin"": 102.7, ""ymin"": 556.81, ""xmax"": 205.02, ""ymax"": 685.3, ""confidence"": 0.58, ""name"": ""flower_one""}, {""xmin"": 1224.39, ""ymin"": 1172.13, ""xmax"": 1310.46, ""ymax"": 1262.04, ""confidence"": 0.58, ""name"": ""flower_one""}, {""xmin"": 1040.62, ""ymin"": 163.13, ""xmax"": 1191.16, ""ymax"": 295.49, ""confidence"": 0.58, ""name"": ""flower_one""}, {""xmin"": 735.3, ""ymin"": 1057.22, ""xmax"": 816.81, ""ymax"": 1132.25, ""confidence"": 0.57, ""name"": ""flower_one""}, {""xmin"": 1570.12, ""ymin"": 604.64, ""xmax"": 1641.68, ""ymax"": 686.89, ""confidence"": 0.57, ""name"": ""flower_one""}, {""xmin"": 1326.05, ""ymin"": 1176.91, ""xmax"": 1385.77, ""ymax"": 1251.3, ""confidence"": 0.56, ""name"": ""flower_one""}, {""xmin"": 1613.18, ""ymin"": 580.14, ""xmax"": 1664.05, ""ymax"": 659.15, ""confidence"": 0.55, ""name"": ""flower_one""}, {""xmin"": 586.27, ""ymin"": 1094.53, ""xmax"": 686.16, ""ymax"": 1167.97, ""confidence"": 0.55, ""name"": ""flower_one""}, {""xmin"": 578.88, ""ymin"": 228.18, ""xmax"": 695.67, ""ymax"": 363.05, ""confidence"": 0.55, ""name"": ""flower_one""}, {""xmin"": 1544.1, ""ymin"": 709.18, ""xmax"": 1714.79, ""ymax"": 854.81, ""confidence"": 0.55, ""name"": ""flower_one""}, {""xmin"": 802.83, ""ymin"": 576.59, ""xmax"": 887.51, ""ymax"": 647.87, ""confidence"": 0.54, ""name"": ""flower_one""}, {""xmin"": 439.4, ""ymin"": 81.67, ""xmax"": 566.71, ""ymax"": 314.04, ""confidence"": 0.54, ""name"": ""flower_one""}, {""xmin"": 686.58, ""ymin"": 1022.22, ""xmax"": 754.38, ""ymax"": 1087.08, ""confidence"": 0.52, ""name"": ""flower_one""}, {""xmin"": 174.57, ""ymin"": 889.28, ""xmax"": 492.12, ""ymax"": 1250.33, ""confidence"": 0.52, ""name"": ""flower_many""}, {""xmin"": 778.48, ""ymin"": 249.51, ""xmax"": 870.21, ""ymax"": 393.6, ""confidence"": 0.49, ""name"": ""flower_one""}, {""xmin"": 1658.26, ""ymin"": 2000.0, ""xmax"": 1744.84, ""ymax"": 2000.0, ""confidence"": 0.48, ""name"": ""flower_one""}, {""xmin"": 1569.59, ""ymin"": 583.92, ""xmax"": 1700.68, ""ymax"": 693.98, ""confidence"": 0.48, ""name"": ""flower_many""}, {""xmin"": 979.7, ""ymin"": 427.17, ""xmax"": 1124.72, ""ymax"": 546.2, ""confidence"": 0.47, ""name"": ""flower_one""}, {""xmin"": 440.18, ""ymin"": 1310.56, ""xmax"": 514.68, ""ymax"": 1385.19, ""confidence"": 0.46, ""name"": ""flower_one""}, {""xmin"": 472.68, ""ymin"": 61.16, ""xmax"": 637.02, ""ymax"": 313.76, ""confidence"": 0.45, ""name"": ""flower_one""}, {""xmin"": 1111.58, ""ymin"": 85.01, ""xmax"": 1254.61, ""ymax"": 268.4, ""confidence"": 0.45, ""name"": ""flower_one""}, {""xmin"": 493.08, ""ymin"": 1267.45, ""xmax"": 549.17, ""ymax"": 1322.09, ""confidence"": 0.45, ""name"": ""flower_one""}, {""xmin"": 1477.02, ""ymin"": 448.48, ""xmax"": 1588.2, ""ymax"": 544.68, ""confidence"": 0.45, ""name"": ""flower_one""}, {""xmin"": 1135.57, ""ymin"": 999.55, ""xmax"": 1296.5, ""ymax"": 1132.12, ""confidence"": 0.45, ""name"": ""flower_one""}, {""xmin"": 1451.15, ""ymin"": 599.93, ""xmax"": 1555.66, ""ymax"": 725.02, ""confidence"": 0.43, ""name"": ""flower_one""}, {""xmin"": 1535.04, ""ymin"": 235.78, ""xmax"": 1781.44, ""ymax"": 620.66, ""confidence"": 0.43, ""name"": ""flower_many""}, {""xmin"": 880.78, ""ymin"": 558.49, ""xmax"": 970.13, ""ymax"": 654.28, ""confidence"": 0.43, ""name"": ""flower_one""}, {""xmin"": 471.5, ""ymin"": 968.99, ""xmax"": 629.92, ""ymax"": 1090.63, ""confidence"": 0.43, ""name"": ""flower_one""}, {""xmin"": 399.45, ""ymin"": 912.67, ""xmax"": 489.1, ""ymax"": 1006.76, ""confidence"": 0.43, ""name"": ""flower_one""}, {""xmin"": 529.85, ""ymin"": 234.44, ""xmax"": 621.18, ""ymax"": 364.4, ""confidence"": 0.42, ""name"": ""flower_one""}, {""xmin"": 474.35, ""ymin"": 970.45, ""xmax"": 564.97, ""ymax"": 1051.43, ""confidence"": 0.41, ""name"": ""flower_one""}, {""xmin"": 976.85, ""ymin"": 881.47, ""xmax"": 1062.94, ""ymax"": 965.66, ""confidence"": 0.41, ""name"": ""flower_one""}, {""xmin"": 1405.34, ""ymin"": 440.79, ""xmax"": 1487.8, ""ymax"": 547.79, ""confidence"": 0.4, ""name"": ""flower_one""}, {""xmin"": 110.03, ""ymin"": 464.15, ""xmax"": 207.01, ""ymax"": 562.72, ""confidence"": 0.4, ""name"": ""flower_one""}, {""xmin"": 1612.63, ""ymin"": 236.47, ""xmax"": 1652.47, ""ymax"": 291.21, ""confidence"": 0.39, ""name"": ""flower_one""}, {""xmin"": 166.15, ""ymin"": 313.15, ""xmax"": 323.84, ""ymax"": 469.0, ""confidence"": 0.39, ""name"": ""flower_one""}, {""xmin"": 1001.67, ""ymin"": 929.87, ""xmax"": 1103.46, ""ymax"": 1038.11, ""confidence"": 0.39, ""name"": ""flower_one""}, {""xmin"": 441.96, ""ymin"": 1262.52, ""xmax"": 503.91, ""ymax"": 1321.61, ""confidence"": 0.39, ""name"": ""flower_one""}, {""xmin"": 436.58, ""ymin"": 1257.67, ""xmax"": 632.66, ""ymax"": 1466.34, ""confidence"": 0.38, ""name"": ""flower_many""}, {""xmin"": 120.09, ""ymin"": 418.81, ""xmax"": 199.7, ""ymax"": 499.74, ""confidence"": 0.38, ""name"": ""flower_one""}, {""xmin"": 485.45, ""ymin"": 1372.25, ""xmax"": 549.91, ""ymax"": 1425.27, ""confidence"": 0.37, ""name"": ""flower_one""}, {""xmin"": 92.13, ""ymin"": 25.33, ""xmax"": 801.98, ""ymax"": 680.4, ""confidence"": 0.37, ""name"": ""flower_many""}, {""xmin"": 1615.23, ""ymin"": 2305.91, ""xmax"": 1683.59, ""ymax"": 2378.93, ""confidence"": 0.37, ""name"": ""flower_one""}, {""xmin"": 379.16, ""ymin"": 747.74, ""xmax"": 453.54, ""ymax"": 820.24, ""confidence"": 0.37, ""name"": ""flower_one""}, {""xmin"": 616.91, ""ymin"": 336.28, ""xmax"": 717.08, ""ymax"": 414.52, ""confidence"": 0.37, ""name"": ""flower_one""}, {""xmin"": 914.47, ""ymin"": 151.31, ""xmax"": 1083.04, ""ymax"": 320.86, ""confidence"": 0.36, ""name"": ""flower_one""}, {""xmin"": 1139.17, ""ymin"": 765.94, ""xmax"": 1207.63, ""ymax"": 830.69, ""confidence"": 0.36, ""name"": ""flower_one""}, {""xmin"": 1150.94, ""ymin"": 96.9, ""xmax"": 1321.39, ""ymax"": 286.17, ""confidence"": 0.35, ""name"": ""flower_one""}, {""xmin"": 1297.19, ""ymin"": 541.11, ""xmax"": 1416.86, ""ymax"": 632.74, ""confidence"": 0.35, ""name"": ""flower_one""}, {""xmin"": 1539.99, ""ymin"": 295.25, ""xmax"": 1593.61, ""ymax"": 340.01, ""confidence"": 0.35, ""name"": ""flower_one""}, {""xmin"": 383.8, ""ymin"": 287.07, ""xmax"": 544.3, ""ymax"": 418.52, ""confidence"": 0.35, ""name"": ""flower_one""}, {""xmin"": 594.56, ""ymin"": 378.74, ""xmax"": 684.15, ""ymax"": 450.44, ""confidence"": 0.34, ""name"": ""flower_one""}, {""xmin"": 1640.53, ""ymin"": 599.02, ""xmax"": 1690.89, ""ymax"": 665.32, ""confidence"": 0.34, ""name"": ""flower_one""}, {""xmin"": 1246.26, ""ymin"": 747.45, ""xmax"": 1305.27, ""ymax"": 815.06, ""confidence"": 0.34, ""name"": ""flower_one""}, {""xmin"": 1170.74, ""ymin"": 1358.79, ""xmax"": 1279.68, ""ymax"": 1472.84, ""confidence"": 0.33, ""name"": ""flower_one""}, {""xmin"": 1569.24, ""ymin"": 585.71, ""xmax"": 1697.95, ""ymax"": 692.91, ""confidence"": 0.33, ""name"": ""flower_one""}, {""xmin"": 338.77, ""ymin"": 900.19, ""xmax"": 413.02, ""ymax"": 978.92, ""confidence"": 0.33, ""name"": ""flower_one""}, {""xmin"": 1166.49, ""ymin"": 819.94, ""xmax"": 1239.49, ""ymax"": 911.86, ""confidence"": 0.33, ""name"": ""flower_one""}, {""xmin"": 261.63, ""ymin"": 1021.12, ""xmax"": 358.11, ""ymax"": 1116.82, ""confidence"": 0.33, ""name"": ""flower_one""}, {""xmin"": 273.87, ""ymin"": 373.45, ""xmax"": 418.91, ""ymax"": 543.7, ""confidence"": 0.33, ""name"": ""flower_one""}, {""xmin"": 1568.79, ""ymin"": 242.56, ""xmax"": 1623.75, ""ymax"": 296.67, ""confidence"": 0.33, ""name"": ""flower_one""}, {""xmin"": 1294.61, ""ymin"": 812.58, ""xmax"": 1409.05, ""ymax"": 896.5, ""confidence"": 0.33, ""name"": ""flower_one""}, {""xmin"": 539.49, ""ymin"": 696.82, ""xmax"": 659.43, ""ymax"": 801.27, ""confidence"": 0.32, ""name"": ""flower_many""}, {""xmin"": 191.16, ""ymin"": 520.78, ""xmax"": 274.47, ""ymax"": 583.87, ""confidence"": 0.32, ""name"": ""flower_one""}, {""xmin"": 610.95, ""ymin"": 282.16, ""xmax"": 726.07, ""ymax"": 373.89, ""confidence"": 0.32, ""name"": ""flower_one""}, {""xmin"": 556.35, ""ymin"": 1008.05, ""xmax"": 635.86, ""ymax"": 1083.65, ""confidence"": 0.32, ""name"": ""flower_one""}, {""xmin"": 139.52, ""ymin"": 225.67, ""xmax"": 319.11, ""ymax"": 386.64, ""confidence"": 0.31, ""name"": ""flower_one""}, {""xmin"": 1329.14, ""ymin"": 678.29, ""xmax"": 1451.33, ""ymax"": 763.94, ""confidence"": 0.31, ""name"": ""flower_one""}, {""xmin"": 311.99, ""ymin"": 908.8, ""xmax"": 387.02, ""ymax"": 1002.35, ""confidence"": 0.31, ""name"": ""flower_one""}, {""xmin"": 1626.88, ""ymin"": 446.56, ""xmax"": 1670.68, ""ymax"": 490.77, ""confidence"": 0.31, ""name"": ""flower_one""}, {""xmin"": 1338.78, ""ymin"": 982.28, ""xmax"": 1444.1, ""ymax"": 1076.06, ""confidence"": 0.31, ""name"": ""flower_one""}, {""xmin"": 1236.35, ""ymin"": 945.44, ""xmax"": 1330.84, ""ymax"": 1063.07, ""confidence"": 0.3, ""name"": ""flower_one""}, {""xmin"": 239.5, ""ymin"": 1168.7, ""xmax"": 314.71, ""ymax"": 1243.5, ""confidence"": 0.3, ""name"": ""flower_one""}, {""xmin"": 541.89, ""ymin"": 697.12, ""xmax"": 657.3, ""ymax"": 794.65, ""confidence"": 0.29, ""name"": ""flower_one""}, {""xmin"": 741.78, ""ymin"": 176.64, ""xmax"": 1071.28, ""ymax"": 521.24, ""confidence"": 0.29, ""name"": ""flower_many""}, {""xmin"": 1095.71, ""ymin"": 628.21, ""xmax"": 1209.32, ""ymax"": 713.52, ""confidence"": 0.29, ""name"": ""flower_one""}, {""xmin"": 387.57, ""ymin"": 1936.98, ""xmax"": 454.54, ""ymax"": 2001.22, ""confidence"": 0.29, ""name"": ""flower_one""}, {""xmin"": 375.37, ""ymin"": 496.04, ""xmax"": 450.22, ""ymax"": 577.63, ""confidence"": 0.29, ""name"": ""flower_one""}, {""xmin"": 1488.38, ""ymin"": 868.39, ""xmax"": 1560.97, ""ymax"": 936.92, ""confidence"": 0.28, ""name"": ""flower_one""}, {""xmin"": 1537.3, ""ymin"": 805.06, ""xmax"": 1639.74, ""ymax"": 891.41, ""confidence"": 0.28, ""name"": ""flower_one""}, {""xmin"": 1074.57, ""ymin"": 645.54, ""xmax"": 1158.65, ""ymax"": 732.58, ""confidence"": 0.28, ""name"": ""flower_one""}, {""xmin"": 947.36, ""ymin"": 587.57, ""xmax"": 1080.86, ""ymax"": 685.75, ""confidence"": 0.28, ""name"": ""flower_one""}, {""xmin"": 1204.32, ""ymin"": 224.41, ""xmax"": 1502.15, ""ymax"": 471.91, ""confidence"": 0.28, ""name"": ""flower_one""}, {""xmin"": 798.65, ""ymin"": 342.16, ""xmax"": 953.66, ""ymax"": 510.67, ""confidence"": 0.28, ""name"": ""flower_one""}, {""xmin"": 612.82, ""ymin"": 1022.45, ""xmax"": 807.66, ""ymax"": 1162.25, ""confidence"": 0.27, ""name"": ""flower_one""}, {""xmin"": 186.35, ""ymin"": 1162.62, ""xmax"": 252.6, ""ymax"": 1228.25, ""confidence"": 0.27, ""name"": ""flower_one""}, {""xmin"": 637.32, ""ymin"": 1471.15, ""xmax"": 713.66, ""ymax"": 1550.65, ""confidence"": 0.27, ""name"": ""flower_one""}, {""xmin"": 546.82, ""ymin"": 44.85, ""xmax"": 719.84, ""ymax"": 246.68, ""confidence"": 0.27, ""name"": ""flower_one""}, {""xmin"": 1126.5, ""ymin"": 1815.17, ""xmax"": 1171.38, ""ymax"": 1876.45, ""confidence"": 0.27, ""name"": ""flower_one""}, {""xmin"": 346.9, ""ymin"": 989.39, ""xmax"": 469.15, ""ymax"": 1143.22, ""confidence"": 0.26, ""name"": ""flower_one""}, {""xmin"": 1532.6, ""ymin"": 2287.61, ""xmax"": 1891.38, ""ymax"": 2590.17, ""confidence"": 0.26, ""name"": ""flower_many""}, {""xmin"": 1420.12, ""ymin"": 449.42, ""xmax"": 1602.62, ""ymax"": 658.16, ""confidence"": 0.26, ""name"": ""flower_many""}, {""xmin"": 980.21, ""ymin"": 878.42, ""xmax"": 1095.93, ""ymax"": 1018.24, ""confidence"": 0.26, ""name"": ""flower_one""}, {""xmin"": 574.08, ""ymin"": 309.21, ""xmax"": 718.22, ""ymax"": 439.38, ""confidence"": 0.26, ""name"": ""flower_one""}, {""xmin"": 1456.02, ""ymin"": 2326.39, ""xmax"": 1572.14, ""ymax"": 2517.11, ""confidence"": 0.26, ""name"": ""flower_one""}, {""xmin"": 1484.09, ""ymin"": 798.22, ""xmax"": 1644.02, ""ymax"": 928.73, ""confidence"": 0.26, ""name"": ""flower_one""}, {""xmin"": 293.0, ""ymin"": 989.45, ""xmax"": 384.22, ""ymax"": 1090.84, ""confidence"": 0.26, ""name"": ""flower_one""}, {""xmin"": 791.58, ""ymin"": 539.93, ""xmax"": 1064.71, ""ymax"": 713.24, ""confidence"": 0.26, ""name"": ""flower_many""}, {""xmin"": 1734.38, ""ymin"": 2314.96, ""xmax"": 1790.21, ""ymax"": 2382.48, ""confidence"": 0.25, ""name"": ""flower_one""}, {""xmin"": 1627.18, ""ymin"": 311.06, ""xmax"": 1654.17, ""ymax"": 340.91, ""confidence"": 0.25, ""name"": ""flower_one""}, {""xmin"": 1427.83, ""ymin"": 443.35, ""xmax"": 1597.3, ""ymax"": 584.25, ""confidence"": 0.25, ""name"": ""flower_one""}, {""xmin"": 1406.05, ""ymin"": 769.89, ""xmax"": 1496.88, ""ymax"": 832.7, ""confidence"": 0.25, ""name"": ""flower_one""}, {""xmin"": 1064.73, ""ymin"": 729.39, ""xmax"": 1174.31, ""ymax"": 804.11, ""confidence"": 0.25, ""name"": ""flower_one""}, {""xmin"": 1185.84, ""ymin"": 453.84, ""xmax"": 1266.65, ""ymax"": 546.67, ""confidence"": 0.25, ""name"": ""flower_one""}, {""xmin"": 1651.89, ""ymin"": 369.61, ""xmax"": 1691.79, ""ymax"": 401.35, ""confidence"": 0.25, ""name"": ""flower_one""}, {""xmin"": 443.95, ""ymin"": 510.39, ""xmax"": 596.41, ""ymax"": 633.29, ""confidence"": 0.25, ""name"": ""flower_one""}, {""xmin"": 335.17, ""ymin"": 897.26, ""xmax"": 489.03, ""ymax"": 1029.27, ""confidence"": 0.25, ""name"": ""flower_one""}, {""xmin"": 1201.96, ""ymin"": 681.99, ""xmax"": 1297.0, ""ymax"": 761.77, ""confidence"": 0.24, ""name"": ""flower_one""}, {""xmin"": 545.62, ""ymin"": 985.19, ""xmax"": 601.13, ""ymax"": 1046.28, ""confidence"": 0.24, ""name"": ""flower_one""}, {""xmin"": 542.09, ""ymin"": 1458.69, ""xmax"": 610.58, ""ymax"": 1517.9, ""confidence"": 0.24, ""name"": ""flower_one""}, {""xmin"": 1367.19, ""ymin"": 580.68, ""xmax"": 1549.33, ""ymax"": 714.71, ""confidence"": 0.24, ""name"": ""flower_one""}, {""xmin"": 935.52, ""ymin"": 590.48, ""xmax"": 1021.98, ""ymax"": 674.6, ""confidence"": 0.23, ""name"": ""flower_one""}, {""xmin"": 1390.48, ""ymin"": 806.13, ""xmax"": 1476.49, ""ymax"": 901.86, ""confidence"": 0.23, ""name"": ""flower_one""}, {""xmin"": 338.82, ""ymin"": 510.68, ""xmax"": 417.97, ""ymax"": 624.65, ""confidence"": 0.23, ""name"": ""flower_one""}, {""xmin"": 180.98, ""ymin"": 1078.93, ""xmax"": 385.93, ""ymax"": 1244.16, ""confidence"": 0.23, ""name"": ""flower_one""}, {""xmin"": 1532.1, ""ymin"": 852.87, ""xmax"": 1607.13, ""ymax"": 920.51, ""confidence"": 0.23, ""name"": ""flower_one""}, {""xmin"": 1345.18, ""ymin"": 901.69, ""xmax"": 1505.18, ""ymax"": 1058.39, ""confidence"": 0.22, ""name"": ""flower_one""}, {""xmin"": 1382.25, ""ymin"": 710.74, ""xmax"": 1489.91, ""ymax"": 807.6, ""confidence"": 0.22, ""name"": ""flower_one""}, {""xmin"": 205.81, ""ymin"": 905.42, ""xmax"": 484.38, ""ymax"": 1219.44, ""confidence"": 0.22, ""name"": ""flower_one""}, {""xmin"": 893.19, ""ymin"": 763.0, ""xmax"": 1017.21, ""ymax"": 883.72, ""confidence"": 0.22, ""name"": ""flower_one""}, {""xmin"": 914.0, ""ymin"": 152.11, ""xmax"": 1092.84, ""ymax"": 324.23, ""confidence"": 0.22, ""name"": ""flower_many""}, {""xmin"": 679.86, ""ymin"": 1019.74, ""xmax"": 756.54, ""ymax"": 1106.12, ""confidence"": 0.22, ""name"": ""flower_many""}, {""xmin"": 137.87, ""ymin"": 309.14, ""xmax"": 295.38, ""ymax"": 398.31, ""confidence"": 0.22, ""name"": ""flower_one""}, {""xmin"": 376.11, ""ymin"": 283.46, ""xmax"": 540.77, ""ymax"": 424.62, ""confidence"": 0.22, ""name"": ""flower_many""}, {""xmin"": 797.91, ""ymin"": 547.64, ""xmax"": 1009.19, ""ymax"": 706.59, ""confidence"": 0.21, ""name"": ""flower_one""}, {""xmin"": 1497.48, ""ymin"": 523.04, ""xmax"": 1600.59, ""ymax"": 646.57, ""confidence"": 0.21, ""name"": ""flower_one""}, {""xmin"": 1300.35, ""ymin"": 554.41, ""xmax"": 1469.11, ""ymax"": 702.81, ""confidence"": 0.21, ""name"": ""flower_one""}, {""xmin"": 169.72, ""ymin"": 368.16, ""xmax"": 441.09, ""ymax"": 576.68, ""confidence"": 0.21, ""name"": ""flower_one""}, {""xmin"": 975.42, ""ymin"": 748.13, ""xmax"": 1060.97, ""ymax"": 910.76, ""confidence"": 0.2, ""name"": ""flower_one""}, {""xmin"": 1755.89, ""ymin"": 2293.36, ""xmax"": 1805.2, ""ymax"": 2349.37, ""confidence"": 0.2, ""name"": ""flower_one""}, {""xmin"": 385.66, ""ymin"": 1935.49, ""xmax"": 497.76, ""ymax"": 2024.42, ""confidence"": 0.2, ""name"": ""flower_one""}, {""xmin"": 1451.87, ""ymin"": 553.1, ""xmax"": 1514.82, ""ymax"": 622.6, ""confidence"": 0.2, ""name"": ""flower_one""}, {""xmin"": 1060.95, ""ymin"": 627.91, ""xmax"": 1506.81, ""ymax"": 907.32, ""confidence"": 0.2, ""name"": ""flower_many""}, {""xmin"": 1541.42, ""ymin"": 237.3, ""xmax"": 1660.59, ""ymax"": 361.65, ""confidence"": 0.2, ""name"": ""flower_many""}, {""xmin"": 188.53, ""ymin"": 1150.92, ""xmax"": 310.11, ""ymax"": 1236.2, ""confidence"": 0.2, ""name"": ""flower_one""}, {""xmin"": 1625.62, ""ymin"": 385.35, ""xmax"": 1674.54, ""ymax"": 443.8, ""confidence"": 0.2, ""name"": ""flower_one""}, {""xmin"": 1215.18, ""ymin"": 223.26, ""xmax"": 1501.34, ""ymax"": 426.22, ""confidence"": 0.2, ""name"": ""flower_many""}, {""xmin"": 1603.33, ""ymin"": 332.4, ""xmax"": 1639.74, ""ymax"": 364.93, ""confidence"": 0.2, ""name"": ""flower_one""}, {""xmin"": 713.91, ""ymin"": 192.22, ""xmax"": 942.67, ""ymax"": 451.04, ""confidence"": 0.2, ""name"": ""flower_one""}, {""xmin"": 1650.33, ""ymin"": 2442.38, ""xmax"": 1808.1, ""ymax"": 2568.02, ""confidence"": 0.2, ""name"": ""flower_one""}, {""xmin"": 434.15, ""ymin"": 1252.46, ""xmax"": 634.07, ""ymax"": 1470.93, ""confidence"": 0.2, ""name"": ""flower_one""}, {""xmin"": 118.59, ""ymin"": 443.59, ""xmax"": 293.86, ""ymax"": 580.38, ""confidence"": 0.2, ""name"": ""flower_one""}, {""xmin"": 378.51, ""ymin"": 748.36, ""xmax"": 457.67, ""ymax"": 820.17, ""confidence"": 0.19, ""name"": ""flower_many""}, {""xmin"": 460.27, ""ymin"": 1943.72, ""xmax"": 506.93, ""ymax"": 1993.65, ""confidence"": 0.19, ""name"": ""flower_one""}, {""xmin"": 1236.49, ""ymin"": 1025.9, ""xmax"": 1313.39, ""ymax"": 1099.07, ""confidence"": 0.19, ""name"": ""flower_one""}, {""xmin"": 506.88, ""ymin"": 1319.29, ""xmax"": 555.93, ""ymax"": 1369.56, ""confidence"": 0.19, ""name"": ""flower_one""}, {""xmin"": 1114.54, ""ymin"": 273.01, ""xmax"": 1244.47, ""ymax"": 377.65, ""confidence"": 0.19, ""name"": ""flower_one""}, {""xmin"": 561.53, ""ymin"": 588.33, ""xmax"": 608.08, ""ymax"": 716.0, ""confidence"": 0.19, ""name"": ""flower_one""}, {""xmin"": 1640.91, ""ymin"": 629.94, ""xmax"": 1696.62, ""ymax"": 676.74, ""confidence"": 0.19, ""name"": ""flower_one""}, {""xmin"": 1042.75, ""ymin"": 401.54, ""xmax"": 1180.96, ""ymax"": 522.9, ""confidence"": 0.19, ""name"": ""flower_one""}, {""xmin"": 183.11, ""ymin"": 1071.87, ""xmax"": 293.67, ""ymax"": 1181.3, ""confidence"": 0.18, ""name"": ""flower_one""}, {""xmin"": 431.81, ""ymin"": 399.52, ""xmax"": 596.13, ""ymax"": 622.27, ""confidence"": 0.18, ""name"": ""flower_one""}, {""xmin"": 300.51, ""ymin"": 892.27, ""xmax"": 492.81, ""ymax"": 1103.14, ""confidence"": 0.18, ""name"": ""flower_many""}, {""xmin"": 317.27, ""ymin"": 414.97, ""xmax"": 421.95, ""ymax"": 618.08, ""confidence"": 0.18, ""name"": ""flower_one""}, {""xmin"": 399.43, ""ymin"": 896.06, ""xmax"": 462.65, ""ymax"": 970.54, ""confidence"": 0.18, ""name"": ""flower_one""}, {""xmin"": 1022.09, ""ymin"": 153.44, ""xmax"": 1119.8, ""ymax"": 231.51, ""confidence"": 0.18, ""name"": ""flower_one""}, {""xmin"": 122.42, ""ymin"": 314.65, ""xmax"": 348.84, ""ymax"": 556.11, ""confidence"": 0.18, ""name"": ""flower_one""}, {""xmin"": 1429.0, ""ymin"": 892.35, ""xmax"": 1515.83, ""ymax"": 979.31, ""confidence"": 0.18, ""name"": ""flower_one""}, {""xmin"": 1207.39, ""ymin"": 719.5, ""xmax"": 1304.03, ""ymax"": 815.18, ""confidence"": 0.18, ""name"": ""flower_one""}, {""xmin"": 1001.21, ""ymin"": 588.17, ""xmax"": 1078.16, ""ymax"": 663.7, ""confidence"": 0.18, ""name"": ""flower_one""}, {""xmin"": 1269.71, ""ymin"": 1075.76, ""xmax"": 1320.69, ""ymax"": 1143.55, ""confidence"": 0.18, ""name"": ""flower_one""}, {""xmin"": 1330.68, ""ymin"": 414.16, ""xmax"": 1421.62, ""ymax"": 483.19, ""confidence"": 0.17, ""name"": ""flower_one""}, {""xmin"": 1097.03, ""ymin"": 744.48, ""xmax"": 1213.39, ""ymax"": 827.9, ""confidence"": 0.17, ""name"": ""flower_one""}, {""xmin"": 612.48, ""ymin"": 62.01, ""xmax"": 769.99, ""ymax"": 204.4, ""confidence"": 0.17, ""name"": ""flower_one""}, {""xmin"": 242.83, ""ymin"": 976.3, ""xmax"": 417.74, ""ymax"": 1153.91, ""confidence"": 0.17, ""name"": ""flower_many""}, {""xmin"": 1323.97, ""ymin"": 619.4, ""xmax"": 1444.33, ""ymax"": 699.87, ""confidence"": 0.17, ""name"": ""flower_one""}, {""xmin"": 1337.61, ""ymin"": 447.71, ""xmax"": 1594.54, ""ymax"": 695.61, ""confidence"": 0.17, ""name"": ""flower_one""}, {""xmin"": 1251.23, ""ymin"": 679.12, ""xmax"": 1332.14, ""ymax"": 765.74, ""confidence"": 0.17, ""name"": ""flower_one""}, {""xmin"": 506.54, ""ymin"": 543.13, ""xmax"": 599.0, ""ymax"": 634.86, ""confidence"": 0.17, ""name"": ""flower_one""}, {""xmin"": 1204.05, ""ymin"": 551.01, ""xmax"": 1342.75, ""ymax"": 629.38, ""confidence"": 0.17, ""name"": ""flower_one""}, {""xmin"": 1299.96, ""ymin"": 1177.5, ""xmax"": 1397.77, ""ymax"": 1302.14, ""confidence"": 0.17, ""name"": ""flower_one""}, {""xmin"": 1443.32, ""ymin"": 839.34, ""xmax"": 1583.04, ""ymax"": 951.17, ""confidence"": 0.16, ""name"": ""flower_one""}, {""xmin"": 784.66, ""ymin"": 251.17, ""xmax"": 1017.89, ""ymax"": 386.53, ""confidence"": 0.16, ""name"": ""flower_one""}, {""xmin"": 200.94, ""ymin"": 447.71, ""xmax"": 327.41, ""ymax"": 551.3, ""confidence"": 0.16, ""name"": ""flower_one""}, {""xmin"": 1239.24, ""ymin"": 721.71, ""xmax"": 1349.4, ""ymax"": 843.48, ""confidence"": 0.16, ""name"": ""flower_one""}, {""xmin"": 1305.03, ""ymin"": 680.3, ""xmax"": 1475.68, ""ymax"": 859.26, ""confidence"": 0.16, ""name"": ""flower_one""}, {""xmin"": 177.32, ""ymin"": 1057.56, ""xmax"": 401.08, ""ymax"": 1243.71, ""confidence"": 0.16, ""name"": ""flower_many""}, {""xmin"": 1407.44, ""ymin"": 352.38, ""xmax"": 1502.72, ""ymax"": 402.78, ""confidence"": 0.16, ""name"": ""flower_one""}, {""xmin"": 842.19, ""ymin"": 732.93, ""xmax"": 962.29, ""ymax"": 792.65, ""confidence"": 0.16, ""name"": ""flower_one""}, {""xmin"": 1340.38, ""ymin"": 260.06, ""xmax"": 1504.45, ""ymax"": 449.09, ""confidence"": 0.16, ""name"": ""flower_one""}, {""xmin"": 1630.48, ""ymin"": 348.1, ""xmax"": 1666.81, ""ymax"": 378.6, ""confidence"": 0.16, ""name"": ""flower_one""}, {""xmin"": 411.17, ""ymin"": 245.48, ""xmax"": 545.72, ""ymax"": 340.36, ""confidence"": 0.15, ""name"": ""flower_one""}, {""xmin"": 1533.64, ""ymin"": 709.7, ""xmax"": 1714.62, ""ymax"": 863.92, ""confidence"": 0.15, ""name"": ""flower_many""}, {""xmin"": 920.5, ""ymin"": 467.55, ""xmax"": 1061.4, ""ymax"": 642.8, ""confidence"": 0.15, ""name"": ""flower_one""}, {""xmin"": 1107.67, ""ymin"": 113.26, ""xmax"": 1190.45, ""ymax"": 200.59, ""confidence"": 0.15, ""name"": ""flower_one""}, {""xmin"": 540.83, ""ymin"": 703.16, ""xmax"": 603.96, ""ymax"": 780.37, ""confidence"": 0.15, ""name"": ""flower_one""}, {""xmin"": 310.56, ""ymin"": 906.41, ""xmax"": 364.09, ""ymax"": 961.4, ""confidence"": 0.15, ""name"": ""flower_one""}, {""xmin"": 1644.0, ""ymin"": 2295.44, ""xmax"": 1776.92, ""ymax"": 2451.82, ""confidence"": 0.15, ""name"": ""flower_one""}, {""xmin"": 1425.04, ""ymin"": 327.33, ""xmax"": 1721.13, ""ymax"": 688.07, ""confidence"": 0.15, ""name"": ""flower_many""}, {""xmin"": 784.33, ""ymin"": 247.77, ""xmax"": 1025.91, ""ymax"": 393.74, ""confidence"": 0.15, ""name"": ""flower_many""}, {""xmin"": 1267.61, ""ymin"": 780.43, ""xmax"": 1363.57, ""ymax"": 869.41, ""confidence"": 0.14, ""name"": ""flower_one""}, {""xmin"": 1446.78, ""ymin"": 812.78, ""xmax"": 1541.73, ""ymax"": 909.44, ""confidence"": 0.14, ""name"": ""flower_one""}, {""xmin"": 1188.61, ""ymin"": 79.33, ""xmax"": 1295.52, ""ymax"": 225.45, ""confidence"": 0.14, ""name"": ""flower_one""}, {""xmin"": 1192.02, ""ymin"": 436.0, ""xmax"": 1258.8, ""ymax"": 501.4, ""confidence"": 0.14, ""name"": ""flower_one""}, {""xmin"": 557.06, ""ymin"": 395.51, ""xmax"": 674.4, ""ymax"": 544.51, ""confidence"": 0.14, ""name"": ""flower_one""}, {""xmin"": 1062.56, ""ymin"": 408.41, ""xmax"": 1146.13, ""ymax"": 488.4, ""confidence"": 0.14, ""name"": ""flower_one""}, {""xmin"": 253.07, ""ymin"": 73.33, ""xmax"": 691.99, ""ymax"": 573.5, ""confidence"": 0.14, ""name"": ""flower_one""}, {""xmin"": 855.22, ""ymin"": 81.26, ""xmax"": 1475.48, ""ymax"": 563.75, ""confidence"": 0.14, ""name"": ""flower_many""}, {""xmin"": 1555.73, ""ymin"": 240.07, ""xmax"": 1645.75, ""ymax"": 329.57, ""confidence"": 0.14, ""name"": ""flower_one""}, {""xmin"": 400.92, ""ymin"": 749.14, ""xmax"": 446.16, ""ymax"": 790.18, ""confidence"": 0.14, ""name"": ""flower_one""}, {""xmin"": 465.25, ""ymin"": 1279.7, ""xmax"": 589.31, ""ymax"": 1418.17, ""confidence"": 0.14, ""name"": ""flower_one""}, {""xmin"": 924.57, ""ymin"": 343.08, ""xmax"": 1024.25, ""ymax"": 421.92, ""confidence"": 0.13, ""name"": ""flower_one""}, {""xmin"": 1654.63, ""ymin"": 2435.4, ""xmax"": 1749.75, ""ymax"": 2528.82, ""confidence"": 0.13, ""name"": ""flower_one""}, {""xmin"": 1144.16, ""ymin"": 766.5, ""xmax"": 1230.54, ""ymax"": 868.17, ""confidence"": 0.13, ""name"": ""flower_one""}, {""xmin"": 1137.88, ""ymin"": 645.26, ""xmax"": 1224.09, ""ymax"": 733.47, ""confidence"": 0.13, ""name"": ""flower_one""}, {""xmin"": 265.97, ""ymin"": 1935.36, ""xmax"": 571.59, ""ymax"": 2078.5, ""confidence"": 0.13, ""name"": ""flower_one""}, {""xmin"": 371.3, ""ymin"": 111.14, ""xmax"": 784.72, ""ymax"": 597.08, ""confidence"": 0.13, ""name"": ""flower_many""}, {""xmin"": 382.18, ""ymin"": 1934.76, ""xmax"": 507.5, ""ymax"": 2039.73, ""confidence"": 0.13, ""name"": ""flower_many""}, {""xmin"": 1302.02, ""ymin"": 641.01, ""xmax"": 1426.32, ""ymax"": 740.39, ""confidence"": 0.13, ""name"": ""flower_one""}, {""xmin"": 1339.08, ""ymin"": 1004.52, ""xmax"": 1400.41, ""ymax"": 1074.86, ""confidence"": 0.13, ""name"": ""flower_one""}, {""xmin"": 1286.98, ""ymin"": 779.51, ""xmax"": 1476.7, ""ymax"": 900.79, ""confidence"": 0.13, ""name"": ""flower_one""}, {""xmin"": 1630.48, ""ymin"": 451.06, ""xmax"": 1709.43, ""ymax"": 503.67, ""confidence"": 0.13, ""name"": ""flower_one""}, {""xmin"": 1177.77, ""ymin"": 814.06, ""xmax"": 1239.26, ""ymax"": 868.01, ""confidence"": 0.13, ""name"": ""flower_one""}, {""xmin"": 1321.14, ""ymin"": 718.18, ""xmax"": 1391.47, ""ymax"": 809.45, ""confidence"": 0.13, ""name"": ""flower_one""}, {""xmin"": 782.15, ""ymin"": 264.59, ""xmax"": 979.53, ""ymax"": 505.97, ""confidence"": 0.13, ""name"": ""flower_many""}, {""xmin"": 346.22, ""ymin"": 416.82, ""xmax"": 467.17, ""ymax"": 586.74, ""confidence"": 0.13, ""name"": ""flower_one""}, {""xmin"": 804.27, ""ymin"": 236.01, ""xmax"": 1059.9, ""ymax"": 493.37, ""confidence"": 0.13, ""name"": ""flower_one""}, {""xmin"": 424.82, ""ymin"": 501.17, ""xmax"": 525.3, ""ymax"": 592.26, ""confidence"": 0.13, ""name"": ""flower_one""}, {""xmin"": 1397.5, ""ymin"": 605.87, ""xmax"": 1501.04, ""ymax"": 705.76, ""confidence"": 0.12, ""name"": ""flower_one""}, {""xmin"": 1666.83, ""ymin"": 456.6, ""xmax"": 1710.74, ""ymax"": 510.52, ""confidence"": 0.12, ""name"": ""flower_one""}, {""xmin"": 1119.87, ""ymin"": 778.48, ""xmax"": 1234.86, ""ymax"": 920.89, ""confidence"": 0.12, ""name"": ""flower_one""}, {""xmin"": 1688.49, ""ymin"": 525.05, ""xmax"": 1727.13, ""ymax"": 562.66, ""confidence"": 0.12, ""name"": ""flower_one""}, {""xmin"": 441.5, ""ymin"": 397.69, ""xmax"": 577.94, ""ymax"": 520.16, ""confidence"": 0.12, ""name"": ""flower_one""}, {""xmin"": 1638.25, ""ymin"": 2339.73, ""xmax"": 1883.71, ""ymax"": 2590.51, ""confidence"": 0.12, ""name"": ""flower_one""}, {""xmin"": 337.95, ""ymin"": 1992.74, ""xmax"": 415.74, ""ymax"": 2068.43, ""confidence"": 0.12, ""name"": ""flower_one""}, {""xmin"": 542.97, ""ymin"": 1354.72, ""xmax"": 587.79, ""ymax"": 1405.21, ""confidence"": 0.12, ""name"": ""flower_one""}, {""xmin"": 539.18, ""ymin"": 170.61, ""xmax"": 694.08, ""ymax"": 264.6, ""confidence"": 0.12, ""name"": ""flower_one""}, {""xmin"": 1201.3, ""ymin"": 227.97, ""xmax"": 1314.28, ""ymax"": 357.01, ""confidence"": 0.12, ""name"": ""flower_one""}, {""xmin"": 123.58, ""ymin"": 550.78, ""xmax"": 187.47, ""ymax"": 593.4, ""confidence"": 0.12, ""name"": ""flower_one""}, {""xmin"": 932.7, ""ymin"": 588.44, ""xmax"": 1075.54, ""ymax"": 697.06, ""confidence"": 0.12, ""name"": ""flower_many""}, {""xmin"": 1197.97, ""ymin"": 868.47, ""xmax"": 1271.79, ""ymax"": 957.31, ""confidence"": 0.12, ""name"": ""flower_one""}, {""xmin"": 1200.05, ""ymin"": 233.94, ""xmax"": 1408.36, ""ymax"": 393.03, ""confidence"": 0.12, ""name"": ""flower_one""}, {""xmin"": 1284.1, ""ymin"": 724.45, ""xmax"": 1356.25, ""ymax"": 800.06, ""confidence"": 0.11, ""name"": ""flower_one""}, {""xmin"": 290.79, ""ymin"": 1940.36, ""xmax"": 564.9, ""ymax"": 2075.95, ""confidence"": 0.11, ""name"": ""flower_many""}, {""xmin"": 1294.69, ""ymin"": 538.59, ""xmax"": 1355.82, ""ymax"": 612.92, ""confidence"": 0.11, ""name"": ""flower_one""}, {""xmin"": 1061.74, ""ymin"": 74.66, ""xmax"": 1332.4, ""ymax"": 345.83, ""confidence"": 0.11, ""name"": ""flower_many""}, {""xmin"": 1267.77, ""ymin"": 488.01, ""xmax"": 1322.3, ""ymax"": 537.8, ""confidence"": 0.11, ""name"": ""flower_one""}, {""xmin"": 187.4, ""ymin"": 528.1, ""xmax"": 364.41, ""ymax"": 604.32, ""confidence"": 0.11, ""name"": ""flower_one""}, {""xmin"": 1197.11, ""ymin"": 961.28, ""xmax"": 1330.55, ""ymax"": 1121.43, ""confidence"": 0.11, ""name"": ""flower_one""}, {""xmin"": 1210.06, ""ymin"": 685.36, ""xmax"": 1396.03, ""ymax"": 867.04, ""confidence"": 0.11, ""name"": ""flower_one""}, {""xmin"": 467.71, ""ymin"": 425.61, ""xmax"": 659.7, ""ymax"": 578.71, ""confidence"": 0.11, ""name"": ""flower_one""}, {""xmin"": 261.79, ""ymin"": 344.65, ""xmax"": 598.97, ""ymax"": 588.71, ""confidence"": 0.11, ""name"": ""flower_one""}, {""xmin"": 470.13, ""ymin"": 167.17, ""xmax"": 555.11, ""ymax"": 308.42, ""confidence"": 0.11, ""name"": ""flower_one""}, {""xmin"": 378.15, ""ymin"": 779.3, ""xmax"": 420.81, ""ymax"": 814.99, ""confidence"": 0.11, ""name"": ""flower_one""}, {""xmin"": 664.74, ""ymin"": 1104.37, ""xmax"": 721.14, ""ymax"": 1158.11, ""confidence"": 0.11, ""name"": ""flower_one""}, {""xmin"": 1636.74, ""ymin"": 363.11, ""xmax"": 1690.72, ""ymax"": 415.72, ""confidence"": 0.1, ""name"": ""flower_one""}, {""xmin"": 1230.12, ""ymin"": 647.83, ""xmax"": 1585.57, ""ymax"": 1022.87, ""confidence"": 0.1, ""name"": ""flower_many""}, {""xmin"": 220.89, ""ymin"": 1012.27, ""xmax"": 385.78, ""ymax"": 1182.64, ""confidence"": 0.1, ""name"": ""flower_one""}, {""xmin"": 441.51, ""ymin"": 280.38, ""xmax"": 562.09, ""ymax"": 381.33, ""confidence"": 0.1, ""name"": ""flower_one""}, {""xmin"": 432.41, ""ymin"": 394.8, ""xmax"": 594.43, ""ymax"": 603.83, ""confidence"": 0.1, ""name"": ""flower_many""}, {""xmin"": 999.24, ""ymin"": 963.14, ""xmax"": 1058.57, ""ymax"": 1038.95, ""confidence"": 0.1, ""name"": ""flower_one""}, {""xmin"": 1461.77, ""ymin"": 450.8, ""xmax"": 1505.61, ""ymax"": 518.46, ""confidence"": 0.1, ""name"": ""flower_one""}]",sample_outputs/annotated/HERB_0417_annotated.jpg
HERB_0421.jpg,1,4,0,0,0.1777,"[{""xmin"": 444.28, ""ymin"": 544.65, ""xmax"": 487.48, ""ymax"": 594.97, ""confidence"": 0.18, ""name"": ""flower_one""}, {""xmin"": 838.87, ""ymin"": 707.48, ""xmax"": 879.13, ""ymax"": 744.24, ""confidence"": 0.14, ""name"": ""flower_one""}, {""xmin"": 831.15, ""ymin"": 721.46, ""xmax"": 861.65, ""ymax"": 754.13, ""confidence"": 0.13, ""name"": ""flower_one""}, {""xmin"": 829.24, ""ymin"": 713.6, ""xmax"": 870.27, ""ymax"": 792.77, ""confidence"": 0.13, ""name"": ""flower_one""}]",sample_outputs/annotated/HERB_0421_annotated.jpg
HERB_0424.jpg,1,16,4,0,0.6715,"[{""xmin"": 1121.75, ""ymin"": 152.09, ""xmax"": 1626.97, ""ymax"": 571.24, ""confidence"": 0.67, ""name"": ""flower_many""}, {""xmin"": 1082.36, ""ymin"": 1096.46, ""xmax"": 1116.47, ""ymax"": 1134.11, ""confidence"": 0.37, ""name"": ""flower_one""}, {""xmin"": 1131.68, ""ymin"": 864.06, ""xmax"": 1179.25, ""ymax"": 906.31, ""confidence"": 0.32, ""name"": ""flower_one""}, {""xmin"": 676.92, ""ymin"": 673.39, ""xmax"": 711.57, ""ymax"": 713.12, ""confidence"": 0.29, ""name"": ""flower_one""}, {""xmin"": 1391.94, ""ymin"": 586.91, ""xmax"": 1431.96, ""ymax"": 640.08, ""confidence"": 0.22, ""name"": ""flower_one""}, {""xmin"": 954.76, ""ymin"": 1039.18, ""xmax"": 989.3, ""ymax"": 1061.86, ""confidence"": 0.21, ""name"": ""flower_one""}, {""xmin"": 1391.33, ""ymin"": 583.5, ""xmax"": 1433.64, ""ymax"": 640.9, ""confidence"": 0.21, ""name"": ""flower_many""}, {""xmin"": 1339.85, ""ymin"": 524.85, ""xmax"": 1436.32, ""ymax"": 644.39, ""confidence"": 0.19, ""name"": ""flower_many""}, {""xmin"": 1109.87, ""ymin"": 1035.33, ""xmax"": 1149.06, ""ymax"": 1076.5, ""confidence"": 0.19, ""name"": ""flower_one""}, {""xmin"": 1427.94, ""ymin"": 271.87, ""xmax"": 1461.21, ""ymax"": 321.52, ""confidence"": 0.18, ""name"": ""flower_one""}, {""xmin"": 892.92, ""ymin"": 1988.91, ""xmax"": 944.82, ""ymax"": 2052.78, ""confidence"": 0.17, ""name"": ""flower_one""}, {""xmin"": 1132.65, ""ymin"": 306.59, ""xmax"": 1172.52, ""ymax"": 341.23, ""confidence"": 0.14, ""name"": ""flower_one""}, {""xmin"": 1035.37, ""ymin"": 898.1, ""xmax"": 1053.19, ""ymax"": 937.71, ""confidence"": 0.14, ""name"": ""flower_one""}, {""xmin"": 911.89, ""ymin"": 794.93, ""xmax"": 932.91, ""ymax"": 820.42, ""confidence"": 0.13, ""name"": ""flower_one""}, {""xmin"": 1045.41, ""ymin"": 895.4, ""xmax"": 1086.47, ""ymax"": 934.37, ""confidence"": 0.12, ""name"": ""flower_one""}, {""xmin"": 988.87, ""ymin"": 740.27, ""xmax"": 1021.54, ""ymax"": 758.71, ""confidence"": 0.12, ""name"": ""flower_one""}, {""xmin"": 1464.4, ""ymin"": 2531.45, ""xmax"": 1511.94, ""ymax"": 2572.65, ""confidence"": 0.12, ""name"": ""flower_one""}, {""xmin"": 728.52, ""ymin"": 2000.84, ""xmax"": 744.71, ""ymax"": 2024.31, ""confidence"": 0.11, ""name"": ""flower_one""}, {""xmin"": 1166.17, ""ymin"": 1213.15, ""xmax"": 1194.03, ""ymax"": 1239.05, ""confidence"": 0.11, ""name"": ""flower_one""}, {""xmin"": 1346.09, ""ymin"": 528.87, ""xmax"": 1411.58, ""ymax"": 597.08, ""confidence"": 0.11, ""name"": ""flower_many""}]",sample_outputs/annotated/HERB_0424_annotated.jpg
HERB_0429.jpg,1,3,0,0,0.2437,"[{""xmin"": 3550.12, ""ymin"": 1942.37, ""xmax"": 3924.91, ""ymax"": 2426.44, ""confidence"": 0.24, ""name"": ""flower_one""}, {""xmin"": 3595.71, ""ymin"": 2389.08, ""xmax"": 4135.88, ""ymax"": 2677.02, ""confidence"": 0.23, ""name"": ""flower_one""}, {""xmin"": 3420.55, ""ymin"": 3769.12, ""xmax"": 3776.56, ""ymax"": 4154.87, ""confidence"": 0.16, ""name"": ""flower_one""}]",sample_outputs/annotated/HERB_0429_annotated.jpg
HERB_0430.jpg,1,2,0,0,0.2499,"[{""xmin"": 5539.08, ""ymin"": 3636.98, ""xmax"": 5779.39, ""ymax"": 3786.21, ""confidence"": 0.25, ""name"": ""flower_one""}, {""xmin"": 5483.2, ""ymin"": 3313.19, ""xmax"": 5701.5, ""ymax"": 3641.25, ""confidence"": 0.25, ""name"": ""flower_one""}]",sample_outputs/annotated/HERB_0430_annotated.jpg
HERB_0432.jpg,1,1,1,0,0.1534,"[{""xmin"": 3106.03, ""ymin"": 6201.42, ""xmax"": 5273.71, ""ymax"": 9195.1, ""confidence"": 0.15, ""name"": ""flower_many""}, {""xmin"": 4393.79, ""ymin"": 8289.45, ""xmax"": 4465.52, ""ymax"": 8348.26, ""confidence"": 0.11, ""name"": ""flower_one""}]",sample_outputs/annotated/HERB_0432_annotated.jpg
HERB_0435.jpg,0,0,0,0,0.0,[],sample_outputs/annotated/HERB_0435_annotated.jpg
HERB_0436.jpg,0,0,0,0,0.0,[],sample_outputs/annotated/HERB_0436_annotated.jpg
HERB_0437.jpg,0,0,0,0,0.0,[],sample_outputs/annotated/HERB_0437_annotated.jpg
HERB_0438.jpg,1,6,0,3,0.3179,"[{""xmin"": 1382.04, ""ymin"": 2265.22, ""xmax"": 1404.55, ""ymax"": 2291.89, ""confidence"": 0.32, ""name"": ""bud""}, {""xmin"": 1371.78, ""ymin"": 1806.71, ""xmax"": 1475.89, ""ymax"": 1901.27, ""confidence"": 0.31, ""name"": ""flower_one""}, {""xmin"": 1371.21, ""ymin"": 1800.73, ""xmax"": 1476.63, ""ymax"": 1847.34, ""confidence"": 0.2, ""name"": ""flower_one""}, {""xmin"": 1354.73, ""ymin"": 2272.02, ""xmax"": 1373.14, ""ymax"": 2294.18, ""confidence"": 0.19, ""name"": ""bud""}, {""xmin"": 1384.16, ""ymin"": 2063.72, ""xmax"": 1411.95, ""ymax"": 2142.43, ""confidence"": 0.17, ""name"": ""bud""}, {""xmin"": 1383.96, ""ymin"": 2065.36, ""xmax"": 1411.0, ""ymax"": 2144.94, ""confidence"": 0.16, ""name"": ""flower_one""}, {""xmin"": 1276.8, ""ymin"": 1709.55, ""xmax"": 1363.89, ""ymax"": 1848.99, ""confidence"": 0.12, ""name"": ""flower_one""}, {""xmin"": 1399.16, ""ymin"": 1757.96, ""xmax"": 1442.73, ""ymax"": 1794.62, ""confidence"": 0.11, ""name"": ""flower_one""}, {""xmin"": 1236.54, ""ymin"": 1745.2, ""xmax"": 1287.57, ""ymax"": 1862.65, ""confidence"": 0.1, ""name"": ""flower_one""}]",sample_outputs/annotated/HERB_0438_annotated.jpg
HERB_0440.jpg,1,0,0,8,0.2681,"[{""xmin"": 985.77, ""ymin"": 1401.99, ""xmax"": 1014.52, ""ymax"": 1427.82, ""confidence"": 0.27, ""name"": ""bud""}, {""xmin"": 902.09, ""ymin"": 1511.64, ""xmax"": 916.76, ""ymax"": 1533.06, ""confidence"": 0.22, ""name"": ""bud""}, {""xmin"": 582.53, ""ymin"": 1878.55, ""xmax"": 594.48, ""ymax"": 1890.14, ""confidence"": 0.14, ""name"": ""bud""}, {""xmin"": 1056.0, ""ymin"": 1180.96, ""xmax"": 1079.94, ""ymax"": 1208.26, ""confidence"": 0.14, ""name"": ""bud""}, {""xmin"": 407.07, ""ymin"": 2090.35, ""xmax"": 438.16, ""ymax"": 2118.28, ""confidence"": 0.14, ""name"": ""bud""}, {""xmin"": 1121.35, ""ymin"": 993.58, ""xmax"": 1141.09, ""ymax"": 1030.91, ""confidence"": 0.12, ""name"": ""bud""}, {""xmin"": 1158.37, ""ymin"": 891.19, ""xmax"": 1174.75, ""ymax"": 911.0, ""confidence"": 0.11, ""name"": ""bud""}, {""xmin"": 1098.18, ""ymin"": 1114.02, ""xmax"": 1130.44, ""ymax"": 1150.73, ""confidence"": 0.1, ""name"": ""bud""}]",sample_outputs/annotated/HERB_0440_annotated.jpg
HERB_0445.jpg,1,0,6,0,0.3974,"[{""xmin"": 2156.41, ""ymin"": 2348.75, ""xmax"": 2862.06, ""ymax"": 3273.89, ""confidence"": 0.4, ""name"": ""flower_many""}, {""xmin"": 4088.06, ""ymin"": 8065.01, ""xmax"": 4776.94, ""ymax"": 8586.04, ""confidence"": 0.39, ""name"": ""flower_many""}, {""xmin"": 3470.42, ""ymin"": 7678.69, ""xmax"": 4122.79, ""ymax"": 8832.5, ""confidence"": 0.24, ""name"": ""flower_many""}, {""xmin"": 3226.49, ""ymin"": 7864.21, ""xmax"": 3846.9, ""ymax"": 8282.21, ""confidence"": 0.11, ""name"": ""flower_many""}, {""xmin"": 3455.72, ""ymin"": 7594.23, ""xmax"": 3948.09, ""ymax"": 8023.59, ""confidence"": 0.11, ""name"": ""flower_many""}, {""xmin"": 3520.98, ""ymin"": 8195.44, ""xmax"": 4057.8, ""ymax"": 8824.01, ""confidence"": 0.11, ""name"": ""flower_many""}]",sample_outputs/annotated/HERB_0445_annotated.jpg
HERB_0450.jpg,1,0,1,0,0.1716,"[{""xmin"": 4329.47, ""ymin"": 4073.97, ""xmax"": 5733.45, ""ymax"": 5655.61, ""confidence"": 0.17, ""name"": ""flower_many""}]",sample_outputs/annotated/HERB_0450_annotated.jpg
HERB_0451.jpg,1,0,0,2,0.1662,"[{""xmin"": 957.26, ""ymin"": 5751.24, ""xmax"": 1027.41, ""ymax"": 5828.5, ""confidence"": 0.17, ""name"": ""bud""}, {""xmin"": 3126.55, ""ymin"": 2498.2, ""xmax"": 3165.69, ""ymax"": 2575.0, ""confidence"": 0.11, ""name"": ""bud""}]",sample_outputs/annotated/HERB_0451_annotated.jpg
HERB_0452.jpg,1,4,1,13,0.4145,"[{""xmin"": 459.74, ""ymin"": 1118.61, ""xmax"": 486.1, ""ymax"": 1150.47, ""confidence"": 0.41, ""name"": ""bud""}, {""xmin"": 413.33, ""ymin"": 362.8, ""xmax"": 436.28, ""ymax"": 386.65, ""confidence"": 0.32, ""name"": ""bud""}, {""xmin"": 545.16, ""ymin"": 811.38, ""xmax"": 562.7, ""ymax"": 835.58, ""confidence"": 0.3, ""name"": ""bud""}, {""xmin"": 369.66, ""ymin"": 1241.83, ""xmax"": 436.71, ""ymax"": 1302.86, ""confidence"": 0.29, ""name"": ""flower_one""}, {""xmin"": 419.24, ""ymin"": 455.3, ""xmax"": 443.87, ""ymax"": 491.66, ""confidence"": 0.29, ""name"": ""bud""}, {""xmin"": 464.46, ""ymin"": 1201.41, ""xmax"": 476.73, ""ymax"": 1222.61, ""confidence"": 0.26, ""name"": ""bud""}, {""xmin"": 494.26, ""ymin"": 654.7, ""xmax"": 511.85, ""ymax"": 684.28, ""confidence"": 0.26, ""name"": ""bud""}, {""xmin"": 506.03, ""ymin"": 984.36, ""xmax"": 541.33, ""ymax"": 1017.78, ""confidence"": 0.24, ""name"": ""flower_one""}, {""xmin"": 266.42, ""ymin"": 323.42, ""xmax"": 286.92, ""ymax"": 340.15, ""confidence"": 0.21, ""name"": ""bud""}, {""xmin"": 506.34, ""ymin"": 995.6, ""xmax"": 530.9, ""ymax"": 1016.32, ""confidence"": 0.2, ""name"": ""flower_one""}, {""xmin"": 482.06, ""ymin"": 539.81, ""xmax"": 512.26, ""ymax"": 563.45, ""confidence"": 0.2, ""name"": ""bud""}, {""xmin"": 220.32, ""ymin"": 471.64, ""xmax"": 231.65, ""ymax"": 486.52, ""confidence"": 0.2, ""name"": ""bud""}, {""xmin"": 561.63, ""ymin"": 910.04, ""xmax"": 582.37, ""ymax"": 947.82, ""confidence"": 0.18, ""name"": ""bud""}, {""xmin"": 277.17, ""ymin"": 221.33, ""xmax"": 291.02, ""ymax"": 239.1, ""confidence"": 0.16, ""name"": ""bud""}, {""xmin"": 503.33, ""ymin"": 1051.9, ""xmax"": 529.86, ""ymax"": 1081.33, ""confidence"": 0.12, ""name"": ""flower_one""}, {""xmin"": 551.79, ""ymin"": 755.07, ""xmax"": 583.08, ""ymax"": 792.17, ""confidence"": 0.11, ""name"": ""bud""}, {""xmin"": 416.82, ""ymin"": 453.54, ""xmax"": 444.62, ""ymax"": 493.83, ""confidence"": 0.1, ""name"": ""flower_many""}, {""xmin"": 260.25, ""ymin"": 321.72, ""xmax"": 287.97, ""ymax"": 372.75, ""confidence"": 0.1, ""name"": ""bud""}]",sample_outputs/annotated/HERB_0452_annotated.jpg
HERB_0454.jpg,1,0,0,2,0.3033,"[{""xmin"": 4133.53, ""ymin"": 3453.35, ""xmax"": 4206.85, ""ymax"": 3521.77, ""confidence"": 0.3, ""name"": ""bud""}, {""xmin"": 4186.33, ""ymin"": 2642.91, ""xmax"": 4244.11, ""ymax"": 2703.29, ""confidence"": 0.1, ""name"": ""bud""}]",sample_outputs/annotated/HERB_0454_annotated.jpg
HERB_0455.jpg,0,0,0,0,0.0,[],sample_outputs/annotated/HERB_0455_annotated.jpg
HERB_0458.jpg,1,0,1,0,0.5985,"[{""xmin"": 879.08, ""ymin"": 900.57, ""xmax"": 1079.09, ""ymax"": 1129.54, ""confidence"": 0.6, ""name"": ""flower_many""}]",sample_outputs/annotated/HERB_0458_annotated.jpg
HERB_0460.jpg,1,2,1,1,0.4696,"[{""xmin"": 4927.3, ""ymin"": 6395.76, ""xmax"": 5383.59, ""ymax"": 6750.75, ""confidence"": 0.47, ""name"": ""flower_many""}, {""xmin"": 1936.09, ""ymin"": 1908.5, ""xmax"": 2031.62, ""ymax"": 2089.59, ""confidence"": 0.17, ""name"": ""flower_one""}, {""xmin"": 2260.31, ""ymin"": 1655.07, ""xmax"": 2328.18, ""ymax"": 1720.34, ""confidence"": 0.17, ""name"": ""bud""}, {""xmin"": 4959.56, ""ymin"": 6409.99, ""xmax"": 5382.67, ""ymax"": 6738.37, ""confidence"": 0.15, ""name"": ""flower_one""}]",sample_outputs/annotated/HERB_0460_annotated.jpg
HERB_0462.jpg,0,0,0,0,0.0,[],sample_outputs/annotated/HERB_0462_annotated.jpg
HERB_0463.jpg,1,0,0,1,0.3835,"[{""xmin"": 261.22, ""ymin"": 478.94, ""xmax"": 281.47, ""ymax"": 506.99, ""confidence"": 0.38, ""name"": ""bud""}]",sample_outputs/annotated/HERB_0463_annotated.jpg
HERB_0464.jpg,0,0,0,0,0.0,[],sample_outputs/annotated/HERB_0464_annotated.jpg
HERB_0467.jpg,1,0,0,5,0.1763,"[{""xmin"": 1345.89, ""ymin"": 746.02, ""xmax"": 1362.35, ""ymax"": 761.27, ""confidence"": 0.18, ""name"": ""bud""}, {""xmin"": 1393.31, ""ymin"": 800.53, ""xmax"": 1410.72, ""ymax"": 818.23, ""confidence"": 0.16, ""name"": ""bud""}, {""xmin"": 1255.85, ""ymin"": 1545.59, ""xmax"": 1275.2, ""ymax"": 1564.58, ""confidence"": 0.12, ""name"": ""bud""}, {""xmin"": 1304.26, ""ymin"": 1600.12, ""xmax"": 1320.44, ""ymax"": 1620.98, ""confidence"": 0.12, ""name"": ""bud""}, {""xmin"": 1631.97, ""ymin"": 602.74, ""xmax"": 1661.76, ""ymax"": 644.14, ""confidence"": 0.1, ""name"": ""bud""}]",sample_outputs/annotated/HERB_0467_annotated.jpg
HERB_0472.jpg,1,0,0,5,0.1261,"[{""xmin"": 5753.63, ""ymin"": 5130.66, ""xmax"": 5816.59, ""ymax"": 5191.74, ""confidence"": 0.13, ""name"": ""bud""}, {""xmin"": 3490.69, ""ymin"": 4260.45, ""xmax"": 3565.29, ""ymax"": 4339.89, ""confidence"": 0.12, ""name"": ""bud""}, {""xmin"": 2975.88, ""ymin"": 5227.7, ""xmax"": 3029.16, ""ymax"": 5296.14, ""confidence"": 0.12, ""name"": ""bud""}, {""xmin"": 2761.16, ""ymin"": 6146.73, ""xmax"": 2813.73, ""ymax"": 6205.85, ""confidence"": 0.11, ""name"": ""bud""}, {""xmin"": 3447.74, ""ymin"": 4272.91, ""xmax"": 3523.65, ""ymax"": 4349.27, ""confidence"": 0.1, ""name"": ""bud""}]",sample_outputs/annotated/HERB_0472_annotated.jpg
HERB_0474.jpg,1,26,8,0,0.5017,"[{""xmin"": 773.73, ""ymin"": 524.17, ""xmax"": 789.14, ""ymax"": 539.45, ""confidence"": 0.5, ""name"": ""flower_one""}, {""xmin"": 585.32, ""ymin"": 571.95, ""xmax"": 640.08, ""ymax"": 633.18, ""confidence"": 0.5, ""name"": ""flower_many""}, {""xmin"": 764.78, ""ymin"": 475.73, ""xmax"": 781.59, ""ymax"": 497.56, ""confidence"": 0.48, ""name"": ""flower_one""}, {""xmin"": 733.4, ""ymin"": 521.35, ""xmax"": 747.34, ""ymax"": 537.36, ""confidence"": 0.48, ""name"": ""flower_one""}, {""xmin"": 596.25, ""ymin"": 626.75, ""xmax"": 623.1, ""ymax"": 645.36, ""confidence"": 0.47, ""name"": ""flower_one""}, {""xmin"": 749.91, ""ymin"": 494.26, ""xmax"": 782.29, ""ymax"": 517.28, ""confidence"": 0.47, ""name"": ""flower_one""}, {""xmin"": 762.94, ""ymin"": 1273.09, ""xmax"": 826.53, ""ymax"": 1330.38, ""confidence"": 0.46, ""name"": ""flower_many""}, {""xmin"": 885.17, ""ymin"": 872.59, ""xmax"": 957.62, ""ymax"": 932.11, ""confidence"": 0.4, ""name"": ""flower_many""}, {""xmin"": 544.57, ""ymin"": 1098.27, ""xmax"": 617.82, ""ymax"": 1167.7, ""confidence"": 0.38, ""name"": ""flower_many""}, {""xmin"": 676.46, ""ymin"": 405.59, ""xmax"": 723.44, ""ymax"": 454.74, ""confidence"": 0.36, ""name"": ""flower_many""}, {""xmin"": 473.62, ""ymin"": 443.94, ""xmax"": 525.85, ""ymax"": 496.3, ""confidence"": 0.36, ""name"": ""flower_many""}, {""xmin"": 821.68, ""ymin"": 554.05, ""xmax"": 854.95, ""ymax"": 579.88, ""confidence"": 0.32, ""name"": ""flower_one""}, {""xmin"": 676.97, ""ymin"": 657.29, ""xmax"": 693.73, ""ymax"": 670.11, ""confidence"": 0.31, ""name"": ""flower_one""}, {""xmin"": 702.14, ""ymin"": 1080.62, ""xmax"": 751.14, ""ymax"": 1134.1, ""confidence"": 0.3, ""name"": ""flower_one""}, {""xmin"": 762.92, ""ymin"": 1272.25, ""xmax"": 826.09, ""ymax"": 1330.62, ""confidence"": 0.26, ""name"": ""flower_one""}, {""xmin"": 836.98, ""ymin"": 570.83, ""xmax"": 859.89, ""ymax"": 595.6, ""confidence"": 0.26, ""name"": ""flower_one""}, {""xmin"": 475.55, ""ymin"": 457.58, ""xmax"": 525.51, ""ymax"": 496.36, ""confidence"": 0.24, ""name"": ""flower_one""}, {""xmin"": 545.0, ""ymin"": 1098.31, ""xmax"": 620.46, ""ymax"": 1167.18, ""confidence"": 0.24, ""name"": ""flower_one""}, {""xmin"": 884.42, ""ymin"": 870.68, ""xmax"": 958.56, ""ymax"": 933.73, ""confidence"": 0.24, ""name"": ""flower_one""}, {""xmin"": 591.53, ""ymin"": 601.19, ""xmax"": 611.44, ""ymax"": 625.47, ""confidence"": 0.23, ""name"": ""flower_one""}, {""xmin"": 735.6, ""ymin"": 632.96, ""xmax"": 781.13, ""ymax"": 667.37, ""confidence"": 0.21, ""name"": ""flower_one""}, {""xmin"": 652.51, ""ymin"": 841.04, ""xmax"": 717.16, ""ymax"": 895.53, ""confidence"": 0.21, ""name"": ""flower_many""}, {""xmin"": 732.03, ""ymin"": 655.68, ""xmax"": 748.89, ""ymax"": 683.13, ""confidence"": 0.19, ""name"": ""flower_one""}, {""xmin"": 939.4, ""ymin"": 1052.33, ""xmax"": 1006.76, ""ymax"": 1111.95, ""confidence"": 0.19, ""name"": ""flower_one""}, {""xmin"": 724.31, ""ymin"": 631.65, ""xmax"": 781.79, ""ymax"": 681.1, ""confidence"": 0.19, ""name"": ""flower_many""}, {""xmin"": 676.8, ""ymin"": 407.07, ""xmax"": 722.04, ""ymax"": 454.91, ""confidence"": 0.19, ""name"": ""flower_one""}, {""xmin"": 665.48, ""ymin"": 594.61, ""xmax"": 711.42, ""ymax"": 644.64, ""confidence"": 0.18, ""name"": ""flower_one""}, {""xmin"": 587.53, ""ymin"": 574.62, ""xmax"": 639.05, ""ymax"": 631.77, ""confidence"": 0.17, ""name"": ""flower_one""}, {""xmin"": 688.33, ""ymin"": 849.02, ""xmax"": 715.81, ""ymax"": 884.01, ""confidence"": 0.16, ""name"": ""flower_one""}, {""xmin"": 654.62, ""ymin"": 842.2, ""xmax"": 716.96, ""ymax"": 894.62, ""confidence"": 0.15, ""name"": ""flower_one""}, {""xmin"": 741.34, ""ymin"": 652.12, ""xmax"": 768.06, ""ymax"": 680.57, ""confidence"": 0.14, ""name"": ""flower_one""}, {""xmin"": 820.84, ""ymin"": 550.34, ""xmax"": 862.75, ""ymax"": 596.25, ""confidence"": 0.14, ""name"": ""flower_one""}, {""xmin"": 543.73, ""ymin"": 919.72, ""xmax"": 631.94, ""ymax"": 1174.49, ""confidence"": 0.13, ""name"": ""flower_one""}, {""xmin"": 736.87, ""ymin"": 515.95, ""xmax"": 786.53, ""ymax"": 541.24, ""confidence"": 0.1, ""name"": ""flower_one""}]",sample_outputs/annotated/HERB_0474_annotated.jpg
HERB_0475.jpg,0,0,0,0,0.0,[],sample_outputs/annotated/HERB_0475_annotated.jpg
HERB_0479.jpg,1,0,0,11,0.2798,"[{""xmin"": 456.85, ""ymin"": 2556.99, ""xmax"": 489.35, ""ymax"": 2588.35, ""confidence"": 0.28, ""name"": ""bud""}, {""xmin"": 646.32, ""ymin"": 1541.08, ""xmax"": 691.64, ""ymax"": 1608.95, ""confidence"": 0.27, ""name"": ""bud""}, {""xmin"": 762.01, ""ymin"": 833.3, ""xmax"": 785.63, ""ymax"": 862.0, ""confidence"": 0.22, ""name"": ""bud""}, {""xmin"": 671.22, ""ymin"": 1482.27, ""xmax"": 696.34, ""ymax"": 1512.14, ""confidence"": 0.18, ""name"": ""bud""}, {""xmin"": 791.06, ""ymin"": 831.83, ""xmax"": 811.86, ""ymax"": 863.37, ""confidence"": 0.17, ""name"": ""bud""}, {""xmin"": 819.4, ""ymin"": 760.57, ""xmax"": 835.68, ""ymax"": 776.47, ""confidence"": 0.15, ""name"": ""bud""}, {""xmin"": 799.28, ""ymin"": 755.25, ""xmax"": 813.71, ""ymax"": 773.44, ""confidence"": 0.15, ""name"": ""bud""}, {""xmin"": 754.35, ""ymin"": 896.6, ""xmax"": 768.9, ""ymax"": 919.65, ""confidence"": 0.15, ""name"": ""bud""}, {""xmin"": 828.72, ""ymin"": 729.5, ""xmax"": 843.33, ""ymax"": 746.75, ""confidence"": 0.11, ""name"": ""bud""}, {""xmin"": 766.27, ""ymin"": 831.23, ""xmax"": 809.83, ""ymax"": 862.23, ""confidence"": 0.11, ""name"": ""bud""}, {""xmin"": 798.15, ""ymin"": 758.26, ""xmax"": 836.3, ""ymax"": 774.25, ""confidence"": 0.1, ""name"": ""bud""}]",sample_outputs/annotated/HERB_0479_annotated.jpg
HERB_0481.jpg,0,0,0,0,0.0,[],sample_outputs/annotated/HERB_0481_annotated.jpg
HERB_0484.jpg,1,29,17,0,0.7442,"[{""xmin"": 1224.3, ""ymin"": 3479.96, ""xmax"": 1896.16, ""ymax"": 4085.83, ""confidence"": 0.74, ""name"": ""flower_many""}, {""xmin"": 4261.56, ""ymin"": 860.17, ""xmax"": 4873.09, ""ymax"": 1317.68, ""confidence"": 0.73, ""name"": ""flower_many""}, {""xmin"": 1084.03, ""ymin"": 1112.09, ""xmax"": 1528.1, ""ymax"": 1590.35, ""confidence"": 0.69, ""name"": ""flower_many""}, {""xmin"": 2521.26, ""ymin"": 4725.08, ""xmax"": 2780.07, ""ymax"": 4937.36, ""confidence"": 0.57, ""name"": ""flower_one""}, {""xmin"": 3933.75, ""ymin"": 1898.93, ""xmax"": 4336.93, ""ymax"": 2156.83, ""confidence"": 0.51, ""name"": ""flower_many""}, {""xmin"": 5080.89, ""ymin"": 2796.5, ""xmax"": 5362.21, ""ymax"": 3074.9, ""confidence"": 0.5, ""name"": ""flower_many""}, {""xmin"": 5392.63, ""ymin"": 5047.98, ""xmax"": 5645.8, ""ymax"": 5336.94, ""confidence"": 0.5, ""name"": ""flower_one""}, {""xmin"": 4784.8, ""ymin"": 2507.66, ""xmax"": 5108.19, ""ymax"": 2813.29, ""confidence"": 0.47, ""name"": ""flower_many""}, {""xmin"": 648.34, ""ymin"": 10038.29, ""xmax"": 870.74, ""ymax"": 10237.64, ""confidence"": 0.46, ""name"": ""flower_one""}, {""xmin"": 3588.8, ""ymin"": 3981.79, ""xmax"": 3829.71, ""ymax"": 4252.08, ""confidence"": 0.45, ""name"": ""flower_one""}, {""xmin"": 4789.36, ""ymin"": 2529.63, ""xmax"": 5082.66, ""ymax"": 2811.11, ""confidence"": 0.43, ""name"": ""flower_one""}, {""xmin"": 5211.5, ""ymin"": 4774.79, ""xmax"": 5575.63, ""ymax"": 5053.28, ""confidence"": 0.4, ""name"": ""flower_many""}, {""xmin"": 692.95, ""ymin"": 2812.43, ""xmax"": 806.11, ""ymax"": 3004.02, ""confidence"": 0.38, ""name"": ""flower_one""}, {""xmin"": 3742.01, ""ymin"": 3956.24, ""xmax"": 3919.9, ""ymax"": 4183.29, ""confidence"": 0.38, ""name"": ""flower_one""}, {""xmin"": 874.08, ""ymin"": 9978.82, ""xmax"": 1100.81, ""ymax"": 10257.73, ""confidence"": 0.38, ""name"": ""flower_one""}, {""xmin"": 5240.87, ""ymin"": 4800.7, ""xmax"": 5581.27, ""ymax"": 5047.15, ""confidence"": 0.37, ""name"": ""flower_one""}, {""xmin"": 3789.5, ""ymin"": 4215.39, ""xmax"": 4118.09, ""ymax"": 4525.92, ""confidence"": 0.37, ""name"": ""flower_many""}, {""xmin"": 3784.38, ""ymin"": 4215.27, ""xmax"": 4118.43, ""ymax"": 4529.03, ""confidence"": 0.33, ""name"": ""flower_one""}, {""xmin"": 5389.07, ""ymin"": 5043.25, ""xmax"": 5645.98, ""ymax"": 5338.72, ""confidence"": 0.32, ""name"": ""flower_many""}, {""xmin"": 4031.83, ""ymin"": 1911.53, ""xmax"": 4335.5, ""ymax"": 2151.14, ""confidence"": 0.29, ""name"": ""flower_one""}, {""xmin"": 6371.56, ""ymin"": 1064.68, ""xmax"": 6754.97, ""ymax"": 1416.78, ""confidence"": 0.29, ""name"": ""flower_many""}, {""xmin"": 5006.45, ""ymin"": 4733.75, ""xmax"": 5257.25, ""ymax"": 4999.19, ""confidence"": 0.29, ""name"": ""flower_one""}, {""xmin"": 722.73, ""ymin"": 10082.36, ""xmax"": 943.2, ""ymax"": 10324.83, ""confidence"": 0.28, ""name"": ""flower_one""}, {""xmin"": 1229.58, ""ymin"": 3540.36, ""xmax"": 1460.27, ""ymax"": 3817.06, ""confidence"": 0.28, ""name"": ""flower_one""}, {""xmin"": 3583.91, ""ymin"": 3962.5, ""xmax"": 3898.55, ""ymax"": 4263.84, ""confidence"": 0.27, ""name"": ""flower_many""}, {""xmin"": 5010.47, ""ymin"": 4693.47, ""xmax"": 5397.56, ""ymax"": 5020.62, ""confidence"": 0.26, ""name"": ""flower_many""}, {""xmin"": 5081.27, ""ymin"": 2797.19, ""xmax"": 5353.66, ""ymax"": 3062.47, ""confidence"": 0.26, ""name"": ""flower_one""}, {""xmin"": 4896.76, ""ymin"": 2490.24, ""xmax"": 5133.2, ""ymax"": 2743.69, ""confidence"": 0.24, ""name"": ""flower_one""}, {""xmin"": 620.49, ""ymin"": 2825.45, ""xmax"": 770.18, ""ymax"": 2985.37, ""confidence"": 0.22, ""name"": ""flower_one""}, {""xmin"": 5119.61, ""ymin"": 4991.66, ""xmax"": 5436.62, ""ymax"": 5421.25, ""confidence"": 0.22, ""name"": ""flower_many""}, {""xmin"": 3926.93, ""ymin"": 1885.92, ""xmax"": 4141.54, ""ymax"": 2130.03, ""confidence"": 0.21, ""name"": ""flower_many""}, {""xmin"": 620.02, ""ymin"": 2824.18, ""xmax"": 703.16, ""ymax"": 2956.55, ""confidence"": 0.21, ""name"": ""flower_one""}, {""xmin"": 614.38, ""ymin"": 2772.05, ""xmax"": 797.92, ""ymax"": 2996.41, ""confidence"": 0.21, ""name"": ""flower_many""}, {""xmin"": 944.39, ""ymin"": 9908.72, ""xmax"": 1199.34, ""ymax"": 10312.66, ""confidence"": 0.2, ""name"": ""flower_one""}, {""xmin"": 3582.09, ""ymin"": 3931.21, ""xmax"": 4132.23, ""ymax"": 4496.18, ""confidence"": 0.19, ""name"": ""flower_many""}, {""xmin"": 4035.85, ""ymin"": 2722.21, ""xmax"": 4148.04, ""ymax"": 2926.35, ""confidence"": 0.18, ""name"": ""flower_one""}, {""xmin"": 1221.89, ""ymin"": 3487.55, ""xmax"": 1882.06, ""ymax"": 4096.5, ""confidence"": 0.17, ""name"": ""flower_one""}, {""xmin"": 652.25, ""ymin"": 9977.01, ""xmax"": 1068.61, ""ymax"": 10303.26, ""confidence"": 0.16, ""name"": ""flower_one""}, {""xmin"": 3929.36, ""ymin"": 1886.46, ""xmax"": 4109.83, ""ymax"": 2121.03, ""confidence"": 0.16, ""name"": ""flower_one""}, {""xmin"": 2849.83, ""ymin"": 4682.78, ""xmax"": 2966.41, ""ymax"": 4761.55, ""confidence"": 0.15, ""name"": ""flower_one""}, {""xmin"": 5078.93, ""ymin"": 4688.77, ""xmax"": 5280.11, ""ymax"": 4888.93, ""confidence"": 0.14, ""name"": ""flower_one""}, {""xmin"": 988.74, ""ymin"": 2564.95, ""xmax"": 1102.67, ""ymax"": 2690.96, ""confidence"": 0.13, ""name"": ""flower_one""}, {""xmin"": 4265.68, ""ymin"": 1060.96, ""xmax"": 4510.3, ""ymax"": 1321.78, ""confidence"": 0.13, ""name"": ""flower_one""}, {""xmin"": 6504.23, ""ymin"": 1084.92, ""xmax"": 6764.52, ""ymax"": 1297.49, ""confidence"": 0.12, ""name"": ""flower_one""}, {""xmin"": 3895.27, ""ymin"": 4314.45, ""xmax"": 4109.2, ""ymax"": 4517.4, ""confidence"": 0.11, ""name"": ""flower_one""}, {""xmin"": 5071.96, ""ymin"": 4683.05, ""xmax"": 5607.88, ""ymax"": 5144.01, ""confidence"": 0.11, ""name"": ""flower_many""}]",sample_outputs/annotated/HERB_0484_annotated.jpg
HERB_0485.jpg,0,0,0,0,0.0,[],sample_outputs/annotated/HERB_0485_annotated.jpg
HERB_0488.jpg,0,0,0,0,0.0,[],sample_outputs/annotated/HERB_0488_annotated.jpg
HERB_0489.jpg,1,4,3,0,0.5577,"[{""xmin"": 1061.96, ""ymin"": 196.07, ""xmax"": 1666.96, ""ymax"": 797.04, ""confidence"": 0.56, ""name"": ""flower_many""}, {""xmin"": 1100.78, ""ymin"": 211.19, ""xmax"": 1285.54, ""ymax"": 460.38, ""confidence"": 0.15, ""name"": ""flower_one""}, {""xmin"": 1158.34, ""ymin"": 466.46, ""xmax"": 1201.76, ""ymax"": 514.56, ""confidence"": 0.13, ""name"": ""flower_one""}, {""xmin"": 906.68, ""ymin"": 818.82, ""xmax"": 941.22, ""ymax"": 905.9, ""confidence"": 0.13, ""name"": ""flower_many""}, {""xmin"": 1169.23, ""ymin"": 484.19, ""xmax"": 1200.38, ""ymax"": 513.29, ""confidence"": 0.12, ""name"": ""flower_one""}, {""xmin"": 907.44, ""ymin"": 820.74, ""xmax"": 942.34, ""ymax"": 905.52, ""confidence"": 0.12, ""name"": ""flower_one""}, {""xmin"": 1090.01, ""ymin"": 214.3, ""xmax"": 1324.54, ""ymax"": 474.1, ""confidence"": 0.11, ""name"": ""flower_many""}]",sample_outputs/annotated/HERB_0489_annotated.jpg
HERB_0491.jpg,1,2,5,1,0.3187,"[{""xmin"": 843.19, ""ymin"": 7513.28, ""xmax"": 2351.67, ""ymax"": 9282.07, ""confidence"": 0.32, ""name"": ""flower_many""}, {""xmin"": 1834.26, ""ymin"": 7809.98, ""xmax"": 2556.47, ""ymax"": 8500.25, ""confidence"": 0.26, ""name"": ""flower_many""}, {""xmin"": 1860.8, ""ymin"": 7604.93, ""xmax"": 2015.37, ""ymax"": 7775.03, ""confidence"": 0.16, ""name"": ""flower_one""}, {""xmin"": 1779.21, ""ymin"": 8829.95, ""xmax"": 1919.76, ""ymax"": 8925.79, ""confidence"": 0.15, ""name"": ""flower_one""}, {""xmin"": 858.31, ""ymin"": 7927.05, ""xmax"": 1768.03, ""ymax"": 9219.08, ""confidence"": 0.15, ""name"": ""flower_many""}, {""xmin"": 1111.96, ""ymin"": 7267.79, ""xmax"": 2606.0, ""ymax"": 8703.85, ""confidence"": 0.15, ""name"": ""flower_many""}, {""xmin"": 1268.59, ""ymin"": 7379.78, ""xmax"": 2027.5, ""ymax"": 8006.69, ""confidence"": 0.14, ""name"": ""flower_many""}, {""xmin"": 5658.22, ""ymin"": 2636.23, ""xmax"": 5708.43, ""ymax"": 2708.48, ""confidence"": 0.1, ""name"": ""bud""}]",sample_outputs/annotated/HERB_0491_annotated.jpg
HERB_0494.jpg,1,0,1,0,0.3428,"[{""xmin"": 1668.52, ""ymin"": 5716.8, ""xmax"": 2479.99, ""ymax"": 6713.17, ""confidence"": 0.34, ""name"": ""flower_many""}]",sample_outputs/annotated/HERB_0494_annotated.jpg
HERB_0495.jpg,1,36,14,0,0.3767,"[{""xmin"": 623.42, ""ymin"": 590.49, ""xmax"": 662.26, ""ymax"": 651.33, ""confidence"": 0.38, ""name"": ""flower_one""}, {""xmin"": 738.5, ""ymin"": 598.3, ""xmax"": 768.66, ""ymax"": 628.57, ""confidence"": 0.35, ""name"": ""flower_one""}, {""xmin"": 584.64, ""ymin"": 621.15, ""xmax"": 644.75, ""ymax"": 703.61, ""confidence"": 0.34, ""name"": ""flower_many""}, {""xmin"": 615.04, ""ymin"": 483.44, ""xmax"": 678.91, ""ymax"": 556.32, ""confidence"": 0.34, ""name"": ""flower_one""}, {""xmin"": 579.29, ""ymin"": 195.83, ""xmax"": 871.6, ""ymax"": 718.85, ""confidence"": 0.32, ""name"": ""flower_many""}, {""xmin"": 938.51, ""ymin"": 1302.21, ""xmax"": 1040.53, ""ymax"": 1458.4, ""confidence"": 0.29, ""name"": ""flower_many""}, {""xmin"": 1471.26, ""ymin"": 985.79, ""xmax"": 1701.54, ""ymax"": 1347.36, ""confidence"": 0.26, ""name"": ""flower_many""}, {""xmin"": 1182.49, ""ymin"": 1072.88, ""xmax"": 1439.57, ""ymax"": 1279.93, ""confidence"": 0.26, ""name"": ""flower_many""}, {""xmin"": 587.34, ""ymin"": 625.74, ""xmax"": 636.93, ""ymax"": 686.77, ""confidence"": 0.26, ""name"": ""flower_one""}, {""xmin"": 605.98, ""ymin"": 668.92, ""xmax"": 640.53, ""ymax"": 703.81, ""confidence"": 0.25, ""name"": ""flower_one""}, {""xmin"": 629.57, ""ymin"": 1087.85, ""xmax"": 664.44, ""ymax"": 1118.0, ""confidence"": 0.24, ""name"": ""flower_one""}, {""xmin"": 535.4, ""ymin"": 814.01, ""xmax"": 594.1, ""ymax"": 895.94, ""confidence"": 0.24, ""name"": ""flower_one""}, {""xmin"": 1600.42, ""ymin"": 1840.55, ""xmax"": 1631.13, ""ymax"": 1876.66, ""confidence"": 0.24, ""name"": ""flower_one""}, {""xmin"": 534.05, ""ymin"": 812.94, ""xmax"": 597.56, ""ymax"": 899.15, ""confidence"": 0.23, ""name"": ""flower_many""}, {""xmin"": 744.35, ""ymin"": 587.69, ""xmax"": 855.04, ""ymax"": 640.3, ""confidence"": 0.23, ""name"": ""flower_one""}, {""xmin"": 626.86, ""ymin"": 1040.97, ""xmax"": 657.26, ""ymax"": 1070.74, ""confidence"": 0.23, ""name"": ""flower_one""}, {""xmin"": 1620.21, ""ymin"": 1859.46, ""xmax"": 1678.11, ""ymax"": 1942.58, ""confidence"": 0.22, ""name"": ""flower_many""}, {""xmin"": 562.52, ""ymin"": 858.51, ""xmax"": 595.43, ""ymax"": 893.62, ""confidence"": 0.22, ""name"": ""flower_one""}, {""xmin"": 842.34, ""ymin"": 1011.86, ""xmax"": 933.83, ""ymax"": 1066.95, ""confidence"": 0.22, ""name"": ""flower_one""}, {""xmin"": 739.09, ""ymin"": 564.23, ""xmax"": 772.4, ""ymax"": 598.54, ""confidence"": 0.22, ""name"": ""flower_one""}, {""xmin"": 1200.83, ""ymin"": 1071.4, ""xmax"": 1337.85, ""ymax"": 1212.25, ""confidence"": 0.21, ""name"": ""flower_many""}, {""xmin"": 1633.24, ""ymin"": 1881.93, ""xmax"": 1673.38, ""ymax"": 1938.31, ""confidence"": 0.2, ""name"": ""flower_one""}, {""xmin"": 813.67, ""ymin"": 1024.93, ""xmax"": 924.81, ""ymax"": 1169.01, ""confidence"": 0.19, ""name"": ""flower_many""}, {""xmin"": 728.57, ""ymin"": 558.95, ""xmax"": 778.09, ""ymax"": 631.87, ""confidence"": 0.19, ""name"": ""flower_one""}, {""xmin"": 618.14, ""ymin"": 1063.7, ""xmax"": 667.81, ""ymax"": 1121.13, ""confidence"": 0.19, ""name"": ""flower_one""}, {""xmin"": 718.74, ""ymin"": 555.02, ""xmax"": 787.15, ""ymax"": 632.52, ""confidence"": 0.18, ""name"": ""flower_many""}, {""xmin"": 602.04, ""ymin"": 383.11, ""xmax"": 639.13, ""ymax"": 418.35, ""confidence"": 0.17, ""name"": ""flower_one""}, {""xmin"": 600.31, ""ymin"": 591.31, ""xmax"": 661.3, ""ymax"": 681.47, ""confidence"": 0.17, ""name"": ""flower_one""}, {""xmin"": 785.98, ""ymin"": 815.19, ""xmax"": 812.91, ""ymax"": 842.85, ""confidence"": 0.17, ""name"": ""flower_one""}, {""xmin"": 610.98, ""ymin"": 1041.08, ""xmax"": 674.04, ""ymax"": 1121.83, ""confidence"": 0.17, ""name"": ""flower_many""}, {""xmin"": 802.97, ""ymin"": 735.8, ""xmax"": 839.09, ""ymax"": 856.9, ""confidence"": 0.17, ""name"": ""flower_one""}, {""xmin"": 553.23, ""ymin"": 1086.07, ""xmax"": 656.15, ""ymax"": 1132.18, ""confidence"": 0.16, ""name"": ""flower_one""}, {""xmin"": 732.77, ""ymin"": 593.47, ""xmax"": 791.22, ""ymax"": 631.27, ""confidence"": 0.16, ""name"": ""flower_one""}, {""xmin"": 607.91, ""ymin"": 206.06, ""xmax"": 820.48, ""ymax"": 400.66, ""confidence"": 0.16, ""name"": ""flower_one""}, {""xmin"": 1644.9, ""ymin"": 1909.46, ""xmax"": 1670.34, ""ymax"": 1937.07, ""confidence"": 0.16, ""name"": ""flower_one""}, {""xmin"": 840.45, ""ymin"": 1096.52, ""xmax"": 871.37, ""ymax"": 1144.98, ""confidence"": 0.16, ""name"": ""flower_one""}, {""xmin"": 621.98, ""ymin"": 369.52, ""xmax"": 653.32, ""ymax"": 399.28, ""confidence"": 0.15, ""name"": ""flower_one""}, {""xmin"": 733.3, ""ymin"": 555.93, ""xmax"": 760.2, ""ymax"": 580.64, ""confidence"": 0.15, ""name"": ""flower_one""}, {""xmin"": 578.68, ""ymin"": 553.08, ""xmax"": 719.82, ""ymax"": 600.16, ""confidence"": 0.15, ""name"": ""flower_one""}, {""xmin"": 616.29, ""ymin"": 1038.68, ""xmax"": 663.14, ""ymax"": 1104.04, ""confidence"": 0.15, ""name"": ""flower_one""}, {""xmin"": 1272.12, ""ymin"": 1861.0, ""xmax"": 1376.15, ""ymax"": 1927.19, ""confidence"": 0.15, ""name"": ""flower_one""}, {""xmin"": 782.36, ""ymin"": 813.68, ""xmax"": 846.33, ""ymax"": 861.79, ""confidence"": 0.14, ""name"": ""flower_many""}, {""xmin"": 782.61, ""ymin"": 814.11, ""xmax"": 844.97, ""ymax"": 860.83, ""confidence"": 0.14, ""name"": ""flower_one""}, {""xmin"": 603.16, ""ymin"": 411.85, ""xmax"": 636.88, ""ymax"": 440.98, ""confidence"": 0.14, ""name"": ""flower_one""}, {""xmin"": 595.43, ""ymin"": 594.11, ""xmax"": 664.02, ""ymax"": 688.33, ""confidence"": 0.13, ""name"": ""flower_many""}, {""xmin"": 586.62, ""ymin"": 660.29, ""xmax"": 619.65, ""ymax"": 691.65, ""confidence"": 0.12, ""name"": ""flower_one""}, {""xmin"": 101.14, ""ymin"": 2245.02, ""xmax"": 233.16, ""ymax"": 2314.79, ""confidence"": 0.12, ""name"": ""flower_one""}, {""xmin"": 728.97, ""ymin"": 589.79, ""xmax"": 765.63, ""ymax"": 688.95, ""confidence"": 0.11, ""name"": ""flower_one""}, {""xmin"": 831.81, ""ymin"": 1085.65, ""xmax"": 891.01, ""ymax"": 1153.83, ""confidence"": 0.11, ""name"": ""flower_many""}, {""xmin"": 738.2, ""ymin"": 373.13, ""xmax"": 790.86, ""ymax"": 444.65, ""confidence"": 0.1, ""name"": ""flower_one""}]",sample_outputs/annotated/HERB_0495_annotated.jpg
HERB_0496.jpg,1,1,0,3,0.133,"[{""xmin"": 433.7, ""ymin"": 1011.56, ""xmax"": 452.89, ""ymax"": 1035.69, ""confidence"": 0.13, ""name"": ""flower_one""}, {""xmin"": 424.48, ""ymin"": 535.72, ""xmax"": 433.27, ""ymax"": 544.76, ""confidence"": 0.12, ""name"": ""bud""}, {""xmin"": 340.55, ""ymin"": 480.31, ""xmax"": 350.03, ""ymax"": 488.01, ""confidence"": 0.12, ""name"": ""bud""}, {""xmin"": 717.4, ""ymin"": 621.31, ""xmax"": 733.11, ""ymax"": 640.8, ""confidence"": 0.11, ""name"": ""bud""}]",sample_outputs/annotated/HERB_0496_annotated.jpg
HERB_0497.jpg,0,0,0,0,0.0,[],sample_outputs/annotated/HERB_0497_annotated.jpg
HERB_0498.jpg,1,0,0,5,0.2698,"[{""xmin"": 618.53, ""ymin"": 1420.87, ""xmax"": 669.69, ""ymax"": 1522.74, ""confidence"": 0.27, ""name"": ""bud""}, {""xmin"": 618.14, ""ymin"": 1734.88, ""xmax"": 634.71, ""ymax"": 1750.72, ""confidence"": 0.17, ""name"": ""bud""}, {""xmin"": 660.15, ""ymin"": 2150.02, ""xmax"": 677.66, ""ymax"": 2163.02, ""confidence"": 0.15, ""name"": ""bud""}, {""xmin"": 518.5, ""ymin"": 1662.41, ""xmax"": 539.01, ""ymax"": 1689.27, ""confidence"": 0.14, ""name"": ""bud""}, {""xmin"": 335.29, ""ymin"": 1959.44, ""xmax"": 356.85, ""ymax"": 1983.65, ""confidence"": 0.13, ""name"": ""bud""}]",sample_outputs/annotated/HERB_0498_annotated.jpg
HERB_0499.jpg,1,1,0,11,0.2367,"[{""xmin"": 3713.83, ""ymin"": 8818.1, ""xmax"": 3862.42, ""ymax"": 8977.56, ""confidence"": 0.24, ""name"": ""flower_one""}, {""xmin"": 4678.93, ""ymin"": 2347.73, ""xmax"": 4791.39, ""ymax"": 2423.73, ""confidence"": 0.23, ""name"": ""bud""}, {""xmin"": 2338.89, ""ymin"": 5463.76, ""xmax"": 2418.61, ""ymax"": 5583.77, ""confidence"": 0.22, ""name"": ""bud""}, {""xmin"": 2435.28, ""ymin"": 5483.31, ""xmax"": 2530.29, ""ymax"": 5604.82, ""confidence"": 0.22, ""name"": ""bud""}, {""xmin"": 2386.1, ""ymin"": 2492.25, ""xmax"": 2474.42, ""ymax"": 2605.53, ""confidence"": 0.21, ""name"": ""bud""}, {""xmin"": 4646.1, ""ymin"": 2095.08, ""xmax"": 4732.7, ""ymax"": 2211.79, ""confidence"": 0.21, ""name"": ""bud""}, {""xmin"": 4119.2, ""ymin"": 1407.71, ""xmax"": 4225.53, ""ymax"": 1528.88, ""confidence"": 0.17, ""name"": ""bud""}, {""xmin"": 1210.37, ""ymin"": 7476.28, ""xmax"": 1459.34, ""ymax"": 7739.92, ""confidence"": 0.16, ""name"": ""bud""}, {""xmin"": 4801.15, ""ymin"": 2474.11, ""xmax"": 4901.58, ""ymax"": 2577.62, ""confidence"": 0.12, ""name"": ""bud""}, {""xmin"": 5477.39, ""ymin"": 3779.13, ""xmax"": 5534.15, ""ymax"": 3848.2, ""confidence"": 0.12, ""name"": ""bud""}, {""xmin"": 2376.03, ""ymin"": 2606.09, ""xmax"": 2468.43, ""ymax"": 2734.23, ""confidence"": 0.11, ""name"": ""bud""}, {""xmin"": 2351.79, ""ymin"": 5474.06, ""xmax"": 2520.8, ""ymax"": 5610.57, ""confidence"": 0.11, ""name"": ""bud""}]",sample_outputs/annotated/HERB_0499_annotated.jpg
