image_id,image_path,key,scientificName,issues,datasetKey,publishingOrgKey,networkKeys,installationKey,hostingOrganizationKey,publishingCountry,protocol,lastCrawled,lastParsed,crawlId,basisOfRecord,occurrenceStatus,taxonKey,kingdomKey,phylumKey,classKey,orderKey,familyKey,genusKey,acceptedTaxonKey,acceptedScientificName,kingdom,phylum,order,family,genus,taxonRank,taxonomicStatus,dateIdentified,continent,stateProvince,gadm,higherGeography,year,month,day,eventDate,startDayOfYear,endDayOfYear,typeStatus,modified,lastInterpreted,references,license,isSequenced,identifier,facts,relations,institutionKey,collectionKey,isInCluster,datasetName,recordedBy,identifiedBy,preparations,nucleotideSequence,class,countryCode,recordedByIDs,identifiedByIDs,gbifRegion,country,publishedByGbifRegion,rightsHolder,identifier.1,recordNumber,habitat,institutionID,http...unknown.org.crawl_attempt,dynamicProperties,locality,fieldNumber,verbatimLocality,gbifID,language,collectionCode,occurrenceID,type,disposition,catalogNumber,institutionCode,occurrenceRemarks,accessRights,verbatimElevation,collectionID,name,sex,reproductiveCondition,decimalLatitude,decimalLongitude,projectId,speciesKey,species,genericName,specificEpithet,georeferencedBy,datasetID,samplingProtocol,geodeticDatum,acceptedNameUsage,nomenclaturalCode,georeferenceVerificationStatus,verbatimSRS,georeferenceRemarks,materialSampleID,parentNameUsageID,acceptedNameUsageID,ownerInstitutionCode,bibliographicCitation,higherClassification,parentNameUsage,iucnRedListCategory,vernacularName,individualCount,elevation,elevationAccuracy,nomenclaturalStatus,http...unknown.org.dateLastUpdated,taxonID,http...unknown.org.code,http...unknown.org.conceptualSchema,http...unknown.org.maxSearchResponseRecords,municipality,infraspecificEpithet,identificationQualifier,http...unknown.org.omitFromScheduledCrawl,distanceFromCentroidInMeters,fieldNotes,county,locationRemarks,otherCatalogNumbers,verbatimEventDate,island,http...unknown.org.recordID,rights,organismQuantity,organismQuantityType,dataGeneralizations,eventRemarks,http...unknown.org.recordEnteredBy,programmeAcronym,coordinateUncertaintyInMeters,georeferenceSources,http...unknown.org.license,http...unknown.org.rightsHolder,http...unknown.org.CatalogNumberNumeric,coordinatePrecision,taxonConceptID,http...unknown.org.taxonRankID,verbatimCoordinateSystem,http...unknown.org.species,verbatimTaxonRank,image_url,weak_flowering,download_status
HERB_0001,sample_images/HERB_0001.jpg,5106375611,Flemingia strobilifera (L.) W.T.Aiton,,bf2a4bf0-5f31-11de-b67e-b8a03c50a862,98e934b0-5f31-11de-b67e-b8a03c50a862,"8e30b684-6a54-4aba-aa73-66201c2c736e,17abcf75-2f1e-46dd-bf75-a5b21dd02655",f6fe707e-cced-4efc-b5dc-be4c91b8180a,98e934b0-5f31-11de-b67e-b8a03c50a862,GB,DWC_ARCHIVE,2026-08-13T16:38:58.088+00:00,2026-08-24T20:20:06.473+00:00,445,PRESERVED_SPECIMEN,PRESENT,5359843,6,7707728,220,1370,5386,2975927,5359843,Flemingia strobilifera (L.) W.T.Aiton,Plantae,Tracheophyta,Fabales,Fabaceae,Flemingia,SPECIES,ACCEPTED,NA,ASIA,Sagaing,none,Myanmar (Burma),2019,3,7,2019-03-07,66,66,NA,2025-04-25T12:46:26.000+00:00,2026-08-24T20:20:06.473+00:00,NA,http://creativecommons.org/publicdomain/zero/1.0/legalcode,FALSE,https://data.rbge.org.uk/herb/E01539113,none,none,0237598a-853a-492c-af74-a723fe251799,427c8cd7-4358-4a00-9ef3-2b2676d28d1e,FALSE,Edinburgh (E) Herbarium Specimens,"Armstrong, Kathleen Ellen, Nwe, Thet Yu, Kramer, Marshall, Linn, Wah Wah, Myint, Thar, Pyae, Phoe La, Kyi, Aung & Nyo, Kyi",NA,HERBARIUM SHEET,none,Magnoliopsida,MM,none,none,ASIA,Myanmar,EUROPE,NA,https://data.rbge.org.uk/herb/E01539113,4369,Growing in disturbed vegetation around village.,https://scientific-collections.gbif.org/institution/0237598a-853a-492c-af74-a723fe251799,445,NA,Nam Sa Bi village,NA,NA,5106375611,NA,E,https://data.rbge.org.uk/herb/E01539113,PhysicalObject,NA,E01539113,RBGE,NA,NA,NA,https://scientific-collections.gbif.org/collection/427c8cd7-4358-4a00-9ef3-2b2676d28d1e,Flemingia strobilifera (L.) W.T.Aiton,NA,NA,NA,NA,NA,5359843,Flemingia strobilifera,Flemingia,strobilifera,NA,NA,NA,NA,NA,ICBN,NA,NA,NA,NA,NA,NA,E,NA,NA,NA,NA,NA,NA,NA,NA,NA,NA,NA,NA,NA,NA,NA,NA,NA,NA,NA,NA,Hkamti,NA,NA,7th March 2019,NA,NA,NA,NA,NA,NA,NA,NA,NA,NA,NA,CC0,Royal Botanic Garden Edinburgh,1737659,NA,NA,NA,NA,NA,NA,https://iiif.rbge.org.uk/herb/iiif/E01539113/manifest,FALSE,not_image
HERB_0002,sample_images/HERB_0002.jpg,3969584725,Phaseolus lathyroides L.,inmafu,defb9a47-c1a7-4fb2-9a0b-2da7c5260cad,c4cbb860-e9c7-11da-8113-b8a03c50a862,"68e8e67a-43e6-44a3-8817-dc0e6b70f973,0479d6b2-a4f4-4307-8346-0b80e8c88c66",ac2ad091-91eb-482d-a73f-061744da5dbf,96710dc8-fecb-440d-ae3e-c34ae8a9616f,US,DWC_ARCHIVE,2026-08-22T14:49:41.590+00:00,2026-08-24T17:19:57.491+00:00,237,PRESERVED_SPECIMEN,PRESENT,5349386,6,7707728,220,1370,5386,2945015,2945063,Macroptilium lathyroides (L.) Urb.,Plantae,Tracheophyta,Fabales,Fabaceae,Macroptilium,SPECIES,SYNONYM,NA,NA,NA,none,NA,2021,7,29,2021-07-29,210,210,NA,2025-04-23T02:12:04.000+00:00,2026-08-24T17:19:57.491+00:00,https://portal.torcherbaria.org/portal/collections/individual/index.php?occid=30202946,http://creativecommons.org/publicdomain/zero/1.0/legalcode,FALSE,30202946,none,none,a68aaf8c-9bfe-4bec-bab9-70cf5d6cde4a,5a7702f8-a46a-40a0-9eef-26d97ea45b5c,FALSE,NA,J.A.J. Verheijen,R. Geesink,NA,none,Magnoliopsida,ID,none,none,ASIA,Indonesia,NORTH_AMERICA,Botanical Research Institute of Texas,30202946,4680,NA,NA,237,NA,Lesser Sunda Isl. W. Flores,NA,NA,3969584725,NA,BRIT,04a2f083-dc42-48d2-91fd-eddf3be148e0,NA,NA,BRIT620768,BRIT,NA,NA,140 m.,fea81a47-2365-45cc-bef9-b6bbff7457e6,Phaseolus lathyroides L.,NA,NA,NA,NA,NA,2945063,Macroptilium lathyroides,Phaseolus,lathyroides,NA,NA,NA,NA,NA,NA,NA,NA,NA,NA,NA,NA,NA,NA,NA,NA,NA,NA,NA,140,NA,NA,NA,95007,NA,NA,NA,NA,NA,NA,NA,NA,NA,NA,NA,NA,29 JUL 2021,NA,04a2f083-dc42-48d2-91fd-eddf3be148e0,http://creativecommons.org/publicdomain/zero/1.0/,NA,NA,NA,NA,preprocessed,NA,NA,NA,NA,NA,NA,NA,NA,NA,NA,NA,NA,https://web.corral.tacc.utexas.edu/brit/BRIT/BRIT0620000/BRIT620768.jpg,FALSE,ok
HERB_0003,sample_images/HERB_0003.jpg,5895915527,Elatostema platyphyllum Wedd.,"cdc,cdround,colmafu,inmafu",902c8fe7-8f38-45b0-854e-c324fed36303,f5fc4e61-b7a0-414b-ab68-b41cb23e7fdc,NA,91d2f516-bdfa-458f-bad1-66717101b49f,f5fc4e61-b7a0-414b-ab68-b41cb23e7fdc,RU,EML,2026-08-21T18:06:57.852+00:00,2026-08-21T18:14:15.705+00:00,610,PRESERVED_SPECIMEN,PRESENT,7300825,6,7707728,220,691,6639,2984362,7300825,Elatostema platyphyllum Wedd.,Plantae,Tracheophyta,Rosales,Urticaceae,Elatostema,SPECIES,ACCEPTED,NA,ASIA,NA,NA,South Asia|South Asia (Asia outside ex-Soviet states and Mongolia)|Vietnam,2024,3,18,2024-03-18,78,78,NA,2025-12-18T11:15:50.000+00:00,2026-08-21T18:14:15.705+00:00,https://plant.depo.msu.ru/open/public/item/MW1048455,http://creativecommons.org/licenses/by/4.0/legalcode,FALSE,MW1048455,none,none,df27e63f-82b2-464e-9286-a96163c961c9,acf523b0-8c81-4813-a85d-2361a8b487d4,FALSE,Moscow Digital Herbarium,Nguyen H.C.,NA,herbarium specimen,none,Magnoliopsida,VN,none,none,ASIA,Viet Nam,EUROPE,Moscow State University,MW1048455,NA,NA,http://grbio.org/institution/moscow-state-university,610,NA,NA,NA,NA,5895915527,en | ru,MW,MW1048455,Physical Object,in collection,MW1048455,Moscow State University,NA,use under CC-BY 4.0,NA,urn:lsid:biocol.org:col:15550,Elatostema platyphyllum Wedd.,NA,NA,21.757778,104.573889,https://rscf.ru/en/project/21-77-20042/,7300825,Elatostema platyphyllum,Elatostema,platyphyllum,Kollektor,urn:lsid:biocol.org:col:15550:01,common practice of herbarium collecting,WGS84,Elatostema platyphyllum Wedd.,"International Code of Nomenclature for algae, fungi, and plants",manual verification,WGS84,no label data,MW1048455,168637171,168664913,MSU,"Seregin A. P. (Ed.). 2026. Specimen MW1048455 from the collection ""Moscow University Herbarium"" // Depository of Live Systems (branch ""Plants""): Electronic resource. – Moscow State University, Moscow. – Available at: https://plant.depo.mitotech.ru/open/public/item/MW1048455 (indicate access date).",Plantae | Tracheophyta | Magnoliopsida | Rosales | Urticaceae | Urticoideae | Elatostema,Elatostema,NA,NA,NA,NA,NA,NA,NA,NA,NA,NA,NA,NA,NA,NA,NA,NA,NA,NA,NA,NA,NA,NA,NA,NA,NA,NA,NA,NA,NA,NA,NA,NA,NA,NA,NA,NA,NA,NA,NA,NA,NA,https://plant.depo.msu.ru/open/public/item/MW1048455/img/0.jpg?gbif,FALSE,ok
HERB_0004,sample_images/HERB_0004.jpg,6196924951,Ixora javanica (Blume) DC.,"colmafu,inmafu",1cbed1d0-f9ac-4b9e-bf3f-a26272bca39e,4fd82480-ea1c-11da-8db4-b8a03c50a862,NA,82d6992a-b20b-4e74-b6ac-6b971b2c485d,4fd82480-ea1c-11da-8db4-b8a03c50a862,JP,EML,2026-07-10T16:35:10.312+00:00,2026-07-18T17:50:39.335+00:00,222,PRESERVED_SPECIMEN,PRESENT,2905700,6,7707728,220,412,8798,2905224,2905700,Ixora javanica (Blume) DC.,Plantae,Tracheophyta,Gentianales,Rubiaceae,Ixora,SPECIES,ACCEPTED,NA,ASIA,Kien Giang,NA,Asia|Vietnam|Kien Giang|Kien Luong Dist.|Mt. Mo So,2024,5,22,2024-05-22,143,143,NA,2025-10-16T00:00:00.000+00:00,2026-07-18T17:50:39.335+00:00,https://www.museum.kagoshima-u.ac.jp/hyouhonsitu.html,http://creativecommons.org/licenses/by/4.0/legalcode,FALSE,3bb7293a-11f7-4d31-88c0-bd61b0a72797,none,none,7b6590f0-c03f-409b-ae28-f443c1166d23,e9e6df05-e289-4a64-8ace-a4d5dbd168e4,FALSE,NA,NA,NA,NA,none,Magnoliopsida,VN,none,none,ASIA,Viet Nam,ASIA,NA,3bb7293a-11f7-4d31-88c0-bd61b0a72797,N493,NA,NA,232,NA,Mt. Mo So,NA,"Vietnam, Kien Giang, Kien Luong Dist., Mt. Mo So",6196924951,NA,KAG,3bb7293a-11f7-4d31-88c0-bd61b0a72797,NA,NA,KAG188596,KAG,NA,NA,NA,NA,Ixora javanica (Blume) DC.,NA,NA,10.2277,104.61743,NA,2905700,Ixora javanica,Ixora,javanica,NA,NA,NA,WGS84,NA,NA,NA,NA,obtained using GPS machine,NA,NA,NA,NA,NA,Plantae|Tracheophyta|Magnoliopsida|Gentianales|Rubiaceae|Ixora|javanica,NA,LC,NA,NA,70,NA,NA,NA,NA,NA,NA,NA,NA,NA,NA,NA,NA,NA,Kien Luong Dist.,NA,NA,NA,NA,NA,NA,NA,NA,NA,NA,NA,NA,500,NA,NA,NA,NA,NA,NA,NA,NA,NA,NA,https://dbs.kaum.kagoshima-u.ac.jp/musedb/s_plant/picture/KAG188596/KAG188596.jpg,FALSE,ok
HERB_0005,sample_images/HERB_0005.jpg,6196924843,Litsea lancifolia (Roxb. ex Nees),"colmafu,inmafu",1cbed1d0-f9ac-4b9e-bf3f-a26272bca39e,4fd82480-ea1c-11da-8db4-b8a03c50a862,NA,82d6992a-b20b-4e74-b6ac-6b971b2c485d,4fd82480-ea1c-11da-8db4-b8a03c50a862,JP,EML,2026-07-10T16:35:10.312+00:00,2026-07-18T17:50:18.249+00:00,222,PRESERVED_SPECIMEN,PRESENT,8956507,6,7707728,220,407,6688,3033976,8956507,Litsea lancifolia (Roxb. ex Nees),Plantae,Tracheophyta,Laurales,Lauraceae,Litsea,SPECIES,ACCEPTED,NA,ASIA,Khammouan,NA,Asia|Laos|Khammouan|Khounkham|Phouphamarn walking trail,2024,3,17,2024-03-17,77,77,NA,2025-10-16T00:00:00.000+00:00,2026-07-18T17:50:18.249+00:00,https://www.museum.kagoshima-u.ac.jp/hyouhonsitu.html,http://creativecommons.org/licenses/by/4.0/legalcode,FALSE,ad5ebf37-d769-4e49-a3e5-8c0201555e14,none,none,7b6590f0-c03f-409b-ae28-f443c1166d23,e9e6df05-e289-4a64-8ace-a4d5dbd168e4,FALSE,NA,NA,NA,NA,none,Magnoliopsida,LA,none,none,ASIA,Lao People’s Democratic Republic,ASIA,NA,ad5ebf37-d769-4e49-a3e5-8c0201555e14,Z1039,NA,NA,232,NA,Phouphamarn walking trail,NA,"Laos, Khammouan, Khounkham, Phouphamarn walking trail",6196924843,NA,KAG,ad5ebf37-d769-4e49-a3e5-8c0201555e14,NA,NA,KAG187448,KAG,NA,NA,NA,NA,Litsea lancifolia (Roxb. ex Nees),NA,NA,18.17615,104.48995,NA,8956507,Litsea lancifolia,Litsea,lancifolia,NA,NA,NA,WGS84,NA,NA,NA,NA,obtained using GPS machine,NA,NA,NA,NA,NA,Plantae|Tracheophyta|Magnoliopsida|Laurales|Lauraceae|Litsea|lancifolia,NA,LC,NA,NA,405,NA,NA,NA,NA,NA,NA,NA,NA,NA,NA,NA,NA,NA,Khounkham,NA,NA,NA,NA,NA,NA,NA,NA,NA,NA,NA,NA,500,NA,NA,NA,NA,NA,NA,NA,NA,NA,NA,https://dbs.kaum.kagoshima-u.ac.jp/musedb/s_plant/picture/KAG187448/KAG187448.jpg,FALSE,ok
HERB_0006,sample_images/HERB_0006.jpg,3461948311,Baccaurea ramiflora Lour.,,b5cdf794-8fa4-4a85-8b26-755d087bf531,2cd829bb-b713-433d-99cf-64bef11e5b3e,17abcf75-2f1e-46dd-bf75-a5b21dd02655,86c2834b-fcd6-418d-9b32-aca45110a0fe,2cd829bb-b713-433d-99cf-64bef11e5b3e,FR,EML,2026-08-13T15:27:43.858+00:00,2026-08-24T16:46:25.884+00:00,606,PRESERVED_SPECIMEN,PRESENT,3082142,6,7707728,220,1414,8807,3070795,3082142,Baccaurea ramiflora Lour.,Plantae,Tracheophyta,Malpighiales,Phyllanthaceae,Baccaurea,SPECIES,ACCEPTED,NA,ASIA,siem réap,none,NA,2021,1,8,2021-01-08,8,8,NA,2022-04-01T08:37:17.000+00:00,2026-08-24T16:46:25.884+00:00,NA,http://creativecommons.org/licenses/by/4.0/legalcode,FALSE,http://coldb.mnhn.fr/catalognumber/mnhn/p/p01190818,none,none,6a6ac6c5-1b8a-48db-91a2-f8661274ff80,bc3d39fd-a7d4-4763-b951-2bdeddd8a5d2,FALSE,NA,"Hul, S.|Peou, Y.|Ratanak, V.",Hul,hb,none,Magnoliopsida,KH,none,none,ASIA,Cambodia,EUROPE,NA,http://coldb.mnhn.fr/catalognumber/mnhn/p/p01190818,NA,NA,http://grbio.org/institution/museum-national-dhistoire-naturelle,654,NA,NA,7209,Sangkat Slorkram,3461948311,NA,P,http://coldb.mnhn.fr/catalognumber/mnhn/p/p01190818,NA,NA,P01190818,MNHN,NA,NA,NA,NA,Baccaurea ramiflora Lour.,NA,NA,NA,NA,NA,3082142,Baccaurea ramiflora,Baccaurea,ramiflora,NA,NA,NA,NA,NA,NA,NA,NA,NA,NA,NA,NA,NA,NA,NA,NA,LC,NA,NA,NA,NA,NA,NA,NA,NA,NA,NA,NA,NA,NA,NA,NA,Arbuste ou arbre de 4-10 m de haut. Feuilles elliptiques ou obovales. Fleurs mâles ou fleurs femelles sur des individus différents. Fruits comestibles,Phum Daun Pa,NA,NA,NA,NA,NA,NA,NA,NA,NA,NA,NA,NA,NA,NA,NA,NA,NA,NA,NA,NA,NA,NA,NA,https://mediaphoto.mnhn.fr/media/1644399616508v1x6nLg4DtlM2maB,FALSE,error
HERB_0007,sample_images/HERB_0007.jpg,5058347825,Macroptilium lathyroides (L.) Urb.,"incomis,inmafu",cd6e21c8-9e8a-493a-8a76-fbf7862069e5,061b4f20-f241-11da-a328-b8a03c50a862,17abcf75-2f1e-46dd-bf75-a5b21dd02655,996e30f8-f762-11e1-a439-00145eb45e9a,061b4f20-f241-11da-a328-b8a03c50a862,GB,DWC_ARCHIVE,2026-08-24T12:51:18.333+00:00,2026-08-24T20:51:07.877+00:00,539,PRESERVED_SPECIMEN,PRESENT,2945063,6,7707728,220,1370,5386,2945015,2945063,Macroptilium lathyroides (L.) Urb.,Plantae,Tracheophyta,Fabales,Fabaceae,Macroptilium,SPECIES,ACCEPTED,NA,ASIA,NA,none,NA,2020,1,13,2020-01-13T00:00,13,13,NA,2025-12-31T10:58:00.420+00:00,2026-08-24T20:51:07.877+00:00,NA,http://creativecommons.org/licenses/by/4.0/legalcode,FALSE,K001938885,none,none,fa252605-26f6-426c-9892-94d071c2c77f,NA,FALSE,NA,"Chen, L.M.J.",NA,NA,none,Magnoliopsida,SG,none,none,ASIA,Singapore,EUROPE,NA,K001938885,LCMJ 2020-029,NA,NA,539,NA,Wasteland opposite planting verges of new Bidadari-Woodleigh hillside housing estate construction sites,NA,NA,5058347825,NA,Herbarium,http://specimens.kew.org/herbarium/K001938885,NA,NA,K001938885,K,NA,NA,NA,NA,Macroptilium lathyroides (L.) Urb.,NA,NA,NA,NA,NA,2945063,Macroptilium lathyroides,Macroptilium,lathyroides,NA,NA,NA,NA,NA,NA,NA,NA,NA,NA,NA,NA,NA,NA,Fabaceae,NA,NA,NA,NA,NA,NA,NA,NA,NA,NA,NA,NA,NA,NA,NA,NA,NA,NA,NA,NA,NA,NA,NA,NA,NA,NA,NA,NA,NA,NA,NA,NA,NA,NA,NA,NA,NA,NA,NA,NA,NA,NA,https://d2jcv3kl45hlgi.cloudfront.net/0dd2acf53e3c9153c518226616509af1.jpg,FALSE,ok
HERB_0008,sample_images/HERB_0008.jpg,2430565439,Ardisia splendens Pit.,,b5cdf794-8fa4-4a85-8b26-755d087bf531,2cd829bb-b713-433d-99cf-64bef11e5b3e,17abcf75-2f1e-46dd-bf75-a5b21dd02655,86c2834b-fcd6-418d-9b32-aca45110a0fe,2cd829bb-b713-433d-99cf-64bef11e5b3e,FR,EML,2026-08-13T15:27:43.858+00:00,2026-08-24T16:45:38.370+00:00,606,PRESERVED_SPECIMEN,PRESENT,5557720,6,7707728,220,1353,6674,3169458,5557720,Ardisia splendens Pit.,Plantae,Tracheophyta,Ericales,Primulaceae,Ardisia,SPECIES,ACCEPTED,NA,ASIA,mondulkiri,none,NA,2019,2,2,2019-02-02,33,33,NA,2020-01-14T18:34:05.000+00:00,2026-08-24T16:45:38.370+00:00,NA,http://creativecommons.org/licenses/by/4.0/legalcode,FALSE,http://coldb.mnhn.fr/catalognumber/mnhn/p/p00915893,none,none,6a6ac6c5-1b8a-48db-91a2-f8661274ff80,bc3d39fd-a7d4-4763-b951-2bdeddd8a5d2,FALSE,NA,"Hul, S.|Eum, S.|Peou, Y.",Hul,hb,none,Magnoliopsida,KH,none,none,ASIA,Cambodia,EUROPE,NA,http://coldb.mnhn.fr/catalognumber/mnhn/p/p00915893,NA,NA,http://grbio.org/institution/museum-national-dhistoire-naturelle,654,NA,NA,7017,NA,2430565439,NA,P,http://coldb.mnhn.fr/catalognumber/mnhn/p/p00915893,NA,NA,P00915893,MNHN,NA,NA,NA,NA,Ardisia splendens Pit.,NA,NA,NA,NA,NA,5557720,Ardisia splendens,Ardisia,splendens,NA,NA,NA,NA,NA,NA,NA,NA,NA,NA,NA,NA,NA,NA,NA,NA,NA,NA,NA,NA,NA,NA,NA,NA,NA,NA,NA,NA,NA,NA,NA,NA,"""Arbrisseau de 0,5-1 m de haut. Feuilles spiralées, groupées le long des rameaux, et 2-3 feuilles alternes près du sommet. Inflorescences terminales en panicules ; fleurs à corolle rose, lobes non ponctués. Fruits globuleux, d'env. 4 mm de diamètre""",Pich chréada,Pou Loung,NA,NA,NA,NA,NA,NA,NA,NA,NA,NA,NA,NA,NA,NA,NA,NA,NA,NA,NA,NA,NA,NA,https://mediaphoto.mnhn.fr/media/15790232449088RLxCRKh1Ch0Bcgi,TRUE,error
HERB_0009,sample_images/HERB_0009.jpg,5833058934,Heptapleurum simplicifolium (Merr.) G.M.Plunkett & Lowry,"cdc,inmafu",defb9a47-c1a7-4fb2-9a0b-2da7c5260cad,c4cbb860-e9c7-11da-8113-b8a03c50a862,"68e8e67a-43e6-44a3-8817-dc0e6b70f973,0479d6b2-a4f4-4307-8346-0b80e8c88c66",ac2ad091-91eb-482d-a73f-061744da5dbf,96710dc8-fecb-440d-ae3e-c34ae8a9616f,US,DWC_ARCHIVE,2026-08-22T14:49:41.590+00:00,2026-08-24T17:20:30.415+00:00,237,PRESERVED_SPECIMEN,PRESENT,12261406,6,7707728,220,1351,8800,7314503,12261406,Heptapleurum simplicifolium (Merr.) G.M.Plunkett & Lowry,Plantae,Tracheophyta,Apiales,Araliaceae,Heptapleurum,SPECIES,ACCEPTED,NA,ASIA,Bukidnon Province,NA,NA,2024,6,6,2024-06-06,158,158,NA,2026-02-13T16:57:19.000+00:00,2026-08-24T17:20:30.415+00:00,https://portal.torcherbaria.org/portal/collections/individual/index.php?occid=34055596,http://creativecommons.org/publicdomain/zero/1.0/legalcode,FALSE,34055596,none,none,a68aaf8c-9bfe-4bec-bab9-70cf5d6cde4a,5a7702f8-a46a-40a0-9eef-26d97ea45b5c,FALSE,NA,"Plants and Lichens of the Southern Philippines Survey; Peter W. Fritsch, Victor B. Amoroso, Fulgent P. Coritico, Darin S. Penneys, Maria Melanie M. Guiang, Vanessa Handley, Noel L. Lagunday, José Ignacio Márquez-Corro, Yvonne L. Cariño, April Joie D. Lagumbay, Noe P. Mendez, Joevina C. Nobleza, Pamela J. O",NA,Pressed herbarium specimen,none,Magnoliopsida,PH,none,none,ASIA,Philippines,NORTH_AMERICA,Botanical Research Institute of Texas,34055596,6681,"Growing on live bark along trail in partial shade of forest. Tropical Lower Montane Rain Forest. Volcanic, mafic bedrock. Aspect: N-facing. No disturbance in area.",NA,237,NA,"Mindanao Island; Bukidnon Province; Municipality of Manolo Fortich; Barangay Dahilayan. N edge of Mt. Kitanglad Natural Park, trail from Dahilayan Indigenous People Eco Park & Resort to Sitio Kumakay.",NA,NA,5833058934,English,BRIT,77378d04-fb8a-46e7-b96b-182c50dc6ac0,NA,NA,BRIT1149189,BRIT,"Only one plant. Additional materials: Photos, DNA. Collections supported by U.S. National Science Foundation grants DEB-1754667 and DEB-1754697.; Epiphytic shrub; infructescences pendent; fruit orangish yellow, juicy, more or less translucent.",NA,1430 m,fea81a47-2365-45cc-bef9-b6bbff7457e6,Heptapleurum simplicifolium (Merr.) G.M.Plunkett & Lowry,NA,NA,8.18288,124.87252,NA,12261406,Heptapleurum simplicifolium,Heptapleurum,simplicifolium,NA,NA,NA,WGS84,NA,NA,NA,NA,NA,NA,NA,NA,NA,NA,NA,NA,NA,NA,NA,1430,NA,NA,NA,591534,NA,NA,NA,Barangay Dahilayan,NA,NA,NA,NA,NA,Municipality of Manolo Fortich,NA,NA,6-Jun-24,Mindanao,77378d04-fb8a-46e7-b96b-182c50dc6ac0,http://creativecommons.org/publicdomain/zero/1.0/,NA,NA,NA,NA,abordelon,NA,NA,NA,NA,NA,NA,NA,NA,NA,NA,NA,NA,https://web.corral.tacc.utexas.edu/brit/BRIT/BRIT1149000/BRIT1149189.jpg,FALSE,ok
HERB_0010,sample_images/HERB_0010.jpg,3312498081,Inula rhizocephala Schrenk,"cdc,cucdmis,cum",bf2a4bf0-5f31-11de-b67e-b8a03c50a862,98e934b0-5f31-11de-b67e-b8a03c50a862,"8e30b684-6a54-4aba-aa73-66201c2c736e,17abcf75-2f1e-46dd-bf75-a5b21dd02655",f6fe707e-cced-4efc-b5dc-be4c91b8180a,98e934b0-5f31-11de-b67e-b8a03c50a862,GB,DWC_ARCHIVE,2026-08-13T16:38:58.088+00:00,2026-08-24T20:20:59.095+00:00,445,PRESERVED_SPECIMEN,PRESENT,3148489,6,7707728,220,414,3065,3148323,3148489,Inula rhizocephala Schrenk,Plantae,Tracheophyta,Asterales,Asteraceae,Inula,SPECIES,ACCEPTED,NA,ASIA,NA,NA,Northern Asia,2018,8,14,2018-08-14,226,226,NA,2018-11-19T00:00:00.000+00:00,2026-08-24T20:20:59.095+00:00,NA,http://creativecommons.org/publicdomain/zero/1.0/legalcode,FALSE,https://data.rbge.org.uk/herb/E00898562,none,none,0237598a-853a-492c-af74-a723fe251799,427c8cd7-4358-4a00-9ef3-2b2676d28d1e,FALSE,Edinburgh (E) Herbarium Specimens,"Pamirs Expedition to Central Asia Tajikistan,",NA,HERBARIUM SHEET,none,Magnoliopsida,TL,none,none,ASIA,Timor-Leste,EUROPE,NA,https://data.rbge.org.uk/herb/E00898562,68,"Plants in small gully by the side of the road, where it is wet seasonally, Plans were also observed lower down in a wet meadow with cows.;  Vegetation: Acanthelimon, artemisia, and Swertia",https://scientific-collections.gbif.org/institution/0237598a-853a-492c-af74-a723fe251799,445,NA,Tajikistan:Gorno Badakshan:17 km east of Jilandy on main road M41,NA,NA,3312498081,NA,E,https://data.rbge.org.uk/herb/E00898562,PhysicalObject,NA,E00898562,RBGE,NA,NA,4178m,https://scientific-collections.gbif.org/collection/427c8cd7-4358-4a00-9ef3-2b2676d28d1e,Inula rhizocephala Schrenk,NA,NA,37.484167,72.758611,NA,3148489,Inula rhizocephala,Inula,rhizocephala,NA,NA,NA,WGS84,NA,ICBN,NA,NA,NA,NA,NA,NA,E,NA,NA,NA,NA,NA,NA,4178,0,NA,NA,NA,NA,NA,NA,NA,NA,NA,NA,NA,NA,NA,NA,NA,14th August 2018,NA,NA,NA,NA,NA,NA,NA,NA,NA,NA,NA,CC0,Royal Botanic Garden Edinburgh,927436,NA,NA,NA,NA,NA,NA,https://iiif.rbge.org.uk/herb/iiif/E00898562/manifest,FALSE,not_image
HERB_0011,sample_images/HERB_0011.jpg,6196929201,Monoon simiarum (Buch.-Ham. ex Hook.f. & Thomson) B.Xue & R.M.K.Saunders,"colmafu,inmafu",1cbed1d0-f9ac-4b9e-bf3f-a26272bca39e,4fd82480-ea1c-11da-8db4-b8a03c50a862,NA,82d6992a-b20b-4e74-b6ac-6b971b2c485d,4fd82480-ea1c-11da-8db4-b8a03c50a862,JP,EML,2026-07-10T16:35:10.312+00:00,2026-07-18T17:50:25.256+00:00,222,PRESERVED_SPECIMEN,PRESENT,11087855,6,7707728,220,718,9291,3156263,3648917,Polyalthia simiarum (Buch.-Ham. ex Hook.f. & Thomson) Benth. & Hook.,Plantae,Tracheophyta,Magnoliales,Annonaceae,Polyalthia,SPECIES,SYNONYM,NA,ASIA,Kien Giang,NA,Asia|Vietnam|Kien Giang|Kien Luong Dist.|Mt. Mo So,2024,5,22,2024-05-22,143,143,NA,2025-10-16T00:00:00.000+00:00,2026-07-18T17:50:25.256+00:00,https://www.museum.kagoshima-u.ac.jp/hyouhonsitu.html,http://creativecommons.org/licenses/by/4.0/legalcode,FALSE,93b3eb85-4fa6-4cf5-851c-a4666f21aa83,none,none,7b6590f0-c03f-409b-ae28-f443c1166d23,e9e6df05-e289-4a64-8ace-a4d5dbd168e4,FALSE,NA,NA,NA,NA,none,Magnoliopsida,VN,none,none,ASIA,Viet Nam,ASIA,NA,93b3eb85-4fa6-4cf5-851c-a4666f21aa83,N487,NA,NA,232,NA,Mt. Mo So,NA,"Vietnam, Kien Giang, Kien Luong Dist., Mt. Mo So",6196929201,NA,KAG,93b3eb85-4fa6-4cf5-851c-a4666f21aa83,NA,NA,KAG188590,KAG,NA,NA,NA,NA,Monoon simiarum (Buch.-Ham. ex Hook.f. & Thomson) B.Xue & R.M.K.Saunders,NA,NA,10.22756,104.61691,NA,3648917,Polyalthia simiarum,Monoon,simiarum,NA,NA,NA,WGS84,NA,NA,NA,NA,obtained using GPS machine,NA,NA,NA,NA,NA,Plantae|Tracheophyta|Magnoliopsida|Magnoliales|Annonaceae|Monoon|simiarum,NA,NA,NA,NA,45,NA,NA,NA,NA,NA,NA,NA,NA,NA,NA,NA,NA,NA,Kien Luong Dist.,NA,NA,NA,NA,NA,NA,NA,NA,NA,NA,NA,NA,500,NA,NA,NA,NA,NA,NA,NA,NA,NA,NA,https://dbs.kaum.kagoshima-u.ac.jp/musedb/s_plant/picture/KAG188590/KAG188590.jpg,FALSE,ok
HERB_0012,sample_images/HERB_0012.jpg,2515140828,Byttneria angulata Hassk.,,15f819bd-6612-4447-854b-14d12ee1022d,396d5f30-dea9-11db-8ab4-b8a03c50a862,17abcf75-2f1e-46dd-bf75-a5b21dd02655,65eb93af-41b8-4917-a5fc-cfe2a45aa4bf,396d5f30-dea9-11db-8ab4-b8a03c50a862,NL,DWC_ARCHIVE,2026-06-29T11:53:09.940+00:00,2026-08-24T20:54:19.327+00:00,286,PRESERVED_SPECIMEN,PRESENT,3670317,6,7707728,220,941,6685,7445609,3670317,Byttneria angulata Hassk.,Plantae,Tracheophyta,Malvales,Malvaceae,Byttneria,SPECIES,ACCEPTED,NA,ASIA,Dili,NA,NA,2015,5,18,2015-05-18,138,138,NA,NA,2026-08-24T20:54:19.327+00:00,NA,http://creativecommons.org/publicdomain/zero/1.0/legalcode,FALSE,L.3978120@BRAHMS,none,none,0e919a55-08d3-4bd2-aec1-200858fafd92,0add23db-a8f7-4d15-95ad-4ed0c5c8a055,FALSE,NA,Cowie ID; Santana F,NA,NA,none,Magnoliopsida,TL,none,none,ASIA,Timor-Leste,EUROPE,Naturalis Biodiversity Center,L.3978120@BRAHMS,"Cowie, ID; Santana, F 13894","Old secondary forest c 15 m tall, side slope of valley, limestone rubble.",https://ror.org/0566bfb96,286,NA,Inland of Beloi.,NA,NA,2515140828,NA,Botany,https://data.biodiversitydata.nl/naturalis/specimen/L.3978120,NA,NA,L.3978120,NA,NA,NA,500.0 m,NA,Byttneria angulata Hassk.,NA,NA,-8.22111,125.57306,NA,3670317,Byttneria angulata,Byttneria,angulata,NA,NA,NA,WGS84,NA,ICN,NA,NA,NA,NA,NA,NA,NA,NA,Plantae|Malvales|Malvaceae,NA,NA,NA,NA,NA,NA,NA,NA,NA,NA,NA,NA,NA,NA,NA,true,NA,NA,NA,NA,NA,NA,NA,NA,NA,NA,NA,NA,NA,NA,NA,NA,NA,NA,NA,NA,NA,NA,NA,NA,NA,NA,https://medialib.naturalis.nl/file/id/L.3978120/format/large,FALSE,ok
HERB_0013,sample_images/HERB_0013.jpg,2430565493,Phyllanthus emblica L.,,b5cdf794-8fa4-4a85-8b26-755d087bf531,2cd829bb-b713-433d-99cf-64bef11e5b3e,17abcf75-2f1e-46dd-bf75-a5b21dd02655,86c2834b-fcd6-418d-9b32-aca45110a0fe,2cd829bb-b713-433d-99cf-64bef11e5b3e,FR,EML,2026-08-13T15:27:43.858+00:00,2026-08-24T16:46:32.278+00:00,606,PRESERVED_SPECIMEN,PRESENT,5381660,6,7707728,220,1414,8807,3061139,5381660,Phyllanthus emblica L.,Plantae,Tracheophyta,Malpighiales,Phyllanthaceae,Phyllanthus,SPECIES,ACCEPTED,NA,ASIA,mondulkiri,none,NA,2019,2,3,2019-02-03,34,34,NA,2020-01-14T18:34:09.000+00:00,2026-08-24T16:46:32.278+00:00,NA,http://creativecommons.org/licenses/by/4.0/legalcode,FALSE,http://coldb.mnhn.fr/catalognumber/mnhn/p/p00915909,none,none,6a6ac6c5-1b8a-48db-91a2-f8661274ff80,bc3d39fd-a7d4-4763-b951-2bdeddd8a5d2,FALSE,NA,"Hul, S.|Eum, S.|Peou, Y.",Hul,hb,none,Magnoliopsida,KH,none,none,ASIA,Cambodia,EUROPE,NA,http://coldb.mnhn.fr/catalognumber/mnhn/p/p00915909,NA,NA,http://grbio.org/institution/museum-national-dhistoire-naturelle,654,NA,NA,7034,NA,2430565493,NA,P,http://coldb.mnhn.fr/catalognumber/mnhn/p/p00915909,NA,NA,P00915909,MNHN,NA,NA,NA,NA,Phyllanthus emblica L.,NA,NA,NA,NA,NA,5381660,Phyllanthus emblica,Phyllanthus,emblica,NA,NA,NA,NA,NA,NA,NA,NA,NA,NA,NA,NA,NA,NA,NA,NA,LC,NA,NA,NA,NA,NA,NA,NA,NA,NA,NA,NA,NA,NA,NA,NA,"Arbre d'env. 7 m, monoïque. Feuilles distiques, oblongues, obtuses aux 2 extrémités. Inflorescences en glomérules, à l'aisselle des feuilles inférieures des rameaux. Fruit globuleux, d'abord charnu, puis sec et capsulaire",O Réaing,Sen Monorom,NA,NA,NA,NA,NA,NA,NA,NA,NA,NA,NA,NA,NA,NA,NA,NA,NA,NA,NA,NA,NA,NA,https://mediaphoto.mnhn.fr/media/1579023249462XiklFLKN38Gtc3Rq,TRUE,error
HERB_0014,sample_images/HERB_0014.jpg,3461934307,Butea monosperma (Lam.) Taubert,,b5cdf794-8fa4-4a85-8b26-755d087bf531,2cd829bb-b713-433d-99cf-64bef11e5b3e,17abcf75-2f1e-46dd-bf75-a5b21dd02655,86c2834b-fcd6-418d-9b32-aca45110a0fe,2cd829bb-b713-433d-99cf-64bef11e5b3e,FR,EML,2026-08-13T15:27:43.858+00:00,2026-08-24T16:47:15.409+00:00,606,PRESERVED_SPECIMEN,PRESENT,2940416,6,7707728,220,1370,5386,2940412,8234570,Butea monosperma (Lam.) Kuntze,Plantae,Tracheophyta,Fabales,Fabaceae,Butea,SPECIES,SYNONYM,NA,ASIA,siem réap,none,NA,2021,1,8,2021-01-08,8,8,NA,2022-02-09T10:40:12.000+00:00,2026-08-24T16:47:15.409+00:00,NA,http://creativecommons.org/licenses/by/4.0/legalcode,FALSE,http://coldb.mnhn.fr/catalognumber/mnhn/p/p01190814,none,none,6a6ac6c5-1b8a-48db-91a2-f8661274ff80,bc3d39fd-a7d4-4763-b951-2bdeddd8a5d2,FALSE,NA,"Hul, S.|Peou, Y.|Ratanak, V.",Hul,hb,none,Magnoliopsida,KH,none,none,ASIA,Cambodia,EUROPE,NA,http://coldb.mnhn.fr/catalognumber/mnhn/p/p01190814,NA,NA,http://grbio.org/institution/museum-national-dhistoire-naturelle,654,NA,NA,7205,Sangkat Slorkram,3461934307,NA,P,http://coldb.mnhn.fr/catalognumber/mnhn/p/p01190814,NA,NA,P01190814,MNHN,NA,NA,NA,NA,Butea monosperma (Lam.) Taubert,NA,NA,NA,NA,NA,8234570,Butea monosperma,Butea,monosperma,NA,NA,NA,NA,NA,NA,NA,NA,NA,NA,NA,NA,NA,NA,NA,NA,NA,NA,NA,NA,NA,NA,NA,NA,NA,NA,NA,NA,NA,NA,NA,NA,"Arbre de 4-10 m de haut , tronc ± tordu, suc rouge. Feuilles pennées, 3-foliées , folioles rhomboïdales ou orbiculaires, tomenteuses en dessous. Inflorescences en panicules tomenteuses. Gousses comprimées, pubescentes, graines aplaties",Phum Daun Pa,NA,NA,NA,NA,NA,NA,NA,NA,NA,NA,NA,NA,NA,NA,NA,NA,NA,NA,NA,NA,NA,NA,NA,https://mediaphoto.mnhn.fr/media/1644399610675IR6f6etx9BQ8acVV,TRUE,error
HERB_0015,sample_images/HERB_0015.jpg,2846084309,Beccarinda cordifolia (Anthony) B.L.Burtt,"colmafu,inmafu",7e380070-f762-11e1-a439-00145eb45e9a,19456090-b49a-11d8-abeb-b8a03c50a862,"17abcf75-2f1e-46dd-bf75-a5b21dd02655,99d66b6c-9087-452f-a9d4-f15f2c2d0e7e",60277b56-f762-11e1-a439-00145eb45e9a,19456090-b49a-11d8-abeb-b8a03c50a862,GB,DWC_ARCHIVE,2026-08-13T15:58:06.296+00:00,2026-08-24T17:21:56.549+00:00,498,PRESERVED_SPECIMEN,PRESENT,3820078,6,7707728,220,408,6654,6365285,3820078,Beccarinda cordifolia (Anthony) B.L.Burtt,Plantae,Tracheophyta,Lamiales,Gesneriaceae,Beccarinda,SPECIES,ACCEPTED,NA,ASIA,NA,none,Asia; Myanmar,2025,6,NA,2025-06,NA,NA,NA,2026-06-29T17:12:09.000+00:00,2026-08-24T17:21:56.549+00:00,NA,http://creativecommons.org/publicdomain/zero/1.0/legalcode,FALSE,9181589,none,none,1d808a7c-1f9e-4379-9616-edb749ecf10e,8bb3763f-955c-4791-8777-44de1996b378,FALSE,NA,George Forrest,NA,NA,none,Magnoliopsida,MM,none,none,ASIA,Myanmar,EUROPE,NA,9181589,24549,NA,NA,500,"{""subDepartment"": ""Gen Herb"", ""created"": null, ""determinationNames"": ""Beccarinda cordifolia (J.Anthony) B.L.Burtt"", ""gbifID"": ""2846084309"", ""gbifIssue"": ""RECORDED_DATE_UNLIKELY | MODIFIED_DATE_INVALID | INSTITUTION_MATCH_FUZZY | COLLECTION_MATCH_FUZZY | MULTIMEDIA_DATE_INVALID"", ""associatedMediaCount"": 1, ""barcode"": null, ""preservative"": null, ""determinationFiledAs"": ""Yes"", ""project"": ""Plant Diversity of India | POSA: Plants of South Asia"", ""donorName"": null, ""collectionKind"": ""Sheet"", ""registrationCode"": null, ""chronostratigraphy"": null, ""kindOfCollection"": null, ""kindOfObject"": null, ""lithostratigraphy"": null, ""catalogueDescription"": null, ""expedition"": null, ""collectionName"": null, ""plantDescription"": null, ""vessel"": null, ""clutchSize"": null, ""exsiccata"": null, ""setMark"": null, ""exsiccataNumber"": null, ""currentScientificName"": null, ""suborder"": null, ""superfamily"": null, ""subfamily"": null, ""partType"": null, ""populationCode"": null, ""observedWeight"": null, ""preparationType"": null, ""resuspendedIn"": null, ""extractionMethod"": null, ""totalVolume"": null, ""mine"": null, ""mineralComplex"": null}",NA,24549,NA,2846084309,NA,BOT,1f1d23a0-138a-49b1-9b1c-98549ae3e039,NA,NA,BM011026127,NHMUK,NA,NA,NA,NA,Beccarinda cordifolia (Anthony) B.L.Burtt,NA,NA,NA,NA,NA,3820078,Beccarinda cordifolia,Beccarinda,cordifolia,NA,NA,NA,NA,NA,NA,NA,NA,NA,NA,NA,NA,NA,NA,Magnoliophyta; Lamiales; Gesneriaceae,NA,NA,NA,NA,NA,NA,NA,NA,NA,NHMUK,http://bnhm.berkeley.edu/DwC/bnhm_dc2_schema.xsd,10000,NA,NA,NA,NA,NA,NA,NA,NA,NHMUK:ecatalogue:9181589,NA,NA,NA,NA,NA,NA,NA,NA,NA,NA,461.58,NA,NA,NA,NA,NA,NA,NA,NA,NA,NA,https://data.nhm.ac.uk/media/e51c1c67-2419-4b8d-8946-a6ad32150f97,FALSE,error
HERB_0016,sample_images/HERB_0016.jpg,5841176154,Broussonetia papyrifera (L.) L'Hér. ex Vent.,"cdc,gass84,gdativ,colmano,inmafu",10cfe1fe-ea15-4b73-b495-66c20d839bef,fec00ed1-a0f3-440b-b10c-d6dca979ade1,NA,08eefeeb-e20f-4482-8e0f-f218547e2f50,12b1df00-3f75-11d8-aa2d-b8a03c50a862,TW,EML,2026-07-13T18:00:10.806+00:00,2026-07-18T15:27:29.146+00:00,37,PRESERVED_SPECIMEN,PRESENT,5361944,6,7707728,220,691,6640,2984643,5361944,Broussonetia papyrifera (L.) L'Hér. ex Vent.,Plantae,Tracheophyta,Rosales,Moraceae,Broussonetia,SPECIES,ACCEPTED,NA,ASIA,NA,NA,NA,2019,8,27,2019-08-27,239,239,NA,2024-11-07T15:18:50.000+00:00,2026-07-18T15:27:29.146+00:00,https://hast.biodiv.tw/specimens/HAST:145383,http://creativecommons.org/licenses/by-nc/4.0/legalcode,FALSE,https://n2t.net/ark:/18474/b27m05j83,none,none,30da7241-59c0-4796-8da4-e8abb4aef6b9,NA,FALSE,NA,"Chuang, Chia-Rong (莊嘉瑢)",NA,NA,none,Magnoliopsida,ID,none,none,ASIA,Indonesia,ASIA,"Biodiversity Research Museum, Academia Sinica, Taiwan",https://n2t.net/ark:/18474/b27m05j83,21,NA,NA,37,NA,"Central Sulawesi, Hanggira, Besoa Valley",NA,NA,5841176154,NA,NA,https://n2t.net/ark:/18474/b27m05j83,NA,NA,145383,HAST,NA,NA,NA,NA,Broussonetia papyrifera (L.) L'Hér. ex Vent.,NA,NA,-1.715389,120.207667,NA,5361944,Broussonetia papyrifera,Broussonetia,papyrifera,NA,NA,NA,WGS84,NA,NA,NA,NA,NA,NA,NA,NA,HAST,NA,NA,NA,LC,構樹,NA,NA,NA,NA,NA,NA,NA,NA,NA,NA,NA,NA,NA,NA,NA,NA,NA,NA,NA,NA,NA,NA,NA,NA,NA,NA,NA,NA,NA,NA,NA,NA,NA,NA,NA,NA,NA,NA,NA,https://brmas-media.s3-ap-northeast-1.amazonaws.com/hast/specimen/S_145383-m.jpg,FALSE,ok
HERB_0017,sample_images/HERB_0017.jpg,5276398444,Indigofera spicata Forssk.,"incomis,inmafu",cd6e21c8-9e8a-493a-8a76-fbf7862069e5,061b4f20-f241-11da-a328-b8a03c50a862,17abcf75-2f1e-46dd-bf75-a5b21dd02655,996e30f8-f762-11e1-a439-00145eb45e9a,061b4f20-f241-11da-a328-b8a03c50a862,GB,DWC_ARCHIVE,2026-08-24T12:51:18.333+00:00,2026-08-24T20:50:38.238+00:00,539,PRESERVED_SPECIMEN,PRESENT,2971635,6,7707728,220,1370,5386,2971355,2971635,Indigofera spicata Forssk.,Plantae,Tracheophyta,Fabales,Fabaceae,Indigofera,SPECIES,ACCEPTED,NA,ASIA,NA,none,NA,2020,1,2,2020-01-02T00:00,2,2,NA,2026-01-02T10:13:33.483+00:00,2026-08-24T20:50:38.238+00:00,NA,http://creativecommons.org/licenses/by/4.0/legalcode,FALSE,K001898863,none,none,fa252605-26f6-426c-9892-94d071c2c77f,NA,FALSE,NA,"Lua, H.K.",NA,NA,none,Magnoliopsida,SG,none,none,ASIA,Singapore,EUROPE,NA,K001898863,SING 2020-510,NA,NA,539,NA,"Loyang, End of Loyang, close to Cal-de-sac",NA,NA,5276398444,NA,Herbarium,http://specimens.kew.org/herbarium/K001898863,NA,NA,K001898863,K,NA,NA,NA,NA,Indigofera spicata Forssk.,NA,NA,NA,NA,NA,2971635,Indigofera spicata,Indigofera,spicata,NA,NA,NA,NA,NA,NA,NA,NA,NA,NA,NA,NA,NA,NA,Fabaceae,NA,NA,NA,NA,NA,NA,NA,NA,NA,NA,NA,NA,NA,NA,NA,NA,NA,NA,NA,NA,NA,NA,NA,NA,NA,NA,NA,NA,NA,NA,NA,NA,NA,NA,NA,NA,NA,NA,NA,NA,NA,NA,https://d2jcv3kl45hlgi.cloudfront.net/8299c29566a952e86ef40ae2b978ae7a.jpg,FALSE,ok
HERB_0018,sample_images/HERB_0018.jpg,5106375475,Pseuderanthemum latifolium (Vahl) B.Hansen,,bf2a4bf0-5f31-11de-b67e-b8a03c50a862,98e934b0-5f31-11de-b67e-b8a03c50a862,"8e30b684-6a54-4aba-aa73-66201c2c736e,17abcf75-2f1e-46dd-bf75-a5b21dd02655",f6fe707e-cced-4efc-b5dc-be4c91b8180a,98e934b0-5f31-11de-b67e-b8a03c50a862,GB,DWC_ARCHIVE,2026-08-13T16:38:58.088+00:00,2026-08-24T20:20:08.610+00:00,445,PRESERVED_SPECIMEN,PRESENT,3772966,6,7707728,220,408,2393,3173132,3772966,Pseuderanthemum latifolium (Vahl) B.Hansen,Plantae,Tracheophyta,Lamiales,Acanthaceae,Pseuderanthemum,SPECIES,ACCEPTED,NA,ASIA,Sagaing,none,Myanmar (Burma),2019,3,18,2019-03-18,77,77,NA,2025-04-08T12:27:06.000+00:00,2026-08-24T20:20:08.610+00:00,NA,http://creativecommons.org/publicdomain/zero/1.0/legalcode,FALSE,https://data.rbge.org.uk/herb/E01534000,none,none,0237598a-853a-492c-af74-a723fe251799,427c8cd7-4358-4a00-9ef3-2b2676d28d1e,FALSE,Edinburgh (E) Herbarium Specimens,"Armstrong, Kathleen Ellen, Nwe, Thet Yu, Kramer, Marshall, Linn, Wah Wah, Khaing, Myo, Myint, Thar, Pyae, Phoe La, Kyi, Aung, Nyo, Kyi, Myint, Han Sein, Nge, Maung & Oo, Myint",NA,HERBARIUM SHEET,none,Magnoliopsida,MM,none,none,ASIA,Myanmar,EUROPE,NA,https://data.rbge.org.uk/herb/E01534000,4507,Growing in primary forest.,https://scientific-collections.gbif.org/institution/0237598a-853a-492c-af74-a723fe251799,445,NA,"Htamanthi Wildlife Sanctuary. Nam Phi Lin stream, downstream from camp 1",NA,NA,5106375475,NA,E,https://data.rbge.org.uk/herb/E01534000,PhysicalObject,NA,E01534000,RBGE,NA,NA,NA,https://scientific-collections.gbif.org/collection/427c8cd7-4358-4a00-9ef3-2b2676d28d1e,Pseuderanthemum latifolium (Vahl) B.Hansen,NA,NA,NA,NA,NA,3772966,Pseuderanthemum latifolium,Pseuderanthemum,latifolium,NA,NA,NA,NA,NA,ICBN,NA,NA,NA,NA,NA,NA,E,NA,NA,NA,NA,NA,NA,NA,NA,NA,NA,NA,NA,NA,NA,NA,NA,NA,NA,NA,NA,Hkamti,NA,NA,18th March 2019,NA,NA,NA,NA,NA,NA,NA,NA,NA,NA,NA,CC0,Royal Botanic Garden Edinburgh,1734019,NA,NA,NA,NA,NA,NA,https://iiif.rbge.org.uk/herb/iiif/E01534000/manifest,FALSE,not_image
HERB_0019,sample_images/HERB_0019.jpg,4420065303,Garcinia forbesii King,"cdc,gass84",cb9beff3-a185-486f-975a-732251444158,2853c0e7-c758-4c9c-83a2-7c2d18967fb9,17abcf75-2f1e-46dd-bf75-a5b21dd02655,86c2834b-fcd6-418d-9b32-aca45110a0fe,2cd829bb-b713-433d-99cf-64bef11e5b3e,FR,EML,2026-08-13T15:27:43.165+00:00,2026-08-24T18:08:47.156+00:00,586,PRESERVED_SPECIMEN,PRESENT,3714626,6,7707728,220,1414,6646,3189556,3714626,Garcinia forbesii King,Plantae,Tracheophyta,Malpighiales,Clusiaceae,Garcinia,SPECIES,ACCEPTED,NA,ASIA,Kalimantan,NA,NA,2022,8,17,2022-08-17,229,229,NA,2023-09-28T17:46:55.000+00:00,2026-08-24T18:08:47.156+00:00,NA,http://creativecommons.org/licenses/by/4.0/legalcode,FALSE,http://coldb.mnhn.fr/catalognumber/um/mpu/mpu885560,none,none,17ff2e84-80c7-4904-81c7-26183b3ce46e,1fddc155-2d5b-4b1d-92cb-1268e22cc2bb,FALSE,NA,"Yao, T.L.",Yao,hb,none,Magnoliopsida,ID,none,none,ASIA,Indonesia,EUROPE,NA,http://coldb.mnhn.fr/catalognumber/um/mpu/mpu885560,NA,NA,http://grscicoll.org/institution/université-montpellier-2,634,NA,NA,Manggis project/433,"Kalimantan Timur, Balikpapan Utara, Karang Joang, Hutan Lindong Sei Wain",4420065303,NA,MPU,http://coldb.mnhn.fr/catalognumber/um/mpu/mpu885560,NA,NA,MPU885560,UM,NA,NA,NA,NA,Garcinia forbesii King,NA,NA,-1.13662,116.83641,NA,3714626,Garcinia forbesii,Garcinia,forbesii,NA,NA,NA,WGS84,NA,NA,NA,NA,NA,NA,NA,NA,NA,NA,NA,NA,LC,NA,NA,NA,NA,NA,NA,NA,NA,NA,NA,NA,NA,NA,NA,NA,"Sapling, c. 2.2 m ht., dbh 1.5 cm, exudate pale yellow",NA,NA,NA,NA,NA,NA,NA,NA,NA,NA,Flat alluvial mixed dipterocarp forest,NA,NA,NA,NA,NA,NA,NA,NA,NA,NA,NA,NA,NA,https://mediaphoto.mnhn.fr/media/1695916015146NAvwiBN2islprqqc,FALSE,error
HERB_0020,sample_images/HERB_0020.jpg,4608025528,Teijsmanniodendron unifoliolatum (Merr.) Moldenke,"cdc,cdround,gass84,incomis,inmafu",cd6e21c8-9e8a-493a-8a76-fbf7862069e5,061b4f20-f241-11da-a328-b8a03c50a862,17abcf75-2f1e-46dd-bf75-a5b21dd02655,996e30f8-f762-11e1-a439-00145eb45e9a,061b4f20-f241-11da-a328-b8a03c50a862,GB,DWC_ARCHIVE,2026-08-24T12:51:18.333+00:00,2026-08-24T20:49:56.696+00:00,539,PRESERVED_SPECIMEN,PRESENT,3899420,6,7707728,220,408,2497,7308815,3899420,Teijsmanniodendron unifoliolatum (Merr.) Moldenke,Plantae,Tracheophyta,Lamiales,Lamiaceae,Teijsmanniodendron,SPECIES,ACCEPTED,NA,ASIA,NA,NA,NA,2019,11,7,2019-11-07T00:00,311,311,NA,2026-01-25T18:17:20.613+00:00,2026-08-24T20:49:56.696+00:00,NA,http://creativecommons.org/licenses/by/4.0/legalcode,FALSE,K001925081,none,none,fa252605-26f6-426c-9892-94d071c2c77f,NA,FALSE,NA,"Lim, W.H.; Bazilah, I.; Watu, A.; Janagrun, E.; Azlan, P.; Clayton, J.",NA,NA,none,Magnoliopsida,BN,none,none,ASIA,Brunei Darussalam,EUROPE,NA,K001925081,LWH 37,NA,NA,539,NA,"Tutong, Rambai, Ulu Sg. Kiapat. ",NA,NA,4608025528,NA,Herbarium,http://specimens.kew.org/herbarium/K001925081,NA,NA,K001925081,K,NA,NA,NA,NA,Teijsmanniodendron unifoliolatum (Merr.) Moldenke,NA,NA,4.549722,114.749167,NA,3899420,Teijsmanniodendron unifoliolatum,Teijsmanniodendron,unifoliolatum,NA,NA,NA,WGS84,NA,NA,NA,NA,NA,NA,NA,NA,NA,NA,Lamiaceae,NA,LC,NA,NA,NA,NA,NA,NA,NA,NA,NA,NA,NA,NA,NA,NA,NA,NA,NA,NA,NA,NA,NA,NA,NA,NA,NA,NA,NA,NA,NA,NA,NA,NA,NA,NA,NA,NA,NA,NA,NA,NA,https://d2jcv3kl45hlgi.cloudfront.net/44db1ce906575679521fbd1b009f03b8.jpg,FALSE,ok
HERB_0021,sample_images/HERB_0021.jpg,3461965308,Tectona grandis L.f.,,b5cdf794-8fa4-4a85-8b26-755d087bf531,2cd829bb-b713-433d-99cf-64bef11e5b3e,17abcf75-2f1e-46dd-bf75-a5b21dd02655,86c2834b-fcd6-418d-9b32-aca45110a0fe,2cd829bb-b713-433d-99cf-64bef11e5b3e,FR,EML,2026-08-13T15:27:43.858+00:00,2026-08-24T16:45:43.596+00:00,606,PRESERVED_SPECIMEN,PRESENT,2925649,6,7707728,220,408,2497,2925648,2925649,Tectona grandis L.f.,Plantae,Tracheophyta,Lamiales,Lamiaceae,Tectona,SPECIES,ACCEPTED,NA,ASIA,siem réap,none,NA,2021,1,8,2021-01-08,8,8,NA,2022-02-09T10:40:03.000+00:00,2026-08-24T16:45:43.596+00:00,NA,http://creativecommons.org/licenses/by/4.0/legalcode,FALSE,http://coldb.mnhn.fr/catalognumber/mnhn/p/p01190809,none,none,6a6ac6c5-1b8a-48db-91a2-f8661274ff80,bc3d39fd-a7d4-4763-b951-2bdeddd8a5d2,FALSE,NA,"Hul, S.|Peou, Y.|Ratanak, V.",Hul,hb,none,Magnoliopsida,KH,none,none,ASIA,Cambodia,EUROPE,NA,http://coldb.mnhn.fr/catalognumber/mnhn/p/p01190809,NA,NA,http://grbio.org/institution/museum-national-dhistoire-naturelle,654,NA,NA,7200,Sangkat Slorkram,3461965308,NA,P,http://coldb.mnhn.fr/catalognumber/mnhn/p/p01190809,NA,NA,P01190809,MNHN,NA,NA,NA,NA,Tectona grandis L.f.,NA,NA,NA,NA,NA,2925649,Tectona grandis,Tectona,grandis,NA,NA,NA,NA,NA,NA,NA,NA,NA,NA,NA,NA,NA,NA,NA,NA,EN,NA,NA,NA,NA,NA,NA,NA,NA,NA,NA,NA,NA,NA,NA,NA,"Arbre, 15-20 m de hauteur, branches couvertes d'un tomentum de poils étoilés brun fauve. Feuilles simples, opposées, ovales-elliptiques ou obovales, acuminées au sommet, coriaces, 23-60 x  22-37 cm. Inflorescences terminales, en panicules de cymes très fleuries. Fruit : drupe pubescente à poils étoilés, incluse dans le calice",Phum Daun Pa,NA,NA,NA,NA,NA,NA,NA,NA,NA,NA,NA,NA,NA,NA,NA,NA,NA,NA,NA,NA,NA,NA,NA,https://mediaphoto.mnhn.fr/media/1644399601752Ax589cMTUzEXOwM5,TRUE,error
HERB_0022,sample_images/HERB_0022.jpg,3461929305,Dipterocarpus alatus Roxb. ex G.Don,,b5cdf794-8fa4-4a85-8b26-755d087bf531,2cd829bb-b713-433d-99cf-64bef11e5b3e,17abcf75-2f1e-46dd-bf75-a5b21dd02655,86c2834b-fcd6-418d-9b32-aca45110a0fe,2cd829bb-b713-433d-99cf-64bef11e5b3e,FR,EML,2026-08-13T15:27:43.858+00:00,2026-08-24T16:45:39.282+00:00,606,PRESERVED_SPECIMEN,PRESENT,7804561,6,7707728,220,941,6645,7299001,7804561,Dipterocarpus alatus Roxb. ex G.Don,Plantae,Tracheophyta,Malvales,Dipterocarpaceae,Dipterocarpus,SPECIES,PROVISIONALLY_ACCEPTED,NA,ASIA,siem réap,none,NA,2021,1,7,2021-01-07,7,7,NA,2022-02-09T10:39:26.000+00:00,2026-08-24T16:45:39.282+00:00,NA,http://creativecommons.org/licenses/by/4.0/legalcode,FALSE,http://coldb.mnhn.fr/catalognumber/mnhn/p/p01190792,none,none,6a6ac6c5-1b8a-48db-91a2-f8661274ff80,bc3d39fd-a7d4-4763-b951-2bdeddd8a5d2,FALSE,NA,"Hul, S.|Peou, Y.|Ratanak, V.",Hul,hb,none,Magnoliopsida,KH,none,none,ASIA,Cambodia,EUROPE,NA,http://coldb.mnhn.fr/catalognumber/mnhn/p/p01190792,NA,NA,http://grbio.org/institution/museum-national-dhistoire-naturelle,654,NA,NA,7183,Sangkat Slorkram,3461929305,NA,P,http://coldb.mnhn.fr/catalognumber/mnhn/p/p01190792,NA,NA,P01190792,MNHN,NA,NA,NA,NA,Dipterocarpus alatus Roxb. ex G.Don,NA,NA,NA,NA,NA,7804561,Dipterocarpus alatus,Dipterocarpus,alatus,NA,NA,NA,NA,NA,NA,NA,NA,NA,NA,NA,NA,NA,NA,NA,NA,VU,NA,NA,NA,NA,NA,NA,NA,NA,NA,NA,NA,NA,NA,NA,NA,"Arbre de 20-30 m de hauteur. Feuilles ovales, ovales-elliptiques, atténuées ou subcordées à la base, obtuses ou légèrement acuminées au sommet, glabres sauf sur la nervure médiane de la face supérieure, tomenteuses à poils étoilés sur la face inférieure",Phum Daun Pa,NA,NA,NA,NA,NA,NA,NA,NA,NA,NA,NA,NA,NA,NA,NA,NA,NA,NA,NA,NA,NA,NA,NA,https://mediaphoto.mnhn.fr/media/1644399563351GKFbfQc8Gdz0pRfz,FALSE,error
HERB_0023,sample_images/HERB_0023.jpg,1144985347,Anemone tschernaewii Regel,"cdc,cucdmis,cum,txmatfuz",bf2a4bf0-5f31-11de-b67e-b8a03c50a862,98e934b0-5f31-11de-b67e-b8a03c50a862,"8e30b684-6a54-4aba-aa73-66201c2c736e,17abcf75-2f1e-46dd-bf75-a5b21dd02655",f6fe707e-cced-4efc-b5dc-be4c91b8180a,98e934b0-5f31-11de-b67e-b8a03c50a862,GB,DWC_ARCHIVE,2026-08-13T16:38:58.088+00:00,2026-08-24T20:20:39.709+00:00,445,PRESERVED_SPECIMEN,PRESENT,7890290,6,7707728,220,399,2410,3016227,7890290,Anemone tschernaewii Regel,Plantae,Tracheophyta,Ranunculales,Ranunculaceae,Anemone,SPECIES,ACCEPTED,NA,ASIA,Khatlon,NA,Northern Asia,2015,5,6,2015-05-06,126,126,NA,2023-12-06T10:15:46.000+00:00,2026-08-24T20:20:39.709+00:00,NA,http://creativecommons.org/publicdomain/zero/1.0/legalcode,FALSE,https://data.rbge.org.uk/herb/E00737285,none,none,0237598a-853a-492c-af74-a723fe251799,427c8cd7-4358-4a00-9ef3-2b2676d28d1e,FALSE,Edinburgh (E) Herbarium Specimens,"Second Edinburgh Kulob Expedition to Tajikistan,",NA,HERBARIUM SHEET,none,Magnoliopsida,TL,none,none,ASIA,Timor-Leste,EUROPE,NA,https://data.rbge.org.uk/herb/E00737285,27,"Very rich soil on slopes amongst shrubs;  Vegetation: Rosa, Alium, Anemone",https://scientific-collections.gbif.org/institution/0237598a-853a-492c-af74-a723fe251799,445,NA,"Tajikistan:Viloyati Khatlon (Qurghonteppa, Formerly Kurgan-Tyube):Khoja obi Garm top of pass side valley in varsob near hotel",NA,NA,1144985347,NA,E,https://data.rbge.org.uk/herb/E00737285,PhysicalObject,NA,E00737285,RBGE,NA,NA,2088m,https://scientific-collections.gbif.org/collection/427c8cd7-4358-4a00-9ef3-2b2676d28d1e,Anemone tschernaewii Regel,NA,NA,38.890556,68.7775,NA,7890290,Anemone tschernaewii,Anemone,tschernaewii,NA,NA,NA,WGS84,NA,ICBN,NA,NA,NA,NA,NA,NA,E,NA,NA,NA,NA,NA,NA,2088,0,NA,NA,NA,NA,NA,NA,NA,NA,NA,NA,NA,NA,NA,NA,NA,6th May 2015,NA,NA,NA,NA,NA,NA,NA,NA,NA,NA,NA,CC0,Royal Botanic Garden Edinburgh,743670,NA,NA,NA,NA,NA,NA,https://iiif.rbge.org.uk/herb/iiif/E00737285/manifest,FALSE,not_image
HERB_0024,sample_images/HERB_0024.jpg,4938750003,Neptunia plena (L.) Benth.,"cdc,cdround,gass84,incomis,inmafu",cd6e21c8-9e8a-493a-8a76-fbf7862069e5,061b4f20-f241-11da-a328-b8a03c50a862,17abcf75-2f1e-46dd-bf75-a5b21dd02655,996e30f8-f762-11e1-a439-00145eb45e9a,061b4f20-f241-11da-a328-b8a03c50a862,GB,DWC_ARCHIVE,2026-08-24T12:51:18.333+00:00,2026-08-24T20:51:45.616+00:00,539,PRESERVED_SPECIMEN,PRESENT,5353568,6,7707728,220,1370,5386,7599660,5353568,Neptunia plena (L.) Benth.,Plantae,Tracheophyta,Fabales,Fabaceae,Neptunia,SPECIES,ACCEPTED,NA,ASIA,NA,NA,NA,2019,11,10,2019-11-10T00:00,314,314,NA,2026-01-25T18:17:20.613+00:00,2026-08-24T20:51:45.616+00:00,NA,http://creativecommons.org/licenses/by/4.0/legalcode,FALSE,K001893894,none,none,fa252605-26f6-426c-9892-94d071c2c77f,NA,TRUE,NA,"Lim, W.H.; Bazilah, I.; Watu, A.; Janagrun, E.; Azlan, P.; Clayton, J.",NA,NA,none,Magnoliopsida,BN,none,none,ASIA,Brunei Darussalam,EUROPE,NA,K001893894,LWH 103,NA,NA,539,NA,"Rambai, Kpg. Belabau.",NA,NA,4938750003,NA,Herbarium,http://specimens.kew.org/herbarium/K001893894,NA,NA,K001893894,K,NA,NA,NA,NA,Neptunia plena (L.) Benth.,NA,NA,4.475556,114.786389,NA,5353568,Neptunia plena,Neptunia,plena,NA,NA,NA,WGS84,NA,NA,NA,NA,NA,NA,NA,NA,NA,NA,Fabaceae,NA,LC,NA,NA,NA,NA,NA,NA,NA,NA,NA,NA,NA,NA,NA,NA,NA,NA,NA,NA,NA,NA,NA,NA,NA,NA,NA,NA,NA,NA,NA,NA,NA,NA,NA,NA,NA,NA,NA,NA,NA,NA,https://d2jcv3kl45hlgi.cloudfront.net/2dfa054c5cbc50c23a1f3915312929c6.jpg,FALSE,ok
HERB_0025,sample_images/HERB_0025.jpg,3416525306,Garcinia parvifolia (Miq.) Miq.,"cdc,gass84",cb9beff3-a185-486f-975a-732251444158,2853c0e7-c758-4c9c-83a2-7c2d18967fb9,17abcf75-2f1e-46dd-bf75-a5b21dd02655,86c2834b-fcd6-418d-9b32-aca45110a0fe,2cd829bb-b713-433d-99cf-64bef11e5b3e,FR,EML,2026-08-13T15:27:43.165+00:00,2026-08-24T18:08:58.567+00:00,586,PRESERVED_SPECIMEN,PRESENT,8397536,6,7707728,220,1414,6646,3189556,8397536,Garcinia parvifolia (Miq.) Miq.,Plantae,Tracheophyta,Malpighiales,Clusiaceae,Garcinia,SPECIES,ACCEPTED,NA,ASIA,NA,NA,NA,2020,3,30,2020-03-30,90,90,NA,2021-12-17T16:45:48.000+00:00,2026-08-24T18:08:58.567+00:00,NA,http://creativecommons.org/licenses/by/4.0/legalcode,FALSE,http://coldb.mnhn.fr/catalognumber/um/mpu/mpu1400361,none,none,17ff2e84-80c7-4904-81c7-26183b3ce46e,1fddc155-2d5b-4b1d-92cb-1268e22cc2bb,FALSE,NA,"Yao, T.L.|Leong, P.K.F.|Koh, S.L.|Lim, W.H.|Athen, P.",Yao,hb,none,Magnoliopsida,SG,none,none,ASIA,Singapore,EUROPE,NA,http://coldb.mnhn.fr/catalognumber/um/mpu/mpu1400361,NA,NA,http://grscicoll.org/institution/université-montpellier-2,634,NA,NA,95,Chesnut Peninsula,3416525306,NA,MPU,http://coldb.mnhn.fr/catalognumber/um/mpu/mpu1400361,NA,NA,MPU1400361,UM,NA,NA,NA,NA,Garcinia parvifolia (Miq.) Miq.,NA,NA,1.37485,103.79604,NA,8397536,Garcinia parvifolia,Garcinia,parvifolia,NA,NA,NA,WGS84,NA,NA,NA,NA,NA,NA,NA,NA,NA,NA,NA,NA,LC,NA,NA,NA,NA,NA,NA,NA,NA,NA,NA,NA,NA,NA,NA,1003.170838567271,"Treelet, 1.5 m tall. Exudate white. Very common in the forest",NA,NA,NA,NA,NA,NA,NA,NA,NA,NA,Regenerating forest,NA,NA,NA,NA,NA,NA,NA,NA,NA,NA,NA,NA,NA,https://mediaphoto.mnhn.fr/media/1639755948553Y3t65jovmkM6ZNh0,FALSE,error
HERB_0026,sample_images/HERB_0026.jpg,6196923915,Mallotus decipiens Müll.Arg.,"colmafu,inmafu",1cbed1d0-f9ac-4b9e-bf3f-a26272bca39e,4fd82480-ea1c-11da-8db4-b8a03c50a862,NA,82d6992a-b20b-4e74-b6ac-6b971b2c485d,4fd82480-ea1c-11da-8db4-b8a03c50a862,JP,EML,2026-07-10T16:35:10.312+00:00,2026-07-18T17:50:16.487+00:00,222,PRESERVED_SPECIMEN,PRESENT,5378543,6,7707728,220,1414,4691,3062330,5378543,Mallotus decipiens Müll.Arg.,Plantae,Tracheophyta,Malpighiales,Euphorbiaceae,Mallotus,SPECIES,ACCEPTED,NA,ASIA,Bolikhamxai,NA,Asia|Laos|Bolikhamxai|Pakkading|near Ban Naphong; Nam Kading NPA,2024,3,18,2024-03-18,78,78,NA,2025-10-16T00:00:00.000+00:00,2026-07-18T17:50:16.487+00:00,https://www.museum.kagoshima-u.ac.jp/hyouhonsitu.html,http://creativecommons.org/licenses/by/4.0/legalcode,FALSE,bf3f2d91-de1a-4529-95ca-142b9bb48fc4,none,none,7b6590f0-c03f-409b-ae28-f443c1166d23,e9e6df05-e289-4a64-8ace-a4d5dbd168e4,FALSE,NA,NA,NA,NA,none,Magnoliopsida,LA,none,none,ASIA,Lao People’s Democratic Republic,ASIA,NA,bf3f2d91-de1a-4529-95ca-142b9bb48fc4,Z1116,NA,NA,232,NA,near Ban Naphong; Nam Kading NPA,NA,"Laos, Bolikhamxai, Pakkading, near Ban Naphong; Nam Kading NPA",6196923915,NA,KAG,bf3f2d91-de1a-4529-95ca-142b9bb48fc4,NA,NA,KAG187521,KAG,NA,NA,NA,NA,Mallotus decipiens Müll.Arg.,NA,NA,18.21482,104.38088,NA,5378543,Mallotus decipiens,Mallotus,decipiens,NA,NA,NA,WGS84,NA,NA,NA,NA,obtained using GPS machine,NA,NA,NA,NA,NA,Plantae|Tracheophyta|Magnoliopsida|Malpighiales|Euphorbiaceae|Mallotus|decipiens,NA,LC,NA,NA,285,NA,NA,NA,NA,NA,NA,NA,NA,NA,NA,NA,NA,NA,Pakkading,NA,NA,NA,NA,NA,NA,NA,NA,NA,NA,NA,NA,500,NA,NA,NA,NA,NA,NA,NA,NA,NA,NA,https://dbs.kaum.kagoshima-u.ac.jp/musedb/s_plant/picture/KAG187521/KAG187521.jpg,FALSE,ok
HERB_0027,sample_images/HERB_0027.jpg,4979413719,Cyrtandra eximia C.B.Clarke,cdc,bf2a4bf0-5f31-11de-b67e-b8a03c50a862,98e934b0-5f31-11de-b67e-b8a03c50a862,"8e30b684-6a54-4aba-aa73-66201c2c736e,17abcf75-2f1e-46dd-bf75-a5b21dd02655",f6fe707e-cced-4efc-b5dc-be4c91b8180a,98e934b0-5f31-11de-b67e-b8a03c50a862,GB,DWC_ARCHIVE,2026-08-13T16:38:58.088+00:00,2026-08-24T20:20:23.546+00:00,445,PRESERVED_SPECIMEN,PRESENT,5591804,6,7707728,220,408,6654,3172659,5591804,Cyrtandra eximia C.B.Clarke,Plantae,Tracheophyta,Lamiales,Gesneriaceae,Cyrtandra,SPECIES,ACCEPTED,NA,ASIA,Sarawak,NA,Malay Islands,2024,3,11,2024-03-11,71,71,NA,2026-03-09T11:57:42.000+00:00,2026-08-24T20:20:23.546+00:00,NA,http://creativecommons.org/publicdomain/zero/1.0/legalcode,FALSE,https://data.rbge.org.uk/herb/E01494500,none,none,0237598a-853a-492c-af74-a723fe251799,427c8cd7-4358-4a00-9ef3-2b2676d28d1e,FALSE,Edinburgh (E) Herbarium Specimens,"Barber, Sadie, Wilkie, Peter, Sundue, Michael, Sang, Julia, Jawa, Rantai & Angkabau, Johnny",NA,HERBARIUM SHEET|Silica-dried,none,Magnoliopsida,MY,none,none,ASIA,Malaysia,EUROPE,NA,https://data.rbge.org.uk/herb/E01494500,S.111218,"On ridge, alongside dirt road towards telecom tower, semi shade under small trees, sometimes cloaked in cloud, species is quite common here and at lower elevations (down to 200m)",https://scientific-collections.gbif.org/institution/0237598a-853a-492c-af74-a723fe251799,445,NA,"Kubah National Park, Mount Serapi",NA,NA,4979413719,NA,E,https://data.rbge.org.uk/herb/E01494500,PhysicalObject,NA,E01494500,RBGE,NA,NA,NA,https://scientific-collections.gbif.org/collection/427c8cd7-4358-4a00-9ef3-2b2676d28d1e,Cyrtandra eximia C.B.Clarke,NA,NA,1.5883,110.192083,NA,5591804,Cyrtandra eximia,Cyrtandra,eximia,NA,NA,NA,WGS84,NA,ICBN,NA,NA,NA,NA,NA,NA,E,NA,NA,NA,NA,NA,NA,NA,NA,NA,NA,NA,NA,NA,NA,NA,NA,NA,NA,NA,NA,NA,NA,NA,11th March 2024,NA,NA,NA,NA,NA,NA,NA,NA,NA,NA,NA,CC0,Royal Botanic Garden Edinburgh,1572075,NA,NA,NA,NA,NA,NA,https://iiif.rbge.org.uk/herb/iiif/E01494500/manifest,FALSE,not_image
HERB_0028,sample_images/HERB_0028.jpg,5207103331,Morus alba L.,,15f819bd-6612-4447-854b-14d12ee1022d,396d5f30-dea9-11db-8ab4-b8a03c50a862,17abcf75-2f1e-46dd-bf75-a5b21dd02655,65eb93af-41b8-4917-a5fc-cfe2a45aa4bf,396d5f30-dea9-11db-8ab4-b8a03c50a862,NL,DWC_ARCHIVE,2026-06-29T11:53:09.940+00:00,2026-08-24T20:55:31.235+00:00,286,PRESERVED_SPECIMEN,PRESENT,5361889,6,7707728,220,691,6640,2984545,5361889,Morus alba L.,Plantae,Tracheophyta,Rosales,Moraceae,Morus,SPECIES,ACCEPTED,2022-01-01T00:00:00,ASIA,NA,NA,NA,2017,7,7,2017-07-07,188,188,NA,NA,2026-08-24T20:55:31.235+00:00,NA,http://creativecommons.org/publicdomain/zero/1.0/legalcode,FALSE,L.4578455@BRAHMS,none,none,0e919a55-08d3-4bd2-aec1-200858fafd92,0add23db-a8f7-4d15-95ad-4ed0c5c8a055,FALSE,NA,Cunha T,Welzen PC van,NA,none,Magnoliopsida,TL,none,none,ASIA,Timor-Leste,EUROPE,Naturalis Biodiversity Center,L.4578455@BRAHMS,"Cunha, T 71",NA,https://ror.org/0566bfb96,286,NA,"Liquiça, Maubara.",NA,NA,5207103331,NA,Botany,https://data.biodiversitydata.nl/naturalis/specimen/L.4578455,NA,NA,L.4578455,NA,NA,NA,NA,NA,Morus alba L.,NA,NA,-9.02472,125.33351,NA,5361889,Morus alba,Morus,alba,NA,NA,NA,WGS84,NA,ICN,NA,NA,NA,NA,NA,NA,NA,NA,Plantae|Rosales|Moraceae,NA,LC,NA,NA,NA,NA,NA,NA,NA,NA,NA,NA,NA,NA,NA,true,NA,NA,NA,NA,NA,NA,NA,NA,NA,NA,NA,NA,NA,NA,NA,NA,NA,NA,NA,NA,NA,NA,NA,NA,NA,NA,https://medialib.naturalis.nl/file/id/L.4578455/format/large,FALSE,ok
HERB_0029,sample_images/HERB_0029.jpg,4407735305,Monoon borneense (H.Okada) B.Xue & R.M.K.Saunders,"cucdmis,gass84",b5cdf794-8fa4-4a85-8b26-755d087bf531,2cd829bb-b713-433d-99cf-64bef11e5b3e,17abcf75-2f1e-46dd-bf75-a5b21dd02655,86c2834b-fcd6-418d-9b32-aca45110a0fe,2cd829bb-b713-433d-99cf-64bef11e5b3e,FR,EML,2026-08-13T15:27:43.858+00:00,2026-08-24T16:46:02.061+00:00,606,PRESERVED_SPECIMEN,PRESENT,8753710,6,7707728,220,718,9291,3156263,3648914,Polyalthia sinclairiana I.M.Turner,Plantae,Tracheophyta,Magnoliales,Annonaceae,Polyalthia,SPECIES,SYNONYM,NA,NA,NA,none,NA,2020,3,15,2020-03-15,75,75,NA,2023-09-07T15:56:58.000+00:00,2026-08-24T16:46:02.061+00:00,NA,http://creativecommons.org/licenses/by/4.0/legalcode,FALSE,http://coldb.mnhn.fr/catalognumber/mnhn/p/p00877829,none,none,6a6ac6c5-1b8a-48db-91a2-f8661274ff80,bc3d39fd-a7d4-4763-b951-2bdeddd8a5d2,TRUE,NA,"Thomas, D.C.",NA,hb,none,Magnoliopsida,SG,none,none,ASIA,Singapore,EUROPE,NA,http://coldb.mnhn.fr/catalognumber/mnhn/p/p00877829,NA,NA,http://grbio.org/institution/museum-national-dhistoire-naturelle,654,NA,NA,3431,"Central Catchment NR, MacRitchie",4407735305,NA,P,http://coldb.mnhn.fr/catalognumber/mnhn/p/p00877829,NA,NA,P00877829,MNHN,NA,NA,NA,NA,Monoon borneense (H.Okada) B.Xue & R.M.K.Saunders,NA,NA,1.59333,104.37417,NA,3648914,Polyalthia sinclairiana,Monoon,borneense,NA,NA,NA,WGS84,NA,NA,NA,NA,NA,NA,NA,NA,NA,NA,NA,NA,NA,NA,NA,51,NA,NA,NA,NA,NA,NA,NA,NA,NA,NA,NA,NA,NA,NA,NA,NA,NA,NA,NA,NA,NA,NA,NA,NA,NA,NA,NA,NA,NA,NA,NA,NA,NA,NA,NA,NA,NA,https://mediaphoto.mnhn.fr/media/1694095018106z5OdrzP2f5nFpfOj,FALSE,error
HERB_0030,sample_images/HERB_0030.jpg,3416540303,Garcinia dulcis (Roxb.) Kurz,"cdc,gass84",cb9beff3-a185-486f-975a-732251444158,2853c0e7-c758-4c9c-83a2-7c2d18967fb9,17abcf75-2f1e-46dd-bf75-a5b21dd02655,86c2834b-fcd6-418d-9b32-aca45110a0fe,2cd829bb-b713-433d-99cf-64bef11e5b3e,FR,EML,2026-08-13T15:27:43.165+00:00,2026-08-24T18:08:57.383+00:00,586,PRESERVED_SPECIMEN,PRESENT,3189565,6,7707728,220,1414,6646,3189556,3189565,Garcinia dulcis (Roxb.) Kurz,Plantae,Tracheophyta,Malpighiales,Clusiaceae,Garcinia,SPECIES,ACCEPTED,NA,ASIA,NA,NA,NA,2020,3,25,2020-03-25,85,85,NA,2021-12-17T16:45:44.000+00:00,2026-08-24T18:08:57.383+00:00,NA,http://creativecommons.org/licenses/by/4.0/legalcode,FALSE,http://coldb.mnhn.fr/catalognumber/um/mpu/mpu1400346,none,none,17ff2e84-80c7-4904-81c7-26183b3ce46e,1fddc155-2d5b-4b1d-92cb-1268e22cc2bb,FALSE,NA,"Yao, T.L.|Leong, P.K.F.|Lim, W.H.|Chia, E.J.J.",Yao,hb,none,Magnoliopsida,SG,none,none,ASIA,Singapore,EUROPE,NA,http://coldb.mnhn.fr/catalognumber/um/mpu/mpu1400346,NA,NA,http://grscicoll.org/institution/université-montpellier-2,634,NA,NA,80,Singapore Botanic Garden,3416540303,NA,MPU,http://coldb.mnhn.fr/catalognumber/um/mpu/mpu1400346,NA,NA,MPU1400346,UM,NA,NA,NA,NA,Garcinia dulcis (Roxb.) Kurz,NA,NA,1.39487,103.81105,NA,3189565,Garcinia dulcis,Garcinia,dulcis,NA,NA,NA,WGS84,NA,NA,NA,NA,NA,NA,NA,NA,NA,NA,NA,NA,LC,NA,NA,NA,NA,NA,NA,NA,NA,NA,NA,NA,NA,NA,NA,3348.8504043166813,"Tree tag: 20161049*A. Distribution: Andaman Island, Pen. Malaysia, Java, Borneo. Wound exudate white, lamina lower surface finely velvety hairy",NA,NA,NA,NA,NA,NA,NA,NA,NA,NA,"Cultivated, under canopy shade",NA,NA,NA,NA,NA,NA,NA,NA,NA,NA,NA,NA,NA,https://mediaphoto.mnhn.fr/media/1639755943586Q4P4dyIxWu7pG2dL,FALSE,error
HERB_0031,sample_images/HERB_0031.jpg,2515139402,Codiaeum variegatum var. moluccanum (Decne.) Müll.Arg.,,15f819bd-6612-4447-854b-14d12ee1022d,396d5f30-dea9-11db-8ab4-b8a03c50a862,17abcf75-2f1e-46dd-bf75-a5b21dd02655,65eb93af-41b8-4917-a5fc-cfe2a45aa4bf,396d5f30-dea9-11db-8ab4-b8a03c50a862,NL,DWC_ARCHIVE,2026-06-29T11:53:09.940+00:00,2026-08-24T20:55:31.611+00:00,286,PRESERVED_SPECIMEN,PRESENT,3071541,6,7707728,220,1414,4691,3071464,7225804,Codiaeum variegatum var. variegatum,Plantae,Tracheophyta,Malpighiales,Euphorbiaceae,Codiaeum,VARIETY,SYNONYM,NA,ASIA,Dili,NA,NA,2015,5,18,2015-05-18,138,138,NA,NA,2026-08-24T20:55:31.611+00:00,NA,http://creativecommons.org/publicdomain/zero/1.0/legalcode,FALSE,L.3978102@BRAHMS,none,none,0e919a55-08d3-4bd2-aec1-200858fafd92,0add23db-a8f7-4d15-95ad-4ed0c5c8a055,TRUE,NA,Cowie ID; Santana F,NA,NA,none,Magnoliopsida,TL,none,none,ASIA,Timor-Leste,EUROPE,Naturalis Biodiversity Center,L.3978102@BRAHMS,"Cowie, ID; Santana, F 13892",Semi-evergreen forest; valley floor with small seasonal creek; coarse limestone and volcanic sediments.,https://ror.org/0566bfb96,286,NA,C. 2 km SE Adara.,NA,NA,2515139402,NA,Botany,https://data.biodiversitydata.nl/naturalis/specimen/L.3978102,NA,NA,L.3978102,NA,NA,NA,500.0 m,NA,Codiaeum variegatum var. moluccanum (Decne.) Müll.Arg.,NA,NA,-8.22194,125.57278,NA,3071476,Codiaeum variegatum,Codiaeum,variegatum,NA,NA,NA,WGS84,NA,ICN,NA,NA,NA,NA,NA,NA,NA,NA,Plantae|Malpighiales|Euphorbiaceae,NA,NA,NA,NA,NA,NA,NA,NA,NA,NA,NA,NA,NA,moluccanum,NA,true,NA,NA,NA,NA,NA,NA,NA,NA,NA,NA,NA,NA,NA,NA,NA,NA,NA,NA,NA,NA,NA,NA,NA,NA,NA,NA,https://medialib.naturalis.nl/file/id/L.3978102/format/large,FALSE,ok
HERB_0032,sample_images/HERB_0032.jpg,3416540304,Garcinia eugeniifolia (Choisy) Wall. ex T.Anderson,"cdc,gass84,txmatfuz",cb9beff3-a185-486f-975a-732251444158,2853c0e7-c758-4c9c-83a2-7c2d18967fb9,17abcf75-2f1e-46dd-bf75-a5b21dd02655,86c2834b-fcd6-418d-9b32-aca45110a0fe,2cd829bb-b713-433d-99cf-64bef11e5b3e,FR,EML,2026-08-13T15:27:43.165+00:00,2026-08-24T18:08:58.016+00:00,586,PRESERVED_SPECIMEN,PRESENT,8088031,6,7707728,220,1414,6646,3189556,3710814,Garcinia brevirostris Scheff.,Plantae,Tracheophyta,Malpighiales,Clusiaceae,Garcinia,SPECIES,SYNONYM,NA,ASIA,NA,NA,NA,2020,3,30,2020-03-30,90,90,NA,2021-12-17T16:45:50.000+00:00,2026-08-24T18:08:58.016+00:00,NA,http://creativecommons.org/licenses/by/4.0/legalcode,FALSE,http://coldb.mnhn.fr/catalognumber/um/mpu/mpu1400364,none,none,17ff2e84-80c7-4904-81c7-26183b3ce46e,1fddc155-2d5b-4b1d-92cb-1268e22cc2bb,FALSE,NA,"Yao, T.L.|Leong, P.K.F.|Koh, S.L.|Lim, W.H.|Athen, P.",Yao,hb,none,Magnoliopsida,SG,none,none,ASIA,Singapore,EUROPE,NA,http://coldb.mnhn.fr/catalognumber/um/mpu/mpu1400364,NA,NA,http://grscicoll.org/institution/université-montpellier-2,634,NA,NA,98,Chesnut Peninsula,3416540304,NA,MPU,http://coldb.mnhn.fr/catalognumber/um/mpu/mpu1400364,NA,NA,MPU1400364,UM,NA,NA,NA,NA,Garcinia eugeniifolia (Choisy) Wall. ex T.Anderson,NA,NA,1.37485,103.79604,NA,3710814,Garcinia brevirostris,Garcinia,eugeniifolia,NA,NA,NA,WGS84,NA,NA,NA,NA,NA,NA,NA,NA,NA,NA,NA,NA,NA,NA,NA,NA,NA,NA,NA,NA,NA,NA,NA,NA,NA,NA,NA,1003.170838567271,"Small tree, 2 m tall. Branching decussate. Sap from leaves clear. First four youngest segments of twigs 4-angled, became roundish at fifth. Drip tip caudate, secondary veins dryobalanoid. Young leaves tinged orange, midrib red, margin red.",NA,NA,NA,NA,NA,NA,NA,NA,NA,NA,Regenerating forest,NA,NA,NA,NA,NA,NA,NA,NA,NA,NA,NA,NA,NA,https://mediaphoto.mnhn.fr/media/1639755949666hbl2tQvMq9c51GKS,FALSE,error
HERB_0033,sample_images/HERB_0033.jpg,2430565488,Rinorea anguifera (Lour.) Kuntze,,b5cdf794-8fa4-4a85-8b26-755d087bf531,2cd829bb-b713-433d-99cf-64bef11e5b3e,17abcf75-2f1e-46dd-bf75-a5b21dd02655,86c2834b-fcd6-418d-9b32-aca45110a0fe,2cd829bb-b713-433d-99cf-64bef11e5b3e,FR,EML,2026-08-13T15:27:43.858+00:00,2026-08-24T16:46:34.410+00:00,606,PRESERVED_SPECIMEN,PRESENT,4077503,6,7707728,220,1414,6631,7296208,4077503,Rinorea anguifera (Lour.) Kuntze,Plantae,Tracheophyta,Malpighiales,Violaceae,Rinorea,SPECIES,ACCEPTED,NA,ASIA,mondulkiri,none,NA,2019,2,1,2019-02-01,32,32,NA,2020-01-14T18:34:03.000+00:00,2026-08-24T16:46:34.410+00:00,NA,http://creativecommons.org/licenses/by/4.0/legalcode,FALSE,http://coldb.mnhn.fr/catalognumber/mnhn/p/p00915886,none,none,6a6ac6c5-1b8a-48db-91a2-f8661274ff80,bc3d39fd-a7d4-4763-b951-2bdeddd8a5d2,FALSE,NA,"Hul, S.|Eum, S.|Peou, Y.",Hul,hb,none,Magnoliopsida,KH,none,none,ASIA,Cambodia,EUROPE,NA,http://coldb.mnhn.fr/catalognumber/mnhn/p/p00915886,NA,NA,http://grbio.org/institution/museum-national-dhistoire-naturelle,654,NA,NA,7011,NA,2430565488,NA,P,http://coldb.mnhn.fr/catalognumber/mnhn/p/p00915886,NA,NA,P00915886,MNHN,NA,NA,NA,NA,Rinorea anguifera (Lour.) Kuntze,NA,NA,NA,NA,NA,4077503,Rinorea anguifera,Rinorea,anguifera,NA,NA,NA,NA,NA,NA,NA,NA,NA,NA,NA,NA,NA,NA,NA,NA,LC,NA,NA,NA,NA,NA,NA,NA,NA,NA,NA,NA,NA,NA,NA,NA,"""Arbuste d'env. 4 m de haut ; rameaux à poils étoilés. Feuilles ovales-elliptiques, acuminées à caudées au sommet, dentées, tomenteuses à longs poils en dessous. Inflorescences tomenteuses en glomérules. Fleurs à sépales velus sur les 2 faces. Capsule globuleuse, couverte d'épines filiformes, tomenteuses""",kéo Seima,NA,NA,NA,NA,NA,NA,NA,NA,NA,NA,NA,NA,NA,NA,NA,NA,NA,NA,NA,NA,NA,NA,NA,https://mediaphoto.mnhn.fr/media/1598269241700UwbwacpvKRykNFuu,TRUE,error
HERB_0034,sample_images/HERB_0034.jpg,5106375590,Pycnarrhena pleniflora Hook.fil. & Thomson,,bf2a4bf0-5f31-11de-b67e-b8a03c50a862,98e934b0-5f31-11de-b67e-b8a03c50a862,"8e30b684-6a54-4aba-aa73-66201c2c736e,17abcf75-2f1e-46dd-bf75-a5b21dd02655",f6fe707e-cced-4efc-b5dc-be4c91b8180a,98e934b0-5f31-11de-b67e-b8a03c50a862,GB,DWC_ARCHIVE,2026-08-13T16:38:58.088+00:00,2026-08-24T20:20:15.423+00:00,445,PRESERVED_SPECIMEN,PRESENT,7743403,6,7707728,220,399,2411,7268777,7743403,Pycnarrhena pleniflora Hook.fil. & Thomson,Plantae,Tracheophyta,Ranunculales,Menispermaceae,Pycnarrhena,SPECIES,ACCEPTED,NA,ASIA,Sagaing,none,Myanmar (Burma),2019,2,7,2019-02-07,38,38,NA,2025-04-07T10:43:00.000+00:00,2026-08-24T20:20:15.423+00:00,NA,http://creativecommons.org/publicdomain/zero/1.0/legalcode,FALSE,https://data.rbge.org.uk/herb/E01539005,none,none,0237598a-853a-492c-af74-a723fe251799,427c8cd7-4358-4a00-9ef3-2b2676d28d1e,FALSE,Edinburgh (E) Herbarium Specimens,"Pyae, Phoe La",NA,HERBARIUM SHEET,none,Magnoliopsida,MM,none,none,ASIA,Myanmar,EUROPE,NA,https://data.rbge.org.uk/herb/E01539005,197,Growing in a sparsely forested field.,https://scientific-collections.gbif.org/institution/0237598a-853a-492c-af74-a723fe251799,445,NA,Nam Sa Bi village,NA,NA,5106375590,NA,E,https://data.rbge.org.uk/herb/E01539005,PhysicalObject,NA,E01539005,RBGE,NA,NA,NA,https://scientific-collections.gbif.org/collection/427c8cd7-4358-4a00-9ef3-2b2676d28d1e,Pycnarrhena pleniflora Hook.fil. & Thomson,NA,NA,NA,NA,NA,7743403,Pycnarrhena pleniflora,Pycnarrhena,pleniflora,NA,NA,NA,NA,NA,ICBN,NA,NA,NA,NA,NA,NA,E,NA,NA,NA,NA,NA,NA,NA,NA,NA,NA,NA,NA,NA,NA,NA,NA,NA,NA,NA,NA,Hkamti,NA,NA,7th February 2019,NA,NA,NA,NA,NA,NA,NA,NA,NA,NA,NA,CC0,Royal Botanic Garden Edinburgh,1751951,NA,NA,NA,NA,NA,NA,https://iiif.rbge.org.uk/herb/iiif/E01539005/manifest,FALSE,not_image
HERB_0035,sample_images/HERB_0035.jpg,6196923447,Morinda angustifolia Roxb.,"colmafu,inmafu",1cbed1d0-f9ac-4b9e-bf3f-a26272bca39e,4fd82480-ea1c-11da-8db4-b8a03c50a862,NA,82d6992a-b20b-4e74-b6ac-6b971b2c485d,4fd82480-ea1c-11da-8db4-b8a03c50a862,JP,EML,2026-07-10T16:35:10.312+00:00,2026-07-18T17:50:14.829+00:00,222,PRESERVED_SPECIMEN,PRESENT,5339847,6,7707728,220,412,8798,2915429,5339847,Morinda angustifolia Roxb.,Plantae,Tracheophyta,Gentianales,Rubiaceae,Morinda,SPECIES,ACCEPTED,NA,ASIA,Khammouan,NA,Asia|Laos|Khammouan|Khounkham|Tad Nam Sanam,2024,3,15,2024-03-15,75,75,NA,2025-10-16T00:00:00.000+00:00,2026-07-18T17:50:14.829+00:00,https://www.museum.kagoshima-u.ac.jp/hyouhonsitu.html,http://creativecommons.org/licenses/by/4.0/legalcode,FALSE,15d063d2-7cbd-440f-95a4-5aa5bc8deae1,none,none,7b6590f0-c03f-409b-ae28-f443c1166d23,e9e6df05-e289-4a64-8ace-a4d5dbd168e4,FALSE,NA,NA,NA,NA,none,Magnoliopsida,LA,none,none,ASIA,Lao People’s Democratic Republic,ASIA,NA,15d063d2-7cbd-440f-95a4-5aa5bc8deae1,Z820,NA,NA,232,NA,Tad Nam Sanam,NA,"Laos, Khammouan, Khounkham, Tad Nam Sanam",6196923447,NA,KAG,15d063d2-7cbd-440f-95a4-5aa5bc8deae1,NA,NA,KAG187236,KAG,NA,NA,NA,NA,Morinda angustifolia Roxb.,NA,NA,18.21963,104.50306,NA,5339847,Morinda angustifolia,Morinda,angustifolia,NA,NA,NA,WGS84,NA,NA,NA,NA,obtained using GPS machine,NA,NA,NA,NA,NA,Plantae|Tracheophyta|Magnoliopsida|Gentianales|Rubiaceae|Morinda|angustifolia,NA,LC,NA,NA,458,NA,NA,NA,NA,NA,NA,NA,NA,NA,NA,NA,NA,NA,Khounkham,NA,NA,NA,NA,NA,NA,NA,NA,NA,NA,NA,NA,500,NA,NA,NA,NA,NA,NA,NA,NA,NA,NA,https://dbs.kaum.kagoshima-u.ac.jp/musedb/s_plant/picture/KAG187236/KAG187236.jpg,FALSE,ok
HERB_0036,sample_images/HERB_0036.jpg,6196929358,Volkameria inermis L.,"colmafu,inmafu",1cbed1d0-f9ac-4b9e-bf3f-a26272bca39e,4fd82480-ea1c-11da-8db4-b8a03c50a862,NA,82d6992a-b20b-4e74-b6ac-6b971b2c485d,4fd82480-ea1c-11da-8db4-b8a03c50a862,JP,EML,2026-07-10T16:35:10.312+00:00,2026-07-18T17:50:24.096+00:00,222,PRESERVED_SPECIMEN,PRESENT,2925354,6,7707728,220,408,2497,2925631,2925354,Volkameria inermis L.,Plantae,Tracheophyta,Lamiales,Lamiaceae,Volkameria,SPECIES,ACCEPTED,NA,ASIA,Kien Giang,NA,Asia|Vietnam|Kien Giang|Kien Luong Dist.|Binh An,2024,5,24,2024-05-24,145,145,NA,2025-10-16T00:00:00.000+00:00,2026-07-18T17:50:24.096+00:00,https://www.museum.kagoshima-u.ac.jp/hyouhonsitu.html,http://creativecommons.org/licenses/by/4.0/legalcode,FALSE,1d6b894e-89e9-4c3c-bb6c-84ad6144c452,none,none,7b6590f0-c03f-409b-ae28-f443c1166d23,e9e6df05-e289-4a64-8ace-a4d5dbd168e4,FALSE,NA,NA,NA,NA,none,Magnoliopsida,VN,none,none,ASIA,Viet Nam,ASIA,NA,1d6b894e-89e9-4c3c-bb6c-84ad6144c452,N525,NA,NA,232,NA,Binh An,NA,"Vietnam, Kien Giang, Kien Luong Dist., Binh An",6196929358,NA,KAG,1d6b894e-89e9-4c3c-bb6c-84ad6144c452,NA,NA,KAG188628,KAG,NA,NA,NA,NA,Volkameria inermis L.,NA,NA,10.15577,104.60976,NA,2925354,Volkameria inermis,Volkameria,inermis,NA,NA,NA,WGS84,NA,NA,NA,NA,obtained using GPS machine,NA,NA,NA,NA,NA,Plantae|Tracheophyta|Magnoliopsida|Lamiales|Lamiaceae|Volkameria|inermis,NA,NA,NA,NA,40,NA,NA,NA,NA,NA,NA,NA,NA,NA,NA,NA,NA,NA,Kien Luong Dist.,NA,NA,NA,NA,NA,NA,NA,NA,NA,NA,NA,NA,500,NA,NA,NA,NA,NA,NA,NA,NA,NA,NA,https://dbs.kaum.kagoshima-u.ac.jp/musedb/s_plant/picture/KAG188628/KAG188628.jpg,FALSE,ok
HERB_0037,sample_images/HERB_0037.jpg,4519467661,Embelia nutans Wall.,"cdc,cdround,gass84,incomis,inmafu",cd6e21c8-9e8a-493a-8a76-fbf7862069e5,061b4f20-f241-11da-a328-b8a03c50a862,17abcf75-2f1e-46dd-bf75-a5b21dd02655,996e30f8-f762-11e1-a439-00145eb45e9a,061b4f20-f241-11da-a328-b8a03c50a862,GB,DWC_ARCHIVE,2026-08-24T12:51:18.333+00:00,2026-08-24T20:49:56.272+00:00,539,PRESERVED_SPECIMEN,PRESENT,3720212,6,7707728,220,1353,6674,2984886,3720212,Embelia nutans Wall.,Plantae,Tracheophyta,Ericales,Primulaceae,Embelia,SPECIES,ACCEPTED,NA,ASIA,NA,NA,NA,2019,3,31,2019-03-31T00:00,90,90,NA,2025-11-18T07:37:09.183+00:00,2026-08-24T20:49:56.272+00:00,NA,http://creativecommons.org/licenses/by/4.0/legalcode,FALSE,K001870751,none,none,fa252605-26f6-426c-9892-94d071c2c77f,NA,TRUE,NA,"Armstrong, K.; Thet, Y.N.; Wah, W.L.; Phoe, L.P.; Maung, N.","Utteridge, T.",NA,none,Magnoliopsida,MM,none,none,ASIA,Myanmar,EUROPE,NA,K001870751,4700,NA,NA,539,NA,"Homalin Township, along Homalin-Hkamti road between Hmawyonemaing and Htamanthi.",NA,NA,4519467661,NA,Herbarium,http://specimens.kew.org/herbarium/K001870751,NA,NA,K001870751,K,NA,NA,NA,NA,Embelia nutans Wall.,NA,NA,25.214611,95.196539,NA,3720212,Embelia nutans,Embelia,nutans,NA,NA,NA,WGS84,NA,NA,NA,NA,NA,NA,NA,NA,NA,NA,Primulaceae,NA,NA,NA,NA,NA,NA,NA,NA,NA,NA,NA,NA,NA,NA,1,NA,NA,NA,NA,NA,NA,31 Mar 2019,NA,NA,NA,NA,NA,NA,NA,NA,NA,NA,NA,NA,NA,NA,NA,NA,NA,NA,NA,NA,https://d2jcv3kl45hlgi.cloudfront.net/d36fdfe693cc3d6b06292f56969c0931.jpg,FALSE,ok
HERB_0038,sample_images/HERB_0038.jpg,4407751309,Artabotrys crassifolius Hook.f. & Thomson,"cdc,cucdmis,gass84",b5cdf794-8fa4-4a85-8b26-755d087bf531,2cd829bb-b713-433d-99cf-64bef11e5b3e,17abcf75-2f1e-46dd-bf75-a5b21dd02655,86c2834b-fcd6-418d-9b32-aca45110a0fe,2cd829bb-b713-433d-99cf-64bef11e5b3e,FR,EML,2026-08-13T15:27:43.858+00:00,2026-08-24T16:46:07.506+00:00,606,PRESERVED_SPECIMEN,PRESENT,3154908,6,7707728,220,718,9291,3154870,3154908,Artabotrys crassifolius Hook.f. & Thomson,Plantae,Tracheophyta,Magnoliales,Annonaceae,Artabotrys,SPECIES,ACCEPTED,NA,ASIA,NA,none,NA,2020,10,1,2020-10-01,275,275,NA,2023-09-07T15:57:00.000+00:00,2026-08-24T16:46:07.506+00:00,NA,http://creativecommons.org/licenses/by/4.0/legalcode,FALSE,http://coldb.mnhn.fr/catalognumber/mnhn/p/p00877836,none,none,6a6ac6c5-1b8a-48db-91a2-f8661274ff80,bc3d39fd-a7d4-4763-b951-2bdeddd8a5d2,FALSE,NA,"Thomas, D.C.",NA,hb,none,Magnoliopsida,SG,none,none,ASIA,Singapore,EUROPE,NA,http://coldb.mnhn.fr/catalognumber/mnhn/p/p00877836,NA,NA,http://grbio.org/institution/museum-national-dhistoire-naturelle,654,NA,NA,3454,"Bukit Timah Nature Reserve, along main track to Bu",4407751309,NA,P,http://coldb.mnhn.fr/catalognumber/mnhn/p/p00877836,NA,NA,P00877836,MNHN,NA,NA,NA,NA,Artabotrys crassifolius Hook.f. & Thomson,NA,NA,1.58583,104.30667,NA,3154908,Artabotrys crassifolius,Artabotrys,crassifolius,NA,NA,NA,WGS84,NA,NA,NA,NA,NA,NA,NA,NA,NA,NA,NA,NA,NA,NA,NA,110,NA,NA,NA,NA,NA,NA,NA,NA,NA,NA,NA,NA,NA,NA,NA,NA,NA,NA,NA,NA,NA,NA,NA,NA,NA,NA,NA,NA,NA,NA,NA,NA,NA,NA,NA,NA,NA,https://mediaphoto.mnhn.fr/media/1694095019904Zybj2663GUgkQI55,FALSE,error
HERB_0039,sample_images/HERB_0039.jpg,1144985355,Anemone petiolulosa Juz.,"cdc,cucdmis,cum",bf2a4bf0-5f31-11de-b67e-b8a03c50a862,98e934b0-5f31-11de-b67e-b8a03c50a862,"8e30b684-6a54-4aba-aa73-66201c2c736e,17abcf75-2f1e-46dd-bf75-a5b21dd02655",f6fe707e-cced-4efc-b5dc-be4c91b8180a,98e934b0-5f31-11de-b67e-b8a03c50a862,GB,DWC_ARCHIVE,2026-08-13T16:38:58.088+00:00,2026-08-24T20:20:50.457+00:00,445,PRESERVED_SPECIMEN,PRESENT,3924081,6,7707728,220,399,2410,3016227,3924081,Anemone petiolulosa Juz.,Plantae,Tracheophyta,Ranunculales,Ranunculaceae,Anemone,SPECIES,ACCEPTED,NA,ASIA,Leninabad,NA,Northern Asia,2015,5,5,2015-05-05,125,125,NA,2023-12-06T10:15:46.000+00:00,2026-08-24T20:20:50.457+00:00,NA,http://creativecommons.org/publicdomain/zero/1.0/legalcode,FALSE,https://data.rbge.org.uk/herb/E00737291,none,none,0237598a-853a-492c-af74-a723fe251799,427c8cd7-4358-4a00-9ef3-2b2676d28d1e,FALSE,Edinburgh (E) Herbarium Specimens,"Second Edinburgh Kulob Expedition to Tajikistan,",NA,HERBARIUM SHEET,none,Magnoliopsida,TL,none,none,ASIA,Timor-Leste,EUROPE,NA,https://data.rbge.org.uk/herb/E00737291,9,"Steep stoney slopes growing in gravely soil but very rich south side;  Vegetation: Eremurus ,Anemone, Iris",https://scientific-collections.gbif.org/institution/0237598a-853a-492c-af74-a723fe251799,445,NA,"Tajikistan:Viloyati Leninobod (Khujand, Formerly Leninabad):Ansob pass near top old road",NA,NA,1144985355,NA,E,https://data.rbge.org.uk/herb/E00737291,PhysicalObject,NA,E00737291,RBGE,NA,NA,2563m,https://scientific-collections.gbif.org/collection/427c8cd7-4358-4a00-9ef3-2b2676d28d1e,Anemone petiolulosa Juz.,NA,NA,39.057222,68.865,NA,3924081,Anemone petiolulosa,Anemone,petiolulosa,NA,NA,NA,WGS84,NA,ICBN,NA,NA,NA,NA,NA,NA,E,NA,NA,NA,NA,NA,NA,2563,0,NA,NA,NA,NA,NA,NA,NA,NA,NA,NA,NA,NA,NA,NA,NA,5th May 2015,NA,NA,NA,NA,NA,NA,NA,NA,NA,NA,NA,CC0,Royal Botanic Garden Edinburgh,743677,NA,NA,NA,NA,NA,NA,https://iiif.rbge.org.uk/herb/iiif/E00737291/manifest,FALSE,not_image
HERB_0040,sample_images/HERB_0040.jpg,4603317016,"Barclaya wellyi Wongso, Ipor & N.Jacobsen","cdround,gass84,preneglat,ambcol",0d1f9cee-7cb7-4d3a-a8c4-d2ca6edcd23b,2e7df380-8356-4533-bcb3-5459e23c794e,"8e30b684-6a54-4aba-aa73-66201c2c736e,17abcf75-2f1e-46dd-bf75-a5b21dd02655",7b21b165-f4b0-4be4-b7dd-c2cbfc9c28a3,2e7df380-8356-4533-bcb3-5459e23c794e,DK,DWC_ARCHIVE,2026-08-23T03:38:52.072+00:00,2026-08-24T15:22:59.298+00:00,360,PRESERVED_SPECIMEN,PRESENT,12205356,6,7707728,220,636,2423,7326959,12205356,"Barclaya wellyi Wongso, Ipor & N.Jacobsen",Plantae,Tracheophyta,Nymphaeales,Nymphaeaceae,Barclaya,SPECIES,ACCEPTED,NA,NA,NA,none,Indonesia,2021,5,27,2021-05-27,147,147,Isotype,2024-01-26T04:53:46.000+00:00,2026-08-24T15:22:59.298+00:00,NA,http://creativecommons.org/licenses/by/4.0/legalcode,FALSE,4995594c-6dec-4fc7-96da-06b1aadd3dc1,none,none,68fcaba0-61fe-4e78-a460-4f37654d025d,NA,FALSE,Type Specimen Collection,Wongso,Not on Sheet,Sheet,none,Magnoliopsida,ID,none,none,ASIA,Indonesia,EUROPE,NA,4995594c-6dec-4fc7-96da-06b1aadd3dc1,NA,NA,https://ror.org/040ck2b86,360,NA,"Sumatera Island, Riau Province, Indragiri Hulu Regency, near Rengat",NA,NA,4603317016,NA,C,4995594c-6dec-4fc7-96da-06b1aadd3dc1,NA,NA,NHMD1715572,NHMD,NA,NA,NA,NA,"Barclaya wellyi Wongso, Ipor & N.Jacobsen",NA,NA,-5.160556,100.547222,NA,12205356,Barclaya wellyi,Barclaya,wellyi,NA,NA,NA,WGS84,Barclaya wellyi,NA,NA,NA,NA,NA,NA,NA,NA,NA,NA,NA,NA,NA,NA,NA,NA,NA,NA,NA,NA,NA,NA,NA,NA,NA,NA,NA,NA,NA,NA,C10024475,NA,NA,NA,NA,NA,NA,NA,NA,NA,NA,NA,NA,NA,NA,NA,NA,NA,NA,NA,NA,NA,https://specify-media.science.ku.dk/fileget?coll=NHMD+Vascular+Plants&type=O&filename=C10024475.tif,FALSE,error
HERB_0041,sample_images/HERB_0041.jpg,5895916388,Myristica borneensis Warb.,"cdc,cdround,colmafu,inmafu",902c8fe7-8f38-45b0-854e-c324fed36303,f5fc4e61-b7a0-414b-ab68-b41cb23e7fdc,NA,91d2f516-bdfa-458f-bad1-66717101b49f,f5fc4e61-b7a0-414b-ab68-b41cb23e7fdc,RU,EML,2026-08-21T18:06:57.852+00:00,2026-08-21T18:14:12.142+00:00,610,PRESERVED_SPECIMEN,PRESENT,8207889,6,7707728,220,718,2439,3152840,8207889,Myristica borneensis Warb.,Plantae,Tracheophyta,Magnoliales,Myristicaceae,Myristica,SPECIES,ACCEPTED,NA,ASIA,NA,NA,South Asia|South Asia (Asia outside ex-Soviet states and Mongolia)|Brunei,2019,7,5,2019-07-05,186,186,NA,2025-12-18T11:15:51.000+00:00,2026-08-21T18:14:12.142+00:00,https://plant.depo.msu.ru/open/public/item/MW1048524,http://creativecommons.org/licenses/by/4.0/legalcode,FALSE,MW1048524,none,none,df27e63f-82b2-464e-9286-a96163c961c9,acf523b0-8c81-4813-a85d-2361a8b487d4,FALSE,Moscow Digital Herbarium,Nuraliev M.S.,NA,herbarium specimen,none,Magnoliopsida,BN,none,none,ASIA,Brunei Darussalam,EUROPE,Moscow State University,MW1048524,NA,NA,http://grbio.org/institution/moscow-state-university,610,NA,NA,NA,NA,5895916388,en | ru,MW,MW1048524,Physical Object,in collection,MW1048524,Moscow State University,NA,use under CC-BY 4.0,NA,urn:lsid:biocol.org:col:15550,Myristica borneensis Warb.,NA,NA,4.956389,114.85,https://rscf.ru/en/project/21-77-20042/,8207889,Myristica borneensis,Myristica,borneensis,Kollektor,urn:lsid:biocol.org:col:15550:01,common practice of herbarium collecting,WGS84,Myristica borneensis Warb.,"International Code of Nomenclature for algae, fungi, and plants",manual verification,WGS84,no label data,MW1048524,78796144,363043411,MSU,"Seregin A. P. (Ed.). 2026. Specimen MW1048524 from the collection ""Moscow University Herbarium"" // Depository of Live Systems (branch ""Plants""): Electronic resource. – Moscow State University, Moscow. – Available at: https://plant.depo.mitotech.ru/open/public/item/MW1048524 (indicate access date).",Plantae | Tracheophyta | Magnoliopsida | Magnoliales | Myristicaceae | Myristica,Myristica,LC,NA,NA,NA,NA,NA,NA,NA,NA,NA,NA,NA,NA,NA,NA,NA,NA,NA,NA,NA,NA,NA,NA,NA,NA,NA,NA,NA,NA,NA,NA,NA,NA,NA,NA,NA,NA,NA,NA,NA,NA,https://plant.depo.msu.ru/open/public/item/MW1048524/img/0.jpg?gbif,FALSE,ok
HERB_0042,sample_images/HERB_0042.jpg,6450205307,Memecylon edule Roxb.,"cdc,cdround,gass84,incomis,inmafu",cd6e21c8-9e8a-493a-8a76-fbf7862069e5,061b4f20-f241-11da-a328-b8a03c50a862,17abcf75-2f1e-46dd-bf75-a5b21dd02655,996e30f8-f762-11e1-a439-00145eb45e9a,061b4f20-f241-11da-a328-b8a03c50a862,GB,DWC_ARCHIVE,2026-08-24T12:51:18.333+00:00,2026-08-24T20:51:39.506+00:00,539,PRESERVED_SPECIMEN,PRESENT,3866993,6,7707728,220,690,6683,3716283,3866993,Memecylon edule Roxb.,Plantae,Tracheophyta,Myrtales,Melastomataceae,Memecylon,SPECIES,ACCEPTED,NA,ASIA,NA,NA,NA,2023,8,29,2023-08-29T00:00,241,241,NA,2026-07-21T12:28:13.027+00:00,2026-08-24T20:51:39.506+00:00,NA,http://creativecommons.org/licenses/by/4.0/legalcode,FALSE,K001934165,none,none,fa252605-26f6-426c-9892-94d071c2c77f,NA,FALSE,NA,"Yooprasert, S.; Tamura, M.N.; Fuse, S.; Takahasi, K.; Masuda, R.; Taothong, P.; Saengbuapuean, A.",NA,NA,none,Magnoliopsida,TH,none,none,ASIA,Thailand,EUROPE,NA,K001934165,SY518,NA,NA,539,NA,"Phu Ruea, Phu Luang WS, Trail from Royal visit guest house to Phu Chang Do and Lan Suriyan",NA,NA,6450205307,NA,Herbarium,http://specimens.kew.org/herbarium/K001934165,NA,NA,K001934165,K,NA,NA,NA,NA,Memecylon edule Roxb.,NA,NA,17.279444,101.516389,NA,3866993,Memecylon edule,Memecylon,edule,NA,NA,NA,WGS84,NA,NA,NA,NA,NA,NA,NA,NA,NA,NA,Melastomataceae,NA,LC,NA,NA,1460,NA,NA,NA,NA,NA,NA,NA,NA,NA,NA,NA,NA,NA,NA,NA,NA,NA,NA,NA,NA,NA,NA,NA,NA,NA,NA,NA,NA,NA,NA,NA,NA,NA,NA,NA,NA,NA,https://d2jcv3kl45hlgi.cloudfront.net/f2ee2b2c0c6760dca91da4efaf2f557b.jpg,FALSE,ok
HERB_0043,sample_images/HERB_0043.jpg,3416520306,Garcinia forbesii King,"cdc,gass84",cb9beff3-a185-486f-975a-732251444158,2853c0e7-c758-4c9c-83a2-7c2d18967fb9,17abcf75-2f1e-46dd-bf75-a5b21dd02655,86c2834b-fcd6-418d-9b32-aca45110a0fe,2cd829bb-b713-433d-99cf-64bef11e5b3e,FR,EML,2026-08-13T15:27:43.165+00:00,2026-08-24T18:08:57.417+00:00,586,PRESERVED_SPECIMEN,PRESENT,3714626,6,7707728,220,1414,6646,3189556,3714626,Garcinia forbesii King,Plantae,Tracheophyta,Malpighiales,Clusiaceae,Garcinia,SPECIES,ACCEPTED,NA,ASIA,NA,NA,NA,2020,3,26,2020-03-26,86,86,NA,2021-12-17T16:45:47.000+00:00,2026-08-24T18:08:57.417+00:00,NA,http://creativecommons.org/licenses/by/4.0/legalcode,FALSE,http://coldb.mnhn.fr/catalognumber/um/mpu/mpu1400358,none,none,17ff2e84-80c7-4904-81c7-26183b3ce46e,1fddc155-2d5b-4b1d-92cb-1268e22cc2bb,FALSE,NA,"Yao, T.L.|Leong, P.K.F.",Yao,hb,none,Magnoliopsida,SG,none,none,ASIA,Singapore,EUROPE,NA,http://coldb.mnhn.fr/catalognumber/um/mpu/mpu1400358,NA,NA,http://grscicoll.org/institution/université-montpellier-2,634,NA,NA,92,"Singapore Botanic Garden, Linear Carpark",3416520306,NA,MPU,http://coldb.mnhn.fr/catalognumber/um/mpu/mpu1400358,NA,NA,MPU1400358,UM,NA,NA,NA,NA,Garcinia forbesii King,NA,NA,1.39487,103.81105,NA,3714626,Garcinia forbesii,Garcinia,forbesii,NA,NA,NA,WGS84,NA,NA,NA,NA,NA,NA,NA,NA,NA,NA,NA,NA,LC,NA,NA,NA,NA,NA,NA,NA,NA,NA,NA,NA,NA,NA,NA,3348.8504043166813,"""Tree tag: 19971756*E. Distribution: Malaya, Indonesia. DBH 17.1 cm, ht. c. 5.5 m. Tree; trunk base shallowly fluted. Bark light brown, finely cracked. Branches radially horizontally spread; low branching, the lowest twigs almost touch the ground. Young leaves light green tinged orange.  Wounded twigs exudate yellow, wounded lamina sap clear""",NA,NA,NA,NA,NA,NA,NA,NA,NA,NA,Cultivated,NA,NA,NA,NA,NA,NA,NA,NA,NA,NA,NA,NA,NA,https://mediaphoto.mnhn.fr/media/1639755947635y0Ec3ImrSpcS8EOj,FALSE,error
HERB_0044,sample_images/HERB_0044.jpg,3461927305,Morinda citrifolia L.,,b5cdf794-8fa4-4a85-8b26-755d087bf531,2cd829bb-b713-433d-99cf-64bef11e5b3e,17abcf75-2f1e-46dd-bf75-a5b21dd02655,86c2834b-fcd6-418d-9b32-aca45110a0fe,2cd829bb-b713-433d-99cf-64bef11e5b3e,FR,EML,2026-08-13T15:27:43.858+00:00,2026-08-24T16:47:12.445+00:00,606,PRESERVED_SPECIMEN,PRESENT,5339879,6,7707728,220,412,8798,2915429,5339879,Morinda citrifolia L.,Plantae,Tracheophyta,Gentianales,Rubiaceae,Morinda,SPECIES,ACCEPTED,NA,ASIA,siem réap,none,NA,2021,1,8,2021-01-08,8,8,NA,2022-04-01T08:37:21.000+00:00,2026-08-24T16:47:12.445+00:00,NA,http://creativecommons.org/licenses/by/4.0/legalcode,FALSE,http://coldb.mnhn.fr/catalognumber/mnhn/p/p01190824,none,none,6a6ac6c5-1b8a-48db-91a2-f8661274ff80,bc3d39fd-a7d4-4763-b951-2bdeddd8a5d2,FALSE,NA,"Hul, S.|Peou, Y.|Ratanak, V.",Hul,hb,none,Magnoliopsida,KH,none,none,ASIA,Cambodia,EUROPE,NA,http://coldb.mnhn.fr/catalognumber/mnhn/p/p01190824,NA,NA,http://grbio.org/institution/museum-national-dhistoire-naturelle,654,NA,NA,7215,Sangkat Slorkram,3461927305,NA,P,http://coldb.mnhn.fr/catalognumber/mnhn/p/p01190824,NA,NA,P01190824,MNHN,NA,NA,NA,NA,Morinda citrifolia L.,NA,NA,NA,NA,NA,5339879,Morinda citrifolia,Morinda,citrifolia,NA,NA,NA,NA,NA,NA,NA,NA,NA,NA,NA,NA,NA,NA,NA,NA,LC,NA,NA,NA,NA,NA,NA,NA,NA,NA,NA,NA,NA,NA,NA,NA,"Arbuste de 2-3 m de haut. Feuilles vert brillant, opposées. Inflorescences axillaires, solitaires, oppositifoliées. Pédoncule de l'inflorescence long de 1-3 cm. Fleurs associées formant une tête compacte. Fruit charnu, formé de nombreuses drupes coalescentes",Phum Daun Pa,NA,NA,NA,NA,NA,NA,NA,NA,NA,NA,NA,NA,NA,NA,NA,NA,NA,NA,NA,NA,NA,NA,NA,https://mediaphoto.mnhn.fr/media/1648795040893r3pDGIbl4eBN6I0c,TRUE,error
HERB_0045,sample_images/HERB_0045.jpg,4858955209,Diospyros pilosiuscula G.Don,"cdc,cdround,gass84,incomis,inmafu",cd6e21c8-9e8a-493a-8a76-fbf7862069e5,061b4f20-f241-11da-a328-b8a03c50a862,17abcf75-2f1e-46dd-bf75-a5b21dd02655,996e30f8-f762-11e1-a439-00145eb45e9a,061b4f20-f241-11da-a328-b8a03c50a862,GB,DWC_ARCHIVE,2026-08-24T12:51:18.333+00:00,2026-08-24T20:51:40.147+00:00,539,PRESERVED_SPECIMEN,PRESENT,7295831,6,7707728,220,1353,6709,3030169,7295831,Diospyros pilosiuscula G.Don,Plantae,Tracheophyta,Ericales,Ebenaceae,Diospyros,SPECIES,ACCEPTED,NA,ASIA,NA,NA,Mueang,2022,6,16,2022-06-16T00:00,167,167,NA,2026-01-25T18:17:20.613+00:00,2026-08-24T20:51:40.147+00:00,NA,http://creativecommons.org/licenses/by/4.0/legalcode,FALSE,K001930400,none,none,fa252605-26f6-426c-9892-94d071c2c77f,NA,FALSE,NA,"Yooprasert, S.; Poopath, M.; Sirimongkol, S.; Krachangyut, P.; Thaothawin, P.",NA,NA,none,Magnoliopsida,TH,none,none,ASIA,Thailand,EUROPE,NA,K001930400,SY 354,NA,NA,539,NA,Trail behind Wat Ban Song Khwae.,NA,NA,4858955209,NA,Herbarium,http://specimens.kew.org/herbarium/K001930400,NA,NA,K001930400,K,NA,NA,NA,NA,Diospyros pilosiuscula G.Don,NA,NA,18.863333,100.631667,NA,7295831,Diospyros pilosiuscula,Diospyros,pilosiuscula,NA,NA,NA,WGS84,NA,NA,NA,NA,NA,NA,NA,NA,NA,NA,Ebenaceae,NA,NA,NA,NA,314,NA,NA,NA,NA,NA,NA,NA,Mueang,NA,NA,NA,NA,NA,NA,NA,NA,16 June 2022,NA,NA,NA,NA,NA,NA,NA,NA,NA,NA,NA,NA,NA,NA,NA,NA,NA,NA,NA,NA,https://d2jcv3kl45hlgi.cloudfront.net/a73e3fa960bb7e5e0f80aae448823f27.jpg,FALSE,ok
HERB_0046,sample_images/HERB_0046.jpg,3461963309,Ceiba pentandra (L.) Gaertn.,,b5cdf794-8fa4-4a85-8b26-755d087bf531,2cd829bb-b713-433d-99cf-64bef11e5b3e,17abcf75-2f1e-46dd-bf75-a5b21dd02655,86c2834b-fcd6-418d-9b32-aca45110a0fe,2cd829bb-b713-433d-99cf-64bef11e5b3e,FR,EML,2026-08-13T15:27:43.858+00:00,2026-08-24T16:45:40.842+00:00,606,PRESERVED_SPECIMEN,PRESENT,5406697,6,7707728,220,941,6685,3152218,5406697,Ceiba pentandra (L.) Gaertn.,Plantae,Tracheophyta,Malvales,Malvaceae,Ceiba,SPECIES,ACCEPTED,NA,ASIA,siem réap,none,NA,2021,1,7,2021-01-07,7,7,NA,2022-02-09T10:39:56.000+00:00,2026-08-24T16:45:40.842+00:00,NA,http://creativecommons.org/licenses/by/4.0/legalcode,FALSE,http://coldb.mnhn.fr/catalognumber/mnhn/p/p01190805,none,none,6a6ac6c5-1b8a-48db-91a2-f8661274ff80,bc3d39fd-a7d4-4763-b951-2bdeddd8a5d2,FALSE,NA,"Hul, S.|Peou, Y.|Ratanak, V.",Hul,hb,none,Magnoliopsida,KH,none,none,ASIA,Cambodia,EUROPE,NA,http://coldb.mnhn.fr/catalognumber/mnhn/p/p01190805,NA,NA,http://grbio.org/institution/museum-national-dhistoire-naturelle,654,NA,NA,7196,Sangkat Slorkram,3461963309,NA,P,http://coldb.mnhn.fr/catalognumber/mnhn/p/p01190805,NA,NA,P01190805,MNHN,NA,NA,NA,NA,Ceiba pentandra (L.) Gaertn.,NA,NA,NA,NA,NA,5406697,Ceiba pentandra,Ceiba,pentandra,NA,NA,NA,NA,NA,NA,NA,NA,NA,NA,NA,NA,NA,NA,NA,NA,LC,NA,NA,NA,NA,NA,NA,NA,NA,NA,NA,NA,NA,NA,NA,NA,"Arbre de 15-20 m de hauteur , tronc épineux étant jeune , des contreforts à la base du tronc. Feuilles palmées-digitées , folioles 5-8, oblogues. Inflorescences terminales. Fleurs paraissant avant les feuilles, grouppées en fascicules , 5 sépales, 5 pétales, 5 étamines, ovaire conique et glabre. Fruit : capsule oblongue, à 5 valves, déhicente, laissant échapper un duvet abondant qui enveloppe les graines. Graines nombreuses, noires",Phum Daun Pa,NA,NA,NA,NA,NA,NA,NA,NA,NA,NA,NA,NA,NA,NA,NA,NA,NA,NA,NA,NA,NA,NA,NA,https://mediaphoto.mnhn.fr/media/1644399593938Xh7DByFicu3zZJwC,TRUE,error
HERB_0047,sample_images/HERB_0047.jpg,3312522197,Anemone bucharica (Regel) Finet & Gagnep.,"cdc,cucdmis,cum",bf2a4bf0-5f31-11de-b67e-b8a03c50a862,98e934b0-5f31-11de-b67e-b8a03c50a862,"8e30b684-6a54-4aba-aa73-66201c2c736e,17abcf75-2f1e-46dd-bf75-a5b21dd02655",f6fe707e-cced-4efc-b5dc-be4c91b8180a,98e934b0-5f31-11de-b67e-b8a03c50a862,GB,DWC_ARCHIVE,2026-08-13T16:38:58.088+00:00,2026-08-24T20:20:58.444+00:00,445,PRESERVED_SPECIMEN,PRESENT,3927391,6,7707728,220,399,2410,3016227,3927391,Anemone bucharica (Regel) Finet & Gagnep.,Plantae,Tracheophyta,Ranunculales,Ranunculaceae,Anemone,SPECIES,ACCEPTED,NA,ASIA,NA,NA,Northern Asia,2016,4,24,2016-04-24,115,115,NA,2023-12-19T14:55:24.000+00:00,2026-08-24T20:20:58.444+00:00,NA,http://creativecommons.org/publicdomain/zero/1.0/legalcode,FALSE,https://data.rbge.org.uk/herb/E00955303,none,none,0237598a-853a-492c-af74-a723fe251799,427c8cd7-4358-4a00-9ef3-2b2676d28d1e,FALSE,Edinburgh (E) Herbarium Specimens,"Kew Edinburgh Expedition with Kulob to Tajikistan,",NA,HERBARIUM SHEET,none,Magnoliopsida,TL,none,none,ASIA,Timor-Leste,EUROPE,NA,https://data.rbge.org.uk/herb/E00955303,9,"West facing steep grassy and rocky granitic boulders;  Vegetation: Rosa, Ungenia, Lonicera shurbs, and Junipers.",https://scientific-collections.gbif.org/institution/0237598a-853a-492c-af74-a723fe251799,445,NA,Tajikistan:Khatlon Province:Muminobod District:Khonatarosh:hazrati-shoh range near Langar Kulob,NA,NA,3312522197,NA,E,https://data.rbge.org.uk/herb/E00955303,PhysicalObject,NA,E00955303,RBGE,NA,NA,2312m,https://scientific-collections.gbif.org/collection/427c8cd7-4358-4a00-9ef3-2b2676d28d1e,Anemone bucharica (Regel) Finet & Gagnep.,NA,NA,37.997222,70.066389,NA,3927391,Anemone bucharica,Anemone,bucharica,NA,NA,NA,WGS84,NA,ICBN,NA,NA,NA,NA,NA,NA,E,NA,NA,NA,NA,NA,NA,2312,0,NA,NA,NA,NA,NA,NA,NA,NA,NA,NA,NA,NA,NA,NA,NA,24th April 2016,NA,NA,NA,NA,NA,NA,NA,NA,NA,NA,NA,CC0,Royal Botanic Garden Edinburgh,957435,NA,NA,NA,NA,NA,NA,https://iiif.rbge.org.uk/herb/iiif/E00955303/manifest,FALSE,not_image
HERB_0048,sample_images/HERB_0048.jpg,6367088301,Callerya cinerea (Benth.) Schot,"cdc,cdround,gass84,incomis,inmafu",cd6e21c8-9e8a-493a-8a76-fbf7862069e5,061b4f20-f241-11da-a328-b8a03c50a862,17abcf75-2f1e-46dd-bf75-a5b21dd02655,996e30f8-f762-11e1-a439-00145eb45e9a,061b4f20-f241-11da-a328-b8a03c50a862,GB,DWC_ARCHIVE,2026-08-24T12:51:18.333+00:00,2026-08-24T20:50:36.051+00:00,539,PRESERVED_SPECIMEN,PRESENT,2952284,6,7707728,220,1370,5386,2952255,2952284,Callerya cinerea (Benth.) Schot,Plantae,Tracheophyta,Fabales,Fabaceae,Callerya,SPECIES,ACCEPTED,NA,ASIA,NA,NA,NA,2023,8,30,2023-08-30T00:00,242,242,NA,2026-06-03T12:08:57.777+00:00,2026-08-24T20:50:36.051+00:00,NA,http://creativecommons.org/licenses/by/4.0/legalcode,FALSE,K001993276,none,none,fa252605-26f6-426c-9892-94d071c2c77f,NA,TRUE,NA,"Yooprasert, S.; Tamura, M. N.; Fuse, S.; Takahashi, K.; Masuda, R.; Taothong, P.; Saengbuapuean, A.",NA,NA,none,Magnoliopsida,TH,none,none,ASIA,Thailand,EUROPE,NA,K001993276,SY 532,NA,NA,539,NA,"Phu Ruea, Phu Luang WS, Trail to Pha Taloen, Pha Somdet.",NA,NA,6367088301,NA,Herbarium,http://specimens.kew.org/herbarium/K001993276,NA,NA,K001993276,K,NA,NA,NA,NA,Callerya cinerea (Benth.) Schot,NA,NA,17.280833,101.523889,NA,2952284,Callerya cinerea,Callerya,cinerea,NA,NA,NA,WGS84,NA,NA,NA,NA,NA,NA,NA,NA,NA,NA,Fabaceae,NA,NA,NA,NA,1510,NA,NA,NA,NA,NA,NA,NA,NA,NA,NA,NA,NA,NA,NA,NA,NA,NA,NA,NA,NA,NA,NA,NA,NA,NA,NA,NA,NA,NA,NA,NA,NA,NA,NA,NA,NA,NA,https://d2jcv3kl45hlgi.cloudfront.net/3284cb620d5bafabecc2561fc01b4e60.jpg,FALSE,ok
HERB_0049,sample_images/HERB_0049.jpg,6196923456,Phyllanthus microcarpus (Benth.) Müll.Arg.,"colmafu,inmafu",1cbed1d0-f9ac-4b9e-bf3f-a26272bca39e,4fd82480-ea1c-11da-8db4-b8a03c50a862,NA,82d6992a-b20b-4e74-b6ac-6b971b2c485d,4fd82480-ea1c-11da-8db4-b8a03c50a862,JP,EML,2026-07-10T16:35:10.312+00:00,2026-07-18T17:50:14.854+00:00,222,PRESERVED_SPECIMEN,PRESENT,5382668,6,7707728,220,1414,8807,3061139,5382668,Phyllanthus microcarpus (Benth.) Müll.Arg.,Plantae,Tracheophyta,Malpighiales,Phyllanthaceae,Phyllanthus,SPECIES,ACCEPTED,NA,ASIA,Khammouan,NA,Asia|Laos|Khammouan|Khounkham|near Ban Nong Kok,2024,3,16,2024-03-16,76,76,NA,2025-10-16T00:00:00.000+00:00,2026-07-18T17:50:14.854+00:00,https://www.museum.kagoshima-u.ac.jp/hyouhonsitu.html,http://creativecommons.org/licenses/by/4.0/legalcode,FALSE,7c738d8b-3c33-4bcc-8f56-01f766f2cd7b,none,none,7b6590f0-c03f-409b-ae28-f443c1166d23,e9e6df05-e289-4a64-8ace-a4d5dbd168e4,FALSE,NA,NA,NA,NA,none,Magnoliopsida,LA,none,none,ASIA,Lao People’s Democratic Republic,ASIA,NA,7c738d8b-3c33-4bcc-8f56-01f766f2cd7b,Z871,NA,NA,232,NA,near Ban Nong Kok,NA,"Laos, Khammouan, Khounkham, near Ban Nong Kok",6196923456,NA,KAG,7c738d8b-3c33-4bcc-8f56-01f766f2cd7b,NA,NA,KAG187283,KAG,NA,NA,NA,NA,Phyllanthus microcarpus (Benth.) Müll.Arg.,NA,NA,18.20071,104.59438,NA,5382668,Phyllanthus microcarpus,Phyllanthus,microcarpus,NA,NA,NA,WGS84,NA,NA,NA,NA,obtained using GPS machine,NA,NA,NA,NA,NA,Plantae|Tracheophyta|Magnoliopsida|Malpighiales|Phyllanthaceae|Phyllanthus|microcarpus,NA,LC,NA,NA,606,NA,NA,NA,NA,NA,NA,NA,NA,NA,NA,NA,NA,NA,Khounkham,NA,NA,NA,NA,NA,NA,NA,NA,NA,NA,NA,NA,500,NA,NA,NA,NA,NA,NA,NA,NA,NA,NA,https://dbs.kaum.kagoshima-u.ac.jp/musedb/s_plant/picture/KAG187283/KAG187283.jpg,FALSE,ok
HERB_0050,sample_images/HERB_0050.jpg,4928996801,Alangium kayuniga K.M.Wong,"cdc,cdround,gass84,incomis,inmafu",cd6e21c8-9e8a-493a-8a76-fbf7862069e5,061b4f20-f241-11da-a328-b8a03c50a862,17abcf75-2f1e-46dd-bf75-a5b21dd02655,996e30f8-f762-11e1-a439-00145eb45e9a,061b4f20-f241-11da-a328-b8a03c50a862,GB,DWC_ARCHIVE,2026-08-24T12:51:18.333+00:00,2026-08-24T20:51:12.488+00:00,539,PRESERVED_SPECIMEN,PRESENT,9425120,6,7707728,220,949,6713,7326259,9425120,Alangium kayuniga K.M.Wong,Plantae,Tracheophyta,Cornales,Cornaceae,Alangium,SPECIES,ACCEPTED,NA,ASIA,NA,NA,Andulau FR,2019,11,13,2019-11-13T00:00,317,317,NA,2026-01-25T18:17:20.613+00:00,2026-08-24T20:51:12.488+00:00,NA,http://creativecommons.org/licenses/by/4.0/legalcode,FALSE,K001935693,none,none,fa252605-26f6-426c-9892-94d071c2c77f,NA,TRUE,NA,"Lim, W.H.; Bazilah, I.; Azlan, P.; Clayton, J.",NA,NA,none,Magnoliopsida,BN,none,none,ASIA,Brunei Darussalam,EUROPE,NA,K001935693,LWH 138,NA,NA,539,NA,By the road / footpath,NA,NA,4928996801,NA,Herbarium,http://specimens.kew.org/herbarium/K001935693,NA,NA,K001935693,K,NA,NA,NA,NA,Alangium kayuniga K.M.Wong,NA,NA,4.650556,114.5125,NA,9425120,Alangium kayuniga,Alangium,kayuniga,NA,NA,NA,WGS84,NA,NA,NA,NA,NA,NA,NA,NA,NA,NA,Cornaceae,NA,LC,NA,NA,NA,NA,NA,NA,NA,NA,NA,NA,Andulau FR,NA,NA,NA,NA,NA,NA,NA,NA,NA,NA,NA,NA,NA,NA,NA,NA,NA,NA,NA,NA,NA,NA,NA,NA,NA,NA,NA,NA,NA,https://d2jcv3kl45hlgi.cloudfront.net/3e1b22f6b1ba25d94050d1794c0df0da.jpg,FALSE,ok
HERB_0051,sample_images/HERB_0051.jpg,4407754309,Goniothalamus ridleyi King,"cucdmis,gass84",b5cdf794-8fa4-4a85-8b26-755d087bf531,2cd829bb-b713-433d-99cf-64bef11e5b3e,17abcf75-2f1e-46dd-bf75-a5b21dd02655,86c2834b-fcd6-418d-9b32-aca45110a0fe,2cd829bb-b713-433d-99cf-64bef11e5b3e,FR,EML,2026-08-13T15:27:43.858+00:00,2026-08-24T16:46:44.253+00:00,606,PRESERVED_SPECIMEN,PRESENT,3154597,6,7707728,220,718,9291,3154482,3154597,Goniothalamus ridleyi King,Plantae,Tracheophyta,Magnoliales,Annonaceae,Goniothalamus,SPECIES,ACCEPTED,NA,NA,NA,none,NA,2020,3,29,2020-03-29,89,89,NA,2024-06-18T11:34:58.000+00:00,2026-08-24T16:46:44.253+00:00,NA,http://creativecommons.org/licenses/by/4.0/legalcode,FALSE,http://coldb.mnhn.fr/catalognumber/mnhn/p/p00877832,none,none,6a6ac6c5-1b8a-48db-91a2-f8661274ff80,bc3d39fd-a7d4-4763-b951-2bdeddd8a5d2,FALSE,NA,"Thomas, D.C.",NA,hb,none,Magnoliopsida,SG,none,none,ASIA,Singapore,EUROPE,NA,http://coldb.mnhn.fr/catalognumber/mnhn/p/p00877832,NA,NA,http://grbio.org/institution/museum-national-dhistoire-naturelle,654,NA,NA,3439,"Central Catchment NR, Nee Soon Swamp Forest",4407754309,NA,P,http://coldb.mnhn.fr/catalognumber/mnhn/p/p00877832,NA,NA,P00877832,MNHN,NA,NA,NA,NA,Goniothalamus ridleyi King,NA,NA,1.65056,104.3575,NA,3154597,Goniothalamus ridleyi,Goniothalamus,ridleyi,NA,NA,NA,WGS84,NA,NA,NA,NA,NA,NA,NA,NA,NA,NA,NA,NA,LC,NA,NA,13,NA,NA,NA,NA,NA,NA,NA,NA,NA,NA,NA,NA,NA,NA,NA,NA,NA,NA,NA,NA,NA,NA,NA,NA,NA,NA,NA,NA,NA,NA,NA,NA,NA,NA,NA,NA,NA,https://mediaphoto.mnhn.fr/media/1694095018817A1kXHkmXF80bgZqh,FALSE,error
HERB_0052,sample_images/HERB_0052.jpg,5207099334,Grewia retusifolia Kurz,,15f819bd-6612-4447-854b-14d12ee1022d,396d5f30-dea9-11db-8ab4-b8a03c50a862,17abcf75-2f1e-46dd-bf75-a5b21dd02655,65eb93af-41b8-4917-a5fc-cfe2a45aa4bf,396d5f30-dea9-11db-8ab4-b8a03c50a862,NL,DWC_ARCHIVE,2026-06-29T11:53:09.940+00:00,2026-08-24T20:55:31.567+00:00,286,PRESERVED_SPECIMEN,PRESENT,4260730,6,7707728,220,941,6685,3152078,7423153,Grewia humilis Wall. ex G.Don,Plantae,Tracheophyta,Malvales,Malvaceae,Grewia,SPECIES,SYNONYM,2024-04-01T00:00:00,NA,NA,none,NA,2019,12,2,2019-12-02,336,336,NA,NA,2026-08-24T20:55:31.567+00:00,NA,http://creativecommons.org/publicdomain/zero/1.0/legalcode,FALSE,L.4578456@BRAHMS,none,none,0e919a55-08d3-4bd2-aec1-200858fafd92,0add23db-a8f7-4d15-95ad-4ed0c5c8a055,FALSE,NA,Cunha T,Welzen PC van,NA,none,Magnoliopsida,TL,none,none,ASIA,Timor-Leste,EUROPE,Naturalis Biodiversity Center,L.4578456@BRAHMS,"Cunha, T 254",NA,https://ror.org/0566bfb96,286,NA,"Atekru, Makadade.",NA,NA,5207099334,NA,Botany,https://data.biodiversitydata.nl/naturalis/specimen/L.4578456,NA,NA,L.4578456,NA,NA,NA,NA,NA,Grewia retusifolia Kurz,NA,NA,-8.38194,125.90006,NA,7423153,Grewia humilis,Grewia,retusifolia,NA,NA,NA,WGS84,NA,ICN,NA,NA,NA,NA,NA,NA,NA,NA,Plantae|Malvales|Malvaceae,NA,NA,NA,NA,NA,NA,NA,NA,NA,NA,NA,NA,NA,NA,NA,true,NA,NA,NA,NA,NA,NA,NA,NA,NA,NA,NA,NA,NA,NA,NA,NA,NA,NA,NA,NA,NA,NA,NA,NA,NA,NA,https://medialib.naturalis.nl/file/id/L.4578456/format/large,FALSE,ok
HERB_0053,sample_images/HERB_0053.jpg,6196923636,"Syzygium coarctatum (Blume) Byng, N.Snow & Peter G.Wilson","colmafu,inmafu",1cbed1d0-f9ac-4b9e-bf3f-a26272bca39e,4fd82480-ea1c-11da-8db4-b8a03c50a862,NA,82d6992a-b20b-4e74-b6ac-6b971b2c485d,4fd82480-ea1c-11da-8db4-b8a03c50a862,JP,EML,2026-07-10T16:35:10.312+00:00,2026-07-18T17:50:15.903+00:00,222,PRESERVED_SPECIMEN,PRESENT,9235235,6,7707728,220,690,5014,3029010,9235235,"Syzygium coarctatum (Blume) Byng, N.Snow & Peter G.Wilson",Plantae,Tracheophyta,Myrtales,Myrtaceae,Syzygium,SPECIES,ACCEPTED,NA,ASIA,Khammouan,NA,Asia|Laos|Khammouan|Khounkham|Tad Nam Sanam,2024,3,15,2024-03-15,75,75,NA,2025-10-16T00:00:00.000+00:00,2026-07-18T17:50:15.903+00:00,https://www.museum.kagoshima-u.ac.jp/hyouhonsitu.html,http://creativecommons.org/licenses/by/4.0/legalcode,FALSE,a1506078-ac7e-4d77-a44e-3d2cb5991cde,none,none,7b6590f0-c03f-409b-ae28-f443c1166d23,e9e6df05-e289-4a64-8ace-a4d5dbd168e4,FALSE,NA,NA,NA,NA,none,Magnoliopsida,LA,none,none,ASIA,Lao People’s Democratic Republic,ASIA,NA,a1506078-ac7e-4d77-a44e-3d2cb5991cde,Z759,NA,NA,232,NA,Tad Nam Sanam,NA,"Laos, Khammouan, Khounkham, Tad Nam Sanam",6196923636,NA,KAG,a1506078-ac7e-4d77-a44e-3d2cb5991cde,NA,NA,KAG187176,KAG,NA,NA,NA,NA,"Syzygium coarctatum (Blume) Byng, N.Snow & Peter G.Wilson",NA,NA,18.21749,104.5121,NA,9235235,Syzygium coarctatum,Syzygium,coarctatum,NA,NA,NA,WGS84,NA,NA,NA,NA,obtained using GPS machine,NA,NA,NA,NA,NA,Plantae|Tracheophyta|Magnoliopsida|Myrtales|Myrtaceae|Syzygium|coarctatum,NA,NA,NA,NA,192,NA,NA,NA,NA,NA,NA,NA,NA,NA,NA,NA,NA,NA,Khounkham,NA,NA,NA,NA,NA,NA,NA,NA,NA,NA,NA,NA,500,NA,NA,NA,NA,NA,NA,NA,NA,NA,NA,https://dbs.kaum.kagoshima-u.ac.jp/musedb/s_plant/picture/KAG187176/KAG187176.jpg,FALSE,ok
HERB_0054,sample_images/HERB_0054.jpg,6450154308,"Haplanthus laxiflorus (Blume) Gnanasek., G.V.S.Murthy & Y.F.Deng","cdc,cdround,gass84,incomis,inmafu",cd6e21c8-9e8a-493a-8a76-fbf7862069e5,061b4f20-f241-11da-a328-b8a03c50a862,17abcf75-2f1e-46dd-bf75-a5b21dd02655,996e30f8-f762-11e1-a439-00145eb45e9a,061b4f20-f241-11da-a328-b8a03c50a862,GB,DWC_ARCHIVE,2026-08-24T12:51:18.333+00:00,2026-08-24T20:50:46.121+00:00,539,PRESERVED_SPECIMEN,PRESENT,9559369,6,7707728,220,408,2393,7859416,9559369,"Haplanthus laxiflorus (Blume) Gnanasek., G.V.S.Murthy & Y.F.Deng",Plantae,Tracheophyta,Lamiales,Acanthaceae,Haplanthus,SPECIES,ACCEPTED,NA,ASIA,NA,NA,NA,2023,11,25,2023-11-25T00:00,329,329,NA,2026-07-21T12:28:13.710+00:00,2026-08-24T20:50:46.121+00:00,NA,http://creativecommons.org/licenses/by/4.0/legalcode,FALSE,K001934223,none,none,fa252605-26f6-426c-9892-94d071c2c77f,NA,TRUE,NA,"Yooprasert, S.; Tamura, M.N.; Fuse, S.; Tagane, S.; Takahashi, K.; Masuda, R.; Chamchumroon, V.; Suphuntee, N.; Taothong, P.",NA,NA,none,Magnoliopsida,TH,none,none,ASIA,Thailand,EUROPE,NA,K001934223,SY582,NA,NA,539,NA,"Tak, Umphang, , , , Doi Hua Mot ",NA,NA,6450154308,NA,Herbarium,http://specimens.kew.org/herbarium/K001934223,NA,NA,K001934223,K,NA,NA,NA,NA,"Haplanthus laxiflorus (Blume) Gnanasek., G.V.S.Murthy & Y.F.Deng",NA,NA,15.953333,98.8575,NA,9559369,Haplanthus laxiflorus,Haplanthus,laxiflorus,NA,NA,NA,WGS84,NA,NA,NA,NA,NA,NA,NA,NA,NA,NA,Acanthaceae,NA,NA,NA,NA,910,NA,NA,NA,NA,NA,NA,NA,NA,NA,NA,NA,NA,NA,NA,NA,NA,NA,NA,NA,NA,NA,NA,NA,NA,NA,NA,NA,NA,NA,NA,NA,NA,NA,NA,NA,NA,NA,https://d2jcv3kl45hlgi.cloudfront.net/1f081c2a0621453a007a8ba551b4e234.jpg,FALSE,ok
HERB_0055,sample_images/HERB_0055.jpg,2430565482,Combretum trifoliatum Vent.,,b5cdf794-8fa4-4a85-8b26-755d087bf531,2cd829bb-b713-433d-99cf-64bef11e5b3e,17abcf75-2f1e-46dd-bf75-a5b21dd02655,86c2834b-fcd6-418d-9b32-aca45110a0fe,2cd829bb-b713-433d-99cf-64bef11e5b3e,FR,EML,2026-08-13T15:27:43.858+00:00,2026-08-24T16:47:01.974+00:00,606,PRESERVED_SPECIMEN,PRESENT,3699329,6,7707728,220,690,2431,2986357,3699329,Combretum trifoliatum Vent.,Plantae,Tracheophyta,Myrtales,Combretaceae,Combretum,SPECIES,ACCEPTED,NA,ASIA,kompong chhnang,none,NA,2019,2,24,2019-02-24,55,55,NA,2020-01-14T18:34:15.000+00:00,2026-08-24T16:47:01.974+00:00,NA,http://creativecommons.org/licenses/by/4.0/legalcode,FALSE,http://coldb.mnhn.fr/catalognumber/mnhn/p/p00915930,none,none,6a6ac6c5-1b8a-48db-91a2-f8661274ff80,bc3d39fd-a7d4-4763-b951-2bdeddd8a5d2,FALSE,NA,"Hul, S.|Eum, S.|Peou, Y.",Hul,hb,none,Magnoliopsida,KH,none,none,ASIA,Cambodia,EUROPE,NA,http://coldb.mnhn.fr/catalognumber/mnhn/p/p00915930,NA,NA,http://grbio.org/institution/museum-national-dhistoire-naturelle,654,NA,NA,7056,NA,2430565482,NA,P,http://coldb.mnhn.fr/catalognumber/mnhn/p/p00915930,NA,NA,P00915930,MNHN,NA,NA,NA,NA,Combretum trifoliatum Vent.,NA,NA,NA,NA,NA,3699329,Combretum trifoliatum,Combretum,trifoliatum,NA,NA,NA,NA,NA,NA,NA,NA,NA,NA,NA,NA,NA,NA,NA,NA,NA,NA,NA,NA,NA,NA,NA,NA,NA,NA,NA,NA,NA,NA,NA,NA,"""Arbuste lianescent. Feuilles elliptiques ou obovales, atténuées à la base, acuminées parfois obtuses au sommet. Inflorescences en épis ramifiés. Fleurs à 5 sépales velus, 5 pétales pubescents, 10 étamines ; ovaire infère, densément velu en dehors ; 2 ovules suspendus""",Roléa Ph'éa,"Kang Méas, Kok Bantéay",NA,NA,NA,NA,NA,NA,NA,NA,NA,NA,NA,NA,NA,NA,NA,NA,NA,NA,NA,NA,NA,NA,https://mediaphoto.mnhn.fr/media/1579023255261wnNGV88vxWAufBJT,TRUE,error
HERB_0056,sample_images/HERB_0056.jpg,6196925434,Combretum pilosum Roxb. ex G.Don,"colmafu,inmafu",1cbed1d0-f9ac-4b9e-bf3f-a26272bca39e,4fd82480-ea1c-11da-8db4-b8a03c50a862,NA,82d6992a-b20b-4e74-b6ac-6b971b2c485d,4fd82480-ea1c-11da-8db4-b8a03c50a862,JP,EML,2026-07-10T16:35:10.312+00:00,2026-07-18T17:50:19.105+00:00,222,PRESERVED_SPECIMEN,PRESENT,8408594,6,7707728,220,690,2431,2986357,8408594,Combretum pilosum Roxb. ex G.Don,Plantae,Tracheophyta,Myrtales,Combretaceae,Combretum,SPECIES,PROVISIONALLY_ACCEPTED,NA,ASIA,Khammouan,NA,Asia|Laos|Khammouan|Khounkham,2024,3,19,2024-03-19,79,79,NA,2025-10-16T00:00:00.000+00:00,2026-07-18T17:50:19.105+00:00,https://www.museum.kagoshima-u.ac.jp/hyouhonsitu.html,http://creativecommons.org/licenses/by/4.0/legalcode,FALSE,84d0dc38-cca9-4e32-a928-cd21fb6162eb,none,none,7b6590f0-c03f-409b-ae28-f443c1166d23,e9e6df05-e289-4a64-8ace-a4d5dbd168e4,FALSE,NA,NA,NA,NA,none,Magnoliopsida,LA,none,none,ASIA,Lao People’s Democratic Republic,ASIA,NA,84d0dc38-cca9-4e32-a928-cd21fb6162eb,Z1228,NA,NA,232,NA,NA,NA,"Laos, Khammouan, Khounkham",6196925434,NA,KAG,84d0dc38-cca9-4e32-a928-cd21fb6162eb,NA,NA,KAG187628,KAG,NA,NA,NA,NA,Combretum pilosum Roxb. ex G.Don,NA,NA,18.16623,104.47261,NA,8408594,Combretum pilosum,Combretum,pilosum,NA,NA,NA,WGS84,NA,NA,NA,NA,obtained using GPS machine,NA,NA,NA,NA,NA,Plantae|Tracheophyta|Magnoliopsida|Myrtales|Combretaceae|Combretum|pilosum,NA,NA,NA,NA,147,NA,NA,NA,NA,NA,NA,NA,NA,NA,NA,NA,NA,NA,Khounkham,NA,NA,NA,NA,NA,NA,NA,NA,NA,NA,NA,NA,500,NA,NA,NA,NA,NA,NA,NA,NA,NA,NA,https://dbs.kaum.kagoshima-u.ac.jp/musedb/s_plant/picture/KAG187628/KAG187628.jpg,FALSE,ok
HERB_0057,sample_images/HERB_0057.jpg,2430565484,Memecylon edule var. scutellata (Lour.) C.B.Clarke,,b5cdf794-8fa4-4a85-8b26-755d087bf531,2cd829bb-b713-433d-99cf-64bef11e5b3e,17abcf75-2f1e-46dd-bf75-a5b21dd02655,86c2834b-fcd6-418d-9b32-aca45110a0fe,2cd829bb-b713-433d-99cf-64bef11e5b3e,FR,EML,2026-08-13T15:27:43.858+00:00,2026-08-24T16:46:25.544+00:00,606,PRESERVED_SPECIMEN,PRESENT,5938426,6,7707728,220,690,6683,3716283,3864081,Memecylon scutellatum (Lour.) Hook. & Arn.,Plantae,Tracheophyta,Myrtales,Melastomataceae,Memecylon,VARIETY,SYNONYM,NA,ASIA,mondulkiri,none,NA,2019,2,1,2019-02-01,32,32,NA,2020-01-14T18:34:03.000+00:00,2026-08-24T16:46:25.544+00:00,NA,http://creativecommons.org/licenses/by/4.0/legalcode,FALSE,http://coldb.mnhn.fr/catalognumber/mnhn/p/p00915888,none,none,6a6ac6c5-1b8a-48db-91a2-f8661274ff80,bc3d39fd-a7d4-4763-b951-2bdeddd8a5d2,FALSE,NA,"Hul, S.|Eum, S.|Peou, Y.",Hul,hb,none,Magnoliopsida,KH,none,none,ASIA,Cambodia,EUROPE,NA,http://coldb.mnhn.fr/catalognumber/mnhn/p/p00915888,NA,NA,http://grbio.org/institution/museum-national-dhistoire-naturelle,654,NA,NA,7012,NA,2430565484,NA,P,http://coldb.mnhn.fr/catalognumber/mnhn/p/p00915888,NA,NA,P00915888,MNHN,NA,NA,NA,NA,Memecylon edule var. scutellata (Lour.) C.B.Clarke,NA,NA,NA,NA,NA,3864081,Memecylon scutellatum,Memecylon,edule,NA,NA,NA,NA,NA,NA,NA,NA,NA,NA,NA,NA,NA,NA,NA,NA,NA,NA,NA,NA,NA,NA,NA,NA,NA,NA,NA,NA,scutellata,NA,NA,NA,"Arbre d'env. 10 m. Feuilles ovales, acuminées au sommet. Inflorescences longues d'env. 1 cm. Fruits globuleux",kéo Seima,NA,NA,NA,NA,NA,NA,NA,NA,NA,NA,NA,NA,NA,NA,NA,NA,NA,NA,NA,NA,NA,NA,NA,https://mediaphoto.mnhn.fr/media/1579023243671dLlM2N5EkCOTlkf3,TRUE,error
HERB_0058,sample_images/HERB_0058.jpg,2430565473,Mezoneuron hymenocarpum Wight & Arn. ex Prain,,b5cdf794-8fa4-4a85-8b26-755d087bf531,2cd829bb-b713-433d-99cf-64bef11e5b3e,17abcf75-2f1e-46dd-bf75-a5b21dd02655,86c2834b-fcd6-418d-9b32-aca45110a0fe,2cd829bb-b713-433d-99cf-64bef11e5b3e,FR,EML,2026-08-13T15:27:43.858+00:00,2026-08-24T16:46:24.730+00:00,606,PRESERVED_SPECIMEN,PRESENT,5354753,6,7707728,220,1370,5386,2944261,5354753,Mezoneuron hymenocarpum Wight & Arn. ex Prain,Plantae,Tracheophyta,Fabales,Fabaceae,Mezoneuron,SPECIES,ACCEPTED,NA,ASIA,mondulkiri,none,NA,2019,2,2,2019-02-02,33,33,NA,2020-01-14T18:34:06.000+00:00,2026-08-24T16:46:24.730+00:00,NA,http://creativecommons.org/licenses/by/4.0/legalcode,FALSE,http://coldb.mnhn.fr/catalognumber/mnhn/p/p00915900,none,none,6a6ac6c5-1b8a-48db-91a2-f8661274ff80,bc3d39fd-a7d4-4763-b951-2bdeddd8a5d2,FALSE,NA,"Hul, S.|Eum, S.|Peou, Y.",Hul,hb,none,Magnoliopsida,KH,none,none,ASIA,Cambodia,EUROPE,NA,http://coldb.mnhn.fr/catalognumber/mnhn/p/p00915900,NA,NA,http://grbio.org/institution/museum-national-dhistoire-naturelle,654,NA,NA,7025,NA,2430565473,NA,P,http://coldb.mnhn.fr/catalognumber/mnhn/p/p00915900,NA,NA,P00915900,MNHN,NA,NA,NA,NA,Mezoneuron hymenocarpum Wight & Arn. ex Prain,NA,NA,NA,NA,NA,5354753,Mezoneuron hymenocarpum,Mezoneuron,hymenocarpum,NA,NA,NA,NA,NA,NA,NA,NA,NA,NA,NA,NA,NA,NA,NA,NA,NA,NA,NA,NA,NA,NA,NA,NA,NA,NA,NA,NA,NA,NA,NA,NA,"""Arbuste lianescent, épineux. Feuilles à rachis épineux ; pennes 6-10 paires, à rachis épineux ; folioles 6-8 paires, arrondies-échancrées au sommet, asymétriques à la base. Gousse ailée, rouge devenant brun foncé à maturité ; graines 3 ou 4""",Pich chréada,Srè bome,NA,NA,NA,NA,NA,NA,NA,NA,NA,NA,NA,NA,NA,NA,NA,NA,NA,NA,NA,NA,NA,NA,https://mediaphoto.mnhn.fr/media/1579023246503RRhnTkQubdMINYs4,FALSE,error
HERB_0059,sample_images/HERB_0059.jpg,6196927995,Combretum indicum (L.) DeFilipps,"colmafu,inmafu",1cbed1d0-f9ac-4b9e-bf3f-a26272bca39e,4fd82480-ea1c-11da-8db4-b8a03c50a862,NA,82d6992a-b20b-4e74-b6ac-6b971b2c485d,4fd82480-ea1c-11da-8db4-b8a03c50a862,JP,EML,2026-07-10T16:35:10.312+00:00,2026-07-18T17:50:41.842+00:00,222,PRESERVED_SPECIMEN,PRESENT,8040307,6,7707728,220,690,2431,2986357,12203608,Combretum indicum (L.) De Filipps,Plantae,Tracheophyta,Myrtales,Combretaceae,Combretum,SPECIES,SYNONYM,NA,ASIA,Kien Giang,NA,Asia|Vietnam|Kien Giang|Kien Luong Dist.|Binh An,2024,5,25,2024-05-25,146,146,NA,2025-10-16T00:00:00.000+00:00,2026-07-18T17:50:41.842+00:00,https://www.museum.kagoshima-u.ac.jp/hyouhonsitu.html,http://creativecommons.org/licenses/by/4.0/legalcode,FALSE,eeaafd1a-0b2d-4217-8123-82b30d3d2aa7,none,none,7b6590f0-c03f-409b-ae28-f443c1166d23,e9e6df05-e289-4a64-8ace-a4d5dbd168e4,FALSE,NA,NA,NA,NA,none,Magnoliopsida,VN,none,none,ASIA,Viet Nam,ASIA,NA,eeaafd1a-0b2d-4217-8123-82b30d3d2aa7,N567,NA,NA,232,NA,Binh An,NA,"Vietnam, Kien Giang, Kien Luong Dist., Binh An",6196927995,NA,KAG,eeaafd1a-0b2d-4217-8123-82b30d3d2aa7,NA,NA,KAG188670,KAG,NA,NA,NA,NA,Combretum indicum (L.) DeFilipps,NA,NA,10.15577,104.60976,NA,12203608,Combretum indicum,Combretum,indicum,NA,NA,NA,WGS84,NA,NA,NA,NA,obtained using GPS machine,NA,NA,NA,NA,NA,Plantae|Tracheophyta|Magnoliopsida|Myrtales|Combretaceae|Combretum|indicum,NA,NA,NA,NA,40,NA,NA,NA,NA,NA,NA,NA,NA,NA,NA,NA,NA,NA,Kien Luong Dist.,NA,NA,NA,NA,NA,NA,NA,NA,NA,NA,NA,NA,500,NA,NA,NA,NA,NA,NA,NA,NA,NA,NA,https://dbs.kaum.kagoshima-u.ac.jp/musedb/s_plant/picture/KAG188670/KAG188670.jpg,FALSE,ok
HERB_0060,sample_images/HERB_0060.jpg,6196925179,Xylacanthus laoticus Aver. & K.S.Nguyen,"txmatfuz,colmafu,inmafu",1cbed1d0-f9ac-4b9e-bf3f-a26272bca39e,4fd82480-ea1c-11da-8db4-b8a03c50a862,NA,82d6992a-b20b-4e74-b6ac-6b971b2c485d,4fd82480-ea1c-11da-8db4-b8a03c50a862,JP,EML,2026-07-10T16:35:10.312+00:00,2026-07-18T17:50:18.706+00:00,222,PRESERVED_SPECIMEN,PRESENT,10301733,6,7707728,220,408,2393,9986495,10301733,Xylacanthus laoticus Aver. & K.S.Nguyen,Plantae,Tracheophyta,Lamiales,Acanthaceae,Xylacanthus,SPECIES,ACCEPTED,NA,ASIA,Khammouan,NA,Asia|Laos|Khammouan|Khounkham|Rock View Point walkway,2024,3,19,2024-03-19,79,79,NA,2025-10-16T00:00:00.000+00:00,2026-07-18T17:50:18.706+00:00,https://www.museum.kagoshima-u.ac.jp/hyouhonsitu.html,http://creativecommons.org/licenses/by/4.0/legalcode,FALSE,d961340f-065b-46a3-91b2-1bd1105f1c59,none,none,7b6590f0-c03f-409b-ae28-f443c1166d23,e9e6df05-e289-4a64-8ace-a4d5dbd168e4,FALSE,NA,NA,NA,NA,none,Magnoliopsida,LA,none,none,ASIA,Lao People’s Democratic Republic,ASIA,NA,d961340f-065b-46a3-91b2-1bd1105f1c59,Z1214,NA,NA,232,NA,Rock View Point walkway,NA,"Laos, Khammouan, Khounkham, Rock View Point walkway",6196925179,NA,KAG,d961340f-065b-46a3-91b2-1bd1105f1c59,NA,NA,KAG187616,KAG,NA,NA,NA,NA,Xylacanthus laoticus Aver. & K.S.Nguyen,NA,NA,18.17756,104.4848,NA,10301733,Xylacanthus laoticus,Xylacanthus,laoticus,NA,NA,NA,WGS84,NA,NA,NA,NA,obtained using GPS machine,NA,NA,NA,NA,NA,Plantae|Tracheophyta|Magnoliopsida|Lamiales|Acanthaceae|Xylacanthus|laotica,NA,NA,NA,NA,455,NA,NA,NA,NA,NA,NA,NA,NA,NA,NA,NA,NA,NA,Khounkham,NA,NA,NA,NA,NA,NA,NA,NA,NA,NA,NA,NA,500,NA,NA,NA,NA,NA,NA,NA,NA,NA,NA,https://dbs.kaum.kagoshima-u.ac.jp/musedb/s_plant/picture/KAG187616/KAG187616.jpg,FALSE,ok
HERB_0061,sample_images/HERB_0061.jpg,4979413009,Hexatheca fulva C.B.Clarke,cdc,bf2a4bf0-5f31-11de-b67e-b8a03c50a862,98e934b0-5f31-11de-b67e-b8a03c50a862,"8e30b684-6a54-4aba-aa73-66201c2c736e,17abcf75-2f1e-46dd-bf75-a5b21dd02655",f6fe707e-cced-4efc-b5dc-be4c91b8180a,98e934b0-5f31-11de-b67e-b8a03c50a862,GB,DWC_ARCHIVE,2026-08-13T16:38:58.088+00:00,2026-08-24T20:20:24.651+00:00,445,PRESERVED_SPECIMEN,PRESENT,6365522,6,7707728,220,408,6654,6365517,6365522,Hexatheca fulva C.B.Clarke,Plantae,Tracheophyta,Lamiales,Gesneriaceae,Hexatheca,SPECIES,ACCEPTED,NA,ASIA,Sarawak,NA,Malay Islands,2024,3,3,2024-03-03,63,63,NA,2026-02-02T12:22:18.000+00:00,2026-08-24T20:20:24.651+00:00,NA,http://creativecommons.org/publicdomain/zero/1.0/legalcode,FALSE,https://data.rbge.org.uk/herb/E01494480,none,none,0237598a-853a-492c-af74-a723fe251799,427c8cd7-4358-4a00-9ef3-2b2676d28d1e,FALSE,Edinburgh (E) Herbarium Specimens,"Barber, Sadie, Wilkie, Peter, Sundue, Michael, Chea Yiing, Ling, Jawa, Rantai & Angkabau, Johnny",NA,HERBARIUM SHEET|Silica-dried,none,Magnoliopsida,MY,none,none,ASIA,Malaysia,EUROPE,NA,https://data.rbge.org.uk/herb/E01494480,S.110696,"Lithophytic, next to waterfall, constant moisture, semi-shade",https://scientific-collections.gbif.org/institution/0237598a-853a-492c-af74-a723fe251799,445,NA,"Tunoh, path towards Sungai Mabong",NA,NA,4979413009,NA,E,https://data.rbge.org.uk/herb/E01494480,PhysicalObject,NA,E01494480,RBGE,NA,NA,NA,https://scientific-collections.gbif.org/collection/427c8cd7-4358-4a00-9ef3-2b2676d28d1e,Hexatheca fulva C.B.Clarke,NA,NA,2.064787,113.67534,NA,6365522,Hexatheca fulva,Hexatheca,fulva,NA,NA,NA,WGS84,NA,ICBN,NA,NA,NA,NA,NA,NA,E,NA,NA,NA,NA,NA,NA,NA,NA,NA,NA,NA,NA,NA,NA,NA,NA,NA,NA,NA,NA,NA,NA,NA,3rd March 2024,NA,NA,NA,NA,NA,NA,NA,NA,NA,NA,NA,CC0,Royal Botanic Garden Edinburgh,1571844,NA,NA,NA,NA,NA,NA,https://iiif.rbge.org.uk/herb/iiif/E01494480/manifest,FALSE,not_image
HERB_0062,sample_images/HERB_0062.jpg,5106375579,Lepisanthes senegalensis (Poir.) Leenh.,,bf2a4bf0-5f31-11de-b67e-b8a03c50a862,98e934b0-5f31-11de-b67e-b8a03c50a862,"8e30b684-6a54-4aba-aa73-66201c2c736e,17abcf75-2f1e-46dd-bf75-a5b21dd02655",f6fe707e-cced-4efc-b5dc-be4c91b8180a,98e934b0-5f31-11de-b67e-b8a03c50a862,GB,DWC_ARCHIVE,2026-08-13T16:38:58.088+00:00,2026-08-24T20:21:03.800+00:00,445,PRESERVED_SPECIMEN,PRESENT,3784947,6,7707728,220,933,6657,7264784,3784947,Lepisanthes senegalensis (Poir.) Leenh.,Plantae,Tracheophyta,Sapindales,Sapindaceae,Lepisanthes,SPECIES,ACCEPTED,NA,ASIA,Sagaing,none,Myanmar (Burma),2019,3,20,2019-03-20,79,79,NA,2025-04-08T14:40:51.000+00:00,2026-08-24T20:21:03.800+00:00,NA,http://creativecommons.org/publicdomain/zero/1.0/legalcode,FALSE,https://data.rbge.org.uk/herb/E01537174,none,none,0237598a-853a-492c-af74-a723fe251799,427c8cd7-4358-4a00-9ef3-2b2676d28d1e,FALSE,Edinburgh (E) Herbarium Specimens,"Armstrong, Kathleen Ellen, Nwe, Thet Yu, Kramer, Marshall, Linn, Wah Wah, Khaing, Myo, Myint, Thar, Pyae, Phoe La, Kyi, Aung, Nyo, Kyi, Myint, Han Sein & Nge, Maung",NA,HERBARIUM SHEET,none,Magnoliopsida,MM,none,none,ASIA,Myanmar,EUROPE,NA,https://data.rbge.org.uk/herb/E01537174,4555,Growing in primary forest.,https://scientific-collections.gbif.org/institution/0237598a-853a-492c-af74-a723fe251799,445,NA,"Htamanthi Wildlife Sanctuary. Nam Phi Lin stream, camp 1",NA,NA,5106375579,NA,E,https://data.rbge.org.uk/herb/E01537174,PhysicalObject,NA,E01537174,RBGE,NA,NA,NA,https://scientific-collections.gbif.org/collection/427c8cd7-4358-4a00-9ef3-2b2676d28d1e,Lepisanthes senegalensis (Poir.) Leenh.,NA,NA,NA,NA,NA,3784947,Lepisanthes senegalensis,Lepisanthes,senegalensis,NA,NA,NA,NA,NA,ICBN,NA,NA,NA,NA,NA,NA,E,NA,NA,NA,LC,NA,NA,NA,NA,NA,NA,NA,NA,NA,NA,NA,NA,NA,NA,NA,NA,Hkamti,NA,NA,20th March 2019,NA,NA,NA,NA,NA,NA,NA,NA,NA,NA,NA,CC0,Royal Botanic Garden Edinburgh,1755219,NA,NA,NA,NA,NA,NA,https://iiif.rbge.org.uk/herb/iiif/E01537174/manifest,FALSE,not_image
HERB_0063,sample_images/HERB_0063.jpg,1933395600,Rosa korschinskiana Boulenger,"cdc,cucdmis,cum",bf2a4bf0-5f31-11de-b67e-b8a03c50a862,98e934b0-5f31-11de-b67e-b8a03c50a862,"8e30b684-6a54-4aba-aa73-66201c2c736e,17abcf75-2f1e-46dd-bf75-a5b21dd02655",f6fe707e-cced-4efc-b5dc-be4c91b8180a,98e934b0-5f31-11de-b67e-b8a03c50a862,GB,DWC_ARCHIVE,2026-08-13T16:38:58.088+00:00,2026-08-24T20:19:21.969+00:00,445,PRESERVED_SPECIMEN,PRESENT,3004844,6,7707728,220,691,5015,8395064,7581799,Rosa webbiana Wall.,Plantae,Tracheophyta,Rosales,Rosaceae,Rosa,SPECIES,SYNONYM,NA,ASIA,NA,NA,Northern Asia,2018,8,9,2018-08-09,221,221,NA,2018-10-31T00:00:00.000+00:00,2026-08-24T20:19:21.969+00:00,NA,http://creativecommons.org/publicdomain/zero/1.0/legalcode,FALSE,https://data.rbge.org.uk/herb/E00850182,none,none,0237598a-853a-492c-af74-a723fe251799,427c8cd7-4358-4a00-9ef3-2b2676d28d1e,FALSE,Edinburgh (E) Herbarium Specimens,"Pamirs Expedition to Central Asia Tajikistan,",NA,HERBARIUM SHEET,none,Magnoliopsida,TL,none,none,ASIA,Timor-Leste,EUROPE,NA,https://data.rbge.org.uk/herb/E00850182,21,Sheer granitic rock face south facing;  Vegetation: growing with rose,https://scientific-collections.gbif.org/institution/0237598a-853a-492c-af74-a723fe251799,445,NA,"Tajikistan:Gorno Badakshan:40 miles east of Ishkashim, Wahkan corridor.",NA,NA,1933395600,NA,E,https://data.rbge.org.uk/herb/E00850182,PhysicalObject,NA,E00850182,RBGE,NA,NA,2695m,https://scientific-collections.gbif.org/collection/427c8cd7-4358-4a00-9ef3-2b2676d28d1e,Rosa korschinskiana Boulenger,NA,NA,36.7925,71.993889,NA,7581799,Rosa webbiana,Rosa,korschinskiana,NA,NA,NA,WGS84,NA,ICBN,NA,NA,NA,NA,NA,NA,E,NA,NA,NA,NA,NA,NA,2695,0,NA,NA,NA,NA,NA,NA,NA,NA,NA,NA,NA,NA,NA,NA,NA,9th August 2018,NA,NA,NA,NA,NA,NA,NA,NA,NA,NA,NA,CC0,Royal Botanic Garden Edinburgh,926300,NA,NA,NA,NA,NA,NA,https://iiif.rbge.org.uk/herb/iiif/E00850182/manifest,FALSE,not_image
HERB_0064,sample_images/HERB_0064.jpg,4459006791,Cnestis palala (Lour.) Merr.,,15f819bd-6612-4447-854b-14d12ee1022d,396d5f30-dea9-11db-8ab4-b8a03c50a862,17abcf75-2f1e-46dd-bf75-a5b21dd02655,65eb93af-41b8-4917-a5fc-cfe2a45aa4bf,396d5f30-dea9-11db-8ab4-b8a03c50a862,NL,DWC_ARCHIVE,2026-06-29T11:53:09.940+00:00,2026-08-24T20:55:32.998+00:00,286,PRESERVED_SPECIMEN,PRESENT,7326564,6,7707728,220,7224021,6669,7326563,7326564,Cnestis palala (Lour.) Merr.,Plantae,Tracheophyta,Oxalidales,Connaraceae,Cnestis,SPECIES,ACCEPTED,2020-03-23T00:00:00,ASIA,NA,NA,NA,2021,3,17,2021-03-17,76,76,NA,NA,2026-08-24T20:55:32.998+00:00,NA,http://creativecommons.org/publicdomain/zero/1.0/legalcode,FALSE,L.4482923@BRAHMS,none,none,0e919a55-08d3-4bd2-aec1-200858fafd92,0add23db-a8f7-4d15-95ad-4ed0c5c8a055,FALSE,NA,Leong-Skornickova J; et al.,Leong P,NA,none,Magnoliopsida,SG,none,none,ASIA,Singapore,EUROPE,Naturalis Biodiversity Center,L.4482923@BRAHMS,"Leong-Skornickova, J; et al. 2021- 67",Mature secondary forest.,https://ror.org/0566bfb96,286,NA,"Seletar Reservoir, path along southern shore.",NA,NA,4459006791,NA,Botany,https://data.biodiversitydata.nl/naturalis/specimen/L.4482923,NA,NA,L.4482923,NA,NA,NA,NA,NA,Cnestis palala (Lour.) Merr.,NA,NA,1.39639,103.79889,NA,7326564,Cnestis palala,Cnestis,palala,NA,NA,NA,WGS84,NA,ICN,NA,NA,NA,NA,NA,NA,NA,NA,Plantae|Oxalidales|Connaraceae,NA,LC,NA,NA,NA,NA,NA,NA,NA,NA,NA,NA,NA,NA,NA,true,3285.2926155809582,NA,NA,NA,NA,NA,NA,NA,NA,NA,NA,NA,NA,NA,NA,NA,NA,NA,NA,NA,NA,NA,NA,NA,NA,NA,https://medialib.naturalis.nl/file/id/L.4482923/format/large,FALSE,ok
HERB_0065,sample_images/HERB_0065.jpg,5106375615,Ziziphus rubiginosa D.G.Long & Rae,,bf2a4bf0-5f31-11de-b67e-b8a03c50a862,98e934b0-5f31-11de-b67e-b8a03c50a862,"8e30b684-6a54-4aba-aa73-66201c2c736e,17abcf75-2f1e-46dd-bf75-a5b21dd02655",f6fe707e-cced-4efc-b5dc-be4c91b8180a,98e934b0-5f31-11de-b67e-b8a03c50a862,GB,DWC_ARCHIVE,2026-08-13T16:38:58.088+00:00,2026-08-24T20:19:35.024+00:00,445,PRESERVED_SPECIMEN,PRESENT,3874911,6,7707728,220,691,2407,3039411,3874911,Ziziphus rubiginosa D.G.Long & Rae,Plantae,Tracheophyta,Rosales,Rhamnaceae,Ziziphus,SPECIES,ACCEPTED,NA,ASIA,Sagaing,none,Myanmar (Burma),2019,3,15,2019-03-15,74,74,NA,2025-04-08T10:16:15.000+00:00,2026-08-24T20:19:35.024+00:00,NA,http://creativecommons.org/publicdomain/zero/1.0/legalcode,FALSE,https://data.rbge.org.uk/herb/E01539131,none,none,0237598a-853a-492c-af74-a723fe251799,427c8cd7-4358-4a00-9ef3-2b2676d28d1e,TRUE,Edinburgh (E) Herbarium Specimens,"Armstrong, Kathleen Ellen, Nwe, Thet Yu, Kramer, Marshall, Linn, Wah Wah, Khaing, Myo, Myint, Thar, Pyae, Phoe La, Kyi, Aung, Nyo, Kyi, Myint, Han Sein, Nge, Maung & Oo, Myint",NA,HERBARIUM SHEET,none,Magnoliopsida,MM,none,none,ASIA,Myanmar,EUROPE,NA,https://data.rbge.org.uk/herb/E01539131,4444,Growing in primary forest along stream.,https://scientific-collections.gbif.org/institution/0237598a-853a-492c-af74-a723fe251799,445,NA,Htamanthi Wildlife Sanctuary. Nam Phi Lin stream,NA,NA,5106375615,NA,E,https://data.rbge.org.uk/herb/E01539131,PhysicalObject,NA,E01539131,RBGE,NA,NA,NA,https://scientific-collections.gbif.org/collection/427c8cd7-4358-4a00-9ef3-2b2676d28d1e,Ziziphus rubiginosa D.G.Long & Rae,NA,NA,NA,NA,NA,3874911,Ziziphus rubiginosa,Ziziphus,rubiginosa,NA,NA,NA,NA,NA,ICBN,NA,NA,NA,NA,NA,NA,E,NA,NA,NA,NA,NA,NA,NA,NA,NA,NA,NA,NA,NA,NA,NA,NA,NA,NA,NA,NA,Hkamti,NA,NA,15th March 2019,NA,NA,NA,NA,NA,NA,NA,NA,NA,NA,NA,CC0,Royal Botanic Garden Edinburgh,1752312,NA,NA,NA,NA,NA,NA,https://iiif.rbge.org.uk/herb/iiif/E01539131/manifest,FALSE,not_image
HERB_0066,sample_images/HERB_0066.jpg,4958498459,Psychotria pachyphylla (King & Gamble) Ridl.,"cdc,cdround,gass84,incomis,inmafu",cd6e21c8-9e8a-493a-8a76-fbf7862069e5,061b4f20-f241-11da-a328-b8a03c50a862,17abcf75-2f1e-46dd-bf75-a5b21dd02655,996e30f8-f762-11e1-a439-00145eb45e9a,061b4f20-f241-11da-a328-b8a03c50a862,GB,DWC_ARCHIVE,2026-08-24T12:51:18.333+00:00,2026-08-24T20:51:03.825+00:00,539,PRESERVED_SPECIMEN,PRESENT,2921046,6,7707728,220,412,8798,2919963,2921046,Psychotria pachyphylla (King & Gamble) Ridl.,Plantae,Tracheophyta,Gentianales,Rubiaceae,Psychotria,SPECIES,ACCEPTED,NA,ASIA,NA,NA,NA,2021,3,17,2021-03-17T00:00,76,76,NA,2025-12-29T02:56:00.430+00:00,2026-08-24T20:51:03.825+00:00,NA,http://creativecommons.org/licenses/by/4.0/legalcode,FALSE,K001894456,none,none,fa252605-26f6-426c-9892-94d071c2c77f,NA,FALSE,NA,"Leong-Skornickova, J.; Niissalo, M.A.; Lim, Q.S.",NA,NA,none,Magnoliopsida,SG,none,none,ASIA,Singapore,EUROPE,NA,K001894456,SING 2021-068,NA,NA,539,NA,path along southern shore,NA,NA,4958498459,NA,Herbarium,http://specimens.kew.org/herbarium/K001894456,NA,NA,K001894456,K,NA,NA,NA,NA,Psychotria pachyphylla (King & Gamble) Ridl.,NA,NA,1.396389,103.795278,NA,2921046,Psychotria pachyphylla,Psychotria,pachyphylla,NA,NA,NA,WGS84,NA,NA,NA,NA,NA,NA,NA,NA,NA,NA,Rubiaceae,NA,NA,NA,NA,NA,NA,NA,NA,NA,NA,NA,NA,NA,NA,NA,NA,3324.652040783411,NA,NA,NA,NA,NA,NA,NA,NA,NA,NA,NA,NA,NA,NA,NA,NA,NA,NA,NA,NA,NA,NA,NA,NA,NA,https://d2jcv3kl45hlgi.cloudfront.net/f76357164dc08ddb516714db79c591cf.jpg,FALSE,ok
HERB_0067,sample_images/HERB_0067.jpg,2430565504,Gonocaryum lobbianum (Miers) Kurz,,b5cdf794-8fa4-4a85-8b26-755d087bf531,2cd829bb-b713-433d-99cf-64bef11e5b3e,17abcf75-2f1e-46dd-bf75-a5b21dd02655,86c2834b-fcd6-418d-9b32-aca45110a0fe,2cd829bb-b713-433d-99cf-64bef11e5b3e,FR,EML,2026-08-13T15:27:43.858+00:00,2026-08-24T16:45:40.074+00:00,606,PRESERVED_SPECIMEN,PRESENT,7670032,6,7707728,220,11502167,3233863,8305795,7670032,Gonocaryum lobbianum (Miers) Kurz,Plantae,Tracheophyta,Cardiopteridales,Cardiopteridaceae,Gonocaryum,SPECIES,ACCEPTED,NA,ASIA,mondulkiri,none,NA,2019,2,2,2019-02-02,33,33,NA,2020-01-14T18:34:04.000+00:00,2026-08-24T16:45:40.074+00:00,NA,http://creativecommons.org/licenses/by/4.0/legalcode,FALSE,http://coldb.mnhn.fr/catalognumber/mnhn/p/p00915892,none,none,6a6ac6c5-1b8a-48db-91a2-f8661274ff80,bc3d39fd-a7d4-4763-b951-2bdeddd8a5d2,FALSE,NA,"Hul, S.|Eum, S.|Peou, Y.",Hul,hb,none,Magnoliopsida,KH,none,none,ASIA,Cambodia,EUROPE,NA,http://coldb.mnhn.fr/catalognumber/mnhn/p/p00915892,NA,NA,http://grbio.org/institution/museum-national-dhistoire-naturelle,654,NA,NA,7015,NA,2430565504,NA,P,http://coldb.mnhn.fr/catalognumber/mnhn/p/p00915892,NA,NA,P00915892,MNHN,NA,NA,NA,NA,Gonocaryum lobbianum (Miers) Kurz,NA,NA,NA,NA,NA,7670032,Gonocaryum lobbianum,Gonocaryum,lobbianum,NA,NA,NA,NA,NA,NA,NA,NA,NA,NA,NA,NA,NA,NA,NA,NA,LC,NA,NA,NA,NA,NA,NA,NA,NA,NA,NA,NA,NA,NA,NA,NA,"Arbuste d'env. 3 m. Feuilles elliptiques-oblongues, atténuées à la base, acuminées au sommet. Inflorescences axillaires. Fruit : drupe ellipsoïde, violet-noir à maturité",Pich chréada,Pou Loung,NA,NA,NA,NA,NA,NA,NA,NA,NA,NA,NA,NA,NA,NA,NA,NA,NA,NA,NA,NA,NA,NA,https://mediaphoto.mnhn.fr/media/1579023244665WItuZ5fjyg5Spvrl,TRUE,error
HERB_0068,sample_images/HERB_0068.jpg,3416542303,Garcinia xanthochymus Hook.f.,"cdc,gass84",cb9beff3-a185-486f-975a-732251444158,2853c0e7-c758-4c9c-83a2-7c2d18967fb9,17abcf75-2f1e-46dd-bf75-a5b21dd02655,86c2834b-fcd6-418d-9b32-aca45110a0fe,2cd829bb-b713-433d-99cf-64bef11e5b3e,FR,EML,2026-08-13T15:27:43.165+00:00,2026-08-24T18:08:47.831+00:00,586,PRESERVED_SPECIMEN,PRESENT,3712183,6,7707728,220,1414,6646,3189556,3712183,Garcinia xanthochymus Hook.f.,Plantae,Tracheophyta,Malpighiales,Clusiaceae,Garcinia,SPECIES,PROVISIONALLY_ACCEPTED,NA,ASIA,NA,NA,NA,2020,3,25,2020-03-25,85,85,NA,2021-12-17T16:45:44.000+00:00,2026-08-24T18:08:47.831+00:00,NA,http://creativecommons.org/licenses/by/4.0/legalcode,FALSE,http://coldb.mnhn.fr/catalognumber/um/mpu/mpu1400347,none,none,17ff2e84-80c7-4904-81c7-26183b3ce46e,1fddc155-2d5b-4b1d-92cb-1268e22cc2bb,FALSE,NA,"Yao, T.L.|Leong, P.K.F.|Lim, W.H.|Chia, E.J.J.",Yao,hb,none,Magnoliopsida,SG,none,none,ASIA,Singapore,EUROPE,NA,http://coldb.mnhn.fr/catalognumber/um/mpu/mpu1400347,NA,NA,http://grscicoll.org/institution/université-montpellier-2,634,NA,NA,81,Singapore Botanic Garden,3416542303,NA,MPU,http://coldb.mnhn.fr/catalognumber/um/mpu/mpu1400347,NA,NA,MPU1400347,UM,NA,NA,NA,NA,Garcinia xanthochymus Hook.f.,NA,NA,1.39487,103.81105,NA,3712183,Garcinia xanthochymus,Garcinia,xanthochymus,NA,NA,NA,WGS84,NA,NA,NA,NA,NA,NA,NA,NA,NA,NA,NA,NA,NA,NA,NA,NA,NA,NA,NA,NA,NA,NA,NA,NA,NA,NA,NA,3348.8504043166813,"Tree tag: 20161051*A. Distribution: India, China, Indochina, Andamans. Wounded leaves exudate white, fruit exudate yellow. Fruit yellow, one seeded.",NA,NA,NA,NA,NA,NA,NA,NA,NA,NA,"Cultivated, under canopy shade",NA,NA,NA,NA,NA,NA,NA,NA,NA,NA,NA,NA,NA,https://mediaphoto.mnhn.fr/media/1639755944003VkOXwxhmPIlJAyBh,FALSE,error
HERB_0069,sample_images/HERB_0069.jpg,6367078378,Canthium coffeoides Pierre ex Pit.,"cdc,cdround,gass84,incomis,inmafu",cd6e21c8-9e8a-493a-8a76-fbf7862069e5,061b4f20-f241-11da-a328-b8a03c50a862,17abcf75-2f1e-46dd-bf75-a5b21dd02655,996e30f8-f762-11e1-a439-00145eb45e9a,061b4f20-f241-11da-a328-b8a03c50a862,GB,DWC_ARCHIVE,2026-08-24T12:51:18.333+00:00,2026-08-24T20:51:24.132+00:00,539,PRESERVED_SPECIMEN,PRESENT,2917490,6,7707728,220,412,8798,2917429,2917490,Canthium coffeoides Pierre ex Pit.,Plantae,Tracheophyta,Gentianales,Rubiaceae,Canthium,SPECIES,ACCEPTED,NA,ASIA,NA,NA,NA,2023,9,1,2023-09-01T00:00,244,244,NA,2026-06-03T12:08:57.877+00:00,2026-08-24T20:51:24.132+00:00,NA,http://creativecommons.org/licenses/by/4.0/legalcode,FALSE,K001993266,none,none,fa252605-26f6-426c-9892-94d071c2c77f,NA,FALSE,NA,"Yooprasert, S.; Tamura, M. N.; Fuse, S.; Takahashi, K.; Masuda, R.; Taothong, P.; Saengbuapuean, A.",NA,NA,none,Magnoliopsida,TH,none,none,ASIA,Thailand,EUROPE,NA,K001993266,SY 556,NA,NA,539,NA,"Phu Ruea NP, Nature trail.",NA,NA,6367078378,NA,Herbarium,http://specimens.kew.org/herbarium/K001993266,NA,NA,K001993266,K,NA,NA,NA,NA,Canthium coffeoides Pierre ex Pit.,NA,NA,17.487778,101.349167,NA,2917490,Canthium coffeoides,Canthium,coffeoides,NA,NA,NA,WGS84,NA,NA,NA,NA,NA,NA,NA,NA,NA,NA,Rubiaceae,NA,NA,NA,NA,1030,NA,NA,NA,NA,NA,NA,NA,NA,NA,NA,NA,NA,NA,NA,NA,NA,NA,NA,NA,NA,NA,NA,NA,NA,NA,NA,NA,NA,NA,NA,NA,NA,NA,NA,NA,NA,NA,https://d2jcv3kl45hlgi.cloudfront.net/aef676de030ec007a179e52fd83f9656.jpg,FALSE,ok
HERB_0070,sample_images/HERB_0070.jpg,3461946308,Azadirachta indica A.Juss.,,b5cdf794-8fa4-4a85-8b26-755d087bf531,2cd829bb-b713-433d-99cf-64bef11e5b3e,17abcf75-2f1e-46dd-bf75-a5b21dd02655,86c2834b-fcd6-418d-9b32-aca45110a0fe,2cd829bb-b713-433d-99cf-64bef11e5b3e,FR,EML,2026-08-13T15:27:43.858+00:00,2026-08-24T16:46:29.955+00:00,606,PRESERVED_SPECIMEN,PRESENT,3190474,6,7707728,220,933,2397,3190473,3190474,Azadirachta indica A.Juss.,Plantae,Tracheophyta,Sapindales,Meliaceae,Azadirachta,SPECIES,ACCEPTED,NA,ASIA,siem réap,none,NA,2021,1,8,2021-01-08,8,8,NA,2022-02-09T10:40:16.000+00:00,2026-08-24T16:46:29.955+00:00,NA,http://creativecommons.org/licenses/by/4.0/legalcode,FALSE,http://coldb.mnhn.fr/catalognumber/mnhn/p/p01190817,none,none,6a6ac6c5-1b8a-48db-91a2-f8661274ff80,bc3d39fd-a7d4-4763-b951-2bdeddd8a5d2,FALSE,NA,"Hul, S.|Peou, Y.|Ratanak, V.",Hul,hb,none,Magnoliopsida,KH,none,none,ASIA,Cambodia,EUROPE,NA,http://coldb.mnhn.fr/catalognumber/mnhn/p/p01190817,NA,NA,http://grbio.org/institution/museum-national-dhistoire-naturelle,654,NA,NA,7208,Sangkat Slorkram,3461946308,NA,P,http://coldb.mnhn.fr/catalognumber/mnhn/p/p01190817,NA,NA,P01190817,MNHN,NA,NA,NA,NA,Azadirachta indica A.Juss.,NA,NA,NA,NA,NA,3190474,Azadirachta indica,Azadirachta,indica,NA,NA,NA,NA,NA,NA,NA,NA,NA,NA,NA,NA,NA,NA,NA,NA,LC,NA,NA,NA,NA,NA,NA,NA,NA,NA,NA,NA,NA,NA,NA,NA,"Plante dioïque. Arbre de 7-15(-20) m de haut. Feuilles composées, imparipennées, souvent paraissant paripennées par manque de la foliole terminale , folioles opposées, aiguës-acuminées au sommet, asymétriques à la base, à bord denté. Inflorescences axillaires, cauliflores",Phum Daun Pa,NA,NA,NA,NA,NA,NA,NA,NA,NA,NA,NA,NA,NA,NA,NA,NA,NA,NA,NA,NA,NA,NA,NA,https://mediaphoto.mnhn.fr/media/1644399615271pJ7uCL4x2ZezRmRu,TRUE,error
HERB_0071,sample_images/HERB_0071.jpg,4926503384,Memecylon scolopacinum Ridl.,"cdc,cdround,gass84,incomis,inmafu",cd6e21c8-9e8a-493a-8a76-fbf7862069e5,061b4f20-f241-11da-a328-b8a03c50a862,17abcf75-2f1e-46dd-bf75-a5b21dd02655,996e30f8-f762-11e1-a439-00145eb45e9a,061b4f20-f241-11da-a328-b8a03c50a862,GB,DWC_ARCHIVE,2026-08-24T12:51:18.333+00:00,2026-08-24T20:51:00.966+00:00,539,PRESERVED_SPECIMEN,PRESENT,3864103,6,7707728,220,690,6683,3716283,3864103,Memecylon scolopacinum Ridl.,Plantae,Tracheophyta,Myrtales,Melastomataceae,Memecylon,SPECIES,ACCEPTED,NA,ASIA,NA,NA,Rambai,2019,11,8,2019-11-08T00:00,312,312,NA,2026-01-25T18:17:20.613+00:00,2026-08-24T20:51:00.966+00:00,NA,http://creativecommons.org/licenses/by/4.0/legalcode,FALSE,K001935664,none,none,fa252605-26f6-426c-9892-94d071c2c77f,NA,FALSE,NA,"Lim, W.H.; Bazilah, I.; Watu, A.; Janagrun, E.; Azlan, P.; Clayton, J.",Hughes. M.,NA,none,Magnoliopsida,BN,none,none,ASIA,Brunei Darussalam,EUROPE,NA,K001935664,LWH 62,Mixed dipterocarp forest. Moist clay and sandy soil. On ridge top.,NA,539,NA,NA,NA,NA,4926503384,NA,Herbarium,http://specimens.kew.org/herbarium/K001935664,NA,NA,K001935664,K,NA,NA,NA,NA,Memecylon scolopacinum Ridl.,NA,NA,4.535,114.766111,NA,3864103,Memecylon scolopacinum,Memecylon,scolopacinum,NA,NA,NA,WGS84,NA,NA,NA,NA,NA,NA,NA,NA,NA,NA,Melastomataceae,NA,LC,NA,NA,NA,NA,NA,NA,NA,NA,NA,NA,Rambai,NA,NA,NA,NA,NA,NA,NA,NA,NA,NA,NA,NA,NA,NA,NA,NA,NA,NA,NA,NA,NA,NA,NA,NA,NA,NA,NA,NA,NA,https://d2jcv3kl45hlgi.cloudfront.net/3cce4028198ab6a31db614e6ebbeec83.jpg,FALSE,ok
HERB_0072,sample_images/HERB_0072.jpg,2430565438,Phlogacanthus turgidus (Fua ex Hook.fil.) Lindau,,b5cdf794-8fa4-4a85-8b26-755d087bf531,2cd829bb-b713-433d-99cf-64bef11e5b3e,17abcf75-2f1e-46dd-bf75-a5b21dd02655,86c2834b-fcd6-418d-9b32-aca45110a0fe,2cd829bb-b713-433d-99cf-64bef11e5b3e,FR,EML,2026-08-13T15:27:43.858+00:00,2026-08-24T16:46:32.444+00:00,606,PRESERVED_SPECIMEN,PRESENT,3775530,6,7707728,220,408,2393,7263834,3775530,Phlogacanthus turgidus (Fua ex Hook.fil.) Lindau,Plantae,Tracheophyta,Lamiales,Acanthaceae,Phlogacanthus,SPECIES,ACCEPTED,NA,ASIA,mondulkiri,none,NA,2019,2,1,2019-02-01,32,32,NA,2020-01-14T18:34:02.000+00:00,2026-08-24T16:46:32.444+00:00,NA,http://creativecommons.org/licenses/by/4.0/legalcode,FALSE,http://coldb.mnhn.fr/catalognumber/mnhn/p/p00915881,none,none,6a6ac6c5-1b8a-48db-91a2-f8661274ff80,bc3d39fd-a7d4-4763-b951-2bdeddd8a5d2,FALSE,NA,"Hul, S.|Eum, S.|Peou, Y.",Hul,hb,none,Magnoliopsida,KH,none,none,ASIA,Cambodia,EUROPE,NA,http://coldb.mnhn.fr/catalognumber/mnhn/p/p00915881,NA,NA,http://grbio.org/institution/museum-national-dhistoire-naturelle,654,NA,NA,7007,NA,2430565438,NA,P,http://coldb.mnhn.fr/catalognumber/mnhn/p/p00915881,NA,NA,P00915881,MNHN,NA,NA,NA,NA,Phlogacanthus turgidus (Fua ex Hook.fil.) Lindau,NA,NA,NA,NA,NA,3775530,Phlogacanthus turgidus,Phlogacanthus,turgidus,NA,NA,NA,NA,NA,NA,NA,NA,NA,NA,NA,NA,NA,NA,NA,NA,NA,NA,NA,NA,NA,NA,NA,NA,NA,NA,NA,NA,NA,NA,NA,NA,"Arbuste de 2 m de haut. Feuilles oblongues. Inflorescences terminales. Fleurs blanches, tachées de rose ou rouge violacé. Fruit linéaire",kéo Seima,NA,NA,NA,NA,NA,NA,NA,NA,NA,NA,NA,NA,NA,NA,NA,NA,NA,NA,NA,NA,NA,NA,NA,https://mediaphoto.mnhn.fr/media/1579023242467ffIU0WyrFO8DrwuN,TRUE,error
HERB_0073,sample_images/HERB_0073.jpg,3416539304,Garcinia nigrolineata Planch. ex T.Anderson,"cdc,gass84",cb9beff3-a185-486f-975a-732251444158,2853c0e7-c758-4c9c-83a2-7c2d18967fb9,17abcf75-2f1e-46dd-bf75-a5b21dd02655,86c2834b-fcd6-418d-9b32-aca45110a0fe,2cd829bb-b713-433d-99cf-64bef11e5b3e,FR,EML,2026-08-13T15:27:43.165+00:00,2026-08-24T18:08:47.765+00:00,586,PRESERVED_SPECIMEN,PRESENT,3713521,6,7707728,220,1414,6646,3189556,3713521,Garcinia nigrolineata Planch. ex T.Anderson,Plantae,Tracheophyta,Malpighiales,Clusiaceae,Garcinia,SPECIES,ACCEPTED,NA,ASIA,NA,NA,NA,2020,3,25,2020-03-25,85,85,NA,2021-12-17T16:45:43.000+00:00,2026-08-24T18:08:47.765+00:00,NA,http://creativecommons.org/licenses/by/4.0/legalcode,FALSE,http://coldb.mnhn.fr/catalognumber/um/mpu/mpu1400345,none,none,17ff2e84-80c7-4904-81c7-26183b3ce46e,1fddc155-2d5b-4b1d-92cb-1268e22cc2bb,FALSE,NA,"Yao, T.L.|Leong, P.K.F.|Lim, W.H.|Chia, E.J.J.",Yao,hb,none,Magnoliopsida,SG,none,none,ASIA,Singapore,EUROPE,NA,http://coldb.mnhn.fr/catalognumber/um/mpu/mpu1400345,NA,NA,http://grscicoll.org/institution/université-montpellier-2,634,NA,NA,79,Singapore Botanic Garden,3416539304,NA,MPU,http://coldb.mnhn.fr/catalognumber/um/mpu/mpu1400345,NA,NA,MPU1400345,UM,NA,NA,NA,NA,Garcinia nigrolineata Planch. ex T.Anderson,NA,NA,1.39487,103.81105,NA,3713521,Garcinia nigrolineata,Garcinia,nigrolineata,NA,NA,NA,WGS84,NA,NA,NA,NA,NA,NA,NA,NA,NA,NA,NA,NA,LC,NA,NA,NA,NA,NA,NA,NA,NA,NA,NA,NA,NA,NA,NA,3348.8504043166813,"""Tree tag: 20010579*B. DBH 28.6 cm. Wound exudate white, sticky. Young twigs biconvex, alternately grooved and winged; axillary buds conspicous on fallen leaf nodes. Flowers axilary, repeating flowering at the same axils formed thickened tissue.  Female flower: corolla pale yellow,sepals 4, petals 4, imbricate. Fruit longitudinally grooved, apex off-centered or centered; persistent sepals 4, some with wilted petals attached; carpels 6; stigmas in 5 or 6 clusters; seeds 3""",NA,NA,NA,NA,NA,NA,NA,NA,NA,NA,"Cultivated, under canopy shade",NA,NA,NA,NA,NA,NA,NA,NA,NA,NA,NA,NA,NA,https://mediaphoto.mnhn.fr/media/1639755943181edSunj1cu15aFL1P,TRUE,error
HERB_0074,sample_images/HERB_0074.jpg,6196929042,Chassalia curviflora (Wall.) Thwaites,"colmafu,inmafu",1cbed1d0-f9ac-4b9e-bf3f-a26272bca39e,4fd82480-ea1c-11da-8db4-b8a03c50a862,NA,82d6992a-b20b-4e74-b6ac-6b971b2c485d,4fd82480-ea1c-11da-8db4-b8a03c50a862,JP,EML,2026-07-10T16:35:10.312+00:00,2026-07-18T17:50:42.595+00:00,222,PRESERVED_SPECIMEN,PRESENT,2912772,6,7707728,220,412,8798,2912636,2912772,Chassalia curviflora (Wall.) Thwaites,Plantae,Tracheophyta,Gentianales,Rubiaceae,Chassalia,SPECIES,ACCEPTED,NA,ASIA,Kien Giang,NA,Asia|Vietnam|Kien Giang|Kien Luong Dist.|Mt. Mo So,2024,5,22,2024-05-22,143,143,NA,2025-10-16T00:00:00.000+00:00,2026-07-18T17:50:42.595+00:00,https://www.museum.kagoshima-u.ac.jp/hyouhonsitu.html,http://creativecommons.org/licenses/by/4.0/legalcode,FALSE,1d62a276-4045-41ac-bf69-f800a442c958,none,none,7b6590f0-c03f-409b-ae28-f443c1166d23,e9e6df05-e289-4a64-8ace-a4d5dbd168e4,FALSE,NA,NA,NA,NA,none,Magnoliopsida,VN,none,none,ASIA,Viet Nam,ASIA,NA,1d62a276-4045-41ac-bf69-f800a442c958,N489,NA,NA,232,NA,Mt. Mo So,NA,"Vietnam, Kien Giang, Kien Luong Dist., Mt. Mo So",6196929042,NA,KAG,1d62a276-4045-41ac-bf69-f800a442c958,NA,NA,KAG188592,KAG,NA,NA,NA,NA,Chassalia curviflora (Wall.) Thwaites,NA,NA,10.2277,104.61743,NA,2912772,Chassalia curviflora,Chassalia,curviflora,NA,NA,NA,WGS84,NA,NA,NA,NA,obtained using GPS machine,NA,NA,NA,NA,NA,Plantae|Tracheophyta|Magnoliopsida|Gentianales|Rubiaceae|Chassalia|curviflora,NA,LC,NA,NA,70,NA,NA,NA,NA,NA,NA,NA,NA,NA,NA,NA,NA,NA,Kien Luong Dist.,NA,NA,NA,NA,NA,NA,NA,NA,NA,NA,NA,NA,500,NA,NA,NA,NA,NA,NA,NA,NA,NA,NA,https://dbs.kaum.kagoshima-u.ac.jp/musedb/s_plant/picture/KAG188592/KAG188592.jpg,FALSE,ok
HERB_0075,sample_images/HERB_0075.jpg,2514988764,Hemigraphis ciliata S.Moore,,15f819bd-6612-4447-854b-14d12ee1022d,396d5f30-dea9-11db-8ab4-b8a03c50a862,17abcf75-2f1e-46dd-bf75-a5b21dd02655,65eb93af-41b8-4917-a5fc-cfe2a45aa4bf,396d5f30-dea9-11db-8ab4-b8a03c50a862,NL,DWC_ARCHIVE,2026-06-29T11:53:09.940+00:00,2026-08-24T20:55:31.547+00:00,286,PRESERVED_SPECIMEN,PRESENT,3769691,6,7707728,220,408,2393,6359394,10747494,Strobilanthes linearifolia (Bremek.) Y.F.Deng,Plantae,Tracheophyta,Lamiales,Acanthaceae,Strobilanthes,SPECIES,SYNONYM,NA,ASIA,Dili,NA,NA,2015,5,16,2015-05-16,136,136,NA,NA,2026-08-24T20:55:31.547+00:00,NA,http://creativecommons.org/publicdomain/zero/1.0/legalcode,FALSE,L.3978198@BRAHMS,none,none,0e919a55-08d3-4bd2-aec1-200858fafd92,0add23db-a8f7-4d15-95ad-4ed0c5c8a055,TRUE,NA,Cowie ID; Santana F,NA,NA,none,Magnoliopsida,TL,none,none,ASIA,Timor-Leste,EUROPE,Naturalis Biodiversity Center,L.3978198@BRAHMS,"Cowie, ID; Santana, F 13858",Common in low vine thicket c 6 m tall; hillslope of limestone rubble.,https://ror.org/0566bfb96,286,NA,C. 2.9 km NW of Beloi.,NA,NA,2514988764,NA,Botany,https://data.biodiversitydata.nl/naturalis/specimen/L.3978198,NA,NA,L.3978198,NA,NA,NA,380.0 m,NA,Hemigraphis ciliata S.Moore,NA,NA,-8.19972,125.5925,NA,10747494,Strobilanthes linearifolia,Hemigraphis,ciliata,NA,NA,NA,WGS84,NA,ICN,NA,NA,NA,NA,NA,NA,NA,NA,Plantae|Lamiales|Acanthaceae,NA,NA,NA,NA,NA,NA,NA,NA,NA,NA,NA,NA,NA,NA,NA,true,NA,NA,NA,NA,NA,NA,NA,NA,NA,NA,NA,NA,NA,NA,NA,NA,NA,NA,NA,NA,NA,NA,NA,NA,NA,NA,https://medialib.naturalis.nl/file/id/L.3978198/format/large,FALSE,ok
HERB_0076,sample_images/HERB_0076.jpg,2430565444,Justicia kampotiana Benoist,,b5cdf794-8fa4-4a85-8b26-755d087bf531,2cd829bb-b713-433d-99cf-64bef11e5b3e,17abcf75-2f1e-46dd-bf75-a5b21dd02655,86c2834b-fcd6-418d-9b32-aca45110a0fe,2cd829bb-b713-433d-99cf-64bef11e5b3e,FR,EML,2026-08-13T15:27:43.858+00:00,2026-08-24T16:47:04.151+00:00,606,PRESERVED_SPECIMEN,PRESENT,3777500,6,7707728,220,408,2393,2904597,3777500,Justicia kampotiana Benoist,Plantae,Tracheophyta,Lamiales,Acanthaceae,Justicia,SPECIES,ACCEPTED,NA,ASIA,mondulkiri,none,NA,2019,2,1,2019-02-01,32,32,NA,2020-08-24T13:40:41.000+00:00,2026-08-24T16:47:04.151+00:00,NA,http://creativecommons.org/licenses/by/4.0/legalcode,FALSE,http://coldb.mnhn.fr/catalognumber/mnhn/p/p00915885,none,none,6a6ac6c5-1b8a-48db-91a2-f8661274ff80,bc3d39fd-a7d4-4763-b951-2bdeddd8a5d2,FALSE,NA,"Hul, S.|Eum, S.|Peou, Y.",Hul,hb,none,Magnoliopsida,KH,none,none,ASIA,Cambodia,EUROPE,NA,http://coldb.mnhn.fr/catalognumber/mnhn/p/p00915885,NA,NA,http://grbio.org/institution/museum-national-dhistoire-naturelle,654,NA,NA,7010,NA,2430565444,NA,P,http://coldb.mnhn.fr/catalognumber/mnhn/p/p00915885,NA,NA,P00915885,MNHN,NA,NA,NA,NA,Justicia kampotiana Benoist,NA,NA,NA,NA,NA,3777500,Justicia kampotiana,Justicia,kampotiana,NA,NA,NA,NA,NA,NA,NA,NA,NA,NA,NA,NA,NA,NA,NA,NA,NA,NA,NA,NA,NA,NA,NA,NA,NA,NA,NA,NA,NA,NA,NA,NA,"""Arbrisseau d'env. 1 m de haut. Feuilles étroitement ovales ou elliptiques, acuminées au sommet. Inflorescences terminales ; bractées étroitement triangulaires ; sépales 5, linéaires, pubescents. Fruit : capsule obovale, glabre""",kéo Seima,NA,NA,NA,NA,NA,NA,NA,NA,NA,NA,NA,NA,NA,NA,NA,NA,NA,NA,NA,NA,NA,NA,NA,https://mediaphoto.mnhn.fr/media/1579023243472OOhB8XHnAqXdMpQ2,TRUE,error
HERB_0077,sample_images/HERB_0077.jpg,3461969310,Cascabela thevetia (L.) Lippold,,b5cdf794-8fa4-4a85-8b26-755d087bf531,2cd829bb-b713-433d-99cf-64bef11e5b3e,17abcf75-2f1e-46dd-bf75-a5b21dd02655,86c2834b-fcd6-418d-9b32-aca45110a0fe,2cd829bb-b713-433d-99cf-64bef11e5b3e,FR,EML,2026-08-13T15:27:43.858+00:00,2026-08-24T16:46:33.094+00:00,606,PRESERVED_SPECIMEN,PRESENT,3169652,6,7707728,220,412,6701,7950372,3169652,Cascabela thevetia (L.) Lippold,Plantae,Tracheophyta,Gentianales,Apocynaceae,Cascabela,SPECIES,ACCEPTED,NA,ASIA,siem réap,none,NA,2021,1,8,2021-01-08,8,8,NA,2022-05-10T09:55:13.000+00:00,2026-08-24T16:46:33.094+00:00,NA,http://creativecommons.org/licenses/by/4.0/legalcode,FALSE,http://coldb.mnhn.fr/catalognumber/mnhn/p/p01190857,none,none,6a6ac6c5-1b8a-48db-91a2-f8661274ff80,bc3d39fd-a7d4-4763-b951-2bdeddd8a5d2,FALSE,NA,"Hul, S.|Peou, Y.|Ratanak, V.",Hul,hb,none,Magnoliopsida,KH,none,none,ASIA,Cambodia,EUROPE,NA,http://coldb.mnhn.fr/catalognumber/mnhn/p/p01190857,NA,NA,http://grbio.org/institution/museum-national-dhistoire-naturelle,654,NA,NA,7271,Sangkat Slorkram,3461969310,NA,P,http://coldb.mnhn.fr/catalognumber/mnhn/p/p01190857,NA,NA,P01190857,MNHN,NA,NA,NA,NA,Cascabela thevetia (L.) Lippold,NA,NA,NA,NA,NA,3169652,Cascabela thevetia,Cascabela,thevetia,NA,NA,NA,NA,NA,NA,NA,NA,NA,NA,NA,NA,NA,NA,NA,NA,LC,NA,NA,NA,NA,NA,NA,NA,NA,NA,NA,NA,NA,NA,NA,NA,"Arbuste ou arbre, de 2-8 m de haut. Feuilles elliptiques-étroitement oblongues, alternes. Fleurs jaunes, en cymes terminales ou opposées aux feuilles , tube de la corolle plus court que les lobes. Fruit : drupe comprimée, globuleuse-triangulaire. Plante originaire d'Amérique centrale et tropicale, intoduite dans les autres pays tropicaux, surtout comme plante ornementale",Phum Daun Pa,NA,NA,NA,NA,NA,NA,NA,NA,NA,NA,NA,NA,NA,NA,NA,NA,NA,NA,NA,NA,NA,NA,NA,https://mediaphoto.mnhn.fr/media/1648795044203RnWojXl1ejwdxAwh,FALSE,error
HERB_0078,sample_images/HERB_0078.jpg,3312514727,Ziziphora pamiroalaica Juz.,"cdc,cucdmis,cum",bf2a4bf0-5f31-11de-b67e-b8a03c50a862,98e934b0-5f31-11de-b67e-b8a03c50a862,"8e30b684-6a54-4aba-aa73-66201c2c736e,17abcf75-2f1e-46dd-bf75-a5b21dd02655",f6fe707e-cced-4efc-b5dc-be4c91b8180a,98e934b0-5f31-11de-b67e-b8a03c50a862,GB,DWC_ARCHIVE,2026-08-13T16:38:58.088+00:00,2026-08-24T20:20:24.473+00:00,445,PRESERVED_SPECIMEN,PRESENT,3899100,6,7707728,220,408,2497,7308760,3899100,Ziziphora pamiroalaica Juz.,Plantae,Tracheophyta,Lamiales,Lamiaceae,Ziziphora,SPECIES,ACCEPTED,NA,ASIA,NA,NA,Northern Asia,2018,8,10,2018-08-10,222,222,NA,2019-02-11T00:00:00.000+00:00,2026-08-24T20:20:24.473+00:00,NA,http://creativecommons.org/publicdomain/zero/1.0/legalcode,FALSE,https://data.rbge.org.uk/herb/E00947029,none,none,0237598a-853a-492c-af74-a723fe251799,427c8cd7-4358-4a00-9ef3-2b2676d28d1e,FALSE,Edinburgh (E) Herbarium Specimens,"Pamirs Expedition to Central Asia Tajikistan,",NA,HERBARIUM SHEET,none,Magnoliopsida,TL,none,none,ASIA,Timor-Leste,EUROPE,NA,https://data.rbge.org.uk/herb/E00947029,25,"South facing gentle slope, rocky mixed ignious rock, irrigation stream running through it. ;  Vegetation: Ziziphora, acantholimon, astragalus, and nepeta,",https://scientific-collections.gbif.org/institution/0237598a-853a-492c-af74-a723fe251799,445,NA,"Tajikistan:Gorno Badakshan:8 kms north of Langar, end of Wahkan valley",NA,NA,3312514727,NA,E,https://data.rbge.org.uk/herb/E00947029,PhysicalObject,NA,E00947029,RBGE,NA,NA,3185m,https://scientific-collections.gbif.org/collection/427c8cd7-4358-4a00-9ef3-2b2676d28d1e,Ziziphora pamiroalaica Juz.,NA,NA,37.096111,72.708889,NA,3899100,Ziziphora pamiroalaica,Ziziphora,pamiroalaica,NA,NA,NA,WGS84,NA,ICBN,NA,NA,NA,NA,NA,NA,E,NA,NA,NA,NA,NA,NA,3185,0,NA,NA,NA,NA,NA,NA,NA,NA,NA,NA,NA,NA,NA,NA,NA,10th August 2018,NA,NA,NA,NA,NA,NA,NA,NA,NA,NA,NA,CC0,Royal Botanic Garden Edinburgh,939046,NA,NA,NA,NA,NA,NA,https://iiif.rbge.org.uk/herb/iiif/E00947029/manifest,FALSE,not_image
HERB_0079,sample_images/HERB_0079.jpg,5058342828,Huberantha jenkinsii (Hook.f. & Thomson) Chaowasku,"cdc,cdround,gass84,incomis,inmafu",cd6e21c8-9e8a-493a-8a76-fbf7862069e5,061b4f20-f241-11da-a328-b8a03c50a862,17abcf75-2f1e-46dd-bf75-a5b21dd02655,996e30f8-f762-11e1-a439-00145eb45e9a,061b4f20-f241-11da-a328-b8a03c50a862,GB,DWC_ARCHIVE,2026-08-24T12:51:18.333+00:00,2026-08-24T20:51:51.638+00:00,539,PRESERVED_SPECIMEN,PRESENT,10982163,6,7707728,220,718,9291,7408234,7591836,Hubera jenkinsii (Hook.f. & Thomson) Chaowasku,Plantae,Tracheophyta,Magnoliales,Annonaceae,Hubera,SPECIES,SYNONYM,NA,ASIA,NA,NA,NA,2021,2,21,2021-02-21T00:00,52,52,NA,2025-12-31T10:58:00.420+00:00,2026-08-24T20:51:51.638+00:00,NA,http://creativecommons.org/licenses/by/4.0/legalcode,FALSE,K001938871,none,none,fa252605-26f6-426c-9892-94d071c2c77f,NA,FALSE,NA,"Ho, B.C.; Bazilah, I.; Athen, P.; Seah, W.W.; Lua, H.K.; Hassan, I.; Lin, F.; Saifuddin",NA,NA,none,Magnoliopsida,SG,none,none,ASIA,Singapore,EUROPE,NA,K001938871,BT 2017-004,NA,NA,539,NA,Plot 41,NA,NA,5058342828,NA,Herbarium,http://specimens.kew.org/herbarium/K001938871,NA,NA,K001938871,K,NA,NA,NA,NA,Huberantha jenkinsii (Hook.f. & Thomson) Chaowasku,NA,NA,1.353083,103.7769,NA,7591836,Hubera jenkinsii,Huberantha,jenkinsii,NA,NA,NA,WGS84,NA,NA,NA,NA,NA,NA,NA,NA,NA,NA,Annonaceae,NA,NA,NA,NA,138.5,0.5,NA,NA,NA,NA,NA,NA,NA,NA,NA,NA,2977.390318610659,NA,NA,NA,NA,NA,NA,NA,NA,NA,NA,NA,NA,NA,NA,NA,NA,NA,NA,NA,NA,NA,NA,NA,NA,NA,https://d2jcv3kl45hlgi.cloudfront.net/a686137923e56c0b61b54c35895ec4d6.jpg,FALSE,ok
HERB_0080,sample_images/HERB_0080.jpg,5106374562,Trivalvaria costata (Hook.f. & Thomson) I.M.Turner,,bf2a4bf0-5f31-11de-b67e-b8a03c50a862,98e934b0-5f31-11de-b67e-b8a03c50a862,"8e30b684-6a54-4aba-aa73-66201c2c736e,17abcf75-2f1e-46dd-bf75-a5b21dd02655",f6fe707e-cced-4efc-b5dc-be4c91b8180a,98e934b0-5f31-11de-b67e-b8a03c50a862,GB,DWC_ARCHIVE,2026-08-13T16:38:58.088+00:00,2026-08-24T20:20:09.177+00:00,445,PRESERVED_SPECIMEN,PRESENT,7951385,6,7707728,220,718,9291,3156981,7951385,Trivalvaria costata (Hook.f. & Thomson) I.M.Turner,Plantae,Tracheophyta,Magnoliales,Annonaceae,Trivalvaria,SPECIES,ACCEPTED,NA,ASIA,Sagaing,none,Myanmar (Burma),2019,3,15,2019-03-15,74,74,NA,2025-04-08T12:16:41.000+00:00,2026-08-24T20:20:09.177+00:00,NA,http://creativecommons.org/publicdomain/zero/1.0/legalcode,FALSE,https://data.rbge.org.uk/herb/E01537122,none,none,0237598a-853a-492c-af74-a723fe251799,427c8cd7-4358-4a00-9ef3-2b2676d28d1e,FALSE,Edinburgh (E) Herbarium Specimens,"Armstrong, Kathleen Ellen, Nwe, Thet Yu, Kramer, Marshall, Linn, Wah Wah, Khaing, Myo, Myint, Thar, Pyae, Phoe La, Kyi, Aung, Nyo, Kyi, Myint, Han Sein, Nge, Maung & Oo, Myint",NA,HERBARIUM SHEET,none,Magnoliopsida,MM,none,none,ASIA,Myanmar,EUROPE,NA,https://data.rbge.org.uk/herb/E01537122,4447,Growing in primary forest along stream.,https://scientific-collections.gbif.org/institution/0237598a-853a-492c-af74-a723fe251799,445,NA,Htamanthi Wildlife Sanctuary. Nam Phi Lin stream,NA,NA,5106374562,NA,E,https://data.rbge.org.uk/herb/E01537122,PhysicalObject,NA,E01537122,RBGE,NA,NA,NA,https://scientific-collections.gbif.org/collection/427c8cd7-4358-4a00-9ef3-2b2676d28d1e,Trivalvaria costata (Hook.f. & Thomson) I.M.Turner,NA,NA,NA,NA,NA,7951385,Trivalvaria costata,Trivalvaria,costata,NA,NA,NA,NA,NA,ICBN,NA,NA,NA,NA,NA,NA,E,NA,NA,NA,LC,NA,NA,NA,NA,NA,NA,NA,NA,NA,NA,NA,NA,NA,NA,NA,NA,Hkamti,NA,NA,15th March 2019,NA,NA,NA,NA,NA,NA,NA,NA,NA,NA,NA,CC0,Royal Botanic Garden Edinburgh,1734127,NA,NA,NA,NA,NA,NA,https://iiif.rbge.org.uk/herb/iiif/E01537122/manifest,FALSE,not_image
HERB_0081,sample_images/HERB_0081.jpg,3312498256,Primula macrophylla D.Don,"cdc,cucdmis,cum",bf2a4bf0-5f31-11de-b67e-b8a03c50a862,98e934b0-5f31-11de-b67e-b8a03c50a862,"8e30b684-6a54-4aba-aa73-66201c2c736e,17abcf75-2f1e-46dd-bf75-a5b21dd02655",f6fe707e-cced-4efc-b5dc-be4c91b8180a,98e934b0-5f31-11de-b67e-b8a03c50a862,GB,DWC_ARCHIVE,2026-08-13T16:38:58.088+00:00,2026-08-24T20:19:22.352+00:00,445,PRESERVED_SPECIMEN,PRESENT,8090966,6,7707728,220,1353,6674,8026112,8090966,Primula macrophylla D.Don,Plantae,Tracheophyta,Ericales,Primulaceae,Primula,SPECIES,ACCEPTED,NA,ASIA,NA,NA,Northern Asia,2018,8,12,2018-08-12,224,224,NA,2018-11-19T00:00:00.000+00:00,2026-08-24T20:19:22.352+00:00,NA,http://creativecommons.org/publicdomain/zero/1.0/legalcode,FALSE,https://data.rbge.org.uk/herb/E00898606,none,none,0237598a-853a-492c-af74-a723fe251799,427c8cd7-4358-4a00-9ef3-2b2676d28d1e,FALSE,Edinburgh (E) Herbarium Specimens,"Pamirs Expedition to Central Asia Tajikistan,",NA,HERBARIUM SHEET,none,Magnoliopsida,TL,none,none,ASIA,Timor-Leste,EUROPE,NA,https://data.rbge.org.uk/herb/E00898606,55,"North facing rocky outcrop plants growing in scree and on ledges.;  Vegetation: Primula, potentilla, Rhodiola.",https://scientific-collections.gbif.org/institution/0237598a-853a-492c-af74-a723fe251799,445,NA,"Tajikistan:Gorno Badakshan:22 km north west of Murgab, in the Pashadara valley.",NA,NA,3312498256,NA,E,https://data.rbge.org.uk/herb/E00898606,PhysicalObject,NA,E00898606,RBGE,NA,NA,4450m,https://scientific-collections.gbif.org/collection/427c8cd7-4358-4a00-9ef3-2b2676d28d1e,Primula macrophylla D.Don,NA,NA,38.233333,73.813056,NA,8090966,Primula macrophylla,Primula,macrophylla,NA,NA,NA,WGS84,NA,ICBN,NA,NA,NA,NA,NA,NA,E,NA,NA,NA,NA,NA,NA,4450,0,NA,NA,NA,NA,NA,NA,NA,NA,NA,NA,NA,NA,NA,NA,NA,12th August 2018,NA,NA,NA,NA,NA,NA,NA,NA,NA,NA,NA,CC0,Royal Botanic Garden Edinburgh,927517,NA,NA,NA,NA,NA,NA,https://iiif.rbge.org.uk/herb/iiif/E00898606/manifest,FALSE,not_image
HERB_0082,sample_images/HERB_0082.jpg,5895917454,Euonymus laxiflorus Champ. ex Benth.,"cdc,cdround,colmafu,inmafu",902c8fe7-8f38-45b0-854e-c324fed36303,f5fc4e61-b7a0-414b-ab68-b41cb23e7fdc,NA,91d2f516-bdfa-458f-bad1-66717101b49f,f5fc4e61-b7a0-414b-ab68-b41cb23e7fdc,RU,EML,2026-08-21T18:06:57.852+00:00,2026-08-21T18:14:22.073+00:00,610,PRESERVED_SPECIMEN,PRESENT,8394214,6,7707728,220,950,6715,3169115,8394214,Euonymus laxiflorus Champ. ex Benth.,Plantae,Tracheophyta,Celastrales,Celastraceae,Euonymus,SPECIES,ACCEPTED,NA,ASIA,NA,NA,South Asia|South Asia (Asia outside ex-Soviet states and Mongolia)|Vietnam,2024,4,27,2024-04-27,118,118,NA,2025-12-18T11:15:51.000+00:00,2026-08-21T18:14:22.073+00:00,https://plant.depo.msu.ru/open/public/item/MW1048772,http://creativecommons.org/licenses/by/4.0/legalcode,FALSE,MW1048772,none,none,df27e63f-82b2-464e-9286-a96163c961c9,acf523b0-8c81-4813-a85d-2361a8b487d4,FALSE,Moscow Digital Herbarium,Nguyen H.C.,NA,herbarium specimen,none,Magnoliopsida,VN,none,none,ASIA,Viet Nam,EUROPE,Moscow State University,MW1048772,NA,NA,http://grbio.org/institution/moscow-state-university,610,NA,NA,NA,NA,5895917454,en | ru,MW,MW1048772,Physical Object,in collection,MW1048772,Moscow State University,NA,use under CC-BY 4.0,NA,urn:lsid:biocol.org:col:15550,Euonymus laxiflorus Champ. ex Benth.,NA,NA,22.461667,105.578056,https://rscf.ru/en/project/21-77-20042/,8394214,Euonymus laxiflorus,Euonymus,laxiflorus,Kollektor,urn:lsid:biocol.org:col:15550:01,common practice of herbarium collecting,WGS84,Euonymus laxiflorus Champ. ex Benth.,"International Code of Nomenclature for algae, fungi, and plants",manual verification,WGS84,no label data,MW1048772,168656651,168656652,MSU,"Seregin A. P. (Ed.). 2026. Specimen MW1048772 from the collection ""Moscow University Herbarium"" // Depository of Live Systems (branch ""Plants""): Electronic resource. – Moscow State University, Moscow. – Available at: https://plant.depo.mitotech.ru/open/public/item/MW1048772 (indicate access date).",Plantae | Tracheophyta | Magnoliopsida | Celastrales | Celastraceae | Celastroideae | Euonymus,Euonymus,LC,Бересклет,NA,NA,NA,NA,NA,NA,NA,NA,NA,NA,NA,NA,NA,NA,NA,NA,NA,NA,NA,NA,NA,NA,NA,NA,NA,NA,NA,NA,NA,NA,NA,NA,NA,NA,NA,NA,NA,NA,NA,https://plant.depo.msu.ru/open/public/item/MW1048772/img/0.jpg?gbif,FALSE,ok
HERB_0083,sample_images/HERB_0083.jpg,5833058507,Trichosanthes philippinensis Rugayah,"cdc,inmafu",defb9a47-c1a7-4fb2-9a0b-2da7c5260cad,c4cbb860-e9c7-11da-8113-b8a03c50a862,"68e8e67a-43e6-44a3-8817-dc0e6b70f973,0479d6b2-a4f4-4307-8346-0b80e8c88c66",ac2ad091-91eb-482d-a73f-061744da5dbf,96710dc8-fecb-440d-ae3e-c34ae8a9616f,US,DWC_ARCHIVE,2026-08-22T14:49:41.590+00:00,2026-08-24T17:20:15.294+00:00,237,PRESERVED_SPECIMEN,PRESENT,3623505,6,7707728,220,7224005,6634,2874604,3623505,Trichosanthes philippinensis Rugayah,Plantae,Tracheophyta,Cucurbitales,Cucurbitaceae,Trichosanthes,SPECIES,ACCEPTED,NA,ASIA,Bukidnon Province,NA,NA,2024,6,6,2024-06-06,158,158,NA,2026-02-18T12:49:40.000+00:00,2026-08-24T17:20:15.294+00:00,https://portal.torcherbaria.org/portal/collections/individual/index.php?occid=34065717,http://creativecommons.org/publicdomain/zero/1.0/legalcode,FALSE,34065717,none,none,a68aaf8c-9bfe-4bec-bab9-70cf5d6cde4a,5a7702f8-a46a-40a0-9eef-26d97ea45b5c,TRUE,NA,"Plants and Lichens of the Southern Philippines Survey; Peter W. Fritsch, Victor B. Amoroso, Fulgent P. Coritico, Darin S. Penneys, Maria Melanie M. Guiang, Vanessa Handley, Noel L. Lagunday, José Ignacio Márquez-Corro, Yvonne L. Cariño, April Joie D. Lagumbay, Noe P. Mendez, Joevina C. Nobleza, Pamela J. O",NA,Pressed herbarium specimen,none,Magnoliopsida,PH,none,none,ASIA,Philippines,NORTH_AMERICA,Botanical Research Institute of Texas,34065717,6690,"Growing in loam in tree crown in forest. Tropical Lower Montane Rain Forest. Volcanic, mafic bedrock. Aspect: N-facing. No disturbance in area.",NA,237,NA,"Philippines; Mindanao Island; Bukidnon Province; Municipality of Manolo Fortich; Barangay Dahilayan. N edge of Mt. Kitanglad Natural Park, trail from Dahilayan Indigenous People Eco Park & Resort to Sitio Kumakay.",NA,NA,5833058507,English,BRIT,b4b04da4-6d41-434f-bae1-acc1748ace9a,NA,NA,BRIT1151409,BRIT,"Occasional. Additional materials: Photos, DNA. Collections supported by U.S. National Science Foundation grants DEB-1754667 and DEB-1754697. [Multisheet specimen: BRIT1149177,BRIT1151409]; Vine ca. 10 m up tree; fruit green turning scarlet red at maturity, shiny; inside of fruit yellowish orange mesocarp; grayish black mucous in center covering seeds; locules 6.",NA,1430 m,fea81a47-2365-45cc-bef9-b6bbff7457e6,Trichosanthes philippinensis Rugayah,NA,NA,8.18288,124.87252,NA,3623505,Trichosanthes philippinensis,Trichosanthes,philippinensis,NA,NA,NA,WGS84,NA,NA,NA,NA,NA,NA,NA,NA,NA,NA,NA,NA,NA,NA,NA,1430,NA,NA,NA,592711,NA,NA,NA,Barangay Dahilayan,NA,NA,NA,NA,NA,Municipality of Manolo Fortich,NA,NA,6 June 2024,Mindanao,b4b04da4-6d41-434f-bae1-acc1748ace9a,http://creativecommons.org/publicdomain/zero/1.0/,NA,NA,NA,NA,abordelon,NA,NA,NA,NA,NA,NA,NA,NA,NA,NA,NA,NA,https://web.corral.tacc.utexas.edu/brit/BRIT/BRIT1151000/BRIT1151409.jpg,FALSE,ok
HERB_0084,sample_images/HERB_0084.jpg,6450150310,Hedyotis rosmarinifolia (Pit.) Craib,"cdc,cdround,gass84,incomis,inmafu",cd6e21c8-9e8a-493a-8a76-fbf7862069e5,061b4f20-f241-11da-a328-b8a03c50a862,17abcf75-2f1e-46dd-bf75-a5b21dd02655,996e30f8-f762-11e1-a439-00145eb45e9a,061b4f20-f241-11da-a328-b8a03c50a862,GB,DWC_ARCHIVE,2026-08-24T12:51:18.333+00:00,2026-08-24T20:51:24.633+00:00,539,PRESERVED_SPECIMEN,PRESENT,2916392,6,7707728,220,412,8798,9631866,2916392,Hedyotis rosmarinifolia (Pit.) Craib,Plantae,Tracheophyta,Gentianales,Rubiaceae,Hedyotis,SPECIES,ACCEPTED,NA,ASIA,NA,NA,NA,2023,8,29,2023-08-29T00:00,241,241,NA,2026-07-21T12:28:13.067+00:00,2026-08-24T20:51:24.633+00:00,NA,http://creativecommons.org/licenses/by/4.0/legalcode,FALSE,K001934169,none,none,fa252605-26f6-426c-9892-94d071c2c77f,NA,FALSE,NA,"Yooprasert, S.; Tamura, M.N.; Fuse, S.; Takahasi, K.; Masuda, R.; Taothong, P.; Saengbuapuean, A.",NA,NA,none,Magnoliopsida,TH,none,none,ASIA,Thailand,EUROPE,NA,K001934169,SY513,NA,NA,539,NA,"Phu Ruea, Phu Luang WS, Trail to Pha Taloen, Pha Chang Do to Pha Chang Phan",NA,NA,6450150310,NA,Herbarium,http://specimens.kew.org/herbarium/K001934169,NA,NA,K001934169,K,NA,NA,NA,NA,Hedyotis rosmarinifolia (Pit.) Craib,NA,NA,17.279444,101.516389,NA,2916392,Hedyotis rosmarinifolia,Hedyotis,rosmarinifolia,NA,NA,NA,WGS84,NA,NA,NA,NA,NA,NA,NA,NA,NA,NA,Rubiaceae,NA,NA,NA,NA,1460,NA,NA,NA,NA,NA,NA,NA,NA,NA,NA,NA,NA,NA,NA,NA,NA,NA,NA,NA,NA,NA,NA,NA,NA,NA,NA,NA,NA,NA,NA,NA,NA,NA,NA,NA,NA,NA,https://d2jcv3kl45hlgi.cloudfront.net/a189eca7b0b9e158cce6af5d2eadb17e.jpg,FALSE,ok
HERB_0085,sample_images/HERB_0085.jpg,6196926592,Antidesma pyrifolium Müll.Arg.,"colmafu,inmafu",1cbed1d0-f9ac-4b9e-bf3f-a26272bca39e,4fd82480-ea1c-11da-8db4-b8a03c50a862,NA,82d6992a-b20b-4e74-b6ac-6b971b2c485d,4fd82480-ea1c-11da-8db4-b8a03c50a862,JP,EML,2026-07-10T16:35:10.312+00:00,2026-07-18T17:50:21.908+00:00,222,PRESERVED_SPECIMEN,PRESENT,3076602,6,7707728,220,1414,8807,2874170,3076602,Antidesma pyrifolium Müll.Arg.,Plantae,Tracheophyta,Malpighiales,Phyllanthaceae,Antidesma,SPECIES,ACCEPTED,NA,ASIA,Kien Giang,NA,Asia|Vietnam|Kien Giang|Kien Luong Dist.|Mt. Mo So,2024,5,22,2024-05-22,143,143,NA,2025-10-16T00:00:00.000+00:00,2026-07-18T17:50:21.908+00:00,https://www.museum.kagoshima-u.ac.jp/hyouhonsitu.html,http://creativecommons.org/licenses/by/4.0/legalcode,FALSE,097bdc59-b054-4799-86ed-04ee3e2fac98,none,none,7b6590f0-c03f-409b-ae28-f443c1166d23,e9e6df05-e289-4a64-8ace-a4d5dbd168e4,FALSE,NA,NA,NA,NA,none,Magnoliopsida,VN,none,none,ASIA,Viet Nam,ASIA,NA,097bdc59-b054-4799-86ed-04ee3e2fac98,N490,NA,NA,232,NA,Mt. Mo So,NA,"Vietnam, Kien Giang, Kien Luong Dist., Mt. Mo So",6196926592,NA,KAG,097bdc59-b054-4799-86ed-04ee3e2fac98,NA,NA,KAG188593,KAG,NA,NA,NA,NA,Antidesma pyrifolium Müll.Arg.,NA,NA,10.2277,104.61743,NA,3076602,Antidesma pyrifolium,Antidesma,pyrifolium,NA,NA,NA,WGS84,NA,NA,NA,NA,obtained using GPS machine,NA,NA,NA,NA,NA,Plantae|Tracheophyta|Magnoliopsida|Malpighiales|Phyllanthaceae|Antidesma|pyrifolium,NA,VU,NA,NA,70,NA,NA,NA,NA,NA,NA,NA,NA,NA,NA,NA,NA,NA,Kien Luong Dist.,NA,NA,NA,NA,NA,NA,NA,NA,NA,NA,NA,NA,500,NA,NA,NA,NA,NA,NA,NA,NA,NA,NA,https://dbs.kaum.kagoshima-u.ac.jp/musedb/s_plant/picture/KAG188593/KAG188593.jpg,FALSE,ok
HERB_0086,sample_images/HERB_0086.jpg,5106374611,Oreocnide integrifolia (Gaudich.) Miq.,,bf2a4bf0-5f31-11de-b67e-b8a03c50a862,98e934b0-5f31-11de-b67e-b8a03c50a862,"8e30b684-6a54-4aba-aa73-66201c2c736e,17abcf75-2f1e-46dd-bf75-a5b21dd02655",f6fe707e-cced-4efc-b5dc-be4c91b8180a,98e934b0-5f31-11de-b67e-b8a03c50a862,GB,DWC_ARCHIVE,2026-08-13T16:38:58.088+00:00,2026-08-24T20:21:01.177+00:00,445,PRESERVED_SPECIMEN,PRESENT,7300622,6,7707728,220,691,6639,7300588,7300622,Oreocnide integrifolia (Gaudich.) Miq.,Plantae,Tracheophyta,Rosales,Urticaceae,Oreocnide,SPECIES,ACCEPTED,NA,ASIA,Sagaing,none,Myanmar (Burma),2019,3,21,2019-03-21,80,80,NA,2025-04-08T10:19:59.000+00:00,2026-08-24T20:21:01.177+00:00,NA,http://creativecommons.org/publicdomain/zero/1.0/legalcode,FALSE,https://data.rbge.org.uk/herb/E01539139,none,none,0237598a-853a-492c-af74-a723fe251799,427c8cd7-4358-4a00-9ef3-2b2676d28d1e,FALSE,Edinburgh (E) Herbarium Specimens,"Armstrong, Kathleen Ellen, Nwe, Thet Yu, Kramer, Marshall, Linn, Wah Wah, Khaing, Myo, Myint, Thar, Pyae, Phoe La, Kyi, Aung, Nyo, Kyi, Myint, Han Sein & Nge, Maung",NA,HERBARIUM SHEET,none,Magnoliopsida,MM,none,none,ASIA,Myanmar,EUROPE,NA,https://data.rbge.org.uk/herb/E01539139,4578,Growing in primary forest.,https://scientific-collections.gbif.org/institution/0237598a-853a-492c-af74-a723fe251799,445,NA,"Htamanthi Wildlife Sanctuary. Nam Phi Lin stream, camp 1",NA,NA,5106374611,NA,E,https://data.rbge.org.uk/herb/E01539139,PhysicalObject,NA,E01539139,RBGE,NA,NA,NA,https://scientific-collections.gbif.org/collection/427c8cd7-4358-4a00-9ef3-2b2676d28d1e,Oreocnide integrifolia (Gaudich.) Miq.,NA,NA,NA,NA,NA,7300622,Oreocnide integrifolia,Oreocnide,integrifolia,NA,NA,NA,NA,NA,ICBN,NA,NA,NA,NA,NA,NA,E,NA,NA,NA,NA,NA,NA,NA,NA,NA,NA,NA,NA,NA,NA,NA,NA,NA,NA,NA,NA,Hkamti,NA,NA,21st March 2019,NA,NA,NA,NA,NA,NA,NA,NA,NA,NA,NA,CC0,Royal Botanic Garden Edinburgh,1755330,NA,NA,NA,NA,NA,NA,https://iiif.rbge.org.uk/herb/iiif/E01539139/manifest,FALSE,not_image
HERB_0087,sample_images/HERB_0087.jpg,5106375637,Staurogyne argentea Wall.,,bf2a4bf0-5f31-11de-b67e-b8a03c50a862,98e934b0-5f31-11de-b67e-b8a03c50a862,"8e30b684-6a54-4aba-aa73-66201c2c736e,17abcf75-2f1e-46dd-bf75-a5b21dd02655",f6fe707e-cced-4efc-b5dc-be4c91b8180a,98e934b0-5f31-11de-b67e-b8a03c50a862,GB,DWC_ARCHIVE,2026-08-13T16:38:58.088+00:00,2026-08-24T20:19:35.003+00:00,445,PRESERVED_SPECIMEN,PRESENT,7263746,6,7707728,220,408,2393,7263564,7263746,Staurogyne argentea Wall.,Plantae,Tracheophyta,Lamiales,Acanthaceae,Staurogyne,SPECIES,ACCEPTED,NA,ASIA,Sagaing,none,Myanmar (Burma),2019,3,28,2019-03-28,87,87,NA,2025-04-08T13:13:40.000+00:00,2026-08-24T20:19:35.003+00:00,NA,http://creativecommons.org/publicdomain/zero/1.0/legalcode,FALSE,https://data.rbge.org.uk/herb/E01542001,none,none,0237598a-853a-492c-af74-a723fe251799,427c8cd7-4358-4a00-9ef3-2b2676d28d1e,FALSE,Edinburgh (E) Herbarium Specimens,"Armstrong, Kathleen Ellen, Nwe, Thet Yu, Linn, Wah Wah, Pyae, Phoe La, Myint, Han Sein, Nge, Maung, Kyaung, Kyan, Nyo, Than, Maung, Maung & Kyi, Tote",NA,HERBARIUM SHEET,none,Magnoliopsida,MM,none,none,ASIA,Myanmar,EUROPE,NA,https://data.rbge.org.uk/herb/E01542001,4649,Growing in primary forest.,https://scientific-collections.gbif.org/institution/0237598a-853a-492c-af74-a723fe251799,445,NA,"Htamanthi Wildlife Sanctuary. Nam Khwe Daing stream, camp 1",NA,NA,5106375637,NA,E,https://data.rbge.org.uk/herb/E01542001,PhysicalObject,NA,E01542001,RBGE,NA,NA,NA,https://scientific-collections.gbif.org/collection/427c8cd7-4358-4a00-9ef3-2b2676d28d1e,Staurogyne argentea Wall.,NA,NA,NA,NA,NA,7263746,Staurogyne argentea,Staurogyne,argentea,NA,NA,NA,NA,NA,ICBN,NA,NA,NA,NA,NA,NA,E,NA,NA,NA,NA,NA,NA,NA,NA,NA,NA,NA,NA,NA,NA,NA,NA,NA,NA,NA,NA,Hkamti,NA,NA,28th March 2019,NA,NA,NA,NA,NA,NA,NA,NA,NA,NA,NA,CC0,Royal Botanic Garden Edinburgh,1734034,NA,NA,NA,NA,NA,NA,https://iiif.rbge.org.uk/herb/iiif/E01542001/manifest,FALSE,not_image
HERB_0088,sample_images/HERB_0088.jpg,6450188301,Chassalia curviflora (Wall.) Thwaites,"cdc,cdround,gass84,incomis,inmafu",cd6e21c8-9e8a-493a-8a76-fbf7862069e5,061b4f20-f241-11da-a328-b8a03c50a862,17abcf75-2f1e-46dd-bf75-a5b21dd02655,996e30f8-f762-11e1-a439-00145eb45e9a,061b4f20-f241-11da-a328-b8a03c50a862,GB,DWC_ARCHIVE,2026-08-24T12:51:18.333+00:00,2026-08-24T20:50:36.079+00:00,539,PRESERVED_SPECIMEN,PRESENT,2912772,6,7707728,220,412,8798,2912636,2912772,Chassalia curviflora (Wall.) Thwaites,Plantae,Tracheophyta,Gentianales,Rubiaceae,Chassalia,SPECIES,ACCEPTED,NA,ASIA,NA,NA,NA,2023,8,29,2023-08-29T00:00,241,241,NA,2026-07-21T12:28:13.097+00:00,2026-08-24T20:50:36.079+00:00,NA,http://creativecommons.org/licenses/by/4.0/legalcode,FALSE,K001934172,none,none,fa252605-26f6-426c-9892-94d071c2c77f,NA,FALSE,NA,"Yooprasert, S.; Tamura, M.N.; Fuse, S.; Takahasi, K.; Masuda, R.; Taothong, P.; Saengbuapuean, A.",NA,NA,none,Magnoliopsida,TH,none,none,ASIA,Thailand,EUROPE,NA,K001934172,SY508,NA,NA,539,NA,"Phu Ruea, Phu Luang WS, Trail from Royal visit guest house to Phu Chang Do and Lan Suriyan",NA,NA,6450188301,NA,Herbarium,http://specimens.kew.org/herbarium/K001934172,NA,NA,K001934172,K,NA,NA,NA,NA,Chassalia curviflora (Wall.) Thwaites,NA,NA,17.279444,101.516389,NA,2912772,Chassalia curviflora,Chassalia,curviflora,NA,NA,NA,WGS84,NA,NA,NA,NA,NA,NA,NA,NA,NA,NA,Rubiaceae,NA,LC,NA,NA,1460,NA,NA,NA,NA,NA,NA,NA,NA,NA,NA,NA,NA,NA,NA,NA,NA,NA,NA,NA,NA,NA,NA,NA,NA,NA,NA,NA,NA,NA,NA,NA,NA,NA,NA,NA,NA,NA,https://d2jcv3kl45hlgi.cloudfront.net/2135ebda0ecde4d732e41590badf3eee.jpg,FALSE,ok
HERB_0089,sample_images/HERB_0089.jpg,5841161857,Broussonetia papyrifera (L.) L'Hér. ex Vent.,"cdc,gass84,gdativ,colmano,inmafu",10cfe1fe-ea15-4b73-b495-66c20d839bef,fec00ed1-a0f3-440b-b10c-d6dca979ade1,NA,08eefeeb-e20f-4482-8e0f-f218547e2f50,12b1df00-3f75-11d8-aa2d-b8a03c50a862,TW,EML,2026-07-13T18:00:10.806+00:00,2026-07-18T15:27:34.993+00:00,37,PRESERVED_SPECIMEN,PRESENT,5361944,6,7707728,220,691,6640,2984643,5361944,Broussonetia papyrifera (L.) L'Hér. ex Vent.,Plantae,Tracheophyta,Rosales,Moraceae,Broussonetia,SPECIES,ACCEPTED,NA,ASIA,NA,NA,NA,2019,8,28,2019-08-28,240,240,NA,2024-11-07T15:18:50.000+00:00,2026-07-18T15:27:34.993+00:00,https://hast.biodiv.tw/specimens/HAST:145386,http://creativecommons.org/licenses/by-nc/4.0/legalcode,FALSE,https://n2t.net/ark:/18474/b2v98198t,none,none,30da7241-59c0-4796-8da4-e8abb4aef6b9,NA,FALSE,NA,"Chuang, Chia-Rong (莊嘉瑢)",NA,NA,none,Magnoliopsida,ID,none,none,ASIA,Indonesia,ASIA,"Biodiversity Research Museum, Academia Sinica, Taiwan",https://n2t.net/ark:/18474/b2v98198t,24,NA,NA,37,NA,"Central Sulawesi, Gintu, Bada Valley",NA,NA,5841161857,NA,NA,https://n2t.net/ark:/18474/b2v98198t,NA,NA,145386,HAST,NA,NA,NA,NA,Broussonetia papyrifera (L.) L'Hér. ex Vent.,NA,NA,-1.886778,120.239278,NA,5361944,Broussonetia papyrifera,Broussonetia,papyrifera,NA,NA,NA,WGS84,NA,NA,NA,NA,NA,NA,NA,NA,HAST,NA,NA,NA,LC,構樹,NA,NA,NA,NA,NA,NA,NA,NA,NA,NA,NA,NA,NA,NA,NA,NA,NA,NA,NA,NA,NA,NA,NA,NA,NA,NA,NA,NA,NA,NA,NA,NA,NA,NA,NA,NA,NA,NA,NA,https://brmas-media.s3-ap-northeast-1.amazonaws.com/hast/specimen/S_145386-m.jpg,FALSE,ok
HERB_0090,sample_images/HERB_0090.jpg,4929018786,Ridsdalea pseudoternifolia (Valeton) J.T.Pereira,"cdc,cdround,gass84,incomis,inmafu",cd6e21c8-9e8a-493a-8a76-fbf7862069e5,061b4f20-f241-11da-a328-b8a03c50a862,17abcf75-2f1e-46dd-bf75-a5b21dd02655,996e30f8-f762-11e1-a439-00145eb45e9a,061b4f20-f241-11da-a328-b8a03c50a862,GB,DWC_ARCHIVE,2026-08-24T12:51:18.333+00:00,2026-08-24T20:50:07.340+00:00,539,PRESERVED_SPECIMEN,PRESENT,11033047,6,7707728,220,412,8798,9674363,11033047,Ridsdalea pseudoternifolia (Valeton) J.T.Pereira,Plantae,Tracheophyta,Gentianales,Rubiaceae,Ridsdalea,SPECIES,ACCEPTED,NA,ASIA,NA,NA,Rambai,2019,11,12,2019-11-12T00:00,316,316,NA,2026-01-25T18:17:20.613+00:00,2026-08-24T20:50:07.340+00:00,NA,http://creativecommons.org/licenses/by/4.0/legalcode,FALSE,K001935677,none,none,fa252605-26f6-426c-9892-94d071c2c77f,NA,FALSE,NA,"Lim, W.H.; Bazilah, I.; Watu, A.; Janagrun, E.; Azlan, P.; Clayton, J.",NA,NA,none,Magnoliopsida,BN,none,none,ASIA,Brunei Darussalam,EUROPE,NA,K001935677,LWH 90,NA,NA,539,NA,Across the bank from campsite,NA,NA,4929018786,NA,Herbarium,http://specimens.kew.org/herbarium/K001935677,NA,NA,K001935677,K,NA,NA,NA,NA,Ridsdalea pseudoternifolia (Valeton) J.T.Pereira,NA,NA,4.547222,114.749722,NA,11033047,Ridsdalea pseudoternifolia,Ridsdalea,pseudoternifolia,NA,NA,NA,WGS84,NA,NA,NA,NA,NA,NA,NA,NA,NA,NA,Rubiaceae,NA,NA,NA,NA,NA,NA,NA,NA,NA,NA,NA,NA,Rambai,NA,NA,NA,NA,NA,NA,NA,NA,NA,NA,NA,NA,NA,NA,NA,NA,NA,NA,NA,NA,NA,NA,NA,NA,NA,NA,NA,NA,NA,https://d2jcv3kl45hlgi.cloudfront.net/4a54a130b6889af0b7cc6eeac99dd194.jpg,FALSE,ok
HERB_0091,sample_images/HERB_0091.jpg,3312514714,Arnebia euchroma (Royle ex Benth.) I.M.Johnst.,"cdc,cucdmis,cum",bf2a4bf0-5f31-11de-b67e-b8a03c50a862,98e934b0-5f31-11de-b67e-b8a03c50a862,"8e30b684-6a54-4aba-aa73-66201c2c736e,17abcf75-2f1e-46dd-bf75-a5b21dd02655",f6fe707e-cced-4efc-b5dc-be4c91b8180a,98e934b0-5f31-11de-b67e-b8a03c50a862,GB,DWC_ARCHIVE,2026-08-13T16:38:58.088+00:00,2026-08-24T20:20:45.993+00:00,445,PRESERVED_SPECIMEN,PRESENT,7295249,6,7707728,220,7226464,2498,4062022,7295249,Arnebia euchroma (Royle ex Benth.) I.M.Johnst.,Plantae,Tracheophyta,Boraginales,Boraginaceae,Arnebia,SPECIES,ACCEPTED,NA,ASIA,NA,NA,Northern Asia,2018,8,11,2018-08-11,223,223,NA,2019-02-11T00:00:00.000+00:00,2026-08-24T20:20:45.993+00:00,NA,http://creativecommons.org/publicdomain/zero/1.0/legalcode,FALSE,https://data.rbge.org.uk/herb/E00947026,none,none,0237598a-853a-492c-af74-a723fe251799,427c8cd7-4358-4a00-9ef3-2b2676d28d1e,FALSE,Edinburgh (E) Herbarium Specimens,"Pamirs Expedition to Central Asia Tajikistan,",NA,HERBARIUM SHEET,none,Magnoliopsida,TL,none,none,ASIA,Timor-Leste,EUROPE,NA,https://data.rbge.org.uk/herb/E00947026,37,"Rocky boulder scree, Large, northfacing.;  Vegetation: Ribes Onosma, Acantholimon",https://scientific-collections.gbif.org/institution/0237598a-853a-492c-af74-a723fe251799,445,NA,"Tajikistan:Gorno Badakshan:Lake Yashilkul, 20 km north Bulunkul village",NA,NA,3312514714,NA,E,https://data.rbge.org.uk/herb/E00947026,PhysicalObject,NA,E00947026,RBGE,NA,NA,3635m,https://scientific-collections.gbif.org/collection/427c8cd7-4358-4a00-9ef3-2b2676d28d1e,Arnebia euchroma (Royle ex Benth.) I.M.Johnst.,NA,NA,37.796667,72.749444,NA,7295249,Arnebia euchroma,Arnebia,euchroma,NA,NA,NA,WGS84,NA,ICBN,NA,NA,NA,NA,NA,NA,E,NA,NA,NA,NA,NA,NA,3635,0,NA,NA,NA,NA,NA,NA,NA,NA,NA,NA,NA,NA,NA,NA,NA,11th August 2018,NA,NA,NA,NA,NA,NA,NA,NA,NA,NA,NA,CC0,Royal Botanic Garden Edinburgh,939043,NA,NA,NA,NA,NA,NA,https://iiif.rbge.org.uk/herb/iiif/E00947026/manifest,FALSE,not_image
HERB_0092,sample_images/HERB_0092.jpg,5207141325,Chromolaena odorata (L.) R.M.King & H.Rob.,,15f819bd-6612-4447-854b-14d12ee1022d,396d5f30-dea9-11db-8ab4-b8a03c50a862,17abcf75-2f1e-46dd-bf75-a5b21dd02655,65eb93af-41b8-4917-a5fc-cfe2a45aa4bf,396d5f30-dea9-11db-8ab4-b8a03c50a862,NL,DWC_ARCHIVE,2026-06-29T11:53:09.940+00:00,2026-08-24T20:55:31.979+00:00,286,PRESERVED_SPECIMEN,PRESENT,3087725,6,7707728,220,414,3065,7824453,3087725,Chromolaena odorata (L.) R.M.King & H.Rob.,Plantae,Tracheophyta,Asterales,Asteraceae,Chromolaena,SPECIES,ACCEPTED,2022-11-03T00:00:00,ASIA,NA,NA,NA,2020,2,24,2020-02-24,55,55,NA,NA,2026-08-24T20:55:31.979+00:00,NA,http://creativecommons.org/publicdomain/zero/1.0/legalcode,FALSE,L.4578462@BRAHMS,none,none,0e919a55-08d3-4bd2-aec1-200858fafd92,0add23db-a8f7-4d15-95ad-4ed0c5c8a055,FALSE,NA,Cunha T,Welzen PC van,NA,none,Magnoliopsida,TL,none,none,ASIA,Timor-Leste,EUROPE,Naturalis Biodiversity Center,L.4578462@BRAHMS,"Cunha, T 272",NA,https://ror.org/0566bfb96,286,NA,"Liquiça, Bazartete.",NA,NA,5207141325,NA,Botany,https://data.biodiversitydata.nl/naturalis/specimen/L.4578462,NA,NA,L.4578462,NA,NA,NA,NA,NA,Chromolaena odorata (L.) R.M.King & H.Rob.,NA,NA,-8.61833,125.38194,NA,3087725,Chromolaena odorata,Chromolaena,odorata,NA,NA,NA,WGS84,NA,ICN,NA,NA,NA,NA,NA,NA,NA,NA,Plantae|Asterales|Asteraceae,NA,NA,NA,NA,NA,NA,NA,NA,NA,NA,NA,NA,NA,NA,NA,true,NA,NA,NA,NA,NA,NA,NA,NA,NA,NA,NA,NA,NA,NA,NA,NA,NA,NA,NA,NA,NA,NA,NA,NA,NA,NA,https://medialib.naturalis.nl/file/id/L.4578462/format/large,FALSE,ok
HERB_0093,sample_images/HERB_0093.jpg,5106376466,Erythropalum scandens Blume,,bf2a4bf0-5f31-11de-b67e-b8a03c50a862,98e934b0-5f31-11de-b67e-b8a03c50a862,"8e30b684-6a54-4aba-aa73-66201c2c736e,17abcf75-2f1e-46dd-bf75-a5b21dd02655",f6fe707e-cced-4efc-b5dc-be4c91b8180a,98e934b0-5f31-11de-b67e-b8a03c50a862,GB,DWC_ARCHIVE,2026-08-13T16:38:58.088+00:00,2026-08-24T20:19:35.059+00:00,445,PRESERVED_SPECIMEN,PRESENT,3685992,6,7707728,220,934,4924615,7326504,3685992,Erythropalum scandens Blume,Plantae,Tracheophyta,Santalales,Erythropalaceae,Erythropalum,SPECIES,ACCEPTED,NA,ASIA,Sagaing,none,Myanmar (Burma),2019,2,25,2019-02-25,56,56,NA,2025-04-07T14:21:03.000+00:00,2026-08-24T20:19:35.059+00:00,NA,http://creativecommons.org/publicdomain/zero/1.0/legalcode,FALSE,https://data.rbge.org.uk/herb/E01533981,none,none,0237598a-853a-492c-af74-a723fe251799,427c8cd7-4358-4a00-9ef3-2b2676d28d1e,FALSE,Edinburgh (E) Herbarium Specimens,"Pyae, Phoe La",NA,HERBARIUM SHEET,none,Magnoliopsida,MM,none,none,ASIA,Myanmar,EUROPE,NA,https://data.rbge.org.uk/herb/E01533981,210,Growing in forest near an area of slash and burn cultivation.,https://scientific-collections.gbif.org/institution/0237598a-853a-492c-af74-a723fe251799,445,NA,Nat Inn Taung forest,NA,NA,5106376466,NA,E,https://data.rbge.org.uk/herb/E01533981,PhysicalObject,NA,E01533981,RBGE,NA,NA,NA,https://scientific-collections.gbif.org/collection/427c8cd7-4358-4a00-9ef3-2b2676d28d1e,Erythropalum scandens Blume,NA,NA,NA,NA,NA,3685992,Erythropalum scandens,Erythropalum,scandens,NA,NA,NA,NA,NA,ICBN,NA,NA,NA,NA,NA,NA,E,NA,NA,NA,LC,NA,NA,NA,NA,NA,NA,NA,NA,NA,NA,NA,NA,NA,NA,NA,NA,Hkamti,NA,NA,25th February 2019,NA,NA,NA,NA,NA,NA,NA,NA,NA,NA,NA,CC0,Royal Botanic Garden Edinburgh,1752043,NA,NA,NA,NA,NA,NA,https://iiif.rbge.org.uk/herb/iiif/E01533981/manifest,FALSE,not_image
HERB_0094,sample_images/HERB_0094.jpg,5004529249,Ixora spectabilis Wall. ex G.Don,"osiic,colmano,inmafu",7bd65a7a-f762-11e1-a439-00145eb45e9a,90fd6680-349f-11d8-aa2d-b8a03c50a862,68e8e67a-43e6-44a3-8817-dc0e6b70f973,c4e134d3-c68f-406d-a116-6a37895602e0,90fd6680-349f-11d8-aa2d-b8a03c50a862,US,EML,2026-07-14T21:52:57.898+00:00,2026-07-18T23:13:35.548+00:00,437,PRESERVED_SPECIMEN,PRESENT,2905697,6,7707728,220,412,8798,2905224,2905697,Ixora spectabilis Wall. ex G.Don,Plantae,Tracheophyta,Gentianales,Rubiaceae,Ixora,SPECIES,ACCEPTED,NA,ASIA,NA,none,NA,2025,3,8,2025-03-08,67,67,NA,2025-01-08T16:28:00.000+00:00,2026-07-18T23:13:35.548+00:00,NA,http://creativecommons.org/licenses/by/4.0/legalcode,FALSE,urn:catalog:MO:Tropicos:103739488,none,none,1be3aa67-8f90-4309-92f4-bd55426a8c09,NA,FALSE,Tropicos,James F. Maxwell,NA,NA,none,Magnoliopsida,TH,none,none,ASIA,Thailand,NORTH_AMERICA,Missouri Botanical Garden,urn:catalog:MO:Tropicos:103739488,01-161,NA,NA,441,NA,"Mae Sariang along a tributary and near the Salveen River, Mae Sahm Laep village",(3870397),NA,5004529249,NA,Tropicos,urn:catalog:MO:Tropicos:103739488,PhysicalObject,NA,103739488,MO,NA,NA,NA,http://biocol.org/urn:lsid:biocol.org:col:15859,Ixora spectabilis Wall. ex G.Don,NA,NA,NA,NA,NA,2905697,Ixora spectabilis,Ixora,spectabilis,NA,NA,NA,NA,NA,ICNafp,NA,NA,NA,NA,NA,NA,MOBOT,http://www.tropicos.org/Specimen/103739488,NA,NA,VU,NA,1,125,NA,No opinion,2016-01-28T15:41:27.000Z,50289656,MOBOT,http://digir.net/schema/conceptual/darwin/2003/1.0/darwin2.xsd,15000,NA,NA,NA,NA,NA,NA,NA,NA,NA,NA,NA,NA,NA,NA,NA,NA,NA,NA,NA,NA,NA,NA,NA,NA,NA,NA,NA,NA,NA,NA,https://images.mobot.org/tropicosimages5/detailimages/TropicosImagesVol5/102124000/34F02BA1-D337-47F7-81F9-5C40E56B08BA.jpg,FALSE,ok
HERB_0095,sample_images/HERB_0095.jpg,3004109374,Ardisia elliptica Thunb.,"cdc,cdround,colmafu,inmafu",902c8fe7-8f38-45b0-854e-c324fed36303,f5fc4e61-b7a0-414b-ab68-b41cb23e7fdc,NA,91d2f516-bdfa-458f-bad1-66717101b49f,f5fc4e61-b7a0-414b-ab68-b41cb23e7fdc,RU,EML,2026-08-21T18:06:57.852+00:00,2026-08-21T18:14:19.465+00:00,610,PRESERVED_SPECIMEN,PRESENT,5414375,6,7707728,220,1353,6674,3169458,5414375,Ardisia elliptica Thunb.,Plantae,Tracheophyta,Ericales,Primulaceae,Ardisia,SPECIES,ACCEPTED,NA,ASIA,NA,NA,South Asia|South Asia (Asia outside ex-Soviet states and Mongolia)|Brunei,2019,7,5,2019-07-05,186,186,NA,2025-12-01T15:16:04.000+00:00,2026-08-21T18:14:19.465+00:00,https://plant.depo.msu.ru/open/public/item/MW0757546,http://creativecommons.org/licenses/by/4.0/legalcode,FALSE,MW0757546,none,none,df27e63f-82b2-464e-9286-a96163c961c9,acf523b0-8c81-4813-a85d-2361a8b487d4,FALSE,Moscow Digital Herbarium,Nuraliev M.S.|Savinov I.A.,NA,herbarium specimen,none,Magnoliopsida,BN,none,none,ASIA,Brunei Darussalam,EUROPE,Moscow State University,MW0757546,NA,NA,http://grbio.org/institution/moscow-state-university,610,NA,NA,NA,NA,3004109374,en | ru,MW,MW0757546,Physical Object,in collection,MW0757546,Moscow State University,NA,use under CC-BY 4.0,NA,urn:lsid:biocol.org:col:15550,Ardisia elliptica Thunb.,NA,NA,4.954167,114.85555600000001,https://rscf.ru/en/project/21-77-20042/,5414375,Ardisia elliptica,Ardisia,elliptica,Kollektor,urn:lsid:biocol.org:col:15550:01,common practice of herbarium collecting,WGS84,Ardisia elliptica Thunb.,"International Code of Nomenclature for algae, fungi, and plants",manual verification,WGS84,no label data,MW0757546,168641502,168647269,MSU,"Seregin A. P. (Ed.). 2026. Specimen MW0757546 from the collection ""Moscow University Herbarium"" // Depository of Live Systems (branch ""Plants""): Electronic resource. – Moscow State University, Moscow. – Available at: https://plant.depo.mitotech.ru/open/public/item/MW0757546 (indicate access date).",Plantae | Tracheophyta | Magnoliopsida | Ericales | Primulaceae | Myrsinoideae | Ardisia,Ardisia,VU,Ардизия,NA,NA,NA,NA,NA,NA,NA,NA,NA,NA,NA,NA,NA,NA,NA,NA,NA,NA,NA,NA,NA,NA,NA,NA,NA,NA,NA,NA,NA,NA,NA,NA,NA,NA,NA,NA,NA,NA,NA,https://plant.depo.msu.ru/open/public/item/MW0757546/img/0.jpg?gbif,FALSE,ok
HERB_0096,sample_images/HERB_0096.jpg,6196924559,Huchimingia podocarpa (Dunn) Z.Q.Song,"colmafu,inmafu",1cbed1d0-f9ac-4b9e-bf3f-a26272bca39e,4fd82480-ea1c-11da-8db4-b8a03c50a862,NA,82d6992a-b20b-4e74-b6ac-6b971b2c485d,4fd82480-ea1c-11da-8db4-b8a03c50a862,JP,EML,2026-07-10T16:35:10.312+00:00,2026-07-18T17:50:38.904+00:00,222,PRESERVED_SPECIMEN,PRESENT,11855521,6,7707728,220,1370,5386,2961195,5355808,Millettia podocarpa Dunn,Plantae,Tracheophyta,Fabales,Fabaceae,Millettia,SPECIES,SYNONYM,NA,ASIA,Bolikhamxai,NA,Asia|Laos|Bolikhamxai|Pakkading|near Ban Naphong; Nam Kading NPA,2024,3,18,2024-03-18,78,78,NA,2025-10-16T00:00:00.000+00:00,2026-07-18T17:50:38.904+00:00,https://www.museum.kagoshima-u.ac.jp/hyouhonsitu.html,http://creativecommons.org/licenses/by/4.0/legalcode,FALSE,c08bf95f-766b-47e8-81b0-f730a3052dda,none,none,7b6590f0-c03f-409b-ae28-f443c1166d23,e9e6df05-e289-4a64-8ace-a4d5dbd168e4,FALSE,NA,NA,NA,NA,none,Magnoliopsida,LA,none,none,ASIA,Lao People’s Democratic Republic,ASIA,NA,c08bf95f-766b-47e8-81b0-f730a3052dda,Z1180,NA,NA,232,NA,near Ban Naphong; Nam Kading NPA,NA,"Laos, Bolikhamxai, Pakkading, near Ban Naphong; Nam Kading NPA",6196924559,NA,KAG,c08bf95f-766b-47e8-81b0-f730a3052dda,NA,NA,KAG187581,KAG,NA,NA,NA,NA,Huchimingia podocarpa (Dunn) Z.Q.Song,NA,NA,18.21482,104.38088,NA,5355808,Millettia podocarpa,Huchimingia,podocarpa,NA,NA,NA,WGS84,NA,NA,NA,NA,obtained using GPS machine,NA,NA,NA,NA,NA,Plantae|Tracheophyta|Magnoliopsida|Fabales|Fabaceae|Huchimingia|podocarpa,NA,NA,NA,NA,280,NA,NA,NA,NA,NA,NA,NA,NA,NA,NA,NA,NA,NA,Pakkading,NA,NA,NA,NA,NA,NA,NA,NA,NA,NA,NA,NA,500,NA,NA,NA,NA,NA,NA,NA,NA,NA,NA,https://dbs.kaum.kagoshima-u.ac.jp/musedb/s_plant/picture/KAG187581/KAG187581.jpg,FALSE,ok
HERB_0097,sample_images/HERB_0097.jpg,3312498181,Delphinium oreophilum Huth,"cdc,cucdmis,cum",bf2a4bf0-5f31-11de-b67e-b8a03c50a862,98e934b0-5f31-11de-b67e-b8a03c50a862,"8e30b684-6a54-4aba-aa73-66201c2c736e,17abcf75-2f1e-46dd-bf75-a5b21dd02655",f6fe707e-cced-4efc-b5dc-be4c91b8180a,98e934b0-5f31-11de-b67e-b8a03c50a862,GB,DWC_ARCHIVE,2026-08-13T16:38:58.088+00:00,2026-08-24T20:20:42.578+00:00,445,PRESERVED_SPECIMEN,PRESENT,7277936,6,7707728,220,399,2410,3033687,7277936,Delphinium oreophilum Huth,Plantae,Tracheophyta,Ranunculales,Ranunculaceae,Delphinium,SPECIES,ACCEPTED,NA,ASIA,NA,NA,Northern Asia,2018,8,14,2018-08-14,226,226,NA,2018-11-19T00:00:00.000+00:00,2026-08-24T20:20:42.578+00:00,NA,http://creativecommons.org/publicdomain/zero/1.0/legalcode,FALSE,https://data.rbge.org.uk/herb/E00898587,none,none,0237598a-853a-492c-af74-a723fe251799,427c8cd7-4358-4a00-9ef3-2b2676d28d1e,FALSE,Edinburgh (E) Herbarium Specimens,"Pamirs Expedition to Central Asia Tajikistan,",NA,HERBARIUM SHEET,none,Magnoliopsida,TL,none,none,ASIA,Timor-Leste,EUROPE,NA,https://data.rbge.org.uk/herb/E00898587,73,"North west facing very steep slope, with rocky boulders.;  Vegetation: Lindilophera, Artemisia, and Oxytropis",https://scientific-collections.gbif.org/institution/0237598a-853a-492c-af74-a723fe251799,445,NA,Tajikistan:Gorno Badakshan:15 km east of Jilandy on main road M41,NA,NA,3312498181,NA,E,https://data.rbge.org.uk/herb/E00898587,PhysicalObject,NA,E00898587,RBGE,NA,NA,4020m,https://scientific-collections.gbif.org/collection/427c8cd7-4358-4a00-9ef3-2b2676d28d1e,Delphinium oreophilum Huth,NA,NA,37.490833,72,NA,7277936,Delphinium oreophilum,Delphinium,oreophilum,NA,NA,NA,WGS84,NA,ICBN,NA,NA,NA,NA,NA,NA,E,NA,NA,NA,NA,NA,NA,4020,0,NA,NA,NA,NA,NA,NA,NA,NA,NA,NA,NA,NA,NA,NA,NA,14th August 2018,NA,NA,NA,NA,NA,NA,NA,NA,NA,NA,NA,CC0,Royal Botanic Garden Edinburgh,927460,NA,NA,NA,NA,NA,NA,https://iiif.rbge.org.uk/herb/iiif/E00898587/manifest,FALSE,not_image
HERB_0098,sample_images/HERB_0098.jpg,2430565441,Garcinia harmandii Pierre,,b5cdf794-8fa4-4a85-8b26-755d087bf531,2cd829bb-b713-433d-99cf-64bef11e5b3e,17abcf75-2f1e-46dd-bf75-a5b21dd02655,86c2834b-fcd6-418d-9b32-aca45110a0fe,2cd829bb-b713-433d-99cf-64bef11e5b3e,FR,EML,2026-08-13T15:27:43.858+00:00,2026-08-24T16:46:24.926+00:00,606,PRESERVED_SPECIMEN,PRESENT,3714389,6,7707728,220,1414,6646,3189556,3714389,Garcinia harmandii Pierre,Plantae,Tracheophyta,Malpighiales,Clusiaceae,Garcinia,SPECIES,ACCEPTED,NA,ASIA,kompong chhnang,none,NA,2019,2,25,2019-02-25,56,56,NA,2020-01-14T18:34:18.000+00:00,2026-08-24T16:46:24.926+00:00,NA,http://creativecommons.org/licenses/by/4.0/legalcode,FALSE,http://coldb.mnhn.fr/catalognumber/mnhn/p/p00915944,none,none,6a6ac6c5-1b8a-48db-91a2-f8661274ff80,bc3d39fd-a7d4-4763-b951-2bdeddd8a5d2,FALSE,NA,"Hul, S.|Eum, S.|Peou, Y.",Hul,hb,none,Magnoliopsida,KH,none,none,ASIA,Cambodia,EUROPE,NA,http://coldb.mnhn.fr/catalognumber/mnhn/p/p00915944,NA,NA,http://grbio.org/institution/museum-national-dhistoire-naturelle,654,NA,NA,7070,NA,2430565441,NA,P,http://coldb.mnhn.fr/catalognumber/mnhn/p/p00915944,NA,NA,P00915944,MNHN,NA,NA,NA,NA,Garcinia harmandii Pierre,NA,NA,NA,NA,NA,3714389,Garcinia harmandii,Garcinia,harmandii,NA,NA,NA,NA,NA,NA,NA,NA,NA,NA,NA,NA,NA,NA,NA,NA,LC,NA,NA,NA,NA,NA,NA,NA,NA,NA,NA,NA,NA,NA,NA,NA,"""Arbre de 6 m. Feuilles épaisses, obovales. Inflorescences femelles isolées ; sépales 4, obovales ou orbiculaires, longs de 4 mm; pétales oblongs, longs de 8 mm ; ovaire 3-loculaire, à 1 seul ovule par loge. Fruit : baie à enveloppe coriace """,Kompong Trâlach,"Ta Chés, Svay dak kav",NA,NA,NA,NA,NA,NA,NA,NA,NA,NA,NA,NA,NA,NA,NA,NA,NA,NA,NA,NA,NA,NA,https://mediaphoto.mnhn.fr/media/1579023258266hFI9pKcTtpt6iL6l,TRUE,error
HERB_0099,sample_images/HERB_0099.jpg,4607888550,Santiria griffithii (Hook.fil.) Engl.,"incomis,inmafu",cd6e21c8-9e8a-493a-8a76-fbf7862069e5,061b4f20-f241-11da-a328-b8a03c50a862,17abcf75-2f1e-46dd-bf75-a5b21dd02655,996e30f8-f762-11e1-a439-00145eb45e9a,061b4f20-f241-11da-a328-b8a03c50a862,GB,DWC_ARCHIVE,2026-08-24T12:51:18.333+00:00,2026-08-24T20:50:52.754+00:00,539,PRESERVED_SPECIMEN,PRESENT,3994363,6,7707728,220,933,6659,7286733,3994363,Santiria griffithii (Hook.fil.) Engl.,Plantae,Tracheophyta,Sapindales,Burseraceae,Santiria,SPECIES,ACCEPTED,NA,ASIA,NA,none,NA,2023,4,3,2023-04-03T00:00,93,93,NA,2026-01-25T18:17:20.613+00:00,2026-08-24T20:50:52.754+00:00,NA,http://creativecommons.org/licenses/by/4.0/legalcode,FALSE,K001925094,none,none,fa252605-26f6-426c-9892-94d071c2c77f,NA,FALSE,NA,"Ng, X.Y.; Lim, R.C.J.",NA,NA,none,Magnoliopsida,SG,none,none,ASIA,Singapore,EUROPE,NA,K001925094,SING 2023-110,NA,NA,539,NA,"Central Catchment NR, Chemperai Trail.",NA,NA,4607888550,NA,Herbarium,http://specimens.kew.org/herbarium/K001925094,NA,NA,K001925094,K,NA,NA,NA,NA,Santiria griffithii (Hook.fil.) Engl.,NA,NA,NA,NA,NA,3994363,Santiria griffithii,Santiria,griffithii,NA,NA,NA,NA,NA,NA,NA,NA,NA,NA,NA,NA,NA,NA,Burseraceae,NA,LC,NA,NA,NA,NA,NA,NA,NA,NA,NA,NA,NA,NA,NA,NA,NA,NA,NA,NA,NA,NA,NA,NA,NA,NA,NA,NA,NA,NA,NA,NA,NA,NA,NA,NA,NA,NA,NA,NA,NA,NA,https://d2jcv3kl45hlgi.cloudfront.net/d93c5e7fc9c34795fdc1e3bc5a81f158.jpg,FALSE,ok
HERB_0100,sample_images/HERB_0100.jpg,5833060651,Vaccinium cumingianum S.Vidal,"cdc,inmafu",defb9a47-c1a7-4fb2-9a0b-2da7c5260cad,c4cbb860-e9c7-11da-8113-b8a03c50a862,"68e8e67a-43e6-44a3-8817-dc0e6b70f973,0479d6b2-a4f4-4307-8346-0b80e8c88c66",ac2ad091-91eb-482d-a73f-061744da5dbf,96710dc8-fecb-440d-ae3e-c34ae8a9616f,US,DWC_ARCHIVE,2026-08-22T14:49:41.590+00:00,2026-08-24T17:20:15.358+00:00,237,PRESERVED_SPECIMEN,PRESENT,4174045,6,7707728,220,1353,2505,2882813,4174045,Vaccinium cumingianum S.Vidal,Plantae,Tracheophyta,Ericales,Ericaceae,Vaccinium,SPECIES,ACCEPTED,NA,ASIA,Bukidnon Province,NA,NA,2024,6,5,2024-06-05,157,157,NA,2026-02-13T16:57:19.000+00:00,2026-08-24T17:20:15.358+00:00,https://portal.torcherbaria.org/portal/collections/individual/index.php?occid=34055190,http://creativecommons.org/publicdomain/zero/1.0/legalcode,FALSE,34055190,none,none,a68aaf8c-9bfe-4bec-bab9-70cf5d6cde4a,5a7702f8-a46a-40a0-9eef-26d97ea45b5c,FALSE,NA,"Plants and Lichens of the Southern Philippines Survey; Peter W. Fritsch, Victor B. Amoroso, Fulgent P. Coritico, Darin S. Penneys, Maria Melanie M. Guiang, Vanessa Handley, Noel L. Lagunday, José Ignacio Márquez-Corro, Yvonne L. Cariño, April Joie D. Lagumbay, Noe P. Mendez, Joevina C. Nobleza, Pamela J. O",NA,Pressed herbarium specimen,none,Magnoliopsida,PH,none,none,ASIA,Philippines,NORTH_AMERICA,Botanical Research Institute of Texas,34055190,5958,"Growing in clay in partly shaded areas. Tropical Upper Montane Rain Forest. Volcanic, mafic bedrock. Aspect: S-facing. Area disturbed by clearing, felling.",NA,237,NA,"Mindanao Island; Bukidnon Province; Municipality of Manolo Fortich; Barangay Dahilayan. N edge of Mt. Kitanglad Natural Park, trail from Dahilayan Indigenous People Eco Park & Resort to Mt. Lungkayapan.",NA,NA,5833060651,English,BRIT,e5a66d88-a1c1-43da-a4f3-428690ce2766,NA,NA,BRIT1149102,BRIT,"Occasional. Additional materials: Photos, DNA. Collections supported by U.S. National Science Foundation grants DEB-1754667 and DEB-1754697.; Treelet 5 m tall; leaves dark green adaxially, pale green abaxially; fruit green.",NA,1631 m,fea81a47-2365-45cc-bef9-b6bbff7457e6,Vaccinium cumingianum S.Vidal,NA,NA,8.1822,124.86337,NA,4174045,Vaccinium cumingianum,Vaccinium,cumingianum,NA,NA,NA,WGS84,NA,NA,NA,NA,NA,NA,NA,NA,NA,NA,NA,NA,LC,NA,NA,1631,NA,NA,NA,349777,NA,NA,NA,Barangay Dahilayan,NA,NA,NA,NA,NA,Municipality of Manolo Fortich,NA,NA,5-Jun-24,Mindanao,e5a66d88-a1c1-43da-a4f3-428690ce2766,http://creativecommons.org/publicdomain/zero/1.0/,NA,NA,NA,NA,abordelon,NA,NA,NA,NA,NA,NA,NA,NA,NA,NA,NA,NA,https://web.corral.tacc.utexas.edu/brit/BRIT/BRIT1149000/BRIT1149102.jpg,FALSE,ok
HERB_0101,sample_images/HERB_0101.jpg,4459006792,Ficus lepicarpa Blume,,15f819bd-6612-4447-854b-14d12ee1022d,396d5f30-dea9-11db-8ab4-b8a03c50a862,17abcf75-2f1e-46dd-bf75-a5b21dd02655,65eb93af-41b8-4917-a5fc-cfe2a45aa4bf,396d5f30-dea9-11db-8ab4-b8a03c50a862,NL,DWC_ARCHIVE,2026-06-29T11:53:09.940+00:00,2026-08-24T20:54:51.461+00:00,286,PRESERVED_SPECIMEN,PRESENT,5572174,6,7707728,220,691,6640,2984588,5572174,Ficus lepicarpa Blume,Plantae,Tracheophyta,Rosales,Moraceae,Ficus,SPECIES,ACCEPTED,NA,ASIA,Borneo,NA,NA,2018,3,4,2018-03-04,63,63,NA,NA,2026-08-24T20:54:51.461+00:00,NA,http://creativecommons.org/publicdomain/zero/1.0/legalcode,FALSE,L.4482925@BRAHMS,none,none,0e919a55-08d3-4bd2-aec1-200858fafd92,0add23db-a8f7-4d15-95ad-4ed0c5c8a055,TRUE,NA,Lim WH; et al.,NA,NA,none,Magnoliopsida,BN,none,none,ASIA,Brunei Darussalam,EUROPE,Naturalis Biodiversity Center,L.4482925@BRAHMS,"Lim, WH; et al. 13","By riverbank, growing on slope near water fall, open canopy.",https://ror.org/0566bfb96,286,NA,"Amo, Sg. Belalong.",NA,NA,4459006792,NA,Botany,https://data.biodiversitydata.nl/naturalis/specimen/L.4482925,NA,NA,L.4482925,NA,NA,NA,125.0 m,NA,Ficus lepicarpa Blume,NA,NA,4.50639,115.14139,NA,5572174,Ficus lepicarpa,Ficus,lepicarpa,NA,NA,NA,WGS84,NA,ICN,NA,NA,NA,NA,NA,NA,NA,NA,Plantae|Rosales|Moraceae,NA,LC,NA,NA,NA,NA,NA,NA,NA,NA,NA,NA,NA,NA,NA,true,NA,NA,NA,NA,NA,NA,NA,NA,NA,NA,NA,NA,NA,NA,NA,NA,NA,NA,NA,NA,NA,NA,NA,NA,NA,NA,https://medialib.naturalis.nl/file/id/L.4482925/format/large,FALSE,ok
HERB_0102,sample_images/HERB_0102.jpg,4974429608,Drosera peltata Sm.,"cdc,cdround,colmafu,inmafu",902c8fe7-8f38-45b0-854e-c324fed36303,f5fc4e61-b7a0-414b-ab68-b41cb23e7fdc,NA,91d2f516-bdfa-458f-bad1-66717101b49f,f5fc4e61-b7a0-414b-ab68-b41cb23e7fdc,RU,EML,2026-08-21T18:06:57.852+00:00,2026-08-21T18:14:30.513+00:00,610,PRESERVED_SPECIMEN,PRESENT,8557849,6,7707728,220,422,5399,3190721,3190855,Drosera peltata Thunb.,Plantae,Tracheophyta,Caryophyllales,Droseraceae,Drosera,SPECIES,SYNONYM,NA,ASIA,NA,NA,South Asia|South Asia (Asia outside ex-Soviet states and Mongolia)|Indonesia,2023,12,29,2023-12-29,363,363,NA,2024-12-26T12:46:27.000+00:00,2026-08-21T18:14:30.513+00:00,https://plant.depo.msu.ru/open/public/item/MW1046911,http://creativecommons.org/licenses/by/4.0/legalcode,FALSE,MW1046911,none,none,df27e63f-82b2-464e-9286-a96163c961c9,acf523b0-8c81-4813-a85d-2361a8b487d4,FALSE,Moscow Digital Herbarium,A. Efremov,NA,herbarium specimen,none,Magnoliopsida,ID,none,none,ASIA,Indonesia,EUROPE,Moscow State University,MW1046911,NA,NA,http://grbio.org/institution/moscow-state-university,610,NA,NA,NA,NA,4974429608,en | ru,MW,MW1046911,Physical Object,in collection,MW1046911,Moscow State University,NA,use under CC-BY 4.0,NA,urn:lsid:biocol.org:col:15550,Drosera peltata Sm.,NA,NA,-8.376111,116.4575,https://rscf.ru/en/project/21-77-20042/,3190855,Drosera peltata,Drosera,peltata,Kollektor,urn:lsid:biocol.org:col:15550:01,common practice of herbarium collecting,WGS84,Drosera peltata Sm.,"International Code of Nomenclature for algae, fungi, and plants",manual verification,WGS84,no label data,MW1046911,11615872,78979191,MSU,"Seregin A. P. (Ed.). 2026. Specimen MW1046911 from the collection ""Moscow University Herbarium"" // Depository of Live Systems (branch ""Plants""): Electronic resource. – Moscow State University, Moscow. – Available at: https://plant.depo.mitotech.ru/open/public/item/MW1046911 (indicate access date).",Plantae | Tracheophyta | Magnoliopsida | Caryophyllales | Droseraceae | Drosera,Drosera,NA,Росянка щитовидная,NA,NA,NA,NA,NA,NA,NA,NA,NA,NA,NA,NA,NA,NA,NA,NA,NA,NA,NA,NA,NA,NA,NA,NA,NA,NA,NA,NA,NA,NA,NA,NA,NA,NA,NA,NA,NA,NA,NA,https://plant.depo.msu.ru/open/public/item/MW1046911/img/0.jpg?gbif,FALSE,ok
HERB_0103,sample_images/HERB_0103.jpg,5841202753,Broussonetia papyrifera (L.) L'Hér. ex Vent.,"cdc,gass84,gdativ,colmano,inmafu",10cfe1fe-ea15-4b73-b495-66c20d839bef,fec00ed1-a0f3-440b-b10c-d6dca979ade1,NA,08eefeeb-e20f-4482-8e0f-f218547e2f50,12b1df00-3f75-11d8-aa2d-b8a03c50a862,TW,EML,2026-07-13T18:00:10.806+00:00,2026-07-18T15:27:36.556+00:00,37,PRESERVED_SPECIMEN,PRESENT,5361944,6,7707728,220,691,6640,2984643,5361944,Broussonetia papyrifera (L.) L'Hér. ex Vent.,Plantae,Tracheophyta,Rosales,Moraceae,Broussonetia,SPECIES,ACCEPTED,NA,ASIA,NA,NA,NA,2019,8,29,2019-08-29,241,241,NA,2024-11-07T15:18:50.000+00:00,2026-07-18T15:27:36.556+00:00,https://hast.biodiv.tw/specimens/HAST:145389,http://creativecommons.org/licenses/by-nc/4.0/legalcode,FALSE,https://n2t.net/ark:/18474/b2bc3vg27,none,none,30da7241-59c0-4796-8da4-e8abb4aef6b9,NA,FALSE,NA,"Chuang, Chia-Rong (莊嘉瑢)",NA,NA,none,Magnoliopsida,ID,none,none,ASIA,Indonesia,ASIA,"Biodiversity Research Museum, Academia Sinica, Taiwan",https://n2t.net/ark:/18474/b2bc3vg27,28,NA,NA,37,NA,"Central Sulawesi, Tuare, Bada Valley",NA,NA,5841202753,NA,NA,https://n2t.net/ark:/18474/b2bc3vg27,NA,NA,145389,HAST,NA,NA,NA,NA,Broussonetia papyrifera (L.) L'Hér. ex Vent.,NA,NA,-1.903139,120.165278,NA,5361944,Broussonetia papyrifera,Broussonetia,papyrifera,NA,NA,NA,WGS84,NA,NA,NA,NA,NA,NA,NA,NA,HAST,NA,NA,NA,LC,構樹,NA,NA,NA,NA,NA,NA,NA,NA,NA,NA,NA,NA,NA,NA,NA,NA,NA,NA,NA,NA,NA,NA,NA,NA,NA,NA,NA,NA,NA,NA,NA,NA,NA,NA,NA,NA,NA,NA,NA,https://brmas-media.s3-ap-northeast-1.amazonaws.com/hast/specimen/S_145389-m.jpg,FALSE,ok
HERB_0104,sample_images/HERB_0104.jpg,2430565431,Cansjera rheedei J.F.Gmel.,,b5cdf794-8fa4-4a85-8b26-755d087bf531,2cd829bb-b713-433d-99cf-64bef11e5b3e,17abcf75-2f1e-46dd-bf75-a5b21dd02655,86c2834b-fcd6-418d-9b32-aca45110a0fe,2cd829bb-b713-433d-99cf-64bef11e5b3e,FR,EML,2026-08-13T15:27:43.858+00:00,2026-08-24T16:45:41.677+00:00,606,PRESERVED_SPECIMEN,PRESENT,7743229,6,7707728,220,934,3232649,7321363,7743229,Cansjera rheedei J.F.Gmel.,Plantae,Tracheophyta,Santalales,Opiliaceae,Cansjera,SPECIES,ACCEPTED,NA,ASIA,kompong chhnang,none,NA,2019,2,25,2019-02-25,56,56,NA,2020-01-14T18:34:18.000+00:00,2026-08-24T16:45:41.677+00:00,NA,http://creativecommons.org/licenses/by/4.0/legalcode,FALSE,http://coldb.mnhn.fr/catalognumber/mnhn/p/p00915946,none,none,6a6ac6c5-1b8a-48db-91a2-f8661274ff80,bc3d39fd-a7d4-4763-b951-2bdeddd8a5d2,FALSE,NA,"Hul, S.|Eum, S.|Peou, Y.",Hul,hb,none,Magnoliopsida,KH,none,none,ASIA,Cambodia,EUROPE,NA,http://coldb.mnhn.fr/catalognumber/mnhn/p/p00915946,NA,NA,http://grbio.org/institution/museum-national-dhistoire-naturelle,654,NA,NA,7072,NA,2430565431,NA,P,http://coldb.mnhn.fr/catalognumber/mnhn/p/p00915946,NA,NA,P00915946,MNHN,NA,NA,NA,NA,Cansjera rheedei J.F.Gmel.,NA,NA,NA,NA,NA,7743229,Cansjera rheedei,Cansjera,rheedei,NA,NA,NA,NA,NA,NA,NA,NA,NA,NA,NA,NA,NA,NA,NA,NA,NA,NA,NA,NA,NA,NA,NA,NA,NA,NA,NA,NA,NA,NA,NA,NA,"Liane de 7 m, épineuse à la base, à rameaux pubescents. Feuilles ovales-oblogues, longuement acuminées au sommet, pubescentes sur la nervure centrale de la face inférieure. Inflorescences en épis axillaires. Fruit : drupe rouge-orange à maturité",Kompong Trâlach,"Ta Chés, Svay dak kav",NA,NA,NA,NA,NA,NA,NA,NA,NA,NA,NA,NA,NA,NA,NA,NA,NA,NA,NA,NA,NA,NA,https://mediaphoto.mnhn.fr/media/1579023258710hs1SCMGeErfDMxjp,TRUE,error
HERB_0105,sample_images/HERB_0105.jpg,5833059618,Medinilla teysmannii Miq.,"cdc,inmafu",defb9a47-c1a7-4fb2-9a0b-2da7c5260cad,c4cbb860-e9c7-11da-8113-b8a03c50a862,"68e8e67a-43e6-44a3-8817-dc0e6b70f973,0479d6b2-a4f4-4307-8346-0b80e8c88c66",ac2ad091-91eb-482d-a73f-061744da5dbf,96710dc8-fecb-440d-ae3e-c34ae8a9616f,US,DWC_ARCHIVE,2026-08-22T14:49:41.590+00:00,2026-08-24T17:20:22.134+00:00,237,PRESERVED_SPECIMEN,PRESENT,7992302,6,7707728,220,690,6683,3188506,7992302,Medinilla teysmannii Miq.,Plantae,Tracheophyta,Myrtales,Melastomataceae,Medinilla,SPECIES,ACCEPTED,NA,ASIA,Dinagat Islands Province,NA,NA,2024,6,24,2024-06-24,176,176,NA,2026-02-18T12:49:40.000+00:00,2026-08-24T17:20:22.134+00:00,https://portal.torcherbaria.org/portal/collections/individual/index.php?occid=34055712,http://creativecommons.org/publicdomain/zero/1.0/legalcode,FALSE,34055712,none,none,a68aaf8c-9bfe-4bec-bab9-70cf5d6cde4a,5a7702f8-a46a-40a0-9eef-26d97ea45b5c,FALSE,NA,"Plants and Lichens of the Southern Philippines Survey; Peter W. Fritsch, Victor B. Amoroso, Fulgent P. Coritico, Darin S. Penneys, Maria Melanie M. Guiang, Vanessa Handley, Noel L. Lagunday, José Ignacio Márquez-Corro, Yvonne L. Cariño, April Joie D. Lagumbay, Noe P. Mendez, Joevina C. Nobleza, Pamela J. O",NA,Pressed herbarium specimen,none,Magnoliopsida,PH,none,none,ASIA,Philippines,NORTH_AMERICA,Botanical Research Institute of Texas,34055712,7219,"Growing in clay in exposed areas near camp. Ultramafic Forest. Ultramafic bedrock. Aspect: NE-facing. Area disturbed by clearing, mining.",NA,237,NA,"Philippines; Dinagat Island; Dinagat Islands Province; Municipality of Loreto; Barangay Esperanza. Mt. Redondo, vicinity of Krominco Inc. office house.",NA,NA,5833059618,English,BRIT,2d3f851c-00d4-4532-a797-f3bbe71a3501,NA,NA,BRIT1151315,BRIT,"Frequent. Additional materials: Photos, DNA. Collections supported by U.S. National Science Foundation grants DEB-1754667 and DEB-1754697. [Multisheet specimen: BRIT1151315,BRIT1151316]; Shrub 2.5 m tall; leaves green adaxially, pale green abaxially; corolla pink; calyx tube pale green with reddish pink at tip; fruits green.",NA,623 m,fea81a47-2365-45cc-bef9-b6bbff7457e6,Medinilla teysmannii Miq.,NA,NA,10.3604,125.63046,NA,7992302,Medinilla teysmannii,Medinilla,teysmannii,NA,NA,NA,WGS84,NA,NA,NA,NA,NA,NA,NA,NA,NA,NA,NA,NA,NA,NA,NA,623,NA,NA,NA,577213,NA,NA,NA,Barangay Esperanza,NA,NA,NA,NA,NA,Municipality of Loreto,NA,NA,24 June 2024,Dinagat,2d3f851c-00d4-4532-a797-f3bbe71a3501,http://creativecommons.org/publicdomain/zero/1.0/,NA,NA,NA,NA,abordelon,NA,NA,NA,NA,NA,NA,NA,NA,NA,NA,NA,NA,https://web.corral.tacc.utexas.edu/brit/BRIT/BRIT1151000/BRIT1151315.jpg,FALSE,error
HERB_0106,sample_images/HERB_0106.jpg,4873818200,Melicope glabra (Blume) T.G.Hartley,"cdc,cdround,gass84,incomis,inmafu",cd6e21c8-9e8a-493a-8a76-fbf7862069e5,061b4f20-f241-11da-a328-b8a03c50a862,17abcf75-2f1e-46dd-bf75-a5b21dd02655,996e30f8-f762-11e1-a439-00145eb45e9a,061b4f20-f241-11da-a328-b8a03c50a862,GB,DWC_ARCHIVE,2026-08-24T12:51:18.333+00:00,2026-08-24T20:51:08.398+00:00,539,PRESERVED_SPECIMEN,PRESENT,3833128,6,7707728,220,933,2396,3190188,3833128,Melicope glabra (Blume) T.G.Hartley,Plantae,Tracheophyta,Sapindales,Rutaceae,Melicope,SPECIES,ACCEPTED,NA,ASIA,NA,NA,NA,2020,3,4,2020-03-04T00:00,64,64,NA,2025-11-12T07:41:55.567+00:00,2026-08-24T20:51:08.398+00:00,NA,http://creativecommons.org/licenses/by/4.0/legalcode,FALSE,K002166636,none,none,fa252605-26f6-426c-9892-94d071c2c77f,NA,FALSE,NA,"Niissalo, M.A.; Choo, L.M.; Leong, P.; et al.",NA,NA,none,Magnoliopsida,SG,none,none,ASIA,Singapore,EUROPE,NA,K002166636,SING2020-208,NA,NA,539,NA,Bkt. Timah NR. Tiuo-Tiup Path,NA,NA,4873818200,NA,Herbarium,http://specimens.kew.org/herbarium/K002166636,NA,NA,K002166636,K,NA,NA,NA,NA,Melicope glabra (Blume) T.G.Hartley,NA,NA,1.358333,103.776111,NA,3833128,Melicope glabra,Melicope,glabra,NA,NA,NA,WGS84,NA,NA,NA,NA,NA,NA,NA,NA,NA,NA,Rutaceae,NA,LC,NA,NA,NA,NA,NA,NA,NA,NA,NA,NA,NA,NA,NA,NA,2813.7371838565487,NA,NA,NA,NA,NA,NA,NA,NA,NA,NA,NA,NA,NA,NA,NA,NA,NA,NA,NA,NA,NA,NA,NA,NA,NA,https://d2jcv3kl45hlgi.cloudfront.net/7ea613c447ae71c607e94f659a63ed21.jpg,FALSE,ok
HERB_0107,sample_images/HERB_0107.jpg,3461962314,Leuenbergeria bleo (Kunth) Lodé,,b5cdf794-8fa4-4a85-8b26-755d087bf531,2cd829bb-b713-433d-99cf-64bef11e5b3e,17abcf75-2f1e-46dd-bf75-a5b21dd02655,86c2834b-fcd6-418d-9b32-aca45110a0fe,2cd829bb-b713-433d-99cf-64bef11e5b3e,FR,EML,2026-08-13T15:27:43.858+00:00,2026-08-24T16:46:31.214+00:00,606,PRESERVED_SPECIMEN,PRESENT,10629177,6,7707728,220,422,2519,8400827,10629177,Leuenbergeria bleo (Kunth) Lodé,Plantae,Tracheophyta,Caryophyllales,Cactaceae,Leuenbergeria,SPECIES,ACCEPTED,NA,ASIA,siem réap,none,NA,2021,1,8,2021-01-08,8,8,NA,2022-02-09T10:39:59.000+00:00,2026-08-24T16:46:31.214+00:00,NA,http://creativecommons.org/licenses/by/4.0/legalcode,FALSE,http://coldb.mnhn.fr/catalognumber/mnhn/p/p01190807,none,none,6a6ac6c5-1b8a-48db-91a2-f8661274ff80,bc3d39fd-a7d4-4763-b951-2bdeddd8a5d2,FALSE,NA,"Hul, S.|Peou, Y.|Ratanak, V.",Hul,hb,none,Magnoliopsida,KH,none,none,ASIA,Cambodia,EUROPE,NA,http://coldb.mnhn.fr/catalognumber/mnhn/p/p01190807,NA,NA,http://grbio.org/institution/museum-national-dhistoire-naturelle,654,NA,NA,7198,Sangkat Slorkram,3461962314,NA,P,http://coldb.mnhn.fr/catalognumber/mnhn/p/p01190807,NA,NA,P01190807,MNHN,NA,NA,NA,NA,Leuenbergeria bleo (Kunth) Lodé,NA,NA,NA,NA,NA,10629177,Leuenbergeria bleo,Leuenbergeria,bleo,NA,NA,NA,NA,NA,NA,NA,NA,NA,NA,NA,NA,NA,NA,NA,NA,LC,NA,NA,NA,NA,NA,NA,NA,NA,NA,NA,NA,NA,NA,NA,NA,"Arbuste de 2-8 m de haut, rameux, épineux (grands faisceaux de longues épines). Feuilles elliptiques-oblongues ou obovales. Inflorescences axillaires ou terminales , fleurs jaune orangé ou rouges. Fruits turbinés à apex tronqué. Espèce introduite d'Amérique centrale , plante ornementale dans les jardin (cactus feuillé et arborescent)",Phum Daun Pa,NA,NA,NA,NA,NA,NA,NA,NA,NA,NA,NA,NA,NA,NA,NA,NA,NA,NA,NA,NA,NA,NA,NA,https://mediaphoto.mnhn.fr/media/1644399597363VJD2fLwlgEhUmC8G,TRUE,error
HERB_0108,sample_images/HERB_0108.jpg,2430565384,Holarrhena pubescens (Buch.-Ham.) Wall. ex G.Don,,b5cdf794-8fa4-4a85-8b26-755d087bf531,2cd829bb-b713-433d-99cf-64bef11e5b3e,17abcf75-2f1e-46dd-bf75-a5b21dd02655,86c2834b-fcd6-418d-9b32-aca45110a0fe,2cd829bb-b713-433d-99cf-64bef11e5b3e,FR,EML,2026-08-13T15:27:43.858+00:00,2026-08-24T16:45:41.526+00:00,606,PRESERVED_SPECIMEN,PRESENT,3169748,6,7707728,220,412,6701,3169747,3169748,Holarrhena pubescens (Buch.-Ham.) Wall. ex G.Don,Plantae,Tracheophyta,Gentianales,Apocynaceae,Holarrhena,SPECIES,ACCEPTED,NA,ASIA,mondulkiri,none,NA,2019,2,3,2019-02-03,34,34,NA,2020-01-14T18:34:09.000+00:00,2026-08-24T16:45:41.526+00:00,NA,http://creativecommons.org/licenses/by/4.0/legalcode,FALSE,http://coldb.mnhn.fr/catalognumber/mnhn/p/p00915910,none,none,6a6ac6c5-1b8a-48db-91a2-f8661274ff80,bc3d39fd-a7d4-4763-b951-2bdeddd8a5d2,FALSE,NA,"Hul, S.|Eum, S.|Peou, Y.",Hul,hb,none,Magnoliopsida,KH,none,none,ASIA,Cambodia,EUROPE,NA,http://coldb.mnhn.fr/catalognumber/mnhn/p/p00915910,NA,NA,http://grbio.org/institution/museum-national-dhistoire-naturelle,654,NA,NA,7035,NA,2430565384,NA,P,http://coldb.mnhn.fr/catalognumber/mnhn/p/p00915910,NA,NA,P00915910,MNHN,NA,NA,NA,NA,Holarrhena pubescens (Buch.-Ham.) Wall. ex G.Don,NA,NA,NA,NA,NA,3169748,Holarrhena pubescens,Holarrhena,pubescens,NA,NA,NA,NA,NA,NA,NA,NA,NA,NA,NA,NA,NA,NA,NA,NA,LC,NA,NA,NA,NA,NA,NA,NA,NA,NA,NA,NA,NA,NA,NA,NA,"""Arbuste de 5 m, jeunes rameaux pubescents. Feuilles ovales-oblongues ou elliptiques, acuminées au sommet, pubescentes à glabres. Inflorescences axillaires ou subterminales, en cymes corymbiformes ; fleurs blanches, pubescentes, odorantes. Fruits : 2 follicules pendants ; graines glabres""",O Réaing,Sen Monorom,NA,NA,NA,NA,NA,NA,NA,NA,NA,NA,NA,NA,NA,NA,NA,NA,NA,NA,NA,NA,NA,NA,https://mediaphoto.mnhn.fr/media/1579023249672cnQc5GCuOrj0gPMo,TRUE,error
HERB_0109,sample_images/HERB_0109.jpg,5106375465,Agapetes megacarpa W.W.Sm.,cdc,bf2a4bf0-5f31-11de-b67e-b8a03c50a862,98e934b0-5f31-11de-b67e-b8a03c50a862,"8e30b684-6a54-4aba-aa73-66201c2c736e,17abcf75-2f1e-46dd-bf75-a5b21dd02655",f6fe707e-cced-4efc-b5dc-be4c91b8180a,98e934b0-5f31-11de-b67e-b8a03c50a862,GB,DWC_ARCHIVE,2026-08-13T16:38:58.088+00:00,2026-08-24T20:20:29.690+00:00,445,PRESERVED_SPECIMEN,PRESENT,7329017,6,7707728,220,1353,2505,9479104,7329017,Agapetes megacarpa W.W.Sm.,Plantae,Tracheophyta,Ericales,Ericaceae,Agapetes,SPECIES,ACCEPTED,NA,ASIA,Sagaing,NA,Myanmar (Burma),2019,3,23,2019-03-23,82,82,NA,2025-04-22T13:04:09.000+00:00,2026-08-24T20:20:29.690+00:00,NA,http://creativecommons.org/publicdomain/zero/1.0/legalcode,FALSE,https://data.rbge.org.uk/herb/E01533952,none,none,0237598a-853a-492c-af74-a723fe251799,427c8cd7-4358-4a00-9ef3-2b2676d28d1e,FALSE,Edinburgh (E) Herbarium Specimens,"Armstrong, Kathleen Ellen & Pyae, Phoe La",NA,HERBARIUM SHEET,none,Magnoliopsida,MM,none,none,ASIA,Myanmar,EUROPE,NA,https://data.rbge.org.uk/herb/E01533952,4600,Growing in disturbed forest adjacent to village pasture.,https://scientific-collections.gbif.org/institution/0237598a-853a-492c-af74-a723fe251799,445,NA,Hkamti Township: Linpha village,NA,NA,5106375465,NA,E,https://data.rbge.org.uk/herb/E01533952,PhysicalObject,NA,E01533952,RBGE,NA,NA,NA,https://scientific-collections.gbif.org/collection/427c8cd7-4358-4a00-9ef3-2b2676d28d1e,Agapetes megacarpa W.W.Sm.,NA,NA,25.803,95.533139,NA,7329017,Agapetes megacarpa,Agapetes,megacarpa,NA,NA,NA,WGS84,NA,ICBN,NA,NA,NA,NA,NA,NA,E,NA,NA,NA,NA,NA,NA,NA,NA,NA,NA,NA,NA,NA,NA,NA,NA,NA,NA,NA,NA,Hkamti,NA,NA,23rd March 2019,NA,NA,NA,NA,NA,NA,NA,NA,NA,NA,NA,CC0,Royal Botanic Garden Edinburgh,1737353,NA,NA,NA,NA,NA,NA,https://iiif.rbge.org.uk/herb/iiif/E01533952/manifest,FALSE,not_image
HERB_0110,sample_images/HERB_0110.jpg,4979413241,Cyrtandra atrichos C.B.Clarke,cdc,bf2a4bf0-5f31-11de-b67e-b8a03c50a862,98e934b0-5f31-11de-b67e-b8a03c50a862,"8e30b684-6a54-4aba-aa73-66201c2c736e,17abcf75-2f1e-46dd-bf75-a5b21dd02655",f6fe707e-cced-4efc-b5dc-be4c91b8180a,98e934b0-5f31-11de-b67e-b8a03c50a862,GB,DWC_ARCHIVE,2026-08-13T16:38:58.088+00:00,2026-08-24T20:21:03.798+00:00,445,PRESERVED_SPECIMEN,PRESENT,5589282,6,7707728,220,408,6654,3172659,5589282,Cyrtandra atrichos C.B.Clarke,Plantae,Tracheophyta,Lamiales,Gesneriaceae,Cyrtandra,SPECIES,ACCEPTED,NA,ASIA,Sarawak,NA,Malay Islands,2024,2,28,2024-02-28,59,59,NA,2025-12-15T11:31:21.000+00:00,2026-08-24T20:21:03.798+00:00,NA,http://creativecommons.org/publicdomain/zero/1.0/legalcode,FALSE,https://data.rbge.org.uk/herb/E01494497,none,none,0237598a-853a-492c-af74-a723fe251799,427c8cd7-4358-4a00-9ef3-2b2676d28d1e,FALSE,Edinburgh (E) Herbarium Specimens,"Barber, Sadie, Wilkie, Peter, Sundue, Michael, Jawa, Rantai & Angkabau, Johnny",NA,HERBARIUM SHEET|Silica-dried|Spirit,none,Magnoliopsida,MY,none,none,ASIA,Malaysia,EUROPE,NA,https://data.rbge.org.uk/herb/E01494497,S.110674,Slope on ridge in disturbed mixed dipterocarp forest,https://scientific-collections.gbif.org/institution/0237598a-853a-492c-af74-a723fe251799,445,NA,"Kapit Forest Management Unit (FMU), Permanent Sample Plot",NA,NA,4979413241,NA,E,https://data.rbge.org.uk/herb/E01494497,PhysicalObject,NA,E01494497,RBGE,NA,NA,NA,https://scientific-collections.gbif.org/collection/427c8cd7-4358-4a00-9ef3-2b2676d28d1e,Cyrtandra atrichos C.B.Clarke,NA,NA,1.913992,112.932952,NA,5589282,Cyrtandra atrichos,Cyrtandra,atrichos,NA,NA,NA,WGS84,NA,ICBN,NA,NA,NA,NA,NA,NA,E,NA,NA,NA,NA,NA,NA,NA,NA,NA,NA,NA,NA,NA,NA,NA,NA,NA,NA,NA,NA,NA,NA,NA,28th February 2024,NA,NA,NA,NA,NA,NA,NA,NA,NA,NA,NA,CC0,Royal Botanic Garden Edinburgh,1571817,NA,NA,NA,NA,NA,NA,https://iiif.rbge.org.uk/herb/iiif/E01494497/manifest,FALSE,not_image
HERB_0111,sample_images/HERB_0111.jpg,6196925178,Adinobotrys atropurpureus (Wall.) Dunn,"colmafu,inmafu",1cbed1d0-f9ac-4b9e-bf3f-a26272bca39e,4fd82480-ea1c-11da-8db4-b8a03c50a862,NA,82d6992a-b20b-4e74-b6ac-6b971b2c485d,4fd82480-ea1c-11da-8db4-b8a03c50a862,JP,EML,2026-07-10T16:35:10.312+00:00,2026-07-18T17:50:19.106+00:00,222,PRESERVED_SPECIMEN,PRESENT,2952276,6,7707728,220,1370,5386,2943129,2952276,Adinobotrys atropurpureus (Wall.) Dunn,Plantae,Tracheophyta,Fabales,Fabaceae,Adinobotrys,SPECIES,ACCEPTED,NA,ASIA,Khammouan,NA,Asia|Laos|Khammouan|Khounkham|near Ban Nong Kok,2024,3,16,2024-03-16,76,76,NA,2025-10-16T00:00:00.000+00:00,2026-07-18T17:50:19.106+00:00,https://www.museum.kagoshima-u.ac.jp/hyouhonsitu.html,http://creativecommons.org/licenses/by/4.0/legalcode,FALSE,38bf4c91-4126-4910-8ed1-482b618c7128,none,none,7b6590f0-c03f-409b-ae28-f443c1166d23,e9e6df05-e289-4a64-8ace-a4d5dbd168e4,FALSE,NA,NA,NA,NA,none,Magnoliopsida,LA,none,none,ASIA,Lao People’s Democratic Republic,ASIA,NA,38bf4c91-4126-4910-8ed1-482b618c7128,Z901,NA,NA,232,NA,near Ban Nong Kok,NA,"Laos, Khammouan, Khounkham, near Ban Nong Kok",6196925178,NA,KAG,38bf4c91-4126-4910-8ed1-482b618c7128,NA,NA,KAG187313,KAG,NA,NA,NA,NA,Adinobotrys atropurpureus (Wall.) Dunn,NA,NA,18.20278,104.5909,NA,2952276,Adinobotrys atropurpureus,Adinobotrys,atropurpureus,NA,NA,NA,WGS84,NA,NA,NA,NA,obtained using GPS machine,NA,NA,NA,NA,NA,Plantae|Tracheophyta|Magnoliopsida|Fabales|Fabaceae|Adinobotrys|atropurpureus,NA,LC,NA,NA,621,NA,NA,NA,NA,NA,NA,NA,NA,NA,NA,NA,NA,NA,Khounkham,NA,NA,NA,NA,NA,NA,NA,NA,NA,NA,NA,NA,500,NA,NA,NA,NA,NA,NA,NA,NA,NA,NA,https://dbs.kaum.kagoshima-u.ac.jp/musedb/s_plant/picture/KAG187313/KAG187313.jpg,FALSE,ok
HERB_0112,sample_images/HERB_0112.jpg,4938763753,Praravinia parviflora Bremek.,"cdc,cdround,gass84,incomis,inmafu",cd6e21c8-9e8a-493a-8a76-fbf7862069e5,061b4f20-f241-11da-a328-b8a03c50a862,17abcf75-2f1e-46dd-bf75-a5b21dd02655,996e30f8-f762-11e1-a439-00145eb45e9a,061b4f20-f241-11da-a328-b8a03c50a862,GB,DWC_ARCHIVE,2026-08-24T12:51:18.333+00:00,2026-08-24T20:51:01.584+00:00,539,PRESERVED_SPECIMEN,PRESENT,2907575,6,7707728,220,412,8798,2907517,2907575,Praravinia parviflora Bremek.,Plantae,Tracheophyta,Gentianales,Rubiaceae,Praravinia,SPECIES,ACCEPTED,NA,ASIA,NA,NA,NA,2019,11,10,2019-11-10T00:00,314,314,NA,2026-01-25T18:17:20.613+00:00,2026-08-24T20:51:01.584+00:00,NA,http://creativecommons.org/licenses/by/4.0/legalcode,FALSE,K001893909,none,none,fa252605-26f6-426c-9892-94d071c2c77f,NA,TRUE,NA,"Lim, W.H.; Bazilah, I.; Watu, A.; Janagrun, E.; Azlan, P.; Clayton, J.",NA,NA,none,Magnoliopsida,BN,none,none,ASIA,Brunei Darussalam,EUROPE,NA,K001893909,LWH 130,NA,NA,539,NA,"Rambai, Kpg Belabau",NA,NA,4938763753,NA,Herbarium,http://specimens.kew.org/herbarium/K001893909,NA,NA,K001893909,K,NA,NA,NA,NA,Praravinia parviflora Bremek.,NA,NA,4.474444,114.793333,NA,2907575,Praravinia parviflora,Praravinia,parviflora,NA,NA,NA,WGS84,NA,NA,NA,NA,NA,NA,NA,NA,NA,NA,Rubiaceae,NA,NA,NA,NA,NA,NA,NA,NA,NA,NA,NA,NA,NA,NA,NA,NA,NA,NA,NA,NA,NA,NA,NA,NA,NA,NA,NA,NA,NA,NA,NA,NA,NA,NA,NA,NA,NA,NA,NA,NA,NA,NA,https://d2jcv3kl45hlgi.cloudfront.net/1476521dfc576566836ce305a8abb95f.jpg,FALSE,ok
HERB_0113,sample_images/HERB_0113.jpg,4420064303,Garcinia mangostana var. mangostana,"cdc,gass84",cb9beff3-a185-486f-975a-732251444158,2853c0e7-c758-4c9c-83a2-7c2d18967fb9,17abcf75-2f1e-46dd-bf75-a5b21dd02655,86c2834b-fcd6-418d-9b32-aca45110a0fe,2cd829bb-b713-433d-99cf-64bef11e5b3e,FR,EML,2026-08-13T15:27:43.165+00:00,2026-08-24T18:08:47.119+00:00,586,PRESERVED_SPECIMEN,PRESENT,10784194,6,7707728,220,1414,6646,3189556,10784194,Garcinia mangostana var. mangostana,Plantae,Tracheophyta,Malpighiales,Clusiaceae,Garcinia,VARIETY,ACCEPTED,NA,ASIA,Java,NA,NA,2022,8,10,2022-08-10,222,222,NA,2023-09-20T18:30:07.000+00:00,2026-08-24T18:08:47.119+00:00,NA,http://creativecommons.org/licenses/by/4.0/legalcode,FALSE,http://coldb.mnhn.fr/catalognumber/um/mpu/mpu885567,none,none,17ff2e84-80c7-4904-81c7-26183b3ce46e,1fddc155-2d5b-4b1d-92cb-1268e22cc2bb,FALSE,NA,"Yao, T.L.",Yao,hb,none,Magnoliopsida,ID,none,none,ASIA,Indonesia,EUROPE,NA,http://coldb.mnhn.fr/catalognumber/um/mpu/mpu885567,NA,NA,http://grscicoll.org/institution/université-montpellier-2,634,NA,NA,Manggis project/430,"Jawa Barat, Bogor, Leuwiliang, Cengal",4420064303,NA,MPU,http://coldb.mnhn.fr/catalognumber/um/mpu/mpu885567,NA,NA,MPU885567,UM,NA,NA,NA,NA,Garcinia mangostana var. mangostana,NA,NA,-6.61857,106.62759,NA,3189571,Garcinia mangostana,Garcinia,mangostana,NA,NA,NA,WGS84,NA,NA,NA,NA,NA,NA,NA,NA,NA,NA,NA,NA,NA,NA,NA,NA,NA,NA,NA,NA,NA,NA,NA,NA,mangostana,NA,NA,NA,"Old tree, c. 100 y.o. Upper part was prunned to prevent toppling by gust. Cross section of the trunk oval in shape. Exudate yellow",NA,NA,NA,NA,NA,NA,NA,NA,NA,NA,NA,NA,NA,NA,NA,NA,NA,NA,NA,NA,NA,NA,NA,NA,https://mediaphoto.mnhn.fr/media/1695916017263ZBnPPGKIvsafq6nn,FALSE,error
HERB_0114,sample_images/HERB_0114.jpg,6196928744,Passiflora foetida L.,"colmafu,inmafu",1cbed1d0-f9ac-4b9e-bf3f-a26272bca39e,4fd82480-ea1c-11da-8db4-b8a03c50a862,NA,82d6992a-b20b-4e74-b6ac-6b971b2c485d,4fd82480-ea1c-11da-8db4-b8a03c50a862,JP,EML,2026-07-10T16:35:10.312+00:00,2026-07-18T17:50:24.759+00:00,222,PRESERVED_SPECIMEN,PRESENT,2874211,6,7707728,220,1414,2378,2874172,2874211,Passiflora foetida L.,Plantae,Tracheophyta,Malpighiales,Passifloraceae,Passiflora,SPECIES,ACCEPTED,NA,ASIA,Kien Giang,NA,Asia|Vietnam|Kien Giang|Kien Luong Dist.|Binh An,2024,5,25,2024-05-25,146,146,NA,2025-10-16T00:00:00.000+00:00,2026-07-18T17:50:24.759+00:00,https://www.museum.kagoshima-u.ac.jp/hyouhonsitu.html,http://creativecommons.org/licenses/by/4.0/legalcode,FALSE,ef063284-cb0e-4eb1-91b6-6663cc8fa96a,none,none,7b6590f0-c03f-409b-ae28-f443c1166d23,e9e6df05-e289-4a64-8ace-a4d5dbd168e4,FALSE,NA,NA,NA,NA,none,Magnoliopsida,VN,none,none,ASIA,Viet Nam,ASIA,NA,ef063284-cb0e-4eb1-91b6-6663cc8fa96a,N569,NA,NA,232,NA,Binh An,NA,"Vietnam, Kien Giang, Kien Luong Dist., Binh An",6196928744,NA,KAG,ef063284-cb0e-4eb1-91b6-6663cc8fa96a,NA,NA,KAG188672,KAG,NA,NA,NA,NA,Passiflora foetida L.,NA,NA,10.15577,104.60976,NA,2874211,Passiflora foetida,Passiflora,foetida,NA,NA,NA,WGS84,NA,NA,NA,NA,obtained using GPS machine,NA,NA,NA,NA,NA,Plantae|Tracheophyta|Magnoliopsida|Malpighiales|Passifloraceae|Passiflora|foetida,NA,NA,NA,NA,40,NA,NA,NA,NA,NA,NA,NA,NA,NA,NA,NA,NA,NA,Kien Luong Dist.,NA,NA,NA,NA,NA,NA,NA,NA,NA,NA,NA,NA,500,NA,NA,NA,NA,NA,NA,NA,NA,NA,NA,https://dbs.kaum.kagoshima-u.ac.jp/musedb/s_plant/picture/KAG188672/KAG188672.jpg,FALSE,ok
HERB_0115,sample_images/HERB_0115.jpg,4974433771,Pseuderanthemum graciliflorum (Nees) Ridl.,"cdc,cdround,colmafu,inmafu",902c8fe7-8f38-45b0-854e-c324fed36303,f5fc4e61-b7a0-414b-ab68-b41cb23e7fdc,NA,91d2f516-bdfa-458f-bad1-66717101b49f,f5fc4e61-b7a0-414b-ab68-b41cb23e7fdc,RU,EML,2026-08-21T18:06:57.852+00:00,2026-08-21T18:14:11.678+00:00,610,PRESERVED_SPECIMEN,PRESENT,3781048,6,7707728,220,408,2393,3173132,3781048,Pseuderanthemum graciliflorum (Nees) Ridl.,Plantae,Tracheophyta,Lamiales,Acanthaceae,Pseuderanthemum,SPECIES,ACCEPTED,NA,ASIA,NA,NA,South Asia|South Asia (Asia outside ex-Soviet states and Mongolia)|Indonesia,2023,12,25,2023-12-25,359,359,NA,2024-12-26T12:46:27.000+00:00,2026-08-21T18:14:11.678+00:00,https://plant.depo.msu.ru/open/public/item/MW1047888,http://creativecommons.org/licenses/by/4.0/legalcode,FALSE,MW1047888,none,none,df27e63f-82b2-464e-9286-a96163c961c9,acf523b0-8c81-4813-a85d-2361a8b487d4,FALSE,Moscow Digital Herbarium,A. Efremov,NA,herbarium specimen,none,Magnoliopsida,ID,none,none,ASIA,Indonesia,EUROPE,Moscow State University,MW1047888,NA,NA,http://grbio.org/institution/moscow-state-university,610,NA,NA,NA,NA,4974433771,en | ru,MW,MW1047888,Physical Object,in collection,MW1047888,Moscow State University,NA,use under CC-BY 4.0,NA,urn:lsid:biocol.org:col:15550,Pseuderanthemum graciliflorum (Nees) Ridl.,NA,NA,-8.567297,116.2335,https://rscf.ru/en/project/21-77-20042/,3781048,Pseuderanthemum graciliflorum,Pseuderanthemum,graciliflorum,Kollektor,urn:lsid:biocol.org:col:15550:01,common practice of herbarium collecting,WGS84,Pseuderanthemum graciliflorum (Nees) Ridl.,"International Code of Nomenclature for algae, fungi, and plants",manual verification,WGS84,no label data,MW1047888,329875559,329875560,MSU,"Seregin A. P. (Ed.). 2026. Specimen MW1047888 from the collection ""Moscow University Herbarium"" // Depository of Live Systems (branch ""Plants""): Electronic resource. – Moscow State University, Moscow. – Available at: https://plant.depo.mitotech.ru/open/public/item/MW1047888 (indicate access date).",Plantae | Tracheophyta | Magnoliopsida | Lamiales | Acanthaceae | Acanthoideae | Pseuderanthemum,Pseuderanthemum,NA,NA,NA,NA,NA,NA,NA,NA,NA,NA,NA,NA,NA,NA,NA,NA,NA,NA,NA,NA,NA,NA,NA,NA,NA,NA,NA,NA,NA,NA,NA,NA,NA,NA,NA,NA,NA,NA,NA,NA,NA,https://plant.depo.msu.ru/open/public/item/MW1047888/img/0.jpg?gbif,FALSE,ok
HERB_0116,sample_images/HERB_0116.jpg,4420064305,Garcinia mangostana L.,"cdc,gass84",cb9beff3-a185-486f-975a-732251444158,2853c0e7-c758-4c9c-83a2-7c2d18967fb9,17abcf75-2f1e-46dd-bf75-a5b21dd02655,86c2834b-fcd6-418d-9b32-aca45110a0fe,2cd829bb-b713-433d-99cf-64bef11e5b3e,FR,EML,2026-08-13T15:27:43.165+00:00,2026-08-24T18:08:37.714+00:00,586,PRESERVED_SPECIMEN,PRESENT,3189571,6,7707728,220,1414,6646,3189556,3189571,Garcinia mangostana L.,Plantae,Tracheophyta,Malpighiales,Clusiaceae,Garcinia,SPECIES,ACCEPTED,NA,ASIA,Java,NA,NA,2022,8,7,2022-08-07,219,219,NA,2023-09-28T17:47:00.000+00:00,2026-08-24T18:08:37.714+00:00,NA,http://creativecommons.org/licenses/by/4.0/legalcode,FALSE,http://coldb.mnhn.fr/catalognumber/um/mpu/mpu885578,none,none,17ff2e84-80c7-4904-81c7-26183b3ce46e,1fddc155-2d5b-4b1d-92cb-1268e22cc2bb,FALSE,NA,"Yao, T.L.",Yao,hb,none,Magnoliopsida,ID,none,none,ASIA,Indonesia,EUROPE,NA,http://coldb.mnhn.fr/catalognumber/um/mpu/mpu885578,NA,NA,http://grscicoll.org/institution/université-montpellier-2,634,NA,NA,Manggis project/402,"Jawa Barat, Bogor, Cileungsi, Mekarsari Fruit Garden (from Sumatra)",4420064305,NA,MPU,http://coldb.mnhn.fr/catalognumber/um/mpu/mpu885578,NA,NA,MPU885578,UM,NA,NA,NA,NA,Garcinia mangostana L.,NA,NA,-6.4158,106.98571,NA,3189571,Garcinia mangostana,Garcinia,mangostana,NA,NA,NA,WGS84,NA,NA,NA,NA,NA,NA,NA,NA,NA,NA,NA,NA,DD,NA,NA,NA,NA,NA,NA,NA,NA,NA,NA,NA,NA,NA,NA,NA,NA,NA,NA,NA,NA,NA,NA,NA,NA,NA,NA,"Planted in Mekarsari Fruit Garden, raised from wildings",NA,NA,NA,NA,NA,NA,NA,NA,NA,NA,NA,NA,NA,https://mediaphoto.mnhn.fr/media/1695916020493V7eQAAK56xbsS7ML,FALSE,error
HERB_0117,sample_images/HERB_0117.jpg,5106374584,Pycnarrhena pleniflora Hook.fil. & Thomson,,bf2a4bf0-5f31-11de-b67e-b8a03c50a862,98e934b0-5f31-11de-b67e-b8a03c50a862,"8e30b684-6a54-4aba-aa73-66201c2c736e,17abcf75-2f1e-46dd-bf75-a5b21dd02655",f6fe707e-cced-4efc-b5dc-be4c91b8180a,98e934b0-5f31-11de-b67e-b8a03c50a862,GB,DWC_ARCHIVE,2026-08-13T16:38:58.088+00:00,2026-08-24T20:20:21.599+00:00,445,PRESERVED_SPECIMEN,PRESENT,7743403,6,7707728,220,399,2411,7268777,7743403,Pycnarrhena pleniflora Hook.fil. & Thomson,Plantae,Tracheophyta,Ranunculales,Menispermaceae,Pycnarrhena,SPECIES,ACCEPTED,NA,ASIA,Sagaing,none,Myanmar (Burma),2019,3,16,2019-03-16,75,75,NA,2025-04-07T10:35:40.000+00:00,2026-08-24T20:20:21.599+00:00,NA,http://creativecommons.org/publicdomain/zero/1.0/legalcode,FALSE,https://data.rbge.org.uk/herb/E01539003,none,none,0237598a-853a-492c-af74-a723fe251799,427c8cd7-4358-4a00-9ef3-2b2676d28d1e,FALSE,Edinburgh (E) Herbarium Specimens,"Armstrong, Kathleen Ellen, Nwe, Thet Yu, Kramer, Marshall, Linn, Wah Wah, Khaing, Myo, Myint, Thar, Pyae, Phoe La, Kyi, Aung, Nyo, Kyi, Myint, Han Sein, Nge, Maung & Oo, Myint",NA,HERBARIUM SHEET,none,Magnoliopsida,MM,none,none,ASIA,Myanmar,EUROPE,NA,https://data.rbge.org.uk/herb/E01539003,4468,Growing in primary forest.,https://scientific-collections.gbif.org/institution/0237598a-853a-492c-af74-a723fe251799,445,NA,"Htamanthi Wildlife Sanctuary. Nam Phi Lin stream, camp 1",NA,NA,5106374584,NA,E,https://data.rbge.org.uk/herb/E01539003,PhysicalObject,NA,E01539003,RBGE,NA,NA,NA,https://scientific-collections.gbif.org/collection/427c8cd7-4358-4a00-9ef3-2b2676d28d1e,Pycnarrhena pleniflora Hook.fil. & Thomson,NA,NA,NA,NA,NA,7743403,Pycnarrhena pleniflora,Pycnarrhena,pleniflora,NA,NA,NA,NA,NA,ICBN,NA,NA,NA,NA,NA,NA,E,NA,NA,NA,NA,NA,NA,NA,NA,NA,NA,NA,NA,NA,NA,NA,NA,NA,NA,NA,NA,Hkamti,NA,NA,16th March 2019,NA,NA,NA,NA,NA,NA,NA,NA,NA,NA,NA,CC0,Royal Botanic Garden Edinburgh,1737827,NA,NA,NA,NA,NA,NA,https://iiif.rbge.org.uk/herb/iiif/E01539003/manifest,FALSE,not_image
HERB_0118,sample_images/HERB_0118.jpg,2430565433,Memecylon edule var. ovatum (Sm.) C.B.Clarke,txmatfuz,b5cdf794-8fa4-4a85-8b26-755d087bf531,2cd829bb-b713-433d-99cf-64bef11e5b3e,17abcf75-2f1e-46dd-bf75-a5b21dd02655,86c2834b-fcd6-418d-9b32-aca45110a0fe,2cd829bb-b713-433d-99cf-64bef11e5b3e,FR,EML,2026-08-13T15:27:43.858+00:00,2026-08-24T16:46:24.807+00:00,606,PRESERVED_SPECIMEN,PRESENT,5938346,6,7707728,220,690,6683,3716283,3864867,Memecylon ovatum Sm.,Plantae,Tracheophyta,Myrtales,Melastomataceae,Memecylon,VARIETY,SYNONYM,NA,ASIA,mondulkiri,none,NA,2019,2,3,2019-02-03,34,34,NA,2020-01-14T18:34:07.000+00:00,2026-08-24T16:46:24.807+00:00,NA,http://creativecommons.org/licenses/by/4.0/legalcode,FALSE,http://coldb.mnhn.fr/catalognumber/mnhn/p/p00915903,none,none,6a6ac6c5-1b8a-48db-91a2-f8661274ff80,bc3d39fd-a7d4-4763-b951-2bdeddd8a5d2,FALSE,NA,"Hul, S.|Eum, S.|Peou, Y.",Hul,hb,none,Magnoliopsida,KH,none,none,ASIA,Cambodia,EUROPE,NA,http://coldb.mnhn.fr/catalognumber/mnhn/p/p00915903,NA,NA,http://grbio.org/institution/museum-national-dhistoire-naturelle,654,NA,NA,7028,NA,2430565433,NA,P,http://coldb.mnhn.fr/catalognumber/mnhn/p/p00915903,NA,NA,P00915903,MNHN,NA,NA,NA,NA,Memecylon edule var. ovatum (Sm.) C.B.Clarke,NA,NA,NA,NA,NA,3864867,Memecylon ovatum,Memecylon,edule,NA,NA,NA,NA,NA,NA,NA,NA,NA,NA,NA,NA,NA,NA,NA,NA,NA,NA,NA,NA,NA,NA,NA,NA,NA,NA,NA,NA,ovatum,NA,NA,NA,"""Arbuste de 5 m. Feuilles ovales ou obovales, plus ou moins obtuses au sommet. Fleurs bleues, à calice blanche ; pétales obtus. Fruits subglobuleux""",O Réaing,Sen Monorom,NA,NA,NA,NA,NA,NA,NA,NA,NA,NA,NA,NA,NA,NA,NA,NA,NA,NA,NA,NA,NA,NA,https://mediaphoto.mnhn.fr/media/1579023247353Re8IP2jBZu8asaZk,FALSE,error
HERB_0119,sample_images/HERB_0119.jpg,4519431616,Ficus virens Aiton,"incomis,inmafu",cd6e21c8-9e8a-493a-8a76-fbf7862069e5,061b4f20-f241-11da-a328-b8a03c50a862,17abcf75-2f1e-46dd-bf75-a5b21dd02655,996e30f8-f762-11e1-a439-00145eb45e9a,061b4f20-f241-11da-a328-b8a03c50a862,GB,DWC_ARCHIVE,2026-08-24T12:51:18.333+00:00,2026-08-24T20:49:50.841+00:00,539,PRESERVED_SPECIMEN,PRESENT,9512597,6,7707728,220,691,6640,2984588,9512597,Ficus virens Aiton,Plantae,Tracheophyta,Rosales,Moraceae,Ficus,SPECIES,ACCEPTED,NA,ASIA,NA,none,NA,2021,8,22,2021-08-22T00:00,234,234,NA,2025-11-18T07:37:09.183+00:00,2026-08-24T20:49:50.841+00:00,NA,http://creativecommons.org/licenses/by/4.0/legalcode,FALSE,K001560483,none,none,fa252605-26f6-426c-9892-94d071c2c77f,NA,FALSE,NA,"Chua, C.T.",NA,NA,none,Magnoliopsida,SG,none,none,ASIA,Singapore,EUROPE,NA,K001560483,SING2021-606,NA,NA,539,NA,NA,NA,NA,4519431616,NA,Herbarium,http://specimens.kew.org/herbarium/K001560483,NA,NA,K001560483,K,NA,NA,NA,NA,Ficus virens Aiton,NA,NA,NA,NA,NA,9512597,Ficus virens,Ficus,virens,NA,NA,NA,NA,NA,NA,NA,NA,NA,NA,NA,NA,NA,NA,Moraceae,NA,LC,NA,NA,NA,NA,NA,NA,NA,NA,NA,NA,NA,NA,NA,NA,NA,NA,NA,NA,NA,NA,NA,NA,NA,NA,NA,NA,NA,NA,NA,NA,NA,NA,NA,NA,NA,NA,NA,NA,NA,NA,https://d2jcv3kl45hlgi.cloudfront.net/e66829ef75d8d2807e5987dcc84def6c.jpg,FALSE,ok
HERB_0120,sample_images/HERB_0120.jpg,4607891516,Bouea oppositifolia (Roxb.) Meisn.,"incomis,inmafu",cd6e21c8-9e8a-493a-8a76-fbf7862069e5,061b4f20-f241-11da-a328-b8a03c50a862,17abcf75-2f1e-46dd-bf75-a5b21dd02655,996e30f8-f762-11e1-a439-00145eb45e9a,061b4f20-f241-11da-a328-b8a03c50a862,GB,DWC_ARCHIVE,2026-08-24T12:51:18.333+00:00,2026-08-24T20:50:53.546+00:00,539,PRESERVED_SPECIMEN,PRESENT,3659898,6,7707728,220,933,2398,7321532,3659898,Bouea oppositifolia (Roxb.) Meisn.,Plantae,Tracheophyta,Sapindales,Anacardiaceae,Bouea,SPECIES,ACCEPTED,NA,ASIA,NA,none,NA,2021,1,7,2021-01-07T00:00,7,7,NA,2026-01-25T18:17:20.613+00:00,2026-08-24T20:50:53.546+00:00,NA,http://creativecommons.org/licenses/by/4.0/legalcode,FALSE,K001871930,none,none,fa252605-26f6-426c-9892-94d071c2c77f,NA,FALSE,NA,"Neo, L.; Ganesan, S.K.",NA,NA,none,Magnoliopsida,SG,none,none,ASIA,Singapore,EUROPE,NA,K001871930,LN 2021-001,NA,NA,539,NA,South View Path,NA,NA,4607891516,NA,Herbarium,http://specimens.kew.org/herbarium/K001871930,NA,NA,K001871930,K,NA,NA,NA,NA,Bouea oppositifolia (Roxb.) Meisn.,NA,NA,NA,NA,NA,3659898,Bouea oppositifolia,Bouea,oppositifolia,NA,NA,NA,NA,NA,NA,NA,NA,NA,NA,NA,NA,NA,NA,Anacardiaceae,NA,LC,NA,NA,NA,NA,NA,NA,NA,NA,NA,NA,NA,NA,NA,NA,NA,NA,NA,NA,NA,NA,NA,NA,NA,NA,NA,NA,NA,NA,NA,NA,NA,NA,NA,NA,NA,NA,NA,NA,NA,NA,https://d2jcv3kl45hlgi.cloudfront.net/a6157de2cac72b22b96c0d105d92b7ca.jpg,FALSE,ok
HERB_0121,sample_images/HERB_0121.jpg,3461933306,Citrus × aurantium L.,,b5cdf794-8fa4-4a85-8b26-755d087bf531,2cd829bb-b713-433d-99cf-64bef11e5b3e,17abcf75-2f1e-46dd-bf75-a5b21dd02655,86c2834b-fcd6-418d-9b32-aca45110a0fe,2cd829bb-b713-433d-99cf-64bef11e5b3e,FR,EML,2026-08-13T15:27:43.858+00:00,2026-08-24T16:45:39.245+00:00,606,PRESERVED_SPECIMEN,PRESENT,8077391,6,7707728,220,933,2396,3190155,8077391,Citrus × aurantium L.,Plantae,Tracheophyta,Sapindales,Rutaceae,Citrus,SPECIES,ACCEPTED,NA,ASIA,siem réap,none,NA,2021,1,8,2021-01-08,8,8,NA,2022-04-01T08:37:22.000+00:00,2026-08-24T16:45:39.245+00:00,NA,http://creativecommons.org/licenses/by/4.0/legalcode,FALSE,http://coldb.mnhn.fr/catalognumber/mnhn/p/p01190825,none,none,6a6ac6c5-1b8a-48db-91a2-f8661274ff80,bc3d39fd-a7d4-4763-b951-2bdeddd8a5d2,FALSE,NA,"Hul, S.|Peou, Y.|Ratanak, V.",Hul,hb,none,Magnoliopsida,KH,none,none,ASIA,Cambodia,EUROPE,NA,http://coldb.mnhn.fr/catalognumber/mnhn/p/p01190825,NA,NA,http://grbio.org/institution/museum-national-dhistoire-naturelle,654,NA,NA,7216,Sangkat Slorkram,3461933306,NA,P,http://coldb.mnhn.fr/catalognumber/mnhn/p/p01190825,NA,NA,P01190825,MNHN,NA,NA,NA,NA,Citrus × aurantium L.,NA,NA,NA,NA,NA,8077391,Citrus aurantium,Citrus,aurantium,NA,NA,NA,NA,NA,NA,NA,NA,NA,NA,NA,NA,NA,NA,NA,NA,NA,NA,NA,NA,NA,NA,NA,NA,NA,NA,NA,NA,NA,NA,NA,NA,"Arbuste ou arbre, de 2-10 m de haut, armé de grosses épines droites. Feuilles simples, alternes , limbe entier, à marge vaguement crénelée, présence d'épine à l'aissele du pétiole , pétiole légèrement ailé. Fleurs ± odorantes. Fruits globuleux, souvent aplatis au-dessus, pulpe amère, d'où le nom d'orange amère. Graines nombreuses",Phum Daun Pa,NA,NA,NA,NA,NA,NA,NA,NA,NA,NA,NA,NA,NA,NA,NA,NA,NA,NA,NA,NA,NA,NA,NA,https://mediaphoto.mnhn.fr/media/1648795041524ajwmZNv29gOilnIE,FALSE,error
HERB_0122,sample_images/HERB_0122.jpg,3416526305,Garcinia parvifolia (Miq.) Miq.,"cdc,gass84",cb9beff3-a185-486f-975a-732251444158,2853c0e7-c758-4c9c-83a2-7c2d18967fb9,17abcf75-2f1e-46dd-bf75-a5b21dd02655,86c2834b-fcd6-418d-9b32-aca45110a0fe,2cd829bb-b713-433d-99cf-64bef11e5b3e,FR,EML,2026-08-13T15:27:43.165+00:00,2026-08-24T18:08:48.240+00:00,586,PRESERVED_SPECIMEN,PRESENT,8397536,6,7707728,220,1414,6646,3189556,8397536,Garcinia parvifolia (Miq.) Miq.,Plantae,Tracheophyta,Malpighiales,Clusiaceae,Garcinia,SPECIES,ACCEPTED,NA,ASIA,NA,NA,NA,2020,3,25,2020-03-25,85,85,NA,2021-12-17T16:45:46.000+00:00,2026-08-24T18:08:48.240+00:00,NA,http://creativecommons.org/licenses/by/4.0/legalcode,FALSE,http://coldb.mnhn.fr/catalognumber/um/mpu/mpu1400354,none,none,17ff2e84-80c7-4904-81c7-26183b3ce46e,1fddc155-2d5b-4b1d-92cb-1268e22cc2bb,FALSE,NA,"Yao, T.L.|Leong, P.K.F.|Lim, W.H.|Chia, E.J.J.",Yao,hb,none,Magnoliopsida,SG,none,none,ASIA,Singapore,EUROPE,NA,http://coldb.mnhn.fr/catalognumber/um/mpu/mpu1400354,NA,NA,http://grscicoll.org/institution/université-montpellier-2,634,NA,NA,88,"Singapore Botanic Garden, Rain Forest",3416526305,NA,MPU,http://coldb.mnhn.fr/catalognumber/um/mpu/mpu1400354,NA,NA,MPU1400354,UM,NA,NA,NA,NA,Garcinia parvifolia (Miq.) Miq.,NA,NA,1.39487,103.81105,NA,8397536,Garcinia parvifolia,Garcinia,parvifolia,NA,NA,NA,WGS84,NA,NA,NA,NA,NA,NA,NA,NA,NA,NA,NA,NA,LC,NA,NA,NA,NA,NA,NA,NA,NA,NA,NA,NA,NA,NA,NA,3348.8504043166813,"Native tree. Surveyed and measured in the latest census, wax paper tag reads 'Forest/N1-ZY147'. Ht. c. 8 m, DBH 15.5 cm. Bark dark reddish brown, flaky. Cut twig exudate white",NA,NA,NA,NA,NA,NA,NA,NA,NA,NA,Sub-canopy,NA,NA,NA,NA,NA,NA,NA,NA,NA,NA,NA,NA,NA,https://mediaphoto.mnhn.fr/media/1639755946443KsHqLIjO7NGevnGe,FALSE,error
HERB_0123,sample_images/HERB_0123.jpg,1144985344,Anemone petiolulosa Juz.,"cdc,cucdmis,cum",bf2a4bf0-5f31-11de-b67e-b8a03c50a862,98e934b0-5f31-11de-b67e-b8a03c50a862,"8e30b684-6a54-4aba-aa73-66201c2c736e,17abcf75-2f1e-46dd-bf75-a5b21dd02655",f6fe707e-cced-4efc-b5dc-be4c91b8180a,98e934b0-5f31-11de-b67e-b8a03c50a862,GB,DWC_ARCHIVE,2026-08-13T16:38:58.088+00:00,2026-08-24T20:20:38.890+00:00,445,PRESERVED_SPECIMEN,PRESENT,3924081,6,7707728,220,399,2410,3016227,3924081,Anemone petiolulosa Juz.,Plantae,Tracheophyta,Ranunculales,Ranunculaceae,Anemone,SPECIES,ACCEPTED,NA,ASIA,Leninabad,NA,Northern Asia,2015,4,30,2015-04-30,120,120,NA,2023-12-06T10:15:46.000+00:00,2026-08-24T20:20:38.890+00:00,NA,http://creativecommons.org/publicdomain/zero/1.0/legalcode,FALSE,https://data.rbge.org.uk/herb/E00737283,none,none,0237598a-853a-492c-af74-a723fe251799,427c8cd7-4358-4a00-9ef3-2b2676d28d1e,FALSE,Edinburgh (E) Herbarium Specimens,"Second Edinburgh Kulob Expedition to Tajikistan,",NA,HERBARIUM SHEET,none,Magnoliopsida,TL,none,none,ASIA,Timor-Leste,EUROPE,NA,https://data.rbge.org.uk/herb/E00737283,3,"Open slopes gravel soil mix with light clay;  Vegetation: Ferula, Eremurus",https://scientific-collections.gbif.org/institution/0237598a-853a-492c-af74-a723fe251799,445,NA,"Tajikistan:Viloyati Mukhtori Kuhistoni (Khorugh, Formerly Khorog):Sagirdasht pass near Kala- khumb GBAO",NA,NA,1144985344,NA,E,https://data.rbge.org.uk/herb/E00737283,PhysicalObject,NA,E00737283,RBGE,NA,NA,1478m,https://scientific-collections.gbif.org/collection/427c8cd7-4358-4a00-9ef3-2b2676d28d1e,Anemone petiolulosa Juz.,NA,NA,38.507778,70.802778,NA,3924081,Anemone petiolulosa,Anemone,petiolulosa,NA,NA,NA,WGS84,NA,ICBN,NA,NA,NA,NA,NA,NA,E,NA,NA,NA,NA,NA,NA,1478,0,NA,NA,NA,NA,NA,NA,NA,NA,NA,NA,NA,NA,NA,NA,NA,30th April 2015,NA,NA,NA,NA,NA,NA,NA,NA,NA,NA,NA,CC0,Royal Botanic Garden Edinburgh,743669,NA,NA,NA,NA,NA,NA,https://iiif.rbge.org.uk/herb/iiif/E00737283/manifest,FALSE,not_image
HERB_0124,sample_images/HERB_0124.jpg,6196923363,Polyalthia corticosa (Pierre) Finet & Gagnep.,"colmafu,inmafu",1cbed1d0-f9ac-4b9e-bf3f-a26272bca39e,4fd82480-ea1c-11da-8db4-b8a03c50a862,NA,82d6992a-b20b-4e74-b6ac-6b971b2c485d,4fd82480-ea1c-11da-8db4-b8a03c50a862,JP,EML,2026-07-10T16:35:10.312+00:00,2026-07-18T17:50:14.806+00:00,222,PRESERVED_SPECIMEN,PRESENT,3156442,6,7707728,220,718,9291,3156263,3156442,Polyalthia corticosa (Pierre) Finet & Gagnep.,Plantae,Tracheophyta,Magnoliales,Annonaceae,Polyalthia,SPECIES,ACCEPTED,NA,ASIA,Khammouan,NA,Asia|Laos|Khammouan|Khounkham|Tad Nam Sanam,2024,3,15,2024-03-15,75,75,NA,2025-10-16T00:00:00.000+00:00,2026-07-18T17:50:14.806+00:00,https://www.museum.kagoshima-u.ac.jp/hyouhonsitu.html,http://creativecommons.org/licenses/by/4.0/legalcode,FALSE,1d2c047a-bb2f-4533-b7c5-6af3979624db,none,none,7b6590f0-c03f-409b-ae28-f443c1166d23,e9e6df05-e289-4a64-8ace-a4d5dbd168e4,FALSE,NA,NA,NA,NA,none,Magnoliopsida,LA,none,none,ASIA,Lao People’s Democratic Republic,ASIA,NA,1d2c047a-bb2f-4533-b7c5-6af3979624db,Z795,NA,NA,232,NA,Tad Nam Sanam,NA,"Laos, Khammouan, Khounkham, Tad Nam Sanam",6196923363,NA,KAG,1d2c047a-bb2f-4533-b7c5-6af3979624db,NA,NA,KAG187210,KAG,NA,NA,NA,NA,Polyalthia corticosa (Pierre) Finet & Gagnep.,NA,NA,18.21963,104.50306,NA,3156442,Polyalthia corticosa,Polyalthia,corticosa,NA,NA,NA,WGS84,NA,NA,NA,NA,obtained using GPS machine,NA,NA,NA,NA,NA,Plantae|Tracheophyta|Magnoliopsida|Magnoliales|Annonaceae|Polyalthia|corticosa,NA,DD,NA,NA,458,NA,NA,NA,NA,NA,NA,NA,NA,NA,NA,NA,NA,NA,Khounkham,NA,NA,NA,NA,NA,NA,NA,NA,NA,NA,NA,NA,500,NA,NA,NA,NA,NA,NA,NA,NA,NA,NA,https://dbs.kaum.kagoshima-u.ac.jp/musedb/s_plant/picture/KAG187210/KAG187210.jpg,FALSE,ok
HERB_0125,sample_images/HERB_0125.jpg,5895916948,"Leptomischus multiflorus Nuraliev, K.S.Nguyen & L.Wu","cdc,cdround,colmafu,inmafu",902c8fe7-8f38-45b0-854e-c324fed36303,f5fc4e61-b7a0-414b-ab68-b41cb23e7fdc,NA,91d2f516-bdfa-458f-bad1-66717101b49f,f5fc4e61-b7a0-414b-ab68-b41cb23e7fdc,RU,EML,2026-08-21T18:06:57.852+00:00,2026-08-21T18:14:21.198+00:00,610,PRESERVED_SPECIMEN,PRESENT,12195115,6,7707728,220,412,8798,2900804,12195115,"Leptomischus multiflorus Nuraliev, K.S.Nguyen & L.Wu",Plantae,Tracheophyta,Gentianales,Rubiaceae,Leptomischus,SPECIES,ACCEPTED,NA,ASIA,NA,NA,South Asia|South Asia (Asia outside ex-Soviet states and Mongolia)|Vietnam,2024,3,18,2024-03-18,78,78,NA,2025-12-18T11:15:50.000+00:00,2026-08-21T18:14:21.198+00:00,https://plant.depo.msu.ru/open/public/item/MW1038074,http://creativecommons.org/licenses/by/4.0/legalcode,FALSE,MW1038074,none,none,df27e63f-82b2-464e-9286-a96163c961c9,acf523b0-8c81-4813-a85d-2361a8b487d4,FALSE,Moscow Digital Herbarium,Nguyen H.C.,NA,herbarium specimen,none,Magnoliopsida,VN,none,none,ASIA,Viet Nam,EUROPE,Moscow State University,MW1038074,NA,NA,http://grbio.org/institution/moscow-state-university,610,NA,NA,NA,NA,5895916948,en | ru,MW,MW1038074,Physical Object,in collection,MW1038074,Moscow State University,NA,use under CC-BY 4.0,NA,urn:lsid:biocol.org:col:15550,"Leptomischus multiflorus Nuraliev, K.S.Nguyen & L.Wu",NA,NA,21.757778,104.573889,https://rscf.ru/en/project/21-77-20042/,12195115,Leptomischus multiflorus,Leptomischus,multiflorus,Kollektor,urn:lsid:biocol.org:col:15550:01,common practice of herbarium collecting,WGS84,"Leptomischus multiflorus Nuraliev, K.S.Nguyen & L.Wu","International Code of Nomenclature for algae, fungi, and plants",manual verification,WGS84,no label data,MW1038074,363074030,363074031,MSU,"Seregin A. P. (Ed.). 2026. Specimen MW1038074 from the collection ""Moscow University Herbarium"" // Depository of Live Systems (branch ""Plants""): Electronic resource. – Moscow State University, Moscow. – Available at: https://plant.depo.mitotech.ru/open/public/item/MW1038074 (indicate access date).",Plantae | Tracheophyta | Magnoliopsida | Gentianales | Rubiaceae | Rubioideae | Leptomischus,Leptomischus,NA,NA,NA,NA,NA,NA,NA,NA,NA,NA,NA,NA,NA,NA,NA,NA,NA,NA,NA,NA,NA,NA,NA,NA,NA,NA,NA,NA,NA,NA,NA,NA,NA,NA,NA,NA,NA,NA,NA,NA,NA,https://plant.depo.msu.ru/open/public/item/MW1038074/img/0.jpg?gbif,FALSE,ok
HERB_0126,sample_images/HERB_0126.jpg,5833060238,Medinilla myrtiformis (Naudin) Triana,"cdc,inmafu",defb9a47-c1a7-4fb2-9a0b-2da7c5260cad,c4cbb860-e9c7-11da-8113-b8a03c50a862,"68e8e67a-43e6-44a3-8817-dc0e6b70f973,0479d6b2-a4f4-4307-8346-0b80e8c88c66",ac2ad091-91eb-482d-a73f-061744da5dbf,96710dc8-fecb-440d-ae3e-c34ae8a9616f,US,DWC_ARCHIVE,2026-08-22T14:49:41.590+00:00,2026-08-24T17:20:31.639+00:00,237,PRESERVED_SPECIMEN,PRESENT,3865714,6,7707728,220,690,6683,3188506,3865714,Medinilla myrtiformis (Naudin) Triana,Plantae,Tracheophyta,Myrtales,Melastomataceae,Medinilla,SPECIES,ACCEPTED,NA,ASIA,Bukidnon Province,NA,NA,2024,6,5,2024-06-05,157,157,NA,2026-02-13T16:57:19.000+00:00,2026-08-24T17:20:31.639+00:00,https://portal.torcherbaria.org/portal/collections/individual/index.php?occid=34055053,http://creativecommons.org/publicdomain/zero/1.0/legalcode,FALSE,34055053,none,none,a68aaf8c-9bfe-4bec-bab9-70cf5d6cde4a,5a7702f8-a46a-40a0-9eef-26d97ea45b5c,TRUE,NA,"Plants and Lichens of the Southern Philippines Survey; Peter W. Fritsch, Victor B. Amoroso, Fulgent P. Coritico, Darin S. Penneys, Maria Melanie M. Guiang, Vanessa Handley, Noel L. Lagunday, José Ignacio Márquez-Corro, Yvonne L. Cariño, April Joie D. Lagumbay, Noe P. Mendez, Joevina C. Nobleza, Pamela J. O",NA,Pressed herbarium specimen,none,Magnoliopsida,PH,none,none,ASIA,Philippines,NORTH_AMERICA,Botanical Research Institute of Texas,34055053,5975,"Growing in loam in shaded areas. Tropical Upper Montane Rain Forest. Volcanic, mafic bedrock. Aspect: N-facing. Area disturbed by clearing.",NA,237,NA,"Mindanao Island; Bukidnon Province; Municipality of Manolo Fortich; Barangay Dahilayan. N edge of Mt. Kitanglad Natural Park, trail from Dahilayan Indigenous People Eco Park & Resort to Mt. Lungkayapan.",NA,NA,5833060238,English,BRIT,ff8ef4c8-658a-4525-a3a9-6768644dce03,NA,NA,BRIT1148797,BRIT,"Common. Additional materials: Photos, DNA. Collections supported by U.S. National Science Foundation grants DEB-1754667 and DEB-1754697.; Terrestrial shrub with multiple stems; leaves dark green and slightly glossy adaxially, dark green, glossy abaxially; young fruit pink, mature fruit red.",NA,1849 m,fea81a47-2365-45cc-bef9-b6bbff7457e6,Medinilla myrtiformis (Naudin) Triana,NA,NA,8.17012,124.86476,NA,3865714,Medinilla myrtiformis,Medinilla,myrtiformis,NA,NA,NA,WGS84,NA,NA,NA,NA,NA,NA,NA,NA,NA,NA,NA,NA,NA,NA,NA,1849,NA,NA,NA,378552,NA,NA,NA,Barangay Dahilayan,NA,NA,NA,NA,NA,Municipality of Manolo Fortich,NA,NA,5-Jun-24,Mindanao,ff8ef4c8-658a-4525-a3a9-6768644dce03,http://creativecommons.org/publicdomain/zero/1.0/,NA,NA,NA,NA,abordelon,NA,NA,NA,NA,NA,NA,NA,NA,NA,NA,NA,NA,https://web.corral.tacc.utexas.edu/brit/BRIT/BRIT1148000/BRIT1148797.jpg,FALSE,error
HERB_0127,sample_images/HERB_0127.jpg,2430565491,Lannea coromandelica (Houtt.) Merr.,,b5cdf794-8fa4-4a85-8b26-755d087bf531,2cd829bb-b713-433d-99cf-64bef11e5b3e,17abcf75-2f1e-46dd-bf75-a5b21dd02655,86c2834b-fcd6-418d-9b32-aca45110a0fe,2cd829bb-b713-433d-99cf-64bef11e5b3e,FR,EML,2026-08-13T15:27:43.858+00:00,2026-08-24T16:46:31.651+00:00,606,PRESERVED_SPECIMEN,PRESENT,3661151,6,7707728,220,933,2398,7321650,3661151,Lannea coromandelica (Houtt.) Merr.,Plantae,Tracheophyta,Sapindales,Anacardiaceae,Lannea,SPECIES,ACCEPTED,NA,ASIA,mondulkiri,none,NA,2019,2,3,2019-02-03,34,34,NA,2020-01-14T18:34:08.000+00:00,2026-08-24T16:46:31.651+00:00,NA,http://creativecommons.org/licenses/by/4.0/legalcode,FALSE,http://coldb.mnhn.fr/catalognumber/mnhn/p/p00915907,none,none,6a6ac6c5-1b8a-48db-91a2-f8661274ff80,bc3d39fd-a7d4-4763-b951-2bdeddd8a5d2,FALSE,NA,"Hul, S.|Eum, S.|Peou, Y.",Hul,hb,none,Magnoliopsida,KH,none,none,ASIA,Cambodia,EUROPE,NA,http://coldb.mnhn.fr/catalognumber/mnhn/p/p00915907,NA,NA,http://grbio.org/institution/museum-national-dhistoire-naturelle,654,NA,NA,7032,NA,2430565491,NA,P,http://coldb.mnhn.fr/catalognumber/mnhn/p/p00915907,NA,NA,P00915907,MNHN,NA,NA,NA,NA,Lannea coromandelica (Houtt.) Merr.,NA,NA,NA,NA,NA,3661151,Lannea coromandelica,Lannea,coromandelica,NA,NA,NA,NA,NA,NA,NA,NA,NA,NA,NA,NA,NA,NA,NA,NA,LC,NA,NA,NA,NA,NA,NA,NA,NA,NA,NA,NA,NA,NA,NA,NA,"""Arbre d'env. 7 m, dioïque. Feuilles imparipennées, à 7 folioles. Inflorescences mâles et femelles en panicules spiciformes ; fleurs tétramères, 4 sépales glabres, plus ou moins cilié sur la marge, 4 pétales glabrescents, disque annulaire, 8 étamines, ovaire ovoïde, rouge, à 4 styles, stigmates épais. Fruit : drupe ovoïde""",O Réaing,Sen Monorom,NA,NA,NA,NA,NA,NA,NA,NA,NA,NA,NA,NA,NA,NA,NA,NA,NA,NA,NA,NA,NA,NA,https://mediaphoto.mnhn.fr/media/1579023248232JzCHUpU7u2pX28jr,TRUE,error
HERB_0128,sample_images/HERB_0128.jpg,6450119309,Phyllocyclus parishii (Hook.fil.) Kurz,"cdc,cdround,gass84,incomis,inmafu",cd6e21c8-9e8a-493a-8a76-fbf7862069e5,061b4f20-f241-11da-a328-b8a03c50a862,17abcf75-2f1e-46dd-bf75-a5b21dd02655,996e30f8-f762-11e1-a439-00145eb45e9a,061b4f20-f241-11da-a328-b8a03c50a862,GB,DWC_ARCHIVE,2026-08-24T12:51:18.333+00:00,2026-08-24T20:52:07.249+00:00,539,PRESERVED_SPECIMEN,PRESENT,3844319,6,7707728,220,412,2503,7270505,3844319,Phyllocyclus parishii (Hook.fil.) Kurz,Plantae,Tracheophyta,Gentianales,Gentianaceae,Phyllocyclus,SPECIES,ACCEPTED,NA,ASIA,NA,NA,NA,2023,11,25,2023-11-25T00:00,329,329,NA,2026-07-21T12:28:13.740+00:00,2026-08-24T20:52:07.249+00:00,NA,http://creativecommons.org/licenses/by/4.0/legalcode,FALSE,K001934225,none,none,fa252605-26f6-426c-9892-94d071c2c77f,NA,FALSE,NA,"Yooprasert, S.; Tamura, M.N.; Fuse, S.; Tagane, S.; Takahashi, K.; Masuda, R.; Chamchumroon, V.; Suphuntee, N.; Taothong, P.",NA,NA,none,Magnoliopsida,TH,none,none,ASIA,Thailand,EUROPE,NA,K001934225,SY580,NA,NA,539,NA,"Tak, Umphang, , , , Doi Hua Mot ",NA,NA,6450119309,NA,Herbarium,http://specimens.kew.org/herbarium/K001934225,NA,NA,K001934225,K,NA,NA,NA,NA,Phyllocyclus parishii (Hook.fil.) Kurz,NA,NA,15.953333,98.8575,NA,3844319,Phyllocyclus parishii,Phyllocyclus,parishii,NA,NA,NA,WGS84,NA,NA,NA,NA,NA,NA,NA,NA,NA,NA,Gentianaceae,NA,NA,NA,NA,910,NA,NA,NA,NA,NA,NA,NA,NA,NA,NA,NA,NA,NA,NA,NA,NA,NA,NA,NA,NA,NA,NA,NA,NA,NA,NA,NA,NA,NA,NA,NA,NA,NA,NA,NA,NA,NA,https://d2jcv3kl45hlgi.cloudfront.net/10dfcd138c92bf50284647ed8ec7a94b.jpg,FALSE,ok
HERB_0129,sample_images/HERB_0129.jpg,2640604340,Ardisia villosa Roxb.,cdc,39e85504-1ebe-4671-be65-19ccdc1d7c7d,43f4255c-f218-4a17-857a-ba3ac8456191,NA,f66ca88d-1f6a-49dc-b33b-32960faee57e,fbca90e3-8aed-48b1-84e3-369afbd000ce,ID,EML,2026-07-11T02:19:49.156+00:00,2026-07-18T15:41:51.708+00:00,295,PRESERVED_SPECIMEN,PRESENT,7331183,6,7707728,220,1353,6674,3169458,7331183,Ardisia villosa Roxb.,Plantae,Tracheophyta,Ericales,Primulaceae,Ardisia,SPECIES,ACCEPTED,2019-08-21T00:00:00,ASIA,NA,NA,NA,2019,3,11,2019-03-11,70,70,NA,NA,2026-07-18T15:41:51.708+00:00,NA,http://creativecommons.org/licenses/by-nc/4.0/legalcode,FALSE,ANDA00027146,none,none,NA,NA,FALSE,NA,NA,ANDA,NA,none,Magnoliopsida,ID,none,none,ASIA,Indonesia,ASIA,NA,ANDA00027146,NA,NA,NA,312,NA,West Sumatra,NA,NA,2640604340,NA,NA,ANDA00027146,NA,NA,NA,NA,NA,NA,NA,NA,Ardisia villosa Roxb.,NA,NA,-0.45,100.75,BIFA4_023,7331183,Ardisia villosa,Ardisia,villosa,NA,NA,NA,WGS84,NA,NA,NA,NA,NA,NA,NA,NA,NA,NA,NA,NA,NA,NA,NA,NA,NA,NA,NA,NA,NA,NA,NA,NA,NA,NA,NA,NA,NA,NA,NA,NA,NA,NA,NA,NA,NA,NA,Coordinates generalized from original GPS coordinates to the nearest half degree grid cell,NA,NA,BIFA,NA,NA,NA,NA,NA,NA,NA,NA,NA,NA,NA,https://live.staticflickr.com/65535/48652372637_18b5f94e9f_o_d.jpg,FALSE,ok
HERB_0130,sample_images/HERB_0130.jpg,5895917676,Adenia poilanei C.Cusset,"colmafu,inmafu",902c8fe7-8f38-45b0-854e-c324fed36303,f5fc4e61-b7a0-414b-ab68-b41cb23e7fdc,NA,91d2f516-bdfa-458f-bad1-66717101b49f,f5fc4e61-b7a0-414b-ab68-b41cb23e7fdc,RU,EML,2026-08-21T18:06:57.852+00:00,2026-08-21T18:14:11.924+00:00,610,PRESERVED_SPECIMEN,PRESENT,5527644,6,7707728,220,1414,2378,3231271,5527644,Adenia poilanei C.Cusset,Plantae,Tracheophyta,Malpighiales,Passifloraceae,Adenia,SPECIES,ACCEPTED,NA,ASIA,NA,none,South Asia|South Asia (Asia outside ex-Soviet states and Mongolia)|Vietnam,2024,5,16,2024-05-16,137,137,NA,2025-12-22T13:02:22.000+00:00,2026-08-21T18:14:11.924+00:00,https://plant.depo.msu.ru/open/public/item/MW1048827,http://creativecommons.org/licenses/by/4.0/legalcode,FALSE,MW1048827,none,none,df27e63f-82b2-464e-9286-a96163c961c9,acf523b0-8c81-4813-a85d-2361a8b487d4,FALSE,Moscow Digital Herbarium,L. Averyanov,NA,herbarium specimen,none,Magnoliopsida,VN,none,none,ASIA,Viet Nam,EUROPE,Moscow State University,MW1048827,NA,NA,http://grbio.org/institution/moscow-state-university,610,NA,NA,NA,NA,5895917676,en | ru,MW,MW1048827,Physical Object,in collection,MW1048827,Moscow State University,NA,use under CC-BY 4.0,NA,urn:lsid:biocol.org:col:15550,Adenia poilanei C.Cusset,NA,NA,NA,NA,https://rscf.ru/en/project/21-77-20042/,5527644,Adenia poilanei,Adenia,poilanei,NA,urn:lsid:biocol.org:col:15550:01,common practice of herbarium collecting,NA,Adenia poilanei C.Cusset,"International Code of Nomenclature for algae, fungi, and plants",NA,NA,no label data and georeference,MW1048827,363081040,363081041,MSU,"Seregin A. P. (Ed.). 2026. Specimen MW1048827 from the collection ""Moscow University Herbarium"" // Depository of Live Systems (branch ""Plants""): Electronic resource. – Moscow State University, Moscow. – Available at: https://plant.depo.mitotech.ru/open/public/item/MW1048827 (indicate access date).",Plantae | Tracheophyta | Magnoliopsida | Malpighiales | Passifloraceae | Passifloroideae | Adenia,Adenia,NA,NA,NA,NA,NA,NA,NA,NA,NA,NA,NA,NA,NA,NA,NA,NA,NA,NA,NA,NA,NA,NA,NA,NA,NA,NA,NA,NA,NA,NA,NA,NA,NA,NA,NA,NA,NA,NA,NA,NA,NA,https://plant.depo.msu.ru/open/public/item/MW1048827/img/0.jpg?gbif,FALSE,ok
HERB_0131,sample_images/HERB_0131.jpg,5106375638,Rungia pectinata (L.) Nees,,bf2a4bf0-5f31-11de-b67e-b8a03c50a862,98e934b0-5f31-11de-b67e-b8a03c50a862,"8e30b684-6a54-4aba-aa73-66201c2c736e,17abcf75-2f1e-46dd-bf75-a5b21dd02655",f6fe707e-cced-4efc-b5dc-be4c91b8180a,98e934b0-5f31-11de-b67e-b8a03c50a862,GB,DWC_ARCHIVE,2026-08-13T16:38:58.088+00:00,2026-08-24T20:20:59.001+00:00,445,PRESERVED_SPECIMEN,PRESENT,3780135,6,7707728,220,408,2393,7264287,3780135,Rungia pectinata (L.) Nees,Plantae,Tracheophyta,Lamiales,Acanthaceae,Rungia,SPECIES,ACCEPTED,NA,ASIA,Sagaing,none,Myanmar (Burma),2019,3,19,2019-03-19,78,78,NA,2025-04-28T08:31:02.000+00:00,2026-08-24T20:20:59.001+00:00,NA,http://creativecommons.org/publicdomain/zero/1.0/legalcode,FALSE,https://data.rbge.org.uk/herb/E01542006,none,none,0237598a-853a-492c-af74-a723fe251799,427c8cd7-4358-4a00-9ef3-2b2676d28d1e,TRUE,Edinburgh (E) Herbarium Specimens,"Armstrong, Kathleen Ellen, Nwe, Thet Yu, Kramer, Marshall, Linn, Wah Wah, Khaing, Myo, Myint, Thar, Pyae, Phoe La, Kyi, Aung, Nyo, Kyi, Myint, Han Sein, Nge, Maung & Oo, Myint",NA,HERBARIUM SHEET,none,Magnoliopsida,MM,none,none,ASIA,Myanmar,EUROPE,NA,https://data.rbge.org.uk/herb/E01542006,4511,Growing in primary forest.,https://scientific-collections.gbif.org/institution/0237598a-853a-492c-af74-a723fe251799,445,NA,"Htamanthi Wildlife Sanctuary. Nam Phi Lin stream, upstream from camp 1",NA,NA,5106375638,NA,E,https://data.rbge.org.uk/herb/E01542006,PhysicalObject,NA,E01542006,RBGE,NA,NA,NA,https://scientific-collections.gbif.org/collection/427c8cd7-4358-4a00-9ef3-2b2676d28d1e,Rungia pectinata (L.) Nees,NA,NA,NA,NA,NA,3780135,Rungia pectinata,Rungia,pectinata,NA,NA,NA,NA,NA,ICBN,NA,NA,NA,NA,NA,NA,E,NA,NA,NA,NA,NA,NA,NA,NA,NA,NA,NA,NA,NA,NA,NA,NA,NA,NA,NA,NA,Hkamti,NA,NA,19th March 2019,NA,NA,NA,NA,NA,NA,NA,NA,NA,NA,NA,CC0,Royal Botanic Garden Edinburgh,1734020,NA,NA,NA,NA,NA,NA,https://iiif.rbge.org.uk/herb/iiif/E01542006/manifest,FALSE,not_image
HERB_0132,sample_images/HERB_0132.jpg,4907059344,Cinnamomum loureiroi Nees,"txmatfuz,osiic,colmano,inmafu",7bd65a7a-f762-11e1-a439-00145eb45e9a,90fd6680-349f-11d8-aa2d-b8a03c50a862,68e8e67a-43e6-44a3-8817-dc0e6b70f973,c4e134d3-c68f-406d-a116-6a37895602e0,90fd6680-349f-11d8-aa2d-b8a03c50a862,US,EML,2026-07-14T21:52:57.898+00:00,2026-07-18T23:13:30.793+00:00,437,PRESERVED_SPECIMEN,PRESENT,4182513,6,7707728,220,407,6688,3033980,4182513,Cinnamomum loureiroi Nees,Plantae,Tracheophyta,Laurales,Lauraceae,Cinnamomum,SPECIES,ACCEPTED,2024-01-01T00:00:00,ASIA,NA,none,NA,2024,2,NA,2024-02,NA,NA,NA,2024-04-03T11:11:00.000+00:00,2026-07-18T23:13:30.793+00:00,NA,http://creativecommons.org/licenses/by/4.0/legalcode,FALSE,urn:catalog:MO:Tropicos:103511950,none,none,1be3aa67-8f90-4309-92f4-bd55426a8c09,NA,FALSE,Tropicos,Jan Salick,NA,NA,none,Magnoliopsida,VN,none,none,ASIA,Viet Nam,NORTH_AMERICA,Missouri Botanical Garden,urn:catalog:MO:Tropicos:103511950,10277,NA,NA,441,NA,Cho Hoian Market.,2538481,NA,4907059344,NA,Tropicos,urn:catalog:MO:Tropicos:103511950,PhysicalObject,NA,103511950,MO,NA,NA,NA,http://biocol.org/urn:lsid:biocol.org:col:15859,Cinnamomum loureiroi Nees,NA,NA,NA,NA,NA,4182513,Cinnamomum loureiroi,Cinnamomum,loureiroi,NA,NA,NA,NA,NA,ICNafp,NA,NA,NA,NA,NA,NA,MOBOT,http://www.tropicos.org/Specimen/103511950,NA,NA,EN,NA,1,NA,NA,Legitimate,2016-01-28T15:41:27.000Z,17800633,MOBOT,http://digir.net/schema/conceptual/darwin/2003/1.0/darwin2.xsd,15000,NA,NA,?,NA,NA,NA,NA,NA,NA,NA,NA,NA,NA,NA,NA,NA,NA,NA,NA,NA,NA,NA,NA,NA,NA,NA,NA,NA,NA,NA,https://images.mobot.org/tropicosimages6/detailimages/TropicosImagesVol6/102539000/F3BCB5A8-55D6-4463-9881-B339B3D72A41.jpg,FALSE,ok
HERB_0133,sample_images/HERB_0133.jpg,2430565463,Buchanania reticulata Hance,,b5cdf794-8fa4-4a85-8b26-755d087bf531,2cd829bb-b713-433d-99cf-64bef11e5b3e,17abcf75-2f1e-46dd-bf75-a5b21dd02655,86c2834b-fcd6-418d-9b32-aca45110a0fe,2cd829bb-b713-433d-99cf-64bef11e5b3e,FR,EML,2026-08-13T15:27:43.858+00:00,2026-08-24T16:46:31.963+00:00,606,PRESERVED_SPECIMEN,PRESENT,7947947,6,7707728,220,933,2398,3190571,7947947,Buchanania reticulata Hance,Plantae,Tracheophyta,Sapindales,Anacardiaceae,Buchanania,SPECIES,ACCEPTED,NA,ASIA,kompong chhnang,none,NA,2019,2,25,2019-02-25,56,56,NA,2020-01-14T18:34:17.000+00:00,2026-08-24T16:46:31.963+00:00,NA,http://creativecommons.org/licenses/by/4.0/legalcode,FALSE,http://coldb.mnhn.fr/catalognumber/mnhn/p/p00915937,none,none,6a6ac6c5-1b8a-48db-91a2-f8661274ff80,bc3d39fd-a7d4-4763-b951-2bdeddd8a5d2,FALSE,NA,"Hul, S.|Eum, S.|Peou, Y.",Hul,hb,none,Magnoliopsida,KH,none,none,ASIA,Cambodia,EUROPE,NA,http://coldb.mnhn.fr/catalognumber/mnhn/p/p00915937,NA,NA,http://grbio.org/institution/museum-national-dhistoire-naturelle,654,NA,NA,7063,NA,2430565463,NA,P,http://coldb.mnhn.fr/catalognumber/mnhn/p/p00915937,NA,NA,P00915937,MNHN,NA,NA,NA,NA,Buchanania reticulata Hance,NA,NA,NA,NA,NA,7947947,Buchanania reticulata,Buchanania,reticulata,NA,NA,NA,NA,NA,NA,NA,NA,NA,NA,NA,NA,NA,NA,NA,NA,LC,NA,NA,NA,NA,NA,NA,NA,NA,NA,NA,NA,NA,NA,NA,NA,"Arbre de 8 m, rameaux pubescents à glabrescents. Feuilles alternes, ovales-oblongues ou obovales-oblongues, plus ou moins pubescentes sur la nervure centrale. Inflorescences en grappes plus ou moins pubescentes, fleurs subsessiles ou sessiles, anthères non sagitées, ovaire velu, sépales 5, ciliés ; pétales 5 ; disque glanduleux ; étamines 10 ; ovaire velu, à 1 seul fertile. Drupe  plus ou moins pubescente, à apicule excentrique",Kompong Trâlach,"Ta Chés, Svay dak kav",NA,NA,NA,NA,NA,NA,NA,NA,NA,NA,NA,NA,NA,NA,NA,NA,NA,NA,NA,NA,NA,NA,https://mediaphoto.mnhn.fr/media/1579023256922DuQpMl7Zo2Ga8mU4,TRUE,error
HERB_0134,sample_images/HERB_0134.jpg,5207134335,Dolichandrone spathacea (L.f.) Seem.,,15f819bd-6612-4447-854b-14d12ee1022d,396d5f30-dea9-11db-8ab4-b8a03c50a862,17abcf75-2f1e-46dd-bf75-a5b21dd02655,65eb93af-41b8-4917-a5fc-cfe2a45aa4bf,396d5f30-dea9-11db-8ab4-b8a03c50a862,NL,DWC_ARCHIVE,2026-06-29T11:53:09.940+00:00,2026-08-24T20:54:52.006+00:00,286,PRESERVED_SPECIMEN,PRESENT,8308241,6,7707728,220,408,6655,3172486,3172487,Dolichandrone spathacea (L.fil.) K.Schum.,Plantae,Tracheophyta,Lamiales,Bignoniaceae,Dolichandrone,SPECIES,SYNONYM,2022-11-03T00:00:00,ASIA,NA,none,NA,2017,8,10,2017-08-10,222,222,NA,NA,2026-08-24T20:54:52.006+00:00,NA,http://creativecommons.org/publicdomain/zero/1.0/legalcode,FALSE,L.4578457@BRAHMS,none,none,0e919a55-08d3-4bd2-aec1-200858fafd92,0add23db-a8f7-4d15-95ad-4ed0c5c8a055,FALSE,NA,Cunha T,Welzen PC van,NA,none,Magnoliopsida,TL,none,none,ASIA,Timor-Leste,EUROPE,Naturalis Biodiversity Center,L.4578457@BRAHMS,"Cunha, T 39",NA,https://ror.org/0566bfb96,286,NA,"Makadade, Makili.",NA,NA,5207134335,NA,Botany,https://data.biodiversitydata.nl/naturalis/specimen/L.4578457,NA,NA,L.4578457,NA,NA,NA,NA,NA,Dolichandrone spathacea (L.f.) Seem.,NA,NA,-8.43583,125.94333,NA,3172487,Dolichandrone spathacea,Dolichandrone,spathacea,NA,NA,NA,WGS84,NA,ICN,NA,NA,NA,NA,NA,NA,NA,NA,Plantae|Lamiales|Bignoniaceae,NA,NA,NA,NA,NA,NA,NA,NA,NA,NA,NA,NA,NA,NA,NA,true,NA,NA,NA,NA,NA,NA,NA,NA,NA,NA,NA,NA,NA,NA,NA,NA,NA,NA,NA,NA,NA,NA,NA,NA,NA,NA,https://medialib.naturalis.nl/file/id/L.4578457/format/large,FALSE,ok
HERB_0135,sample_images/HERB_0135.jpg,6196923527,Gomphostemma javanicum (Blume) Benth.,"colmafu,inmafu",1cbed1d0-f9ac-4b9e-bf3f-a26272bca39e,4fd82480-ea1c-11da-8db4-b8a03c50a862,NA,82d6992a-b20b-4e74-b6ac-6b971b2c485d,4fd82480-ea1c-11da-8db4-b8a03c50a862,JP,EML,2026-07-10T16:35:10.312+00:00,2026-07-18T17:50:14.914+00:00,222,PRESERVED_SPECIMEN,PRESENT,7307664,6,7707728,220,408,2497,7307622,7307664,Gomphostemma javanicum (Blume) Benth.,Plantae,Tracheophyta,Lamiales,Lamiaceae,Gomphostemma,SPECIES,ACCEPTED,NA,ASIA,Khammouan,NA,Asia|Laos|Khammouan|Khounkham|near Ban Nong Kok,2024,3,16,2024-03-16,76,76,NA,2025-10-16T00:00:00.000+00:00,2026-07-18T17:50:14.914+00:00,https://www.museum.kagoshima-u.ac.jp/hyouhonsitu.html,http://creativecommons.org/licenses/by/4.0/legalcode,FALSE,cfb4a394-e6a9-4e7b-812b-d0f41bca7ab8,none,none,7b6590f0-c03f-409b-ae28-f443c1166d23,e9e6df05-e289-4a64-8ace-a4d5dbd168e4,FALSE,NA,NA,NA,NA,none,Magnoliopsida,LA,none,none,ASIA,Lao People’s Democratic Republic,ASIA,NA,cfb4a394-e6a9-4e7b-812b-d0f41bca7ab8,Z913,NA,NA,232,NA,near Ban Nong Kok,NA,"Laos, Khammouan, Khounkham, near Ban Nong Kok",6196923527,NA,KAG,cfb4a394-e6a9-4e7b-812b-d0f41bca7ab8,NA,NA,KAG187325,KAG,NA,NA,NA,NA,Gomphostemma javanicum (Blume) Benth.,NA,NA,18.20278,104.5909,NA,7307664,Gomphostemma javanicum,Gomphostemma,javanicum,NA,NA,NA,WGS84,NA,NA,NA,NA,obtained using GPS machine,NA,NA,NA,NA,NA,Plantae|Tracheophyta|Magnoliopsida|Lamiales|Lamiaceae|Gomphostemma|javanicum,NA,NA,NA,NA,621,NA,NA,NA,NA,NA,NA,NA,NA,NA,NA,NA,NA,NA,Khounkham,NA,NA,NA,NA,NA,NA,NA,NA,NA,NA,NA,NA,500,NA,NA,NA,NA,NA,NA,NA,NA,NA,NA,https://dbs.kaum.kagoshima-u.ac.jp/musedb/s_plant/picture/KAG187325/KAG187325.jpg,FALSE,ok
HERB_0136,sample_images/HERB_0136.jpg,6196928059,Sonneratia griffithii Kurz,"colmafu,inmafu",1cbed1d0-f9ac-4b9e-bf3f-a26272bca39e,4fd82480-ea1c-11da-8db4-b8a03c50a862,NA,82d6992a-b20b-4e74-b6ac-6b971b2c485d,4fd82480-ea1c-11da-8db4-b8a03c50a862,JP,EML,2026-07-10T16:35:10.312+00:00,2026-07-18T17:50:41.863+00:00,222,PRESERVED_SPECIMEN,PRESENT,5635599,6,7707728,220,690,6684,7940865,5635599,Sonneratia griffithii Kurz,Plantae,Tracheophyta,Myrtales,Lythraceae,Sonneratia,SPECIES,ACCEPTED,NA,ASIA,Kien Giang,NA,Asia|Vietnam|Kien Giang|Kien Luong Dist.|Binh An,2024,5,23,2024-05-23,144,144,NA,2025-10-16T00:00:00.000+00:00,2026-07-18T17:50:41.863+00:00,https://www.museum.kagoshima-u.ac.jp/hyouhonsitu.html,http://creativecommons.org/licenses/by/4.0/legalcode,FALSE,b34b97dd-ec52-42ee-8901-6d46321efc31,none,none,7b6590f0-c03f-409b-ae28-f443c1166d23,e9e6df05-e289-4a64-8ace-a4d5dbd168e4,FALSE,NA,NA,NA,NA,none,Magnoliopsida,VN,none,none,ASIA,Viet Nam,ASIA,NA,b34b97dd-ec52-42ee-8901-6d46321efc31,N510,NA,NA,232,NA,Binh An,NA,"Vietnam, Kien Giang, Kien Luong Dist., Binh An",6196928059,NA,KAG,b34b97dd-ec52-42ee-8901-6d46321efc31,NA,NA,KAG188613,KAG,NA,NA,NA,NA,Sonneratia griffithii Kurz,NA,NA,10.15577,104.60976,NA,5635599,Sonneratia griffithii,Sonneratia,griffithii,NA,NA,NA,WGS84,NA,NA,NA,NA,obtained using GPS machine,NA,NA,NA,NA,NA,Plantae|Tracheophyta|Magnoliopsida|Myrtales|Lythraceae|Sonneratia|griffithii,NA,CR,NA,NA,40,NA,NA,NA,NA,NA,NA,NA,NA,NA,NA,NA,NA,NA,Kien Luong Dist.,NA,NA,NA,NA,NA,NA,NA,NA,NA,NA,NA,NA,500,NA,NA,NA,NA,NA,NA,NA,NA,NA,NA,https://dbs.kaum.kagoshima-u.ac.jp/musedb/s_plant/picture/KAG188613/KAG188613.jpg,FALSE,ok
HERB_0137,sample_images/HERB_0137.jpg,4979412074,Cyrtandra decipiens Hilliard & B.L.Burtt,cdc,bf2a4bf0-5f31-11de-b67e-b8a03c50a862,98e934b0-5f31-11de-b67e-b8a03c50a862,"8e30b684-6a54-4aba-aa73-66201c2c736e,17abcf75-2f1e-46dd-bf75-a5b21dd02655",f6fe707e-cced-4efc-b5dc-be4c91b8180a,98e934b0-5f31-11de-b67e-b8a03c50a862,GB,DWC_ARCHIVE,2026-08-13T16:38:58.088+00:00,2026-08-24T20:20:29.282+00:00,445,PRESERVED_SPECIMEN,PRESENT,5592025,6,7707728,220,408,6654,3172659,5592025,Cyrtandra decipiens Hilliard & B.L.Burtt,Plantae,Tracheophyta,Lamiales,Gesneriaceae,Cyrtandra,SPECIES,ACCEPTED,NA,ASIA,Sarawak,NA,Malay Islands,2024,3,11,2024-03-11,71,71,NA,2026-02-02T14:11:35.000+00:00,2026-08-24T20:20:29.282+00:00,NA,http://creativecommons.org/publicdomain/zero/1.0/legalcode,FALSE,https://data.rbge.org.uk/herb/E01494503,none,none,0237598a-853a-492c-af74-a723fe251799,427c8cd7-4358-4a00-9ef3-2b2676d28d1e,FALSE,Edinburgh (E) Herbarium Specimens,"Barber, Sadie, Wilkie, Peter, Sundue, Michael, Sang, Julia, Jawa, Rantai & Angkabau, Johnny",NA,HERBARIUM SHEET|Silica-dried,none,Magnoliopsida,MY,none,none,ASIA,Malaysia,EUROPE,NA,https://data.rbge.org.uk/herb/E01494503,S.111223,"SW facing steep slope just off roadside, semi-shade, sometimes cloaked in cloud",https://scientific-collections.gbif.org/institution/0237598a-853a-492c-af74-a723fe251799,445,NA,"Kubah National Park, Mount Serapi",NA,NA,4979412074,NA,E,https://data.rbge.org.uk/herb/E01494503,PhysicalObject,NA,E01494503,RBGE,NA,NA,NA,https://scientific-collections.gbif.org/collection/427c8cd7-4358-4a00-9ef3-2b2676d28d1e,Cyrtandra decipiens Hilliard & B.L.Burtt,NA,NA,1.591762,110.193043,NA,5592025,Cyrtandra decipiens,Cyrtandra,decipiens,NA,NA,NA,WGS84,NA,ICBN,NA,NA,NA,NA,NA,NA,E,NA,NA,NA,NA,NA,NA,NA,NA,NA,NA,NA,NA,NA,NA,NA,NA,NA,NA,NA,NA,NA,NA,NA,11th March 2024,NA,NA,NA,NA,NA,NA,NA,NA,NA,NA,NA,CC0,Royal Botanic Garden Edinburgh,1572080,NA,NA,NA,NA,NA,NA,https://iiif.rbge.org.uk/herb/iiif/E01494503/manifest,FALSE,not_image
HERB_0138,sample_images/HERB_0138.jpg,4459006790,Dodonaea viscosa (L.) Jacq.,,15f819bd-6612-4447-854b-14d12ee1022d,396d5f30-dea9-11db-8ab4-b8a03c50a862,17abcf75-2f1e-46dd-bf75-a5b21dd02655,65eb93af-41b8-4917-a5fc-cfe2a45aa4bf,396d5f30-dea9-11db-8ab4-b8a03c50a862,NL,DWC_ARCHIVE,2026-06-29T11:53:09.940+00:00,2026-08-24T20:54:42.737+00:00,286,PRESERVED_SPECIMEN,PRESENT,5421144,6,7707728,220,933,6657,3190017,5421144,Dodonaea viscosa (L.) Jacq.,Plantae,Tracheophyta,Sapindales,Sapindaceae,Dodonaea,SPECIES,ACCEPTED,2020-03-02T00:00:00,ASIA,NA,NA,NA,2020,3,2,2020-03-02,62,62,NA,NA,2026-08-24T20:54:42.737+00:00,NA,http://creativecommons.org/publicdomain/zero/1.0/legalcode,FALSE,L.4482921@BRAHMS,none,none,0e919a55-08d3-4bd2-aec1-200858fafd92,0add23db-a8f7-4d15-95ad-4ed0c5c8a055,FALSE,NA,Lua HK; et al.,Leong P,NA,none,Magnoliopsida,SG,none,none,ASIA,Singapore,EUROPE,Naturalis Biodiversity Center,L.4482921@BRAHMS,"Lua, HK; et al. 2020- 358",In full sun along coast.,https://ror.org/0566bfb96,286,NA,"Tuas South, Reclaimed land.",NA,NA,4459006790,NA,Botany,https://data.biodiversitydata.nl/naturalis/specimen/L.4482921,NA,NA,L.4482921,NA,NA,NA,NA,NA,Dodonaea viscosa (L.) Jacq.,NA,NA,1.3667,103.8,NA,5421144,Dodonaea viscosa,Dodonaea,viscosa,NA,NA,NA,WGS84,NA,ICN,NA,NA,NA,NA,NA,NA,NA,NA,Plantae|Sapindales|Sapindaceae,NA,LC,NA,NA,NA,NA,NA,NA,NA,NA,NA,NA,NA,NA,NA,true,0,NA,NA,NA,NA,NA,NA,NA,NA,NA,NA,NA,NA,NA,NA,NA,NA,NA,NA,NA,NA,NA,NA,NA,NA,NA,https://medialib.naturalis.nl/file/id/L.4482921/format/large,FALSE,ok
HERB_0139,sample_images/HERB_0139.jpg,3461953309,Tamarindus indica L.,,b5cdf794-8fa4-4a85-8b26-755d087bf531,2cd829bb-b713-433d-99cf-64bef11e5b3e,17abcf75-2f1e-46dd-bf75-a5b21dd02655,86c2834b-fcd6-418d-9b32-aca45110a0fe,2cd829bb-b713-433d-99cf-64bef11e5b3e,FR,EML,2026-08-13T15:27:43.858+00:00,2026-08-24T16:47:03.503+00:00,606,PRESERVED_SPECIMEN,PRESENT,2975768,6,7707728,220,1370,5386,2975767,2975768,Tamarindus indica L.,Plantae,Tracheophyta,Fabales,Fabaceae,Tamarindus,SPECIES,ACCEPTED,NA,ASIA,siem réap,none,NA,2021,1,7,2021-01-07,7,7,NA,2022-02-09T10:39:08.000+00:00,2026-08-24T16:47:03.503+00:00,NA,http://creativecommons.org/licenses/by/4.0/legalcode,FALSE,http://coldb.mnhn.fr/catalognumber/mnhn/p/p01190785,none,none,6a6ac6c5-1b8a-48db-91a2-f8661274ff80,bc3d39fd-a7d4-4763-b951-2bdeddd8a5d2,FALSE,NA,"Hul, S.|Peou, Y.|Ratanak, V.",Hul,hb,none,Magnoliopsida,KH,none,none,ASIA,Cambodia,EUROPE,NA,http://coldb.mnhn.fr/catalognumber/mnhn/p/p01190785,NA,NA,http://grbio.org/institution/museum-national-dhistoire-naturelle,654,NA,NA,7176,Sangkat Slorkram,3461953309,NA,P,http://coldb.mnhn.fr/catalognumber/mnhn/p/p01190785,NA,NA,P01190785,MNHN,NA,NA,NA,NA,Tamarindus indica L.,NA,NA,NA,NA,NA,2975768,Tamarindus indica,Tamarindus,indica,NA,NA,NA,NA,NA,NA,NA,NA,NA,NA,NA,NA,NA,NA,NA,NA,LC,NA,NA,NA,NA,NA,NA,NA,NA,NA,NA,NA,NA,NA,NA,NA,"Arbre, 10-20 m de hauteur. Feuilles composées paripennées , folioles 10-18 paires, opposées. Inflorescences en grappes terminales. Fruits ± arqués, indéhiscents, à mésocarpe pulpeux, généralement acide , graines suborbiculaires, d'un noir luisant",Phum Daun Pa,NA,NA,NA,NA,NA,NA,NA,NA,NA,NA,NA,NA,NA,NA,NA,NA,NA,NA,NA,NA,NA,NA,NA,https://mediaphoto.mnhn.fr/media/1644399547038ZjLqrpDmpBWFiTGx,TRUE,error
HERB_0140,sample_images/HERB_0140.jpg,2430565391,"Phlogacanthus harmandii (Benoist) Benoist, 1935",txmathi,b5cdf794-8fa4-4a85-8b26-755d087bf531,2cd829bb-b713-433d-99cf-64bef11e5b3e,17abcf75-2f1e-46dd-bf75-a5b21dd02655,86c2834b-fcd6-418d-9b32-aca45110a0fe,2cd829bb-b713-433d-99cf-64bef11e5b3e,FR,EML,2026-08-13T15:27:43.858+00:00,2026-08-24T16:46:35.107+00:00,606,PRESERVED_SPECIMEN,PRESENT,7467765,6,7707728,220,408,2393,7263834,3775530,Phlogacanthus turgidus (Fua ex Hook.fil.) Lindau,Plantae,Tracheophyta,Lamiales,Acanthaceae,Phlogacanthus,SPECIES,SYNONYM,NA,ASIA,mondulkiri,none,NA,2019,2,2,2019-02-02,33,33,NA,2020-01-14T18:34:05.000+00:00,2026-08-24T16:46:35.107+00:00,NA,http://creativecommons.org/licenses/by/4.0/legalcode,FALSE,http://coldb.mnhn.fr/catalognumber/mnhn/p/p00915895,none,none,6a6ac6c5-1b8a-48db-91a2-f8661274ff80,bc3d39fd-a7d4-4763-b951-2bdeddd8a5d2,FALSE,NA,"Hul, S.|Eum, S.|Peou, Y.",Hul,hb,none,Magnoliopsida,KH,none,none,ASIA,Cambodia,EUROPE,NA,http://coldb.mnhn.fr/catalognumber/mnhn/p/p00915895,NA,NA,http://grbio.org/institution/museum-national-dhistoire-naturelle,654,NA,NA,7018,NA,2430565391,NA,P,http://coldb.mnhn.fr/catalognumber/mnhn/p/p00915895,NA,NA,P00915895,MNHN,NA,NA,NA,NA,"Phlogacanthus harmandii (Benoist) Benoist, 1935",NA,NA,NA,NA,NA,3775530,Phlogacanthus turgidus,Phlogacanthus,harmandii,NA,NA,NA,NA,NA,NA,NA,NA,NA,NA,NA,NA,NA,NA,NA,NA,NA,NA,NA,NA,NA,NA,NA,NA,NA,NA,NA,NA,NA,NA,NA,NA,"""Arbuste d'env. 1,5 m de haut. Feuilles obovales-oblongues, brièvement acuminées au sommet. Inflorescences terminales, en épis ; corolle blanc-mauve. Fruit: capsule longue de 3,5-4 cm""",Pich chréada,Pou Loung,NA,NA,NA,NA,NA,NA,NA,NA,NA,NA,NA,NA,NA,NA,NA,NA,NA,NA,NA,NA,NA,NA,https://mediaphoto.mnhn.fr/media/1579023245361LcbaO9gwTCfljdaY,TRUE,error
HERB_0141,sample_images/HERB_0141.jpg,4608025494,Fissistigma manubriatum (Hook.f. & Thomson) Merr.,"incomis,inmafu",cd6e21c8-9e8a-493a-8a76-fbf7862069e5,061b4f20-f241-11da-a328-b8a03c50a862,17abcf75-2f1e-46dd-bf75-a5b21dd02655,996e30f8-f762-11e1-a439-00145eb45e9a,061b4f20-f241-11da-a328-b8a03c50a862,GB,DWC_ARCHIVE,2026-08-24T12:51:18.333+00:00,2026-08-24T20:51:37.127+00:00,539,PRESERVED_SPECIMEN,PRESENT,3157337,6,7707728,220,718,9291,3157296,3157337,Fissistigma manubriatum (Hook.f. & Thomson) Merr.,Plantae,Tracheophyta,Magnoliales,Annonaceae,Fissistigma,SPECIES,ACCEPTED,NA,ASIA,NA,none,NA,2022,10,19,2022-10-19T00:00,292,292,NA,2026-01-25T18:17:20.613+00:00,2026-08-24T20:51:37.127+00:00,NA,http://creativecommons.org/licenses/by/4.0/legalcode,FALSE,K001871906,none,none,fa252605-26f6-426c-9892-94d071c2c77f,NA,FALSE,NA,"Lim, R.C.J.",NA,NA,none,Magnoliopsida,SG,none,none,ASIA,Singapore,EUROPE,NA,K001871906,SING 2022-996,NA,NA,539,NA,NA,NA,NA,4608025494,NA,Herbarium,http://specimens.kew.org/herbarium/K001871906,NA,NA,K001871906,K,NA,NA,NA,NA,Fissistigma manubriatum (Hook.f. & Thomson) Merr.,NA,NA,NA,NA,NA,3157337,Fissistigma manubriatum,Fissistigma,manubriatum,NA,NA,NA,NA,NA,NA,NA,NA,NA,NA,NA,NA,NA,NA,Annonaceae,NA,NA,NA,NA,NA,NA,NA,NA,NA,NA,NA,NA,NA,NA,NA,NA,NA,NA,NA,NA,NA,NA,NA,NA,NA,NA,NA,NA,NA,NA,NA,NA,NA,NA,NA,NA,NA,NA,NA,NA,NA,NA,https://d2jcv3kl45hlgi.cloudfront.net/7933eff38e3eeb59dbaa45f2a3c5b004.jpg,FALSE,ok
HERB_0142,sample_images/HERB_0142.jpg,3461952307,Ceiba pentandra (L.) Gaertn.,,b5cdf794-8fa4-4a85-8b26-755d087bf531,2cd829bb-b713-433d-99cf-64bef11e5b3e,17abcf75-2f1e-46dd-bf75-a5b21dd02655,86c2834b-fcd6-418d-9b32-aca45110a0fe,2cd829bb-b713-433d-99cf-64bef11e5b3e,FR,EML,2026-08-13T15:27:43.858+00:00,2026-08-24T16:45:43.412+00:00,606,PRESERVED_SPECIMEN,PRESENT,5406697,6,7707728,220,941,6685,3152218,5406697,Ceiba pentandra (L.) Gaertn.,Plantae,Tracheophyta,Malvales,Malvaceae,Ceiba,SPECIES,ACCEPTED,NA,ASIA,siem réap,none,NA,2021,1,7,2021-01-07,7,7,NA,2022-02-09T10:39:05.000+00:00,2026-08-24T16:45:43.412+00:00,NA,http://creativecommons.org/licenses/by/4.0/legalcode,FALSE,http://coldb.mnhn.fr/catalognumber/mnhn/p/p01190783,none,none,6a6ac6c5-1b8a-48db-91a2-f8661274ff80,bc3d39fd-a7d4-4763-b951-2bdeddd8a5d2,FALSE,NA,"Hul, S.|Peou, Y.|Ratanak, V.",Hul,hb,none,Magnoliopsida,KH,none,none,ASIA,Cambodia,EUROPE,NA,http://coldb.mnhn.fr/catalognumber/mnhn/p/p01190783,NA,NA,http://grbio.org/institution/museum-national-dhistoire-naturelle,654,NA,NA,7174,Sangkat Slorkram,3461952307,NA,P,http://coldb.mnhn.fr/catalognumber/mnhn/p/p01190783,NA,NA,P01190783,MNHN,NA,NA,NA,NA,Ceiba pentandra (L.) Gaertn.,NA,NA,NA,NA,NA,5406697,Ceiba pentandra,Ceiba,pentandra,NA,NA,NA,NA,NA,NA,NA,NA,NA,NA,NA,NA,NA,NA,NA,NA,LC,NA,NA,NA,NA,NA,NA,NA,NA,NA,NA,NA,NA,NA,NA,NA,"Arbre, 15-20 m de haut, tronc épineux étant jeune , contreforts vers la partie inférieure du tronc. Feuilles palmées, folioles 5-8. Feurs fasciculées par 1-5 à l'essaile des feuilles tombées, sépales 5, pétales 5, étamines 5",Phum Daun Pa,NA,NA,NA,NA,NA,NA,NA,NA,NA,NA,NA,NA,NA,NA,NA,NA,NA,NA,NA,NA,NA,NA,NA,https://mediaphoto.mnhn.fr/media/164439954244068cv2OYdOkvh461l,FALSE,error
HERB_0143,sample_images/HERB_0143.jpg,3461930307,Artocarpus heterophyllus Lam.,,b5cdf794-8fa4-4a85-8b26-755d087bf531,2cd829bb-b713-433d-99cf-64bef11e5b3e,17abcf75-2f1e-46dd-bf75-a5b21dd02655,86c2834b-fcd6-418d-9b32-aca45110a0fe,2cd829bb-b713-433d-99cf-64bef11e5b3e,FR,EML,2026-08-13T15:27:43.858+00:00,2026-08-24T16:46:32.669+00:00,606,PRESERVED_SPECIMEN,PRESENT,2984565,6,7707728,220,691,6640,2984563,2984565,Artocarpus heterophyllus Lam.,Plantae,Tracheophyta,Rosales,Moraceae,Artocarpus,SPECIES,ACCEPTED,NA,ASIA,siem réap,none,NA,2021,1,7,2021-01-07,7,7,NA,2022-02-09T10:39:32.000+00:00,2026-08-24T16:46:32.669+00:00,NA,http://creativecommons.org/licenses/by/4.0/legalcode,FALSE,http://coldb.mnhn.fr/catalognumber/mnhn/p/p01190795,none,none,6a6ac6c5-1b8a-48db-91a2-f8661274ff80,bc3d39fd-a7d4-4763-b951-2bdeddd8a5d2,FALSE,NA,"Hul, S.|Peou, Y.|Ratanak, V.",Hul,hb,none,Magnoliopsida,KH,none,none,ASIA,Cambodia,EUROPE,NA,http://coldb.mnhn.fr/catalognumber/mnhn/p/p01190795,NA,NA,http://grbio.org/institution/museum-national-dhistoire-naturelle,654,NA,NA,7186,Sangkat Slorkram,3461930307,NA,P,http://coldb.mnhn.fr/catalognumber/mnhn/p/p01190795,NA,NA,P01190795,MNHN,NA,NA,NA,NA,Artocarpus heterophyllus Lam.,NA,NA,NA,NA,NA,2984565,Artocarpus heterophyllus,Artocarpus,heterophyllus,NA,NA,NA,NA,NA,NA,NA,NA,NA,NA,NA,NA,NA,NA,NA,NA,NA,NA,NA,NA,NA,NA,NA,NA,NA,NA,NA,NA,NA,NA,NA,NA,"Plante cultivée, arbre de 8-10 m de haut, monoïque. Feuilles insérées en spirale , limbe coriace, oblong, elliptique ou obovale, ± acuminé au sommet, cunéé à la base, à marge entière , pétiole pubérulent, à poils blanchâtres. Inflorescences en cauliflorie, souvent sur le tronc et sur les rameaux les plus âgés et solides",Phum Daun Pa,NA,NA,NA,NA,NA,NA,NA,NA,NA,NA,NA,NA,NA,NA,NA,NA,NA,NA,NA,NA,NA,NA,NA,https://mediaphoto.mnhn.fr/media/1644399570770ZKCEcwDLyIf98UWx,TRUE,error
HERB_0144,sample_images/HERB_0144.jpg,6196923582,Sterculia lanceolata Cav.,"colmafu,inmafu",1cbed1d0-f9ac-4b9e-bf3f-a26272bca39e,4fd82480-ea1c-11da-8db4-b8a03c50a862,NA,82d6992a-b20b-4e74-b6ac-6b971b2c485d,4fd82480-ea1c-11da-8db4-b8a03c50a862,JP,EML,2026-07-10T16:35:10.312+00:00,2026-07-18T17:50:15.823+00:00,222,PRESERVED_SPECIMEN,PRESENT,6029583,6,7707728,220,941,6685,3152129,6029583,Sterculia lanceolata Cav.,Plantae,Tracheophyta,Malvales,Malvaceae,Sterculia,SPECIES,ACCEPTED,NA,ASIA,Khammouan,NA,Asia|Laos|Khammouan|Khounkham|Phouphamarn walking trail,2024,3,17,2024-03-17,77,77,NA,2025-10-16T00:00:00.000+00:00,2026-07-18T17:50:15.823+00:00,https://www.museum.kagoshima-u.ac.jp/hyouhonsitu.html,http://creativecommons.org/licenses/by/4.0/legalcode,FALSE,6f905edb-1428-4883-8df9-fd59eb8d3d2c,none,none,7b6590f0-c03f-409b-ae28-f443c1166d23,e9e6df05-e289-4a64-8ace-a4d5dbd168e4,FALSE,NA,NA,NA,NA,none,Magnoliopsida,LA,none,none,ASIA,Lao People’s Democratic Republic,ASIA,NA,6f905edb-1428-4883-8df9-fd59eb8d3d2c,Z1076,NA,NA,232,NA,Phouphamarn walking trail,NA,"Laos, Khammouan, Khounkham, Phouphamarn walking trail",6196923582,NA,KAG,6f905edb-1428-4883-8df9-fd59eb8d3d2c,NA,NA,KAG187483,KAG,NA,NA,NA,NA,Sterculia lanceolata Cav.,NA,NA,18.17615,104.48995,NA,6029583,Sterculia lanceolata,Sterculia,lanceolata,NA,NA,NA,WGS84,NA,NA,NA,NA,obtained using GPS machine,NA,NA,NA,NA,NA,Plantae|Tracheophyta|Magnoliopsida|Malvales|Malvaceae|Sterculia|lanceolata,NA,LC,NA,NA,405,NA,NA,NA,NA,NA,NA,NA,NA,NA,NA,NA,NA,NA,Khounkham,NA,NA,NA,NA,NA,NA,NA,NA,NA,NA,NA,NA,500,NA,NA,NA,NA,NA,NA,NA,NA,NA,NA,https://dbs.kaum.kagoshima-u.ac.jp/musedb/s_plant/picture/KAG187483/KAG187483.jpg,FALSE,ok
HERB_0145,sample_images/HERB_0145.jpg,1622353517,Pulsatilla campanella Fisch. ex Regel & Tiling,"cdc,cucdmis,cum",bf2a4bf0-5f31-11de-b67e-b8a03c50a862,98e934b0-5f31-11de-b67e-b8a03c50a862,"8e30b684-6a54-4aba-aa73-66201c2c736e,17abcf75-2f1e-46dd-bf75-a5b21dd02655",f6fe707e-cced-4efc-b5dc-be4c91b8180a,98e934b0-5f31-11de-b67e-b8a03c50a862,GB,DWC_ARCHIVE,2026-08-13T16:38:58.088+00:00,2026-08-24T20:19:59.701+00:00,445,PRESERVED_SPECIMEN,PRESENT,3929626,6,7707728,220,399,2410,3033620,3929626,Pulsatilla campanella Fisch. ex Regel & Tiling,Plantae,Tracheophyta,Ranunculales,Ranunculaceae,Pulsatilla,SPECIES,PROVISIONALLY_ACCEPTED,NA,ASIA,NA,NA,Northern Asia,2017,5,15,2017-05-15,135,135,NA,2023-12-19T14:57:42.000+00:00,2026-08-24T20:19:59.701+00:00,NA,http://creativecommons.org/publicdomain/zero/1.0/legalcode,FALSE,https://data.rbge.org.uk/herb/E00844228,none,none,0237598a-853a-492c-af74-a723fe251799,427c8cd7-4358-4a00-9ef3-2b2676d28d1e,FALSE,Edinburgh (E) Herbarium Specimens,"RBGE Expedition with Kulob Bot Garden to Tajikistan (2017),",NA,HERBARIUM SHEET,none,Magnoliopsida,TL,none,none,ASIA,Timor-Leste,EUROPE,NA,https://data.rbge.org.uk/herb/E00844228,2,Growing in cliffs in crevices south east facing forming small to large clumps  ;  Vegetation: Prunus and Rhamnus,https://scientific-collections.gbif.org/institution/0237598a-853a-492c-af74-a723fe251799,445,NA,Tajikistan:Dorvoz:north of Kala-i-khum Sagirdasht pass 3km from top of pass towards Tavildara,NA,NA,1622353517,NA,E,https://data.rbge.org.uk/herb/E00844228,PhysicalObject,NA,E00844228,RBGE,NA,NA,1050m,https://scientific-collections.gbif.org/collection/427c8cd7-4358-4a00-9ef3-2b2676d28d1e,Pulsatilla campanella Fisch. ex Regel & Tiling,NA,NA,38.116944,70.483333,NA,3929626,Pulsatilla campanella,Pulsatilla,campanella,NA,NA,NA,WGS84,NA,ICBN,NA,NA,NA,NA,NA,NA,E,NA,NA,NA,NA,NA,NA,1050,0,NA,NA,NA,NA,NA,NA,NA,NA,NA,NA,NA,NA,NA,NA,NA,15th May 2017,NA,NA,NA,NA,NA,NA,NA,NA,NA,NA,NA,CC0,Royal Botanic Garden Edinburgh,853532,NA,NA,NA,NA,NA,NA,https://iiif.rbge.org.uk/herb/iiif/E00844228/manifest,FALSE,not_image
HERB_0146,sample_images/HERB_0146.jpg,6196924232,Diospyros brandisiana Kurz,"colmafu,inmafu",1cbed1d0-f9ac-4b9e-bf3f-a26272bca39e,4fd82480-ea1c-11da-8db4-b8a03c50a862,NA,82d6992a-b20b-4e74-b6ac-6b971b2c485d,4fd82480-ea1c-11da-8db4-b8a03c50a862,JP,EML,2026-07-10T16:35:10.312+00:00,2026-07-18T17:50:38.788+00:00,222,PRESERVED_SPECIMEN,PRESENT,4070372,6,7707728,220,1353,6709,3030169,4070372,Diospyros brandisiana Kurz,Plantae,Tracheophyta,Ericales,Ebenaceae,Diospyros,SPECIES,ACCEPTED,NA,ASIA,Khammouan,NA,Asia|Laos|Khammouan|Khounkham|Phouphamarn walking trail,2024,3,17,2024-03-17,77,77,NA,2025-10-16T00:00:00.000+00:00,2026-07-18T17:50:38.788+00:00,https://www.museum.kagoshima-u.ac.jp/hyouhonsitu.html,http://creativecommons.org/licenses/by/4.0/legalcode,FALSE,c736fe0f-cdbe-46be-b207-86f8d6894f08,none,none,7b6590f0-c03f-409b-ae28-f443c1166d23,e9e6df05-e289-4a64-8ace-a4d5dbd168e4,FALSE,NA,NA,NA,NA,none,Magnoliopsida,LA,none,none,ASIA,Lao People’s Democratic Republic,ASIA,NA,c736fe0f-cdbe-46be-b207-86f8d6894f08,Z987,NA,NA,232,NA,Phouphamarn walking trail,NA,"Laos, Khammouan, Khounkham, Phouphamarn walking trail",6196924232,NA,KAG,c736fe0f-cdbe-46be-b207-86f8d6894f08,NA,NA,KAG187396,KAG,NA,NA,NA,NA,Diospyros brandisiana Kurz,NA,NA,18.17626,104.48905,NA,4070372,Diospyros brandisiana,Diospyros,brandisiana,NA,NA,NA,WGS84,NA,NA,NA,NA,obtained using GPS machine,NA,NA,NA,NA,NA,Plantae|Tracheophyta|Magnoliopsida|Ericales|Ebenaceae|Diospyros|brandisiana,NA,LC,NA,NA,423,NA,NA,NA,NA,NA,NA,NA,NA,NA,NA,NA,NA,NA,Khounkham,NA,NA,NA,NA,NA,NA,NA,NA,NA,NA,NA,NA,500,NA,NA,NA,NA,NA,NA,NA,NA,NA,NA,https://dbs.kaum.kagoshima-u.ac.jp/musedb/s_plant/picture/KAG187396/KAG187396.jpg,FALSE,ok
HERB_0147,sample_images/HERB_0147.jpg,3312498089,Saussurea salsa (Pall.) Spreng.,"cdc,cucdmis,cum",bf2a4bf0-5f31-11de-b67e-b8a03c50a862,98e934b0-5f31-11de-b67e-b8a03c50a862,"8e30b684-6a54-4aba-aa73-66201c2c736e,17abcf75-2f1e-46dd-bf75-a5b21dd02655",f6fe707e-cced-4efc-b5dc-be4c91b8180a,98e934b0-5f31-11de-b67e-b8a03c50a862,GB,DWC_ARCHIVE,2026-08-13T16:38:58.088+00:00,2026-08-24T20:20:58.234+00:00,445,PRESERVED_SPECIMEN,PRESENT,5404709,6,7707728,220,414,3065,2752681,5404709,Saussurea salsa (Pall.) Spreng.,Plantae,Tracheophyta,Asterales,Asteraceae,Saussurea,SPECIES,ACCEPTED,NA,ASIA,NA,NA,Northern Asia,2018,8,11,2018-08-11,223,223,NA,2020-07-20T01:00:00.000+00:00,2026-08-24T20:20:58.234+00:00,NA,http://creativecommons.org/publicdomain/zero/1.0/legalcode,FALSE,https://data.rbge.org.uk/herb/E00898564,none,none,0237598a-853a-492c-af74-a723fe251799,427c8cd7-4358-4a00-9ef3-2b2676d28d1e,FALSE,Edinburgh (E) Herbarium Specimens,"Pamirs Expedition to Central Asia Tajikistan,",NA,HERBARIUM SHEET,none,Magnoliopsida,TL,none,none,ASIA,Timor-Leste,EUROPE,NA,https://data.rbge.org.uk/herb/E00898564,44,"Flat site on side of road, fully exposed, granitc sand.;  Vegetation: compositae, acanthelimon and artemisia",https://scientific-collections.gbif.org/institution/0237598a-853a-492c-af74-a723fe251799,445,NA,"Tajikistan:Gorno Badakshan:30 km from Lake Yashilkul, east on M41 towards Murgab.",NA,NA,3312498089,NA,E,https://data.rbge.org.uk/herb/E00898564,PhysicalObject,NA,E00898564,RBGE,NA,NA,3856m,https://scientific-collections.gbif.org/collection/427c8cd7-4358-4a00-9ef3-2b2676d28d1e,Saussurea salsa (Pall.) Spreng.,NA,NA,37.677222,73.195278,NA,5404709,Saussurea salsa,Saussurea,salsa,NA,NA,NA,WGS84,NA,ICBN,NA,NA,NA,NA,NA,NA,E,NA,NA,NA,NA,NA,NA,3856,0,NA,NA,NA,NA,NA,NA,NA,NA,NA,NA,NA,NA,NA,NA,NA,11th August 2018,NA,NA,NA,NA,NA,NA,NA,NA,NA,NA,NA,CC0,Royal Botanic Garden Edinburgh,927438,NA,NA,NA,NA,NA,NA,https://iiif.rbge.org.uk/herb/iiif/E00898564/manifest,FALSE,not_image
HERB_0148,sample_images/HERB_0148.jpg,5895917056,Clausena indica (Dalzell) Oliv.,"cdc,cdround,colmafu,inmafu",902c8fe7-8f38-45b0-854e-c324fed36303,f5fc4e61-b7a0-414b-ab68-b41cb23e7fdc,NA,91d2f516-bdfa-458f-bad1-66717101b49f,f5fc4e61-b7a0-414b-ab68-b41cb23e7fdc,RU,EML,2026-08-21T18:06:57.852+00:00,2026-08-21T18:14:25.102+00:00,610,PRESERVED_SPECIMEN,PRESENT,3836864,6,7707728,220,933,2396,3190412,3836864,Clausena indica (Dalzell) Oliv.,Plantae,Tracheophyta,Sapindales,Rutaceae,Clausena,SPECIES,ACCEPTED,NA,ASIA,NA,NA,South Asia|South Asia (Asia outside ex-Soviet states and Mongolia)|Vietnam,2024,4,27,2024-04-27,118,118,NA,2025-12-18T11:15:51.000+00:00,2026-08-21T18:14:25.102+00:00,https://plant.depo.msu.ru/open/public/item/MW1048704,http://creativecommons.org/licenses/by/4.0/legalcode,FALSE,MW1048704,none,none,df27e63f-82b2-464e-9286-a96163c961c9,acf523b0-8c81-4813-a85d-2361a8b487d4,FALSE,Moscow Digital Herbarium,Nguyen H.C.,NA,herbarium specimen,none,Magnoliopsida,VN,none,none,ASIA,Viet Nam,EUROPE,Moscow State University,MW1048704,NA,NA,http://grbio.org/institution/moscow-state-university,610,NA,NA,NA,NA,5895917056,en | ru,MW,MW1048704,Physical Object,in collection,MW1048704,Moscow State University,NA,use under CC-BY 4.0,NA,urn:lsid:biocol.org:col:15550,Clausena indica (Dalzell) Oliv.,NA,NA,22.461667,105.578056,https://rscf.ru/en/project/21-77-20042/,3836864,Clausena indica,Clausena,indica,Kollektor,urn:lsid:biocol.org:col:15550:01,common practice of herbarium collecting,WGS84,Clausena indica (Dalzell) Oliv.,"International Code of Nomenclature for algae, fungi, and plants",manual verification,WGS84,no label data,MW1048704,168649282,363064253,MSU,"Seregin A. P. (Ed.). 2026. Specimen MW1048704 from the collection ""Moscow University Herbarium"" // Depository of Live Systems (branch ""Plants""): Electronic resource. – Moscow State University, Moscow. – Available at: https://plant.depo.mitotech.ru/open/public/item/MW1048704 (indicate access date).",Plantae | Tracheophyta | Magnoliopsida | Sapindales | Rutaceae | Aurantioideae | Clausena,Clausena,NA,Клаузена,NA,NA,NA,NA,NA,NA,NA,NA,NA,NA,NA,NA,NA,NA,NA,NA,NA,NA,NA,NA,NA,NA,NA,NA,NA,NA,NA,NA,NA,NA,NA,NA,NA,NA,NA,NA,NA,NA,NA,https://plant.depo.msu.ru/open/public/item/MW1048704/img/0.jpg?gbif,FALSE,ok
HERB_0149,sample_images/HERB_0149.jpg,2430565465,Dichrocephala integrifolia (L.fil.) Kuntze,,b5cdf794-8fa4-4a85-8b26-755d087bf531,2cd829bb-b713-433d-99cf-64bef11e5b3e,17abcf75-2f1e-46dd-bf75-a5b21dd02655,86c2834b-fcd6-418d-9b32-aca45110a0fe,2cd829bb-b713-433d-99cf-64bef11e5b3e,FR,EML,2026-08-13T15:27:43.858+00:00,2026-08-24T16:45:41.328+00:00,606,PRESERVED_SPECIMEN,PRESENT,3115588,6,7707728,220,414,3065,3115585,3115588,Dichrocephala integrifolia (L.fil.) Kuntze,Plantae,Tracheophyta,Asterales,Asteraceae,Dichrocephala,SPECIES,ACCEPTED,NA,ASIA,kompong chhnang,none,NA,2019,2,24,2019-02-24,55,55,NA,2020-01-14T18:34:16.000+00:00,2026-08-24T16:45:41.328+00:00,NA,http://creativecommons.org/licenses/by/4.0/legalcode,FALSE,http://coldb.mnhn.fr/catalognumber/mnhn/p/p00915934,none,none,6a6ac6c5-1b8a-48db-91a2-f8661274ff80,bc3d39fd-a7d4-4763-b951-2bdeddd8a5d2,FALSE,NA,"Hul, S.|Eum, S.|Peou, Y.",Hul,hb,none,Magnoliopsida,KH,none,none,ASIA,Cambodia,EUROPE,NA,http://coldb.mnhn.fr/catalognumber/mnhn/p/p00915934,NA,NA,http://grbio.org/institution/museum-national-dhistoire-naturelle,654,NA,NA,7060,NA,2430565465,NA,P,http://coldb.mnhn.fr/catalognumber/mnhn/p/p00915934,NA,NA,P00915934,MNHN,NA,NA,NA,NA,Dichrocephala integrifolia (L.fil.) Kuntze,NA,NA,NA,NA,NA,3115588,Dichrocephala integrifolia,Dichrocephala,integrifolia,NA,NA,NA,NA,NA,NA,NA,NA,NA,NA,NA,NA,NA,NA,NA,NA,NA,NA,NA,NA,NA,NA,NA,NA,NA,NA,NA,NA,NA,NA,NA,NA,"""Plante herbacée, de 0,5 cm de haut, pubescente. Feuilles lyrées, lobées. Inflorescences en capitules ; involucre de bractées pubescentes. Fleurs femelles et hermaphrodites ; corolle en forme d'entonnoir, à 4-5 lobes ; 5 étamines, soudées par les anthères non auriculées et munies d'un appendice terminal ; ovaire infère, à style divisé en 2 branches au sommet""",Roléa Ph'éa,"Kang Méas, Kok Bantéay",NA,NA,NA,NA,NA,NA,NA,NA,NA,NA,NA,NA,NA,NA,NA,NA,NA,NA,NA,NA,NA,NA,https://mediaphoto.mnhn.fr/media/1579023256205NcHpjFrCNc4zLya6,TRUE,error
HERB_0150,sample_images/HERB_0150.jpg,4985307611,Rhynchosia avensis Benth. ex Baker,,b5cdf794-8fa4-4a85-8b26-755d087bf531,2cd829bb-b713-433d-99cf-64bef11e5b3e,17abcf75-2f1e-46dd-bf75-a5b21dd02655,86c2834b-fcd6-418d-9b32-aca45110a0fe,2cd829bb-b713-433d-99cf-64bef11e5b3e,FR,EML,2026-08-13T15:27:43.858+00:00,2026-08-24T16:47:00.607+00:00,606,PRESERVED_SPECIMEN,PRESENT,5351000,6,7707728,220,1370,5386,2947992,5351000,Rhynchosia avensis Benth. ex Baker,Plantae,Tracheophyta,Fabales,Fabaceae,Rhynchosia,SPECIES,ACCEPTED,NA,ASIA,NA,none,NA,2023,11,25,2023-11-25,329,329,NA,2024-11-20T09:45:41.000+00:00,2026-08-24T16:47:00.607+00:00,NA,http://creativecommons.org/licenses/by/4.0/legalcode,FALSE,http://coldb.mnhn.fr/catalognumber/mnhn/p/p01170461,none,none,6a6ac6c5-1b8a-48db-91a2-f8661274ff80,bc3d39fd-a7d4-4763-b951-2bdeddd8a5d2,FALSE,NA,"Tamura, S.|&, al.",NA,hb,none,Magnoliopsida,TH,none,none,ASIA,Thailand,EUROPE,NA,http://coldb.mnhn.fr/catalognumber/mnhn/p/p01170461,NA,NA,http://grbio.org/institution/museum-national-dhistoire-naturelle,654,NA,NA,T 69009,Doi Hua Mot,4985307611,NA,P,http://coldb.mnhn.fr/catalognumber/mnhn/p/p01170461,NA,NA,P01170461,MNHN,NA,NA,NA,NA,Rhynchosia avensis Benth. ex Baker,NA,NA,NA,NA,NA,5351000,Rhynchosia avensis,Rhynchosia,avensis,NA,NA,NA,NA,NA,NA,NA,NA,NA,NA,NA,NA,NA,NA,NA,NA,NA,NA,NA,NA,NA,NA,NA,NA,NA,NA,NA,NA,NA,NA,NA,NA,NA,NA,NA,NA,NA,NA,NA,NA,NA,NA,NA,NA,NA,NA,NA,NA,NA,NA,NA,NA,NA,NA,NA,NA,NA,https://mediaphoto.mnhn.fr/media/1732092339294hrtJmdNwpQTl8c26,FALSE,error
HERB_0151,sample_images/HERB_0151.jpg,5106375601,Photinia arguta var. salicifolia (Decne.) J.E.Vidal,,bf2a4bf0-5f31-11de-b67e-b8a03c50a862,98e934b0-5f31-11de-b67e-b8a03c50a862,"8e30b684-6a54-4aba-aa73-66201c2c736e,17abcf75-2f1e-46dd-bf75-a5b21dd02655",f6fe707e-cced-4efc-b5dc-be4c91b8180a,98e934b0-5f31-11de-b67e-b8a03c50a862,GB,DWC_ARCHIVE,2026-08-13T16:38:58.088+00:00,2026-08-24T20:20:50.762+00:00,445,PRESERVED_SPECIMEN,PRESENT,7509104,6,7707728,220,691,5015,2988146,3000518,Pourthiaea salicifolia Decne.,Plantae,Tracheophyta,Rosales,Rosaceae,Pourthiaea,VARIETY,SYNONYM,NA,ASIA,Sagaing,none,Myanmar (Burma),2019,3,22,2019-03-22,81,81,NA,2025-04-08T07:07:17.000+00:00,2026-08-24T20:20:50.762+00:00,NA,http://creativecommons.org/publicdomain/zero/1.0/legalcode,FALSE,https://data.rbge.org.uk/herb/E01539064,none,none,0237598a-853a-492c-af74-a723fe251799,427c8cd7-4358-4a00-9ef3-2b2676d28d1e,FALSE,Edinburgh (E) Herbarium Specimens,"Armstrong, Kathleen Ellen, Nwe, Thet Yu, Kramer, Marshall, Linn, Wah Wah, Khaing, Myo, Myint, Thar, Pyae, Phoe La, Kyi, Aung, Nyo, Kyi, Myint, Han Sein, Nge, Maung & Oo, Myint",NA,HERBARIUM SHEET,none,Magnoliopsida,MM,none,none,ASIA,Myanmar,EUROPE,NA,https://data.rbge.org.uk/herb/E01539064,4582,Growing in primary forest.,https://scientific-collections.gbif.org/institution/0237598a-853a-492c-af74-a723fe251799,445,NA,"Htamanthi Wildlife Sanctuary. Nam Phi Lin stream, camp 1",NA,NA,5106375601,NA,E,https://data.rbge.org.uk/herb/E01539064,PhysicalObject,NA,E01539064,RBGE,NA,NA,NA,https://scientific-collections.gbif.org/collection/427c8cd7-4358-4a00-9ef3-2b2676d28d1e,Photinia arguta var. salicifolia (Decne.) J.E.Vidal,NA,NA,NA,NA,NA,3000518,Pourthiaea salicifolia,Photinia,arguta,NA,NA,NA,NA,NA,ICBN,NA,NA,NA,NA,NA,NA,E,NA,NA,NA,NA,NA,NA,NA,NA,NA,NA,NA,NA,NA,NA,NA,salicifolia,NA,NA,NA,NA,Hkamti,NA,NA,22nd March 2019,NA,NA,NA,NA,NA,NA,NA,NA,NA,NA,NA,CC0,Royal Botanic Garden Edinburgh,1752320,NA,NA,NA,NA,NA,NA,https://iiif.rbge.org.uk/herb/iiif/E01539064/manifest,FALSE,not_image
HERB_0152,sample_images/HERB_0152.jpg,3312498190,Chondrilla yossii Kitam.,"cdc,cucdmis,cum",bf2a4bf0-5f31-11de-b67e-b8a03c50a862,98e934b0-5f31-11de-b67e-b8a03c50a862,"8e30b684-6a54-4aba-aa73-66201c2c736e,17abcf75-2f1e-46dd-bf75-a5b21dd02655",f6fe707e-cced-4efc-b5dc-be4c91b8180a,98e934b0-5f31-11de-b67e-b8a03c50a862,GB,DWC_ARCHIVE,2026-08-13T16:38:58.088+00:00,2026-08-24T20:20:23.439+00:00,445,PRESERVED_SPECIMEN,PRESENT,5403784,6,7707728,220,414,3065,3144317,5403784,Chondrilla yossii Kitam.,Plantae,Tracheophyta,Asterales,Asteraceae,Chondrilla,SPECIES,ACCEPTED,NA,ASIA,NA,NA,Northern Asia,2018,8,13,2018-08-13,225,225,NA,2018-11-19T00:00:00.000+00:00,2026-08-24T20:20:23.439+00:00,NA,http://creativecommons.org/publicdomain/zero/1.0/legalcode,FALSE,https://data.rbge.org.uk/herb/E00898589,none,none,0237598a-853a-492c-af74-a723fe251799,427c8cd7-4358-4a00-9ef3-2b2676d28d1e,FALSE,Edinburgh (E) Herbarium Specimens,"Pamirs Expedition to Central Asia Tajikistan,",NA,HERBARIUM SHEET,none,Magnoliopsida,TL,none,none,ASIA,Timor-Leste,EUROPE,NA,https://data.rbge.org.uk/herb/E00898589,59,"South west facing gentle rocky slope, with river washed pebbles, sandy;  Vegetation: Artemisia, and compositae, and rutaceae",https://scientific-collections.gbif.org/institution/0237598a-853a-492c-af74-a723fe251799,445,NA,"Tajikistan:Gorno Badakshan:17 km west of Murgab, along the Murgab river valley",NA,NA,3312498190,NA,E,https://data.rbge.org.uk/herb/E00898589,PhysicalObject,NA,E00898589,RBGE,NA,NA,3573m,https://scientific-collections.gbif.org/collection/427c8cd7-4358-4a00-9ef3-2b2676d28d1e,Chondrilla yossii Kitam.,NA,NA,38.223333,73.022778,NA,5403784,Chondrilla yossii,Chondrilla,yossii,NA,NA,NA,WGS84,NA,ICBN,NA,NA,NA,NA,NA,NA,E,NA,NA,NA,NA,NA,NA,3573,0,NA,NA,NA,NA,NA,NA,NA,NA,NA,NA,NA,NA,NA,NA,NA,13th August 2018,NA,NA,NA,NA,NA,NA,NA,NA,NA,NA,NA,CC0,Royal Botanic Garden Edinburgh,927463,NA,NA,NA,NA,NA,NA,https://iiif.rbge.org.uk/herb/iiif/E00898589/manifest,FALSE,not_image
HERB_0153,sample_images/HERB_0153.jpg,5833060296,Homalanthus populneus (Geiseler) Pax,"cdc,inmafu",defb9a47-c1a7-4fb2-9a0b-2da7c5260cad,c4cbb860-e9c7-11da-8113-b8a03c50a862,"68e8e67a-43e6-44a3-8817-dc0e6b70f973,0479d6b2-a4f4-4307-8346-0b80e8c88c66",ac2ad091-91eb-482d-a73f-061744da5dbf,96710dc8-fecb-440d-ae3e-c34ae8a9616f,US,DWC_ARCHIVE,2026-08-22T14:49:41.590+00:00,2026-08-24T17:20:15.311+00:00,237,PRESERVED_SPECIMEN,PRESENT,3072674,6,7707728,220,1414,4691,3072604,3072674,Homalanthus populneus (Geiseler) Pax,Plantae,Tracheophyta,Malpighiales,Euphorbiaceae,Homalanthus,SPECIES,ACCEPTED,NA,ASIA,Bukidnon Province,NA,NA,2024,6,5,2024-06-05,157,157,NA,2026-02-13T16:57:19.000+00:00,2026-08-24T17:20:15.311+00:00,https://portal.torcherbaria.org/portal/collections/individual/index.php?occid=34055059,http://creativecommons.org/publicdomain/zero/1.0/legalcode,FALSE,34055059,none,none,a68aaf8c-9bfe-4bec-bab9-70cf5d6cde4a,5a7702f8-a46a-40a0-9eef-26d97ea45b5c,FALSE,NA,"Plants and Lichens of the Southern Philippines Survey; Peter W. Fritsch, Victor B. Amoroso, Fulgent P. Coritico, Darin S. Penneys, Maria Melanie M. Guiang, Vanessa Handley, Noel L. Lagunday, José Ignacio Márquez-Corro, Yvonne L. Cariño, April Joie D. Lagumbay, Noe P. Mendez, Joevina C. Nobleza, Pamela J. O",NA,Pressed herbarium specimen,none,Magnoliopsida,PH,none,none,ASIA,Philippines,NORTH_AMERICA,Botanical Research Institute of Texas,34055059,5980,"Growing in loam in exposed places. Tropical Upper Montane Rain Forest. Volcanic, mafic bedrock. Aspect: N-facing. Area disturbed by clearing.",NA,237,NA,"Mindanao Island; Bukidnon Province; Municipality of Manolo Fortich; Barangay Dahilayan. N edge of Mt. Kitanglad Natural Park, trail from Dahilayan Indigenous People Eco Park & Resort to Mt. Lungkayapan.",NA,NA,5833060296,English,BRIT,c6931e75-8c6b-4129-9e36-2bd1a9147467,NA,NA,BRIT1148730,BRIT,"Occasional. Additional materials: Photos, DNA. Collections supported by U.S. National Science Foundation grants DEB-1754667 and DEB-1754697.; Shrub 3 m tall; leaves pale green and slightly glossy adaxially, glaucous abaxially; inflorescence buds green; fruit green.",NA,1849 m,fea81a47-2365-45cc-bef9-b6bbff7457e6,Homalanthus populneus (Geiseler) Pax,NA,NA,8.17012,124.86476,NA,3072674,Homalanthus populneus,Homalanthus,populneus,NA,NA,NA,WGS84,NA,NA,NA,NA,NA,NA,NA,NA,NA,NA,NA,NA,LC,NA,NA,1849,NA,NA,NA,161305,NA,NA,NA,Barangay Dahilayan,NA,NA,NA,NA,NA,Municipality of Manolo Fortich,NA,NA,5-Jun-24,Mindanao,c6931e75-8c6b-4129-9e36-2bd1a9147467,http://creativecommons.org/publicdomain/zero/1.0/,NA,NA,NA,NA,abordelon,NA,NA,NA,NA,NA,NA,NA,NA,NA,NA,NA,NA,https://web.corral.tacc.utexas.edu/brit/BRIT/BRIT1148000/BRIT1148730.jpg,TRUE,error
HERB_0154,sample_images/HERB_0154.jpg,6196927803,Combretum quadrangulare Kurz,"colmafu,inmafu",1cbed1d0-f9ac-4b9e-bf3f-a26272bca39e,4fd82480-ea1c-11da-8db4-b8a03c50a862,NA,82d6992a-b20b-4e74-b6ac-6b971b2c485d,4fd82480-ea1c-11da-8db4-b8a03c50a862,JP,EML,2026-07-10T16:35:10.312+00:00,2026-07-18T17:50:23.527+00:00,222,PRESERVED_SPECIMEN,PRESENT,3698705,6,7707728,220,690,2431,2986357,3698705,Combretum quadrangulare Kurz,Plantae,Tracheophyta,Myrtales,Combretaceae,Combretum,SPECIES,ACCEPTED,NA,ASIA,Kien Giang,NA,Asia|Vietnam|Kien Giang|Kien Luong Dist.|Binh An,2024,5,24,2024-05-24,145,145,NA,2025-10-16T00:00:00.000+00:00,2026-07-18T17:50:23.527+00:00,https://www.museum.kagoshima-u.ac.jp/hyouhonsitu.html,http://creativecommons.org/licenses/by/4.0/legalcode,FALSE,30349fb6-c9b1-4f46-864f-be9be4cbcbcc,none,none,7b6590f0-c03f-409b-ae28-f443c1166d23,e9e6df05-e289-4a64-8ace-a4d5dbd168e4,FALSE,NA,NA,NA,NA,none,Magnoliopsida,VN,none,none,ASIA,Viet Nam,ASIA,NA,30349fb6-c9b1-4f46-864f-be9be4cbcbcc,N532,NA,NA,232,NA,Binh An,NA,"Vietnam, Kien Giang, Kien Luong Dist., Binh An",6196927803,NA,KAG,30349fb6-c9b1-4f46-864f-be9be4cbcbcc,NA,NA,KAG188635,KAG,NA,NA,NA,NA,Combretum quadrangulare Kurz,NA,NA,10.15577,104.60976,NA,3698705,Combretum quadrangulare,Combretum,quadrangulare,NA,NA,NA,WGS84,NA,NA,NA,NA,obtained using GPS machine,NA,NA,NA,NA,NA,Plantae|Tracheophyta|Magnoliopsida|Myrtales|Combretaceae|Combretum|quadrangulare,NA,LC,NA,NA,40,NA,NA,NA,NA,NA,NA,NA,NA,NA,NA,NA,NA,NA,Kien Luong Dist.,NA,NA,NA,NA,NA,NA,NA,NA,NA,NA,NA,NA,500,NA,NA,NA,NA,NA,NA,NA,NA,NA,NA,https://dbs.kaum.kagoshima-u.ac.jp/musedb/s_plant/picture/KAG188635/KAG188635.jpg,FALSE,ok
HERB_0155,sample_images/HERB_0155.jpg,4538698772,Maesa ramentacea (Roxb.) A.DC.,"cdc,cdround,gass84,incomis,inmafu",cd6e21c8-9e8a-493a-8a76-fbf7862069e5,061b4f20-f241-11da-a328-b8a03c50a862,17abcf75-2f1e-46dd-bf75-a5b21dd02655,996e30f8-f762-11e1-a439-00145eb45e9a,061b4f20-f241-11da-a328-b8a03c50a862,GB,DWC_ARCHIVE,2026-08-24T12:51:18.333+00:00,2026-08-24T20:51:00.548+00:00,539,PRESERVED_SPECIMEN,PRESENT,7368771,6,7707728,220,1353,6674,3169410,7368771,Maesa ramentacea (Roxb.) A.DC.,Plantae,Tracheophyta,Ericales,Primulaceae,Maesa,SPECIES,ACCEPTED,NA,ASIA,NA,NA,NA,2019,3,17,2019-03-17T00:00,76,76,NA,2025-12-09T08:02:54.787+00:00,2026-08-24T20:51:00.548+00:00,NA,http://creativecommons.org/licenses/by/4.0/legalcode,FALSE,K001769623,none,none,fa252605-26f6-426c-9892-94d071c2c77f,NA,FALSE,NA,"Armstrong, K.; Yu Nwe, T.; Kramer, M.; Wah Linn, W.; Myint, T.; La Pyae, P.; Kyi, A.; Nyo, K.; Sein Myint, H.; Oo, M.",NA,NA,none,Magnoliopsida,MM,none,none,ASIA,Myanmar,EUROPE,NA,K001769623,4484,NA,NA,539,NA,"Sagaing Region. Hkamti District. Hkamti Township, Htamanthi Wildlife Sanctuary, Nam Phi Lin stream, camp 1.",NA,NA,4538698772,NA,Herbarium,http://specimens.kew.org/herbarium/K001769623,NA,NA,K001769623,K,NA,NA,NA,NA,Maesa ramentacea (Roxb.) A.DC.,NA,NA,25.688056,95.508722,NA,7368771,Maesa ramentacea,Maesa,ramentacea,NA,NA,NA,WGS84,NA,NA,NA,NA,NA,NA,NA,NA,NA,NA,Primulaceae,NA,LC,NA,NA,213,NA,NA,NA,NA,NA,NA,NA,NA,NA,NA,NA,NA,NA,NA,NA,NA,NA,NA,NA,NA,NA,NA,NA,NA,NA,NA,NA,NA,NA,NA,NA,NA,NA,NA,NA,NA,NA,https://d2jcv3kl45hlgi.cloudfront.net/fe42ab3da30abd575ceb25517013ba3d.jpg,FALSE,ok
HERB_0156,sample_images/HERB_0156.jpg,4979411593,Cyrtandra axillaris C.B.Clarke,cdc,bf2a4bf0-5f31-11de-b67e-b8a03c50a862,98e934b0-5f31-11de-b67e-b8a03c50a862,"8e30b684-6a54-4aba-aa73-66201c2c736e,17abcf75-2f1e-46dd-bf75-a5b21dd02655",f6fe707e-cced-4efc-b5dc-be4c91b8180a,98e934b0-5f31-11de-b67e-b8a03c50a862,GB,DWC_ARCHIVE,2026-08-13T16:38:58.088+00:00,2026-08-24T20:20:49.967+00:00,445,PRESERVED_SPECIMEN,PRESENT,5589206,6,7707728,220,408,6654,3172659,5589206,Cyrtandra axillaris C.B.Clarke,Plantae,Tracheophyta,Lamiales,Gesneriaceae,Cyrtandra,SPECIES,ACCEPTED,NA,ASIA,Sarawak,NA,Malay Islands,2024,2,28,2024-02-28,59,59,NA,2026-02-02T12:11:58.000+00:00,2026-08-24T20:20:49.967+00:00,NA,http://creativecommons.org/publicdomain/zero/1.0/legalcode,FALSE,https://data.rbge.org.uk/herb/E01494483,none,none,0237598a-853a-492c-af74-a723fe251799,427c8cd7-4358-4a00-9ef3-2b2676d28d1e,FALSE,Edinburgh (E) Herbarium Specimens,"Barber, Sadie, Wilkie, Peter, Sundue, Michael, Jawa, Rantai & Angkabau, Johnny",NA,HERBARIUM SHEET|Silica-dried,none,Magnoliopsida,MY,none,none,ASIA,Malaysia,EUROPE,NA,https://data.rbge.org.uk/herb/E01494483,S.110666,"Lowland mixed dipterocarp forest; NW facing side of ridge; fairly open canopy, good light",https://scientific-collections.gbif.org/institution/0237598a-853a-492c-af74-a723fe251799,445,NA,"Kapit Forest Management Unit (FMU), Permanent Sample Plot",NA,NA,4979411593,NA,E,https://data.rbge.org.uk/herb/E01494483,PhysicalObject,NA,E01494483,RBGE,NA,NA,NA,https://scientific-collections.gbif.org/collection/427c8cd7-4358-4a00-9ef3-2b2676d28d1e,Cyrtandra axillaris C.B.Clarke,NA,NA,1.914198,112.932643,NA,5589206,Cyrtandra axillaris,Cyrtandra,axillaris,NA,NA,NA,WGS84,NA,ICBN,NA,NA,NA,NA,NA,NA,E,NA,NA,NA,NA,NA,NA,NA,NA,NA,NA,NA,NA,NA,NA,NA,NA,NA,NA,NA,NA,NA,NA,NA,28th February 2024,NA,NA,NA,NA,NA,NA,NA,NA,NA,NA,NA,CC0,Royal Botanic Garden Edinburgh,1571802,NA,NA,NA,NA,NA,NA,https://iiif.rbge.org.uk/herb/iiif/E01494483/manifest,FALSE,not_image
HERB_0157,sample_images/HERB_0157.jpg,3416539305,Garcinia griffithii T.Anderson,"cdc,gass84",cb9beff3-a185-486f-975a-732251444158,2853c0e7-c758-4c9c-83a2-7c2d18967fb9,17abcf75-2f1e-46dd-bf75-a5b21dd02655,86c2834b-fcd6-418d-9b32-aca45110a0fe,2cd829bb-b713-433d-99cf-64bef11e5b3e,FR,EML,2026-08-13T15:27:43.165+00:00,2026-08-24T18:08:47.842+00:00,586,PRESERVED_SPECIMEN,PRESENT,3714442,6,7707728,220,1414,6646,3189556,3714442,Garcinia griffithii T.Anderson,Plantae,Tracheophyta,Malpighiales,Clusiaceae,Garcinia,SPECIES,ACCEPTED,NA,ASIA,NA,NA,NA,2020,3,30,2020-03-30,90,90,NA,2021-12-17T16:45:49.000+00:00,2026-08-24T18:08:47.842+00:00,NA,http://creativecommons.org/licenses/by/4.0/legalcode,FALSE,http://coldb.mnhn.fr/catalognumber/um/mpu/mpu1400363,none,none,17ff2e84-80c7-4904-81c7-26183b3ce46e,1fddc155-2d5b-4b1d-92cb-1268e22cc2bb,FALSE,NA,"Yao, T.L.|Leong, P.K.F.|Koh, S.L.|Lim, W.H.|Athen, P.",Yao,hb,none,Magnoliopsida,SG,none,none,ASIA,Singapore,EUROPE,NA,http://coldb.mnhn.fr/catalognumber/um/mpu/mpu1400363,NA,NA,http://grscicoll.org/institution/université-montpellier-2,634,NA,NA,97,Chesnut Peninsula,3416539305,NA,MPU,http://coldb.mnhn.fr/catalognumber/um/mpu/mpu1400363,NA,NA,MPU1400363,UM,NA,NA,NA,NA,Garcinia griffithii T.Anderson,NA,NA,1.37485,103.79604,NA,3714442,Garcinia griffithii,Garcinia,griffithii,NA,NA,NA,WGS84,NA,NA,NA,NA,NA,NA,NA,NA,NA,NA,NA,NA,LC,NA,NA,NA,NA,NA,NA,NA,NA,NA,NA,NA,NA,NA,NA,1003.170838567271,"Tree, c. 5 m tall, dbh 3.4 cm. Exudate light yellow. In contrast with other species, leaves in saplings are smaller vs small tree. Leaves in mature tree are smaller though. [unicate]",NA,NA,NA,NA,NA,NA,NA,NA,NA,NA,Regenerating forest,NA,NA,NA,NA,NA,NA,NA,NA,NA,NA,NA,NA,NA,https://mediaphoto.mnhn.fr/media/16397559493010xjwKSq1DauzPTPw,FALSE,error
HERB_0158,sample_images/HERB_0158.jpg,3461966309,Breynia androgyna (L.) Chakrab. & N.P.Balakr.,,b5cdf794-8fa4-4a85-8b26-755d087bf531,2cd829bb-b713-433d-99cf-64bef11e5b3e,17abcf75-2f1e-46dd-bf75-a5b21dd02655,86c2834b-fcd6-418d-9b32-aca45110a0fe,2cd829bb-b713-433d-99cf-64bef11e5b3e,FR,EML,2026-08-13T15:27:43.858+00:00,2026-08-24T16:46:34.803+00:00,606,PRESERVED_SPECIMEN,PRESENT,9197670,6,7707728,220,1414,8807,3079696,9197670,Breynia androgyna (L.) Chakrab. & N.P.Balakr.,Plantae,Tracheophyta,Malpighiales,Phyllanthaceae,Breynia,SPECIES,ACCEPTED,NA,ASIA,siem réap,none,NA,2021,1,8,2021-01-08,8,8,NA,2022-02-09T10:40:02.000+00:00,2026-08-24T16:46:34.803+00:00,NA,http://creativecommons.org/licenses/by/4.0/legalcode,FALSE,http://coldb.mnhn.fr/catalognumber/mnhn/p/p01190808,none,none,6a6ac6c5-1b8a-48db-91a2-f8661274ff80,bc3d39fd-a7d4-4763-b951-2bdeddd8a5d2,FALSE,NA,"Hul, S.|Peou, Y.|Ratanak, V.",Hul,hb,none,Magnoliopsida,KH,none,none,ASIA,Cambodia,EUROPE,NA,http://coldb.mnhn.fr/catalognumber/mnhn/p/p01190808,NA,NA,http://grbio.org/institution/museum-national-dhistoire-naturelle,654,NA,NA,7199,Sangkat Slorkram,3461966309,NA,P,http://coldb.mnhn.fr/catalognumber/mnhn/p/p01190808,NA,NA,P01190808,MNHN,NA,NA,NA,NA,Breynia androgyna (L.) Chakrab. & N.P.Balakr.,NA,NA,NA,NA,NA,9197670,Breynia androgyna,Breynia,androgyna,NA,NA,NA,NA,NA,NA,NA,NA,NA,NA,NA,NA,NA,NA,NA,NA,LC,NA,NA,NA,NA,NA,NA,NA,NA,NA,NA,NA,NA,NA,NA,NA,"Arbuste de 2-4 m de haut, glabre, monoïque. Feuilles ovales, aiguës au sommet. Inflorescences axillaires, en fascicules. Fruits charnus",Phum Daun Pa,NA,NA,NA,NA,NA,NA,NA,NA,NA,NA,NA,NA,NA,NA,NA,NA,NA,NA,NA,NA,NA,NA,NA,https://mediaphoto.mnhn.fr/media/1644399599086lCvElTCwXXn388KD,TRUE,error
HERB_0159,sample_images/HERB_0159.jpg,3416519306,Garcinia celebica L.,"cdc,gass84",cb9beff3-a185-486f-975a-732251444158,2853c0e7-c758-4c9c-83a2-7c2d18967fb9,17abcf75-2f1e-46dd-bf75-a5b21dd02655,86c2834b-fcd6-418d-9b32-aca45110a0fe,2cd829bb-b713-433d-99cf-64bef11e5b3e,FR,EML,2026-08-13T15:27:43.165+00:00,2026-08-24T18:08:45.282+00:00,586,PRESERVED_SPECIMEN,PRESENT,8200518,6,7707728,220,1414,6646,3189556,8200518,Garcinia celebica L.,Plantae,Tracheophyta,Malpighiales,Clusiaceae,Garcinia,SPECIES,ACCEPTED,NA,ASIA,NA,NA,NA,2020,3,16,2020-03-16,76,76,NA,2021-12-17T16:45:41.000+00:00,2026-08-24T18:08:45.282+00:00,NA,http://creativecommons.org/licenses/by/4.0/legalcode,FALSE,http://coldb.mnhn.fr/catalognumber/um/mpu/mpu1400339,none,none,17ff2e84-80c7-4904-81c7-26183b3ce46e,1fddc155-2d5b-4b1d-92cb-1268e22cc2bb,FALSE,NA,"Yao, T.L.|Ngo, K.M.|Lim, J.Y.",Yao,hb,none,Magnoliopsida,SG,none,none,ASIA,Singapore,EUROPE,NA,http://coldb.mnhn.fr/catalognumber/um/mpu/mpu1400339,NA,NA,http://grscicoll.org/institution/université-montpellier-2,634,NA,NA,73,"Bukit Timah Nature Reserve, 2-ha Plot, Primary",3416519306,NA,MPU,http://coldb.mnhn.fr/catalognumber/um/mpu/mpu1400339,NA,NA,MPU1400339,UM,NA,NA,NA,NA,Garcinia celebica L.,NA,NA,1.35471,103.7785,NA,8200518,Garcinia celebica,Garcinia,celebica,NA,NA,NA,WGS84,NA,NA,NA,NA,NA,NA,NA,NA,NA,NA,NA,NA,LC,NA,NA,NA,NA,NA,NA,NA,NA,NA,NA,NA,NA,NA,NA,2733.6741798966546,"Treelet. DBH 2.2 cm, ht. 2 m. Trunk base exposed due to soil erosion. Top broken, coppicing along the the lower trunk, upper parth of the trunk still greenish with conspicous petiole scars. Leaves oblong. Tree tag A3-20404, gx: 16, gy: 56.5",NA,NA,NA,NA,NA,NA,NA,NA,NA,NA,"Primary lowland rainforest, steep slope",NA,NA,NA,NA,NA,NA,NA,NA,NA,NA,NA,NA,NA,https://mediaphoto.mnhn.fr/media/1639755940841BlWgAu0INb5GEeNd,FALSE,error
HERB_0160,sample_images/HERB_0160.jpg,3461932310,Clerodendrum fortunatum L.,,b5cdf794-8fa4-4a85-8b26-755d087bf531,2cd829bb-b713-433d-99cf-64bef11e5b3e,17abcf75-2f1e-46dd-bf75-a5b21dd02655,86c2834b-fcd6-418d-9b32-aca45110a0fe,2cd829bb-b713-433d-99cf-64bef11e5b3e,FR,EML,2026-08-13T15:27:43.858+00:00,2026-08-24T16:46:35.229+00:00,606,PRESERVED_SPECIMEN,PRESENT,3893244,6,7707728,220,408,2497,2925347,3893244,Clerodendrum fortunatum L.,Plantae,Tracheophyta,Lamiales,Lamiaceae,Clerodendrum,SPECIES,ACCEPTED,NA,ASIA,siem réap,none,NA,2021,1,8,2021-01-08,8,8,NA,2022-05-10T09:55:14.000+00:00,2026-08-24T16:46:35.229+00:00,NA,http://creativecommons.org/licenses/by/4.0/legalcode,FALSE,http://coldb.mnhn.fr/catalognumber/mnhn/p/p01190859,none,none,6a6ac6c5-1b8a-48db-91a2-f8661274ff80,bc3d39fd-a7d4-4763-b951-2bdeddd8a5d2,FALSE,NA,"Hul, S.|Peou, Y.|Ratanak, V.",Hul,hb,none,Magnoliopsida,KH,none,none,ASIA,Cambodia,EUROPE,NA,http://coldb.mnhn.fr/catalognumber/mnhn/p/p01190859,NA,NA,http://grbio.org/institution/museum-national-dhistoire-naturelle,654,NA,NA,7274,Sangkat Slorkram,3461932310,NA,P,http://coldb.mnhn.fr/catalognumber/mnhn/p/p01190859,NA,NA,P01190859,MNHN,NA,NA,NA,NA,Clerodendrum fortunatum L.,NA,NA,NA,NA,NA,3893244,Clerodendrum fortunatum,Clerodendrum,fortunatum,NA,NA,NA,NA,NA,NA,NA,NA,NA,NA,NA,NA,NA,NA,NA,NA,NA,NA,NA,NA,NA,NA,NA,NA,NA,NA,NA,NA,NA,NA,NA,NA,"Petit arbuste, de 2-2,5 m de haut , rameaux pubescents-fauves. Feuilles ovales-oblongues, elliptiques ou obovales, acuminées au sommet, ± décurtentes sur le pétiole à la base. Inflorescences axillaires, en cimes trichotomes, pubescentes , calice à 5 lobes rougeâtres, aigus au sommet. Fruit : drupe globuleuse, rouge noirâtre",Phum Daun Pa,NA,NA,NA,NA,NA,NA,NA,NA,NA,NA,NA,NA,NA,NA,NA,NA,NA,NA,NA,NA,NA,NA,NA,https://mediaphoto.mnhn.fr/media/1648795045346qE1tLiql7Sa5Jd3n,TRUE,error
HERB_0161,sample_images/HERB_0161.jpg,6163695930,Byttneria maingayi Mast.,"incomis,inmafu",cd6e21c8-9e8a-493a-8a76-fbf7862069e5,061b4f20-f241-11da-a328-b8a03c50a862,17abcf75-2f1e-46dd-bf75-a5b21dd02655,996e30f8-f762-11e1-a439-00145eb45e9a,061b4f20-f241-11da-a328-b8a03c50a862,GB,DWC_ARCHIVE,2026-08-24T12:51:18.333+00:00,2026-08-24T20:50:35.062+00:00,539,PRESERVED_SPECIMEN,PRESENT,3668442,6,7707728,220,941,6685,7445609,3668442,Byttneria maingayi Mast.,Plantae,Tracheophyta,Malvales,Malvaceae,Byttneria,SPECIES,ACCEPTED,NA,ASIA,NA,none,NA,2021,3,17,2021-03-17T00:00,76,76,NA,2026-03-22T11:45:30.997+00:00,2026-08-24T20:50:35.062+00:00,NA,http://creativecommons.org/licenses/by/4.0/legalcode,FALSE,K004043502,none,none,fa252605-26f6-426c-9892-94d071c2c77f,NA,FALSE,NA,"Leong-Skornickova, J.; Niissalo, M.A.; Lim, Q.S.",NA,NA,none,Magnoliopsida,SG,none,none,ASIA,Singapore,EUROPE,NA,K004043502,SING 2021-066,NA,NA,539,NA,"Seletar Reservoir Forest, path along southern shore.",NA,NA,6163695930,NA,Herbarium,http://specimens.kew.org/herbarium/K004043502,NA,NA,K004043502,K,NA,NA,NA,NA,Byttneria maingayi Mast.,NA,NA,NA,NA,NA,3668442,Byttneria maingayi,Byttneria,maingayi,NA,NA,NA,NA,NA,NA,NA,NA,NA,NA,NA,NA,NA,NA,Malvaceae,NA,NA,NA,NA,NA,NA,NA,NA,NA,NA,NA,NA,NA,NA,NA,NA,NA,NA,NA,NA,NA,NA,NA,NA,NA,NA,NA,NA,NA,NA,NA,NA,NA,NA,NA,NA,NA,NA,NA,NA,NA,NA,https://d2jcv3kl45hlgi.cloudfront.net/7bef85ba19b66c4a58f91cb9b845baf9.jpg,FALSE,ok
HERB_0162,sample_images/HERB_0162.jpg,5106375641,Pogostemon benghalensis (Burm.f.) Kuntze,,bf2a4bf0-5f31-11de-b67e-b8a03c50a862,98e934b0-5f31-11de-b67e-b8a03c50a862,"8e30b684-6a54-4aba-aa73-66201c2c736e,17abcf75-2f1e-46dd-bf75-a5b21dd02655",f6fe707e-cced-4efc-b5dc-be4c91b8180a,98e934b0-5f31-11de-b67e-b8a03c50a862,GB,DWC_ARCHIVE,2026-08-13T16:38:58.088+00:00,2026-08-24T20:19:34.783+00:00,445,PRESERVED_SPECIMEN,PRESENT,4931161,6,7707728,220,408,2497,2926671,4931161,Pogostemon benghalensis (Burm.f.) Kuntze,Plantae,Tracheophyta,Lamiales,Lamiaceae,Pogostemon,SPECIES,ACCEPTED,NA,ASIA,Sagaing,none,Myanmar (Burma),2019,3,28,2019-03-28,87,87,NA,2025-04-08T13:55:40.000+00:00,2026-08-24T20:19:34.783+00:00,NA,http://creativecommons.org/publicdomain/zero/1.0/legalcode,FALSE,https://data.rbge.org.uk/herb/E01542024,none,none,0237598a-853a-492c-af74-a723fe251799,427c8cd7-4358-4a00-9ef3-2b2676d28d1e,FALSE,Edinburgh (E) Herbarium Specimens,"Armstrong, Kathleen Ellen, Nwe, Thet Yu, Linn, Wah Wah, Pyae, Phoe La, Myint, Han Sein, Nge, Maung, Kyaung, Kyan, Nyo, Than, Maung, Maung & Kyi, Tote",NA,HERBARIUM SHEET,none,Magnoliopsida,MM,none,none,ASIA,Myanmar,EUROPE,NA,https://data.rbge.org.uk/herb/E01542024,4655,Growing in primary forest.,https://scientific-collections.gbif.org/institution/0237598a-853a-492c-af74-a723fe251799,445,NA,"Htamanthi Wildlife Sanctuary. Nam Khwe Daing stream, camp 1",NA,NA,5106375641,NA,E,https://data.rbge.org.uk/herb/E01542024,PhysicalObject,NA,E01542024,RBGE,NA,NA,NA,https://scientific-collections.gbif.org/collection/427c8cd7-4358-4a00-9ef3-2b2676d28d1e,Pogostemon benghalensis (Burm.f.) Kuntze,NA,NA,NA,NA,NA,4931161,Pogostemon benghalensis,Pogostemon,benghalensis,NA,NA,NA,NA,NA,ICBN,NA,NA,NA,NA,NA,NA,E,NA,NA,NA,NA,NA,NA,NA,NA,NA,NA,NA,NA,NA,NA,NA,NA,NA,NA,NA,NA,Hkamti,NA,NA,28th March 2019,NA,NA,NA,NA,NA,NA,NA,NA,NA,NA,NA,CC0,Royal Botanic Garden Edinburgh,1737522,NA,NA,NA,NA,NA,NA,https://iiif.rbge.org.uk/herb/iiif/E01542024/manifest,FALSE,not_image
HERB_0163,sample_images/HERB_0163.jpg,6196923706,Neo-uvaria laosensis Tagane & Soulad.,"txmatfuz,colmafu,inmafu",1cbed1d0-f9ac-4b9e-bf3f-a26272bca39e,4fd82480-ea1c-11da-8db4-b8a03c50a862,NA,82d6992a-b20b-4e74-b6ac-6b971b2c485d,4fd82480-ea1c-11da-8db4-b8a03c50a862,JP,EML,2026-07-10T16:35:10.312+00:00,2026-07-18T17:50:38.295+00:00,222,PRESERVED_SPECIMEN,PRESENT,10791414,6,7707728,220,718,9291,3648768,10791414,Neo-uvaria laosensis Tagane & Soulad.,Plantae,Tracheophyta,Magnoliales,Annonaceae,Neo-uvaria,SPECIES,ACCEPTED,NA,ASIA,Khammouan,NA,Asia|Laos|Khammouan|Khounkham|Phouphamarn walking trail,2024,3,17,2024-03-17,77,77,NA,2025-10-16T00:00:00.000+00:00,2026-07-18T17:50:38.295+00:00,https://www.museum.kagoshima-u.ac.jp/hyouhonsitu.html,http://creativecommons.org/licenses/by/4.0/legalcode,FALSE,327cd88b-ef04-4584-80c1-ef3cf4bffd73,none,none,7b6590f0-c03f-409b-ae28-f443c1166d23,e9e6df05-e289-4a64-8ace-a4d5dbd168e4,FALSE,NA,NA,NA,NA,none,Magnoliopsida,LA,none,none,ASIA,Lao People’s Democratic Republic,ASIA,NA,327cd88b-ef04-4584-80c1-ef3cf4bffd73,Z991,NA,NA,232,NA,Phouphamarn walking trail,NA,"Laos, Khammouan, Khounkham, Phouphamarn walking trail",6196923706,NA,KAG,327cd88b-ef04-4584-80c1-ef3cf4bffd73,NA,NA,KAG187400,KAG,NA,NA,NA,NA,Neo-uvaria laosensis Tagane & Soulad.,NA,NA,18.17626,104.48905,NA,10791414,Neo-uvaria laosensis,Neo-uvaria,laosensis,NA,NA,NA,WGS84,NA,NA,NA,NA,obtained using GPS machine,NA,NA,NA,NA,NA,Plantae|Tracheophyta|Magnoliopsida|Magnoliales|Annonaceae|Neo-uvaria|laosensis,NA,NA,NA,NA,423,NA,NA,NA,NA,NA,NA,NA,NA,NA,NA,NA,NA,NA,Khounkham,NA,NA,NA,NA,NA,NA,NA,NA,NA,NA,NA,NA,500,NA,NA,NA,NA,NA,NA,NA,NA,NA,NA,https://dbs.kaum.kagoshima-u.ac.jp/musedb/s_plant/picture/KAG187400/KAG187400.jpg,FALSE,ok
HERB_0164,sample_images/HERB_0164.jpg,4607895524,Sindora siamensis Teijsm. ex Miq.,"incomis,inmafu",cd6e21c8-9e8a-493a-8a76-fbf7862069e5,061b4f20-f241-11da-a328-b8a03c50a862,17abcf75-2f1e-46dd-bf75-a5b21dd02655,996e30f8-f762-11e1-a439-00145eb45e9a,061b4f20-f241-11da-a328-b8a03c50a862,GB,DWC_ARCHIVE,2026-08-24T12:51:18.333+00:00,2026-08-24T20:49:58.193+00:00,539,PRESERVED_SPECIMEN,PRESENT,2943376,6,7707728,220,1370,5386,2943351,2943376,Sindora siamensis Teijsm. ex Miq.,Plantae,Tracheophyta,Fabales,Fabaceae,Sindora,SPECIES,ACCEPTED,NA,ASIA,NA,none,NA,2022,5,10,2022-05-10T00:00,130,130,NA,2026-01-25T18:17:20.613+00:00,2026-08-24T20:49:58.193+00:00,NA,http://creativecommons.org/licenses/by/4.0/legalcode,FALSE,K001871908,none,none,fa252605-26f6-426c-9892-94d071c2c77f,NA,FALSE,NA,"Choo, L.M.",NA,NA,none,Magnoliopsida,SG,none,none,ASIA,Singapore,EUROPE,NA,K001871908,SING 2022-475,NA,NA,539,NA,Above the Sally Port,NA,NA,4607895524,NA,Herbarium,http://specimens.kew.org/herbarium/K001871908,NA,NA,K001871908,K,NA,NA,NA,NA,Sindora siamensis Teijsm. ex Miq.,NA,NA,NA,NA,NA,2943376,Sindora siamensis,Sindora,siamensis,NA,NA,NA,NA,NA,NA,NA,NA,NA,NA,NA,NA,NA,NA,Fabaceae,NA,LC,NA,NA,NA,NA,NA,NA,NA,NA,NA,NA,NA,NA,NA,NA,NA,NA,NA,NA,NA,NA,NA,NA,NA,NA,NA,NA,NA,NA,NA,NA,NA,NA,NA,NA,NA,NA,NA,NA,NA,NA,https://d2jcv3kl45hlgi.cloudfront.net/e6436e628c2a467322a14282e14abcd7.jpg,FALSE,ok
HERB_0165,sample_images/HERB_0165.jpg,5058339835,Blumea lacera (Burm.fil.) DC.,"incomis,inmafu",cd6e21c8-9e8a-493a-8a76-fbf7862069e5,061b4f20-f241-11da-a328-b8a03c50a862,17abcf75-2f1e-46dd-bf75-a5b21dd02655,996e30f8-f762-11e1-a439-00145eb45e9a,061b4f20-f241-11da-a328-b8a03c50a862,GB,DWC_ARCHIVE,2026-08-24T12:51:18.333+00:00,2026-08-24T20:50:21.169+00:00,539,PRESERVED_SPECIMEN,PRESENT,5395639,6,7707728,220,414,3065,3119250,5395639,Blumea lacera (Burm.fil.) DC.,Plantae,Tracheophyta,Asterales,Asteraceae,Blumea,SPECIES,ACCEPTED,NA,ASIA,NA,none,NA,2020,1,13,2020-01-13T00:00,13,13,NA,2026-06-03T12:21:50.773+00:00,2026-08-24T20:50:21.169+00:00,NA,http://creativecommons.org/licenses/by/4.0/legalcode,FALSE,K001938863,none,none,fa252605-26f6-426c-9892-94d071c2c77f,NA,FALSE,NA,"Chen, L.M.J.",NA,NA,none,Magnoliopsida,SG,none,none,ASIA,Singapore,EUROPE,NA,K001938863,LCMJ 2020-022,NA,NA,539,NA,NA,NA,NA,5058339835,NA,Herbarium,http://specimens.kew.org/herbarium/K001938863,NA,NA,K001938863,K,NA,NA,NA,NA,Blumea lacera (Burm.fil.) DC.,NA,NA,NA,NA,NA,5395639,Blumea lacera,Blumea,lacera,NA,NA,NA,NA,NA,NA,NA,NA,NA,NA,NA,NA,NA,NA,Asteraceae,NA,NA,NA,NA,NA,NA,NA,NA,NA,NA,NA,NA,NA,NA,NA,NA,NA,NA,NA,NA,NA,NA,NA,NA,NA,NA,NA,NA,NA,NA,NA,NA,NA,NA,NA,NA,NA,NA,NA,NA,NA,NA,https://d2jcv3kl45hlgi.cloudfront.net/d18eec34dcd8e986804f753e5db8b2ab.jpg,FALSE,ok
HERB_0166,sample_images/HERB_0166.jpg,4926522137,Timonius wallichianus Valeton,"incomis,inmafu",cd6e21c8-9e8a-493a-8a76-fbf7862069e5,061b4f20-f241-11da-a328-b8a03c50a862,17abcf75-2f1e-46dd-bf75-a5b21dd02655,996e30f8-f762-11e1-a439-00145eb45e9a,061b4f20-f241-11da-a328-b8a03c50a862,GB,DWC_ARCHIVE,2026-08-24T12:51:18.333+00:00,2026-08-24T20:50:06.898+00:00,539,PRESERVED_SPECIMEN,PRESENT,2899978,6,7707728,220,412,8798,2899734,2899978,Timonius wallichianus Valeton,Plantae,Tracheophyta,Gentianales,Rubiaceae,Timonius,SPECIES,ACCEPTED,NA,ASIA,NA,none,NA,2021,4,28,2021-04-28T00:00,118,118,NA,2026-01-25T18:17:20.613+00:00,2026-08-24T20:50:06.898+00:00,NA,http://creativecommons.org/licenses/by/4.0/legalcode,FALSE,K001935616,none,none,fa252605-26f6-426c-9892-94d071c2c77f,NA,FALSE,NA,"Chen, J.; Seah, W.W.",NA,NA,none,Magnoliopsida,SG,none,none,ASIA,Singapore,EUROPE,NA,K001935616,JH 79,NA,NA,539,NA,Forest edge adjacent to Bukit Kalong Service Reservour,NA,NA,4926522137,NA,Herbarium,http://specimens.kew.org/herbarium/K001935616,NA,NA,K001935616,K,NA,NA,NA,NA,Timonius wallichianus Valeton,NA,NA,NA,NA,NA,2899978,Timonius wallichianus,Timonius,wallichianus,NA,NA,NA,NA,NA,NA,NA,NA,NA,NA,NA,NA,NA,NA,Rubiaceae,NA,NA,NA,NA,NA,NA,NA,NA,NA,NA,NA,NA,NA,NA,NA,NA,NA,NA,NA,NA,NA,NA,NA,NA,NA,NA,NA,NA,NA,NA,NA,NA,NA,NA,NA,NA,NA,NA,NA,NA,NA,NA,https://d2jcv3kl45hlgi.cloudfront.net/2ffd07da3e51f9e751a61e95a56fcba6.jpg,FALSE,ok
HERB_0167,sample_images/HERB_0167.jpg,4979411597,Begonia niahensis K.G.Pearce,cdc,bf2a4bf0-5f31-11de-b67e-b8a03c50a862,98e934b0-5f31-11de-b67e-b8a03c50a862,"8e30b684-6a54-4aba-aa73-66201c2c736e,17abcf75-2f1e-46dd-bf75-a5b21dd02655",f6fe707e-cced-4efc-b5dc-be4c91b8180a,98e934b0-5f31-11de-b67e-b8a03c50a862,GB,DWC_ARCHIVE,2026-08-13T16:38:58.088+00:00,2026-08-24T20:20:24.754+00:00,445,PRESERVED_SPECIMEN,PRESENT,4157289,6,7707728,220,7224005,6638,2874710,4157289,Begonia niahensis K.G.Pearce,Plantae,Tracheophyta,Cucurbitales,Begoniaceae,Begonia,SPECIES,ACCEPTED,NA,ASIA,Sarawak,NA,Malay Islands,2024,2,24,2024-02-24,55,55,NA,2026-02-17T14:47:10.000+00:00,2026-08-24T20:20:24.754+00:00,NA,http://creativecommons.org/publicdomain/zero/1.0/legalcode,FALSE,https://data.rbge.org.uk/herb/E01494531,none,none,0237598a-853a-492c-af74-a723fe251799,427c8cd7-4358-4a00-9ef3-2b2676d28d1e,FALSE,Edinburgh (E) Herbarium Specimens,"Wilkie, Peter, Sundue, Michael, Barber, Sadie, Jawa, Rantai & Angkabau, Johnny",NA,HERBARIUM SHEET|Herbarium sheet|Silica-dried,none,Magnoliopsida,MY,none,none,ASIA,Malaysia,EUROPE,NA,https://data.rbge.org.uk/herb/E01494531,S.110631,limestone wall at mouth of cave.,https://scientific-collections.gbif.org/institution/0237598a-853a-492c-af74-a723fe251799,445,NA,"Niah National Park, at mouth of lower cave of Bukit Kasut",NA,NA,4979411597,NA,E,https://data.rbge.org.uk/herb/E01494531,PhysicalObject,NA,E01494531,RBGE,NA,NA,NA,https://scientific-collections.gbif.org/collection/427c8cd7-4358-4a00-9ef3-2b2676d28d1e,Begonia niahensis K.G.Pearce,NA,NA,3.797703,113.766288,NA,4157289,Begonia niahensis,Begonia,niahensis,NA,NA,NA,WGS84,NA,ICBN,NA,NA,NA,NA,NA,NA,E,NA,NA,NA,NA,NA,NA,NA,NA,NA,NA,NA,NA,NA,NA,NA,NA,NA,NA,NA,NA,NA,NA,NA,24th February 2024,NA,NA,NA,NA,NA,NA,NA,NA,NA,NA,NA,CC0,Royal Botanic Garden Edinburgh,1571756,NA,NA,NA,NA,NA,NA,https://iiif.rbge.org.uk/herb/iiif/E01494531/manifest,FALSE,not_image
HERB_0168,sample_images/HERB_0168.jpg,6196929472,Breynia vitis-idaea (Burm.f.) C.E.C.Fisch.,"colmafu,inmafu",1cbed1d0-f9ac-4b9e-bf3f-a26272bca39e,4fd82480-ea1c-11da-8db4-b8a03c50a862,NA,82d6992a-b20b-4e74-b6ac-6b971b2c485d,4fd82480-ea1c-11da-8db4-b8a03c50a862,JP,EML,2026-07-10T16:35:10.312+00:00,2026-07-18T17:50:42.343+00:00,222,PRESERVED_SPECIMEN,PRESENT,5382985,6,7707728,220,1414,8807,3079696,5382985,Breynia vitis-idaea (Burm.f.) C.E.C.Fisch.,Plantae,Tracheophyta,Malpighiales,Phyllanthaceae,Breynia,SPECIES,ACCEPTED,NA,ASIA,Kien Giang,NA,Asia|Vietnam|Kien Giang|Kien Luong Dist.|Binh An,2024,5,23,2024-05-23,144,144,NA,2025-10-16T00:00:00.000+00:00,2026-07-18T17:50:42.343+00:00,https://www.museum.kagoshima-u.ac.jp/hyouhonsitu.html,http://creativecommons.org/licenses/by/4.0/legalcode,FALSE,06ed8fb0-1b2a-49a1-b6d0-2b45ada0eed1,none,none,7b6590f0-c03f-409b-ae28-f443c1166d23,e9e6df05-e289-4a64-8ace-a4d5dbd168e4,FALSE,NA,NA,NA,NA,none,Magnoliopsida,VN,none,none,ASIA,Viet Nam,ASIA,NA,06ed8fb0-1b2a-49a1-b6d0-2b45ada0eed1,N511,NA,NA,232,NA,Binh An,NA,"Vietnam, Kien Giang, Kien Luong Dist., Binh An",6196929472,NA,KAG,06ed8fb0-1b2a-49a1-b6d0-2b45ada0eed1,NA,NA,KAG188614,KAG,NA,NA,NA,NA,Breynia vitis-idaea (Burm.f.) C.E.C.Fisch.,NA,NA,10.15577,104.60976,NA,5382985,Breynia vitis-idaea,Breynia,vitis-idaea,NA,NA,NA,WGS84,NA,NA,NA,NA,obtained using GPS machine,NA,NA,NA,NA,NA,Plantae|Tracheophyta|Magnoliopsida|Malpighiales|Phyllanthaceae|Breynia|vitis-idaea,NA,LC,NA,NA,40,NA,NA,NA,NA,NA,NA,NA,NA,NA,NA,NA,NA,NA,Kien Luong Dist.,NA,NA,NA,NA,NA,NA,NA,NA,NA,NA,NA,NA,500,NA,NA,NA,NA,NA,NA,NA,NA,NA,NA,https://dbs.kaum.kagoshima-u.ac.jp/musedb/s_plant/picture/KAG188614/KAG188614.jpg,FALSE,ok
HERB_0169,sample_images/HERB_0169.jpg,6196928726,Ixora nigricans R.Br. ex Wight & Arn.,"colmafu,inmafu",1cbed1d0-f9ac-4b9e-bf3f-a26272bca39e,4fd82480-ea1c-11da-8db4-b8a03c50a862,NA,82d6992a-b20b-4e74-b6ac-6b971b2c485d,4fd82480-ea1c-11da-8db4-b8a03c50a862,JP,EML,2026-07-10T16:35:10.312+00:00,2026-07-18T17:50:42.028+00:00,222,PRESERVED_SPECIMEN,PRESENT,2905255,6,7707728,220,412,8798,2905224,2905255,Ixora nigricans R.Br. ex Wight & Arn.,Plantae,Tracheophyta,Gentianales,Rubiaceae,Ixora,SPECIES,ACCEPTED,NA,ASIA,Kien Giang,NA,Asia|Vietnam|Kien Giang|Kien Luong Dist.|Mt. Mo So,2024,5,23,2024-05-23,144,144,NA,2025-10-16T00:00:00.000+00:00,2026-07-18T17:50:42.028+00:00,https://www.museum.kagoshima-u.ac.jp/hyouhonsitu.html,http://creativecommons.org/licenses/by/4.0/legalcode,FALSE,64b37a80-44e0-4b90-bc4a-b3c3ffef5cc4,none,none,7b6590f0-c03f-409b-ae28-f443c1166d23,e9e6df05-e289-4a64-8ace-a4d5dbd168e4,FALSE,NA,NA,NA,NA,none,Magnoliopsida,VN,none,none,ASIA,Viet Nam,ASIA,NA,64b37a80-44e0-4b90-bc4a-b3c3ffef5cc4,N495,NA,NA,232,NA,Mt. Mo So,NA,"Vietnam, Kien Giang, Kien Luong Dist., Mt. Mo So",6196928726,NA,KAG,64b37a80-44e0-4b90-bc4a-b3c3ffef5cc4,NA,NA,KAG188598,KAG,NA,NA,NA,NA,Ixora nigricans R.Br. ex Wight & Arn.,NA,NA,10.2277,104.61743,NA,2905255,Ixora nigricans,Ixora,nigricans,NA,NA,NA,WGS84,NA,NA,NA,NA,obtained using GPS machine,NA,NA,NA,NA,NA,Plantae|Tracheophyta|Magnoliopsida|Gentianales|Rubiaceae|Ixora|nigricans,NA,LC,NA,NA,70,NA,NA,NA,NA,NA,NA,NA,NA,NA,NA,NA,NA,NA,Kien Luong Dist.,NA,NA,NA,NA,NA,NA,NA,NA,NA,NA,NA,NA,500,NA,NA,NA,NA,NA,NA,NA,NA,NA,NA,https://dbs.kaum.kagoshima-u.ac.jp/musedb/s_plant/picture/KAG188598/KAG188598.jpg,FALSE,ok
HERB_0170,sample_images/HERB_0170.jpg,3461925308,Glycosmis pentaphylla (Retz.) DC.,,b5cdf794-8fa4-4a85-8b26-755d087bf531,2cd829bb-b713-433d-99cf-64bef11e5b3e,17abcf75-2f1e-46dd-bf75-a5b21dd02655,86c2834b-fcd6-418d-9b32-aca45110a0fe,2cd829bb-b713-433d-99cf-64bef11e5b3e,FR,EML,2026-08-13T15:27:43.858+00:00,2026-08-24T16:46:24.981+00:00,606,PRESERVED_SPECIMEN,PRESENT,3832728,6,7707728,220,933,2396,3190425,8241662,Glycosmis pentaphylla (Retz.) Corrêa,Plantae,Tracheophyta,Sapindales,Rutaceae,Glycosmis,SPECIES,SYNONYM,NA,ASIA,siem réap,none,NA,2021,1,7,2021-01-07,7,7,NA,2022-02-09T10:39:35.000+00:00,2026-08-24T16:46:24.981+00:00,NA,http://creativecommons.org/licenses/by/4.0/legalcode,FALSE,http://coldb.mnhn.fr/catalognumber/mnhn/p/p01190797,none,none,6a6ac6c5-1b8a-48db-91a2-f8661274ff80,bc3d39fd-a7d4-4763-b951-2bdeddd8a5d2,FALSE,NA,"Hul, S.|Peou, Y.|Ratanak, V.",Hul,hb,none,Magnoliopsida,KH,none,none,ASIA,Cambodia,EUROPE,NA,http://coldb.mnhn.fr/catalognumber/mnhn/p/p01190797,NA,NA,http://grbio.org/institution/museum-national-dhistoire-naturelle,654,NA,NA,7188,Sangkat Slorkram,3461925308,NA,P,http://coldb.mnhn.fr/catalognumber/mnhn/p/p01190797,NA,NA,P01190797,MNHN,NA,NA,NA,NA,Glycosmis pentaphylla (Retz.) DC.,NA,NA,NA,NA,NA,8241662,Glycosmis pentaphylla,Glycosmis,pentaphylla,NA,NA,NA,NA,NA,NA,NA,NA,NA,NA,NA,NA,NA,NA,NA,NA,NA,NA,NA,NA,NA,NA,NA,NA,NA,NA,NA,NA,NA,NA,NA,NA,"Arbuste ou arbre de 2-5 m de haut. Feuilles composées, imparipennées , folioles 1-7, alternes, rarement opposées, oblongues ou ovales-oblongues, acuminées au sommet, cunéées à la base. Inflorescences axillaires ou terminales, en grappes d'ombelles , fleurs blanches, glabres, ovaire glabre. Fruits sphériques",Phum Daun Pa,NA,NA,NA,NA,NA,NA,NA,NA,NA,NA,NA,NA,NA,NA,NA,NA,NA,NA,NA,NA,NA,NA,NA,https://mediaphoto.mnhn.fr/media/1644399574145M5ulZWbezlg6wmzH,TRUE,error
HERB_0171,sample_images/HERB_0171.jpg,6367045315,Hedyotis acutangula Champ. ex Benth.,"cdc,cdround,gass84,incomis,inmafu",cd6e21c8-9e8a-493a-8a76-fbf7862069e5,061b4f20-f241-11da-a328-b8a03c50a862,17abcf75-2f1e-46dd-bf75-a5b21dd02655,996e30f8-f762-11e1-a439-00145eb45e9a,061b4f20-f241-11da-a328-b8a03c50a862,GB,DWC_ARCHIVE,2026-08-24T12:51:18.333+00:00,2026-08-24T20:50:35.972+00:00,539,PRESERVED_SPECIMEN,PRESENT,2912262,6,7707728,220,412,8798,9631866,2912262,Hedyotis acutangula Champ. ex Benth.,Plantae,Tracheophyta,Gentianales,Rubiaceae,Hedyotis,SPECIES,ACCEPTED,NA,ASIA,NA,NA,NA,2023,9,1,2023-09-01T00:00,244,244,NA,2026-06-03T12:08:57.910+00:00,2026-08-24T20:50:35.972+00:00,NA,http://creativecommons.org/licenses/by/4.0/legalcode,FALSE,K001993263,none,none,fa252605-26f6-426c-9892-94d071c2c77f,NA,FALSE,NA,"Yooprasert, S.; Tamura, M. N.; Fuse, S.; Takahashi, K.; Masuda, R.; Taothong, P.; Saengbuapuean, A.",NA,NA,none,Magnoliopsida,TH,none,none,ASIA,Thailand,EUROPE,NA,K001993263,SY 559,NA,NA,539,NA,"Phu Ruea NP, Nature trail.",NA,NA,6367045315,NA,Herbarium,http://specimens.kew.org/herbarium/K001993263,NA,NA,K001993263,K,NA,NA,NA,NA,Hedyotis acutangula Champ. ex Benth.,NA,NA,17.487778,101.349167,NA,2912262,Hedyotis acutangula,Hedyotis,acutangula,NA,NA,NA,WGS84,NA,NA,NA,NA,NA,NA,NA,NA,NA,NA,Rubiaceae,NA,NA,NA,NA,1030,NA,NA,NA,NA,NA,NA,NA,NA,NA,NA,NA,NA,NA,NA,NA,NA,NA,NA,NA,NA,NA,NA,NA,NA,NA,NA,NA,NA,NA,NA,NA,NA,NA,NA,NA,NA,NA,https://d2jcv3kl45hlgi.cloudfront.net/51a38bd7c18aaa3d14a027c9d596783f.jpg,FALSE,ok
HERB_0172,sample_images/HERB_0172.jpg,3312498193,Achillea filipendulina Lam.,cum,bf2a4bf0-5f31-11de-b67e-b8a03c50a862,98e934b0-5f31-11de-b67e-b8a03c50a862,"8e30b684-6a54-4aba-aa73-66201c2c736e,17abcf75-2f1e-46dd-bf75-a5b21dd02655",f6fe707e-cced-4efc-b5dc-be4c91b8180a,98e934b0-5f31-11de-b67e-b8a03c50a862,GB,DWC_ARCHIVE,2026-08-13T16:38:58.088+00:00,2026-08-24T20:20:42.022+00:00,445,PRESERVED_SPECIMEN,PRESENT,3120284,6,7707728,220,414,3065,3119995,3120284,Achillea filipendulina Lam.,Plantae,Tracheophyta,Asterales,Asteraceae,Achillea,SPECIES,ACCEPTED,NA,ASIA,NA,none,Northern Asia,2018,8,8,2018-08-08,220,220,NA,2018-11-19T00:00:00.000+00:00,2026-08-24T20:20:42.022+00:00,NA,http://creativecommons.org/publicdomain/zero/1.0/legalcode,FALSE,https://data.rbge.org.uk/herb/E00898590,none,none,0237598a-853a-492c-af74-a723fe251799,427c8cd7-4358-4a00-9ef3-2b2676d28d1e,FALSE,Edinburgh (E) Herbarium Specimens,"Pamirs Expedition to Central Asia Tajikistan,",NA,HERBARIUM SHEET,none,Magnoliopsida,TL,none,none,ASIA,Timor-Leste,EUROPE,NA,https://data.rbge.org.uk/herb/E00898590,2,"Dry hillside with grass;  Vegetation: Umbellifers, Achillea, Artemisias, Roses, Lonicera shrubs",https://scientific-collections.gbif.org/institution/0237598a-853a-492c-af74-a723fe251799,445,NA,"Tajikistan:Gorno Badakshan:About 20 km south of Khorog, between Nishop and Andarob up a valley by a stream",NA,NA,3312498193,NA,E,https://data.rbge.org.uk/herb/E00898590,PhysicalObject,NA,E00898590,RBGE,NA,NA,2780m,https://scientific-collections.gbif.org/collection/427c8cd7-4358-4a00-9ef3-2b2676d28d1e,Achillea filipendulina Lam.,NA,NA,NA,NA,NA,3120284,Achillea filipendulina,Achillea,filipendulina,NA,NA,NA,NA,NA,ICBN,NA,NA,NA,NA,NA,NA,E,NA,NA,NA,NA,NA,NA,2780,0,NA,NA,NA,NA,NA,NA,NA,NA,NA,NA,NA,NA,NA,NA,NA,8th August 2018,NA,NA,NA,NA,NA,NA,NA,NA,NA,NA,NA,CC0,Royal Botanic Garden Edinburgh,927477,NA,NA,NA,NA,NA,NA,https://iiif.rbge.org.uk/herb/iiif/E00898590/manifest,FALSE,not_image
HERB_0173,sample_images/HERB_0173.jpg,3461964308,Diospyros decandra Lour.,,b5cdf794-8fa4-4a85-8b26-755d087bf531,2cd829bb-b713-433d-99cf-64bef11e5b3e,17abcf75-2f1e-46dd-bf75-a5b21dd02655,86c2834b-fcd6-418d-9b32-aca45110a0fe,2cd829bb-b713-433d-99cf-64bef11e5b3e,FR,EML,2026-08-13T15:27:43.858+00:00,2026-08-24T16:47:12.893+00:00,606,PRESERVED_SPECIMEN,PRESENT,4070543,6,7707728,220,1353,6709,3030169,4070543,Diospyros decandra Lour.,Plantae,Tracheophyta,Ericales,Ebenaceae,Diospyros,SPECIES,ACCEPTED,NA,ASIA,siem réap,none,NA,2021,1,7,2021-01-07,7,7,NA,2022-02-09T10:39:54.000+00:00,2026-08-24T16:47:12.893+00:00,NA,http://creativecommons.org/licenses/by/4.0/legalcode,FALSE,http://coldb.mnhn.fr/catalognumber/mnhn/p/p01190804,none,none,6a6ac6c5-1b8a-48db-91a2-f8661274ff80,bc3d39fd-a7d4-4763-b951-2bdeddd8a5d2,FALSE,NA,"Hul, S.|Peou, Y.|Ratanak, V.",Hul,hb,none,Magnoliopsida,KH,none,none,ASIA,Cambodia,EUROPE,NA,http://coldb.mnhn.fr/catalognumber/mnhn/p/p01190804,NA,NA,http://grbio.org/institution/museum-national-dhistoire-naturelle,654,NA,NA,7195,Sangkat Slorkram,3461964308,NA,P,http://coldb.mnhn.fr/catalognumber/mnhn/p/p01190804,NA,NA,P01190804,MNHN,NA,NA,NA,NA,Diospyros decandra Lour.,NA,NA,NA,NA,NA,4070543,Diospyros decandra,Diospyros,decandra,NA,NA,NA,NA,NA,NA,NA,NA,NA,NA,NA,NA,NA,NA,NA,NA,LC,NA,NA,NA,NA,NA,NA,NA,NA,NA,NA,NA,NA,NA,NA,NA,"Arbre pouvant atteindre 15-20 m de hauteur , rameaux jeunes couverts de poils roux. Feuilles alternes, subcoriaces. Fruits subglobuleux comprimés au sommet, jaunes, comestibles",Phum Daun Pa,NA,NA,NA,NA,NA,NA,NA,NA,NA,NA,NA,NA,NA,NA,NA,NA,NA,NA,NA,NA,NA,NA,NA,https://mediaphoto.mnhn.fr/media/1644399590670XOCJo0J2pWTxiQTb,FALSE,error
HERB_0174,sample_images/HERB_0174.jpg,2515083840,Jasminum funale Decne.,,15f819bd-6612-4447-854b-14d12ee1022d,396d5f30-dea9-11db-8ab4-b8a03c50a862,17abcf75-2f1e-46dd-bf75-a5b21dd02655,65eb93af-41b8-4917-a5fc-cfe2a45aa4bf,396d5f30-dea9-11db-8ab4-b8a03c50a862,NL,DWC_ARCHIVE,2026-06-29T11:53:09.940+00:00,2026-08-24T20:55:10.572+00:00,286,PRESERVED_SPECIMEN,PRESENT,7326158,6,7707728,220,408,6652,3172260,3685062,Jasminum simplicifolium subsp. funale (Decne.) Kiew,Plantae,Tracheophyta,Lamiales,Oleaceae,Jasminum,SPECIES,SYNONYM,NA,ASIA,Dili,NA,NA,2015,5,16,2015-05-16,136,136,NA,NA,2026-08-24T20:55:10.572+00:00,NA,http://creativecommons.org/publicdomain/zero/1.0/legalcode,FALSE,L.3978197@BRAHMS,none,none,0e919a55-08d3-4bd2-aec1-200858fafd92,0add23db-a8f7-4d15-95ad-4ed0c5c8a055,TRUE,NA,Cowie ID; Santana F,NA,NA,none,Magnoliopsida,TL,none,none,ASIA,Timor-Leste,EUROPE,Naturalis Biodiversity Center,L.3978197@BRAHMS,"Cowie, ID; Santana, F 13852",In low vine thicket c 6 m tall; hillslope of limestone rubble.,https://ror.org/0566bfb96,286,NA,C. 2.9 km NW of Beloi.,NA,NA,2515083840,NA,Botany,https://data.biodiversitydata.nl/naturalis/specimen/L.3978197,NA,NA,L.3978197,NA,NA,NA,380.0 m,NA,Jasminum funale Decne.,NA,NA,-8.19972,125.5925,NA,3682067,Jasminum simplicifolium,Jasminum,funale,NA,NA,NA,WGS84,NA,ICN,NA,NA,NA,NA,NA,NA,NA,NA,Plantae|Lamiales|Oleaceae,NA,NA,NA,NA,NA,NA,NA,NA,NA,NA,NA,NA,NA,NA,NA,true,NA,NA,NA,NA,NA,NA,NA,NA,NA,NA,NA,NA,NA,NA,NA,NA,NA,NA,NA,NA,NA,NA,NA,NA,NA,NA,https://medialib.naturalis.nl/file/id/L.3978197/format/large,FALSE,ok
HERB_0175,sample_images/HERB_0175.jpg,6196927217,Cleome viscosa L.,"colmafu,inmafu",1cbed1d0-f9ac-4b9e-bf3f-a26272bca39e,4fd82480-ea1c-11da-8db4-b8a03c50a862,NA,82d6992a-b20b-4e74-b6ac-6b971b2c485d,4fd82480-ea1c-11da-8db4-b8a03c50a862,JP,EML,2026-07-10T16:35:10.312+00:00,2026-07-18T17:50:41.102+00:00,222,PRESERVED_SPECIMEN,PRESENT,3054214,6,7707728,220,7225535,3845332,6370561,6370562,Arivela viscosa (L.) Raf.,Plantae,Tracheophyta,Brassicales,Cleomaceae,Arivela,SPECIES,SYNONYM,NA,ASIA,Kien Giang,NA,Asia|Vietnam|Kien Giang|Kien Luong Dist.|Binh An,2024,5,24,2024-05-24,145,145,NA,2025-10-16T00:00:00.000+00:00,2026-07-18T17:50:41.102+00:00,https://www.museum.kagoshima-u.ac.jp/hyouhonsitu.html,http://creativecommons.org/licenses/by/4.0/legalcode,FALSE,c43fc897-6678-49f6-bdc0-77f1bd7fc63a,none,none,7b6590f0-c03f-409b-ae28-f443c1166d23,e9e6df05-e289-4a64-8ace-a4d5dbd168e4,FALSE,NA,NA,NA,NA,none,Magnoliopsida,VN,none,none,ASIA,Viet Nam,ASIA,NA,c43fc897-6678-49f6-bdc0-77f1bd7fc63a,N547,NA,NA,232,NA,Binh An,NA,"Vietnam, Kien Giang, Kien Luong Dist., Binh An",6196927217,NA,KAG,c43fc897-6678-49f6-bdc0-77f1bd7fc63a,NA,NA,KAG188650,KAG,NA,NA,NA,NA,Cleome viscosa L.,NA,NA,10.15577,104.60976,NA,6370562,Arivela viscosa,Cleome,viscosa,NA,NA,NA,WGS84,NA,NA,NA,NA,obtained using GPS machine,NA,NA,NA,NA,NA,Plantae|Tracheophyta|Magnoliopsida|Brassicales|Cleomaceae|Cleome|viscosa,NA,NA,NA,NA,40,NA,NA,NA,NA,NA,NA,NA,NA,NA,NA,NA,NA,NA,Kien Luong Dist.,NA,NA,NA,NA,NA,NA,NA,NA,NA,NA,NA,NA,500,NA,NA,NA,NA,NA,NA,NA,NA,NA,NA,https://dbs.kaum.kagoshima-u.ac.jp/musedb/s_plant/picture/KAG188650/KAG188650.jpg,FALSE,ok
HERB_0176,sample_images/HERB_0176.jpg,2515097352,Munronia pinnata (Wall.) Harms,,15f819bd-6612-4447-854b-14d12ee1022d,396d5f30-dea9-11db-8ab4-b8a03c50a862,17abcf75-2f1e-46dd-bf75-a5b21dd02655,65eb93af-41b8-4917-a5fc-cfe2a45aa4bf,396d5f30-dea9-11db-8ab4-b8a03c50a862,NL,DWC_ARCHIVE,2026-06-29T11:53:09.940+00:00,2026-08-24T20:54:56.866+00:00,286,PRESERVED_SPECIMEN,PRESENT,10985508,6,7707728,220,933,2397,7271246,3849681,Munronia pinnata (Wall.) W.Theob.,Plantae,Tracheophyta,Sapindales,Meliaceae,Munronia,SPECIES,SYNONYM,NA,ASIA,Dili,NA,NA,2015,5,16,2015-05-16,136,136,NA,NA,2026-08-24T20:54:56.866+00:00,NA,http://creativecommons.org/publicdomain/zero/1.0/legalcode,FALSE,L.3978085@BRAHMS,none,none,0e919a55-08d3-4bd2-aec1-200858fafd92,0add23db-a8f7-4d15-95ad-4ed0c5c8a055,FALSE,NA,Cowie ID; Santana F,NA,NA,none,Magnoliopsida,TL,none,none,ASIA,Timor-Leste,EUROPE,Naturalis Biodiversity Center,L.3978085@BRAHMS,"Cowie, ID; Santana, F 13870",Open patchy vine thicket; stoney hillslope with outcropping limestone.,https://ror.org/0566bfb96,286,NA,C. 2.9 km NW Beloi.,NA,NA,2515097352,NA,Botany,https://data.biodiversitydata.nl/naturalis/specimen/L.3978085,NA,NA,L.3978085,NA,NA,NA,380.0 m,NA,Munronia pinnata (Wall.) Harms,NA,NA,-8.20111,125.59306,NA,3849681,Munronia pinnata,Munronia,pinnata,NA,NA,NA,WGS84,NA,ICN,NA,NA,NA,NA,NA,NA,NA,NA,Plantae|Sapindales|Meliaceae,NA,NA,NA,NA,NA,NA,NA,NA,NA,NA,NA,NA,NA,NA,NA,true,NA,NA,NA,NA,NA,NA,NA,NA,NA,NA,NA,NA,NA,NA,NA,NA,NA,NA,NA,NA,NA,NA,NA,NA,NA,NA,https://medialib.naturalis.nl/file/id/L.3978085/format/large,FALSE,ok
HERB_0177,sample_images/HERB_0177.jpg,4977568467,Terminalia citrina (Gaertn.) Roxb.,"cdc,cdround,gass84,incomis,inmafu",cd6e21c8-9e8a-493a-8a76-fbf7862069e5,061b4f20-f241-11da-a328-b8a03c50a862,17abcf75-2f1e-46dd-bf75-a5b21dd02655,996e30f8-f762-11e1-a439-00145eb45e9a,061b4f20-f241-11da-a328-b8a03c50a862,GB,DWC_ARCHIVE,2026-08-24T12:51:18.333+00:00,2026-08-24T20:51:04.605+00:00,539,PRESERVED_SPECIMEN,PRESENT,7623377,6,7707728,220,690,2431,3189387,3698427,Terminalia citrina (Gaertn.) Roxb. ex Fleming,Plantae,Tracheophyta,Myrtales,Combretaceae,Terminalia,SPECIES,SYNONYM,NA,ASIA,NA,NA,NA,2020,3,4,2020-03-04T00:00,64,64,NA,2025-11-13T06:27:41.947+00:00,2026-08-24T20:51:04.605+00:00,NA,http://creativecommons.org/licenses/by/4.0/legalcode,FALSE,K004404466,none,none,fa252605-26f6-426c-9892-94d071c2c77f,NA,TRUE,NA,"Niissalo, M.A.; Choo, L.M.; Leong, P.; et al.",NA,NA,none,Magnoliopsida,SG,none,none,ASIA,Singapore,EUROPE,NA,K004404466,SING2020-204,NA,NA,539,NA,Bkt. Timah NR. Tiup-Tiup path,NA,NA,4977568467,NA,Herbarium,http://specimens.kew.org/herbarium/K004404466,NA,NA,K004404466,K,NA,NA,NA,NA,Terminalia citrina (Gaertn.) Roxb.,NA,NA,1.354722,103.778333,NA,3698427,Terminalia citrina,Terminalia,citrina,NA,NA,NA,WGS84,NA,NA,NA,NA,NA,NA,NA,NA,NA,NA,Combretaceae,NA,NA,NA,NA,3711,NA,NA,NA,NA,NA,NA,NA,NA,NA,NA,NA,2749.318165284389,NA,NA,NA,NA,NA,NA,NA,NA,NA,NA,NA,NA,NA,NA,NA,NA,NA,NA,NA,NA,NA,NA,NA,NA,NA,https://d2jcv3kl45hlgi.cloudfront.net/6b5ff3c2724f5e6068df8953f292176a.jpg,FALSE,ok
HERB_0178,sample_images/HERB_0178.jpg,4608028512,Momordica cochinchinensis (Lour.) Spreng.,"incomis,inmafu",cd6e21c8-9e8a-493a-8a76-fbf7862069e5,061b4f20-f241-11da-a328-b8a03c50a862,17abcf75-2f1e-46dd-bf75-a5b21dd02655,996e30f8-f762-11e1-a439-00145eb45e9a,061b4f20-f241-11da-a328-b8a03c50a862,GB,DWC_ARCHIVE,2026-08-24T12:51:18.333+00:00,2026-08-24T20:50:53.773+00:00,539,PRESERVED_SPECIMEN,PRESENT,2874580,6,7707728,220,7224005,6634,2874578,2874580,Momordica cochinchinensis (Lour.) Spreng.,Plantae,Tracheophyta,Cucurbitales,Cucurbitaceae,Momordica,SPECIES,ACCEPTED,NA,ASIA,NA,none,NA,2021,10,22,2021-10-22T00:00,295,295,NA,2026-01-25T18:17:20.613+00:00,2026-08-24T20:50:53.773+00:00,NA,http://creativecommons.org/licenses/by/4.0/legalcode,FALSE,K001871936,none,none,fa252605-26f6-426c-9892-94d071c2c77f,NA,FALSE,NA,"Boo, C.M.",NA,NA,none,Magnoliopsida,SG,none,none,ASIA,Singapore,EUROPE,NA,K001871936,LCMJ 202-041,NA,NA,539,NA,"Lim Chu Kang Lane 9A, near Pei Feng Aquatic farm",NA,NA,4608028512,NA,Herbarium,http://specimens.kew.org/herbarium/K001871936,NA,NA,K001871936,K,NA,NA,NA,NA,Momordica cochinchinensis (Lour.) Spreng.,NA,NA,NA,NA,NA,2874580,Momordica cochinchinensis,Momordica,cochinchinensis,NA,NA,NA,NA,NA,NA,NA,NA,NA,NA,NA,NA,NA,NA,Cucurbitaceae,NA,NA,NA,NA,NA,NA,NA,NA,NA,NA,NA,NA,NA,NA,NA,NA,NA,NA,NA,NA,NA,NA,NA,NA,NA,NA,NA,NA,NA,NA,NA,NA,NA,NA,NA,NA,NA,NA,NA,NA,NA,NA,https://d2jcv3kl45hlgi.cloudfront.net/490e1a19149ef7adc4ba30b49a279691.jpg,FALSE,ok
HERB_0179,sample_images/HERB_0179.jpg,5106374572,Lannea coromandelica (Houtt.) Merr.,,bf2a4bf0-5f31-11de-b67e-b8a03c50a862,98e934b0-5f31-11de-b67e-b8a03c50a862,"8e30b684-6a54-4aba-aa73-66201c2c736e,17abcf75-2f1e-46dd-bf75-a5b21dd02655",f6fe707e-cced-4efc-b5dc-be4c91b8180a,98e934b0-5f31-11de-b67e-b8a03c50a862,GB,DWC_ARCHIVE,2026-08-13T16:38:58.088+00:00,2026-08-24T20:20:49.183+00:00,445,PRESERVED_SPECIMEN,PRESENT,3661151,6,7707728,220,933,2398,7321650,3661151,Lannea coromandelica (Houtt.) Merr.,Plantae,Tracheophyta,Sapindales,Anacardiaceae,Lannea,SPECIES,ACCEPTED,NA,ASIA,Sagaing,none,Myanmar (Burma),2019,3,31,2019-03-31,90,90,NA,2025-04-08T14:37:20.000+00:00,2026-08-24T20:20:49.183+00:00,NA,http://creativecommons.org/publicdomain/zero/1.0/legalcode,FALSE,https://data.rbge.org.uk/herb/E01537172,none,none,0237598a-853a-492c-af74-a723fe251799,427c8cd7-4358-4a00-9ef3-2b2676d28d1e,FALSE,Edinburgh (E) Herbarium Specimens,"Armstrong, Kathleen Ellen, Nwe, Thet Yu, Linn, Wah Wah, Pyae, Phoe La & Nge, Maung",NA,HERBARIUM SHEET,none,Magnoliopsida,MM,none,none,ASIA,Myanmar,EUROPE,NA,https://data.rbge.org.uk/herb/E01537172,4713,Growing in disturbed secondary forest.,https://scientific-collections.gbif.org/institution/0237598a-853a-492c-af74-a723fe251799,445,NA,along Homalin-Hkamti road between Hmawyonemaing and Htamanthi,NA,NA,5106374572,NA,E,https://data.rbge.org.uk/herb/E01537172,PhysicalObject,NA,E01537172,RBGE,NA,NA,NA,https://scientific-collections.gbif.org/collection/427c8cd7-4358-4a00-9ef3-2b2676d28d1e,Lannea coromandelica (Houtt.) Merr.,NA,NA,NA,NA,NA,3661151,Lannea coromandelica,Lannea,coromandelica,NA,NA,NA,NA,NA,ICBN,NA,NA,NA,NA,NA,NA,E,NA,NA,NA,LC,NA,NA,NA,NA,NA,NA,NA,NA,NA,NA,NA,NA,NA,NA,NA,NA,Hkamti,NA,NA,31st March 2019,NA,NA,NA,NA,NA,NA,NA,NA,NA,NA,NA,CC0,Royal Botanic Garden Edinburgh,1734117,NA,NA,NA,NA,NA,NA,https://iiif.rbge.org.uk/herb/iiif/E01537172/manifest,FALSE,not_image
HERB_0180,sample_images/HERB_0180.jpg,6196923578,Impatiens pachycaulon M.F.Newman,"colmafu,inmafu",1cbed1d0-f9ac-4b9e-bf3f-a26272bca39e,4fd82480-ea1c-11da-8db4-b8a03c50a862,NA,82d6992a-b20b-4e74-b6ac-6b971b2c485d,4fd82480-ea1c-11da-8db4-b8a03c50a862,JP,EML,2026-07-10T16:35:10.312+00:00,2026-07-18T17:50:15.290+00:00,222,PRESERVED_SPECIMEN,PRESENT,4193410,6,7707728,220,1353,6699,2891766,4193410,Impatiens pachycaulon M.F.Newman,Plantae,Tracheophyta,Ericales,Balsaminaceae,Impatiens,SPECIES,ACCEPTED,NA,ASIA,Khammouan,NA,Asia|Laos|Khammouan|Khounkham|Rock View Point walkway,2024,3,19,2024-03-19,79,79,NA,2025-10-16T00:00:00.000+00:00,2026-07-18T17:50:15.290+00:00,https://www.museum.kagoshima-u.ac.jp/hyouhonsitu.html,http://creativecommons.org/licenses/by/4.0/legalcode,FALSE,54f1685b-27e9-44bd-b6b6-87116004cea0,none,none,7b6590f0-c03f-409b-ae28-f443c1166d23,e9e6df05-e289-4a64-8ace-a4d5dbd168e4,FALSE,NA,NA,NA,NA,none,Magnoliopsida,LA,none,none,ASIA,Lao People’s Democratic Republic,ASIA,NA,54f1685b-27e9-44bd-b6b6-87116004cea0,Z1211,NA,NA,232,NA,Rock View Point walkway,NA,"Laos, Khammouan, Khounkham, Rock View Point walkway",6196923578,NA,KAG,54f1685b-27e9-44bd-b6b6-87116004cea0,NA,NA,KAG187613,KAG,NA,NA,NA,NA,Impatiens pachycaulon M.F.Newman,NA,NA,18.17756,104.4848,NA,4193410,Impatiens pachycaulon,Impatiens,pachycaulon,NA,NA,NA,WGS84,NA,NA,NA,NA,obtained using GPS machine,NA,NA,NA,NA,NA,Plantae|Tracheophyta|Magnoliopsida|Ericales|Balsaminaceae|Impatiens|pachycaulon,NA,DD,NA,NA,455,NA,NA,NA,NA,NA,NA,NA,NA,NA,NA,NA,NA,NA,Khounkham,NA,NA,NA,NA,NA,NA,NA,NA,NA,NA,NA,NA,500,NA,NA,NA,NA,NA,NA,NA,NA,NA,NA,https://dbs.kaum.kagoshima-u.ac.jp/musedb/s_plant/picture/KAG187613/KAG187613.jpg,FALSE,ok
HERB_0181,sample_images/HERB_0181.jpg,5106376632,Rungia pectinata (L.) Nees,,bf2a4bf0-5f31-11de-b67e-b8a03c50a862,98e934b0-5f31-11de-b67e-b8a03c50a862,"8e30b684-6a54-4aba-aa73-66201c2c736e,17abcf75-2f1e-46dd-bf75-a5b21dd02655",f6fe707e-cced-4efc-b5dc-be4c91b8180a,98e934b0-5f31-11de-b67e-b8a03c50a862,GB,DWC_ARCHIVE,2026-08-13T16:38:58.088+00:00,2026-08-24T20:20:08.033+00:00,445,PRESERVED_SPECIMEN,PRESENT,3780135,6,7707728,220,408,2393,7264287,3780135,Rungia pectinata (L.) Nees,Plantae,Tracheophyta,Lamiales,Acanthaceae,Rungia,SPECIES,ACCEPTED,NA,ASIA,Sagaing,none,Myanmar (Burma),2019,2,25,2019-02-25,56,56,NA,2025-04-08T13:16:45.000+00:00,2026-08-24T20:20:08.033+00:00,NA,http://creativecommons.org/publicdomain/zero/1.0/legalcode,FALSE,https://data.rbge.org.uk/herb/E01542003,none,none,0237598a-853a-492c-af74-a723fe251799,427c8cd7-4358-4a00-9ef3-2b2676d28d1e,FALSE,Edinburgh (E) Herbarium Specimens,"Pyae, Phoe La",NA,HERBARIUM SHEET,none,Magnoliopsida,MM,none,none,ASIA,Myanmar,EUROPE,NA,https://data.rbge.org.uk/herb/E01542003,199,Growing along the bank of the Chindwin river.,https://scientific-collections.gbif.org/institution/0237598a-853a-492c-af74-a723fe251799,445,NA,Nat Inn Taung forest,NA,NA,5106376632,NA,E,https://data.rbge.org.uk/herb/E01542003,PhysicalObject,NA,E01542003,RBGE,NA,NA,NA,https://scientific-collections.gbif.org/collection/427c8cd7-4358-4a00-9ef3-2b2676d28d1e,Rungia pectinata (L.) Nees,NA,NA,NA,NA,NA,3780135,Rungia pectinata,Rungia,pectinata,NA,NA,NA,NA,NA,ICBN,NA,NA,NA,NA,NA,NA,E,NA,NA,NA,NA,NA,NA,NA,NA,NA,NA,NA,NA,NA,NA,NA,NA,NA,NA,NA,NA,Hkamti,NA,NA,25th February 2019,NA,NA,NA,NA,NA,NA,NA,NA,NA,NA,NA,CC0,Royal Botanic Garden Edinburgh,1734062,NA,NA,NA,NA,NA,NA,https://iiif.rbge.org.uk/herb/iiif/E01542003/manifest,FALSE,not_image
HERB_0182,sample_images/HERB_0182.jpg,3461939308,Albizia myriophylla Benth.,,b5cdf794-8fa4-4a85-8b26-755d087bf531,2cd829bb-b713-433d-99cf-64bef11e5b3e,17abcf75-2f1e-46dd-bf75-a5b21dd02655,86c2834b-fcd6-418d-9b32-aca45110a0fe,2cd829bb-b713-433d-99cf-64bef11e5b3e,FR,EML,2026-08-13T15:27:43.858+00:00,2026-08-24T16:47:15.286+00:00,606,PRESERVED_SPECIMEN,PRESENT,2973009,6,7707728,220,1370,5386,2972897,2973009,Albizia myriophylla Benth.,Plantae,Tracheophyta,Fabales,Fabaceae,Albizia,SPECIES,ACCEPTED,NA,ASIA,siem réap,none,NA,2021,1,8,2021-01-08,8,8,NA,2022-02-09T10:40:10.000+00:00,2026-08-24T16:47:15.286+00:00,NA,http://creativecommons.org/licenses/by/4.0/legalcode,FALSE,http://coldb.mnhn.fr/catalognumber/mnhn/p/p01190813,none,none,6a6ac6c5-1b8a-48db-91a2-f8661274ff80,bc3d39fd-a7d4-4763-b951-2bdeddd8a5d2,FALSE,NA,"Hul, S.|Peou, Y.|Ratanak, V.",Hul,hb,none,Magnoliopsida,KH,none,none,ASIA,Cambodia,EUROPE,NA,http://coldb.mnhn.fr/catalognumber/mnhn/p/p01190813,NA,NA,http://grbio.org/institution/museum-national-dhistoire-naturelle,654,NA,NA,7204,Sangkat Slorkram,3461939308,NA,P,http://coldb.mnhn.fr/catalognumber/mnhn/p/p01190813,NA,NA,P01190813,MNHN,NA,NA,NA,NA,Albizia myriophylla Benth.,NA,NA,NA,NA,NA,2973009,Albizia myriophylla,Albizia,myriophylla,NA,NA,NA,NA,NA,NA,NA,NA,NA,NA,NA,NA,NA,NA,NA,NA,LC,NA,NA,NA,NA,NA,NA,NA,NA,NA,NA,NA,NA,NA,NA,NA,"Liane , rameaux pubérulents à glabres, pourvus d'aiguillons recoubés à la base des cicatrices foliaires. Feuilles bipennées, rachis portant des glandes , pennes 8-20 paires , folioles 25-60 paires, opposées, sessiles, linéaires ou oblongues. Inflorescences en panicules terminales, tomenteuses. Gousses aplaties, glabres, à emplacement des graines bien marqués, déhiscentes",Phum Daun Pa,NA,NA,NA,NA,NA,NA,NA,NA,NA,NA,NA,NA,NA,NA,NA,NA,NA,NA,NA,NA,NA,NA,NA,https://mediaphoto.mnhn.fr/media/1644399608588gdBx0OzgNwgiOj50,TRUE,error
HERB_0183,sample_images/HERB_0183.jpg,6196924885,Embelia ribes Burm.fil.,"colmafu,inmafu",1cbed1d0-f9ac-4b9e-bf3f-a26272bca39e,4fd82480-ea1c-11da-8db4-b8a03c50a862,NA,82d6992a-b20b-4e74-b6ac-6b971b2c485d,4fd82480-ea1c-11da-8db4-b8a03c50a862,JP,EML,2026-07-10T16:35:10.312+00:00,2026-07-18T17:50:39.280+00:00,222,PRESERVED_SPECIMEN,PRESENT,7330952,6,7707728,220,1353,6674,2984886,7330952,Embelia ribes Burm.fil.,Plantae,Tracheophyta,Ericales,Primulaceae,Embelia,SPECIES,ACCEPTED,NA,ASIA,Khammouan,NA,Asia|Laos|Khammouan|Khounkham|near Ban Nong Kok,2024,3,16,2024-03-16,76,76,NA,2025-10-16T00:00:00.000+00:00,2026-07-18T17:50:39.280+00:00,https://www.museum.kagoshima-u.ac.jp/hyouhonsitu.html,http://creativecommons.org/licenses/by/4.0/legalcode,FALSE,800de9c5-df1d-4a35-969e-ae4b1e33adc4,none,none,7b6590f0-c03f-409b-ae28-f443c1166d23,e9e6df05-e289-4a64-8ace-a4d5dbd168e4,FALSE,NA,NA,NA,NA,none,Magnoliopsida,LA,none,none,ASIA,Lao People’s Democratic Republic,ASIA,NA,800de9c5-df1d-4a35-969e-ae4b1e33adc4,Z880,NA,NA,232,NA,near Ban Nong Kok,NA,"Laos, Khammouan, Khounkham, near Ban Nong Kok",6196924885,NA,KAG,800de9c5-df1d-4a35-969e-ae4b1e33adc4,NA,NA,KAG187292,KAG,NA,NA,NA,NA,Embelia ribes Burm.fil.,NA,NA,18.20071,104.59438,NA,7330952,Embelia ribes,Embelia,ribes,NA,NA,NA,WGS84,NA,NA,NA,NA,obtained using GPS machine,NA,NA,NA,NA,NA,Plantae|Tracheophyta|Magnoliopsida|Ericales|Primulaceae|Embelia|ribes,NA,NA,NA,NA,606,NA,NA,NA,NA,NA,NA,NA,NA,NA,NA,NA,NA,NA,Khounkham,NA,NA,NA,NA,NA,NA,NA,NA,NA,NA,NA,NA,500,NA,NA,NA,NA,NA,NA,NA,NA,NA,NA,https://dbs.kaum.kagoshima-u.ac.jp/musedb/s_plant/picture/KAG187292/KAG187292.jpg,FALSE,ok
HERB_0184,sample_images/HERB_0184.jpg,3461923308,Dalbergia cochinchinensis Pierre,,b5cdf794-8fa4-4a85-8b26-755d087bf531,2cd829bb-b713-433d-99cf-64bef11e5b3e,17abcf75-2f1e-46dd-bf75-a5b21dd02655,86c2834b-fcd6-418d-9b32-aca45110a0fe,2cd829bb-b713-433d-99cf-64bef11e5b3e,FR,EML,2026-08-13T15:27:43.858+00:00,2026-08-24T16:47:01.536+00:00,606,PRESERVED_SPECIMEN,PRESENT,2968506,6,7707728,220,1370,5386,2968358,2968506,Dalbergia cochinchinensis Pierre,Plantae,Tracheophyta,Fabales,Fabaceae,Dalbergia,SPECIES,ACCEPTED,NA,ASIA,siem réap,none,NA,2021,1,8,2021-01-08,8,8,NA,2022-04-01T08:37:20.000+00:00,2026-08-24T16:47:01.536+00:00,NA,http://creativecommons.org/licenses/by/4.0/legalcode,FALSE,http://coldb.mnhn.fr/catalognumber/mnhn/p/p01190823,none,none,6a6ac6c5-1b8a-48db-91a2-f8661274ff80,bc3d39fd-a7d4-4763-b951-2bdeddd8a5d2,FALSE,NA,"Hul, S.|Peou, Y.|Ratanak, V.",Hul,hb,none,Magnoliopsida,KH,none,none,ASIA,Cambodia,EUROPE,NA,http://coldb.mnhn.fr/catalognumber/mnhn/p/p01190823,NA,NA,http://grbio.org/institution/museum-national-dhistoire-naturelle,654,NA,NA,7214,Sangkat Slorkram,3461923308,NA,P,http://coldb.mnhn.fr/catalognumber/mnhn/p/p01190823,NA,NA,P01190823,MNHN,NA,NA,NA,NA,Dalbergia cochinchinensis Pierre,NA,NA,NA,NA,NA,2968506,Dalbergia cochinchinensis,Dalbergia,cochinchinensis,NA,NA,NA,NA,NA,NA,NA,NA,NA,NA,NA,NA,NA,NA,NA,NA,CR,NA,NA,NA,NA,NA,NA,NA,NA,NA,NA,NA,NA,NA,NA,NA,"Arbre de 10-15 m de haut. Feuilles alternes, composées, imparipennées , folioles alternes. Inflorescences terminales , bractées tôt caduques , fleurs blanches, odorantes",Phum Daun Pa,NA,NA,NA,NA,NA,NA,NA,NA,NA,NA,NA,NA,NA,NA,NA,NA,NA,NA,NA,NA,NA,NA,NA,https://mediaphoto.mnhn.fr/media/1648795040187EQ2ir4EQl2hZvWYv,TRUE,error
HERB_0185,sample_images/HERB_0185.jpg,2430565425,"Millettia leptobotrys var. macrocarpa P.K.Lôc, 2001",,b5cdf794-8fa4-4a85-8b26-755d087bf531,2cd829bb-b713-433d-99cf-64bef11e5b3e,17abcf75-2f1e-46dd-bf75-a5b21dd02655,86c2834b-fcd6-418d-9b32-aca45110a0fe,2cd829bb-b713-433d-99cf-64bef11e5b3e,FR,EML,2026-08-13T15:27:43.858+00:00,2026-08-24T16:45:43.237+00:00,606,PRESERVED_SPECIMEN,PRESENT,5626610,6,7707728,220,1370,5386,2977458,5626610,"Millettia leptobotrys var. macrocarpa P.K.Lôc, 2001",Plantae,Tracheophyta,Fabales,Fabaceae,Imbralyx,VARIETY,PROVISIONALLY_ACCEPTED,NA,ASIA,stung trèng,none,NA,2019,2,7,2019-02-07,38,38,NA,2022-12-06T10:00:52.000+00:00,2026-08-24T16:45:43.237+00:00,NA,http://creativecommons.org/licenses/by/4.0/legalcode,FALSE,http://coldb.mnhn.fr/catalognumber/mnhn/p/p00915926,none,none,6a6ac6c5-1b8a-48db-91a2-f8661274ff80,bc3d39fd-a7d4-4763-b951-2bdeddd8a5d2,FALSE,NA,"Hul, S.|Eum, S.|Peou, Y.",Hul,hb,none,Magnoliopsida,KH,none,none,ASIA,Cambodia,EUROPE,NA,http://coldb.mnhn.fr/catalognumber/mnhn/p/p00915926,NA,NA,http://grbio.org/institution/museum-national-dhistoire-naturelle,654,NA,NA,7050,NA,2430565425,NA,P,http://coldb.mnhn.fr/catalognumber/mnhn/p/p00915926,NA,NA,P00915926,MNHN,NA,NA,NA,NA,"Millettia leptobotrys var. macrocarpa P.K.Lôc, 2001",NA,NA,NA,NA,NA,11384121,Imbralyx leptobotrys,Millettia,leptobotrys,NA,NA,NA,NA,NA,NA,NA,NA,NA,NA,NA,NA,NA,NA,NA,NA,NA,NA,NA,NA,NA,NA,NA,NA,NA,NA,NA,NA,macrocarpa,NA,NA,NA,"""Arbre de 10 m. Feuilles composées imparipennées, 5 folioles. Gousses obovales, aplaties, ligneuses, velues à poils apprimés, déhiscentes ; 2 graines """,Siem Pang,Prék Méas,NA,NA,NA,NA,NA,NA,NA,NA,NA,NA,NA,NA,NA,NA,NA,NA,NA,NA,NA,NA,NA,NA,https://mediaphoto.mnhn.fr/media/1579023254151LVzfQAxNfZXz9hky,FALSE,error
HERB_0186,sample_images/HERB_0186.jpg,5207165330,Sida rhombifolia L.,,15f819bd-6612-4447-854b-14d12ee1022d,396d5f30-dea9-11db-8ab4-b8a03c50a862,17abcf75-2f1e-46dd-bf75-a5b21dd02655,65eb93af-41b8-4917-a5fc-cfe2a45aa4bf,396d5f30-dea9-11db-8ab4-b8a03c50a862,NL,DWC_ARCHIVE,2026-06-29T11:53:09.940+00:00,2026-08-24T20:54:52.569+00:00,286,PRESERVED_SPECIMEN,PRESENT,5406735,6,7707728,220,941,6685,3152100,5406735,Sida rhombifolia L.,Plantae,Tracheophyta,Malvales,Malvaceae,Sida,SPECIES,ACCEPTED,2023-04-01T00:00:00,ASIA,NA,NA,NA,2020,2,24,2020-02-24,55,55,NA,NA,2026-08-24T20:54:52.569+00:00,NA,http://creativecommons.org/publicdomain/zero/1.0/legalcode,FALSE,L.4578451@BRAHMS,none,none,0e919a55-08d3-4bd2-aec1-200858fafd92,0add23db-a8f7-4d15-95ad-4ed0c5c8a055,FALSE,NA,Cunha T,Welzen PC van,NA,none,Magnoliopsida,TL,none,none,ASIA,Timor-Leste,EUROPE,Naturalis Biodiversity Center,L.4578451@BRAHMS,"Cunha, T 276",NA,https://ror.org/0566bfb96,286,NA,"Liquiça, Bazartete.",NA,NA,5207165330,NA,Botany,https://data.biodiversitydata.nl/naturalis/specimen/L.4578451,NA,NA,L.4578451,NA,NA,NA,NA,NA,Sida rhombifolia L.,NA,NA,-8.61833,125.38194,NA,5406735,Sida rhombifolia,Sida,rhombifolia,NA,NA,NA,WGS84,NA,ICN,NA,NA,NA,NA,NA,NA,NA,NA,Plantae|Malvales|Malvaceae,NA,NA,NA,NA,NA,NA,NA,NA,NA,NA,NA,NA,NA,NA,NA,true,NA,NA,NA,NA,NA,NA,NA,NA,NA,NA,NA,NA,NA,NA,NA,NA,NA,NA,NA,NA,NA,NA,NA,NA,NA,NA,https://medialib.naturalis.nl/file/id/L.4578451/format/large,FALSE,ok
HERB_0187,sample_images/HERB_0187.jpg,6367014364,Hedyotis uncinella Hook. & Arn.,"cdc,cdround,gass84,incomis,inmafu",cd6e21c8-9e8a-493a-8a76-fbf7862069e5,061b4f20-f241-11da-a328-b8a03c50a862,17abcf75-2f1e-46dd-bf75-a5b21dd02655,996e30f8-f762-11e1-a439-00145eb45e9a,061b4f20-f241-11da-a328-b8a03c50a862,GB,DWC_ARCHIVE,2026-08-24T12:51:18.333+00:00,2026-08-24T20:52:06.707+00:00,539,PRESERVED_SPECIMEN,PRESENT,2912017,6,7707728,220,412,8798,9631866,2912017,Hedyotis uncinella Hook. & Arn.,Plantae,Tracheophyta,Gentianales,Rubiaceae,Hedyotis,SPECIES,ACCEPTED,NA,ASIA,NA,NA,NA,2023,9,1,2023-09-01T00:00,244,244,NA,2026-06-03T12:08:57.947+00:00,2026-08-24T20:52:06.707+00:00,NA,http://creativecommons.org/licenses/by/4.0/legalcode,FALSE,K001993260,none,none,fa252605-26f6-426c-9892-94d071c2c77f,NA,TRUE,NA,"Yooprasert, S.; Tamura, M. N.; Fuse, S.; Takahashi, K.; Masuda, R.; Taothong, P.; Saengbuapuean, A.",NA,NA,none,Magnoliopsida,TH,none,none,ASIA,Thailand,EUROPE,NA,K001993260,SY 566,NA,NA,539,NA,"Phu Ruea NP, Phali Rock Garden.",NA,NA,6367014364,NA,Herbarium,http://specimens.kew.org/herbarium/K001993260,NA,NA,K001993260,K,NA,NA,NA,NA,Hedyotis uncinella Hook. & Arn.,NA,NA,17.4975,101.341944,NA,2912017,Hedyotis uncinella,Hedyotis,uncinella,NA,NA,NA,WGS84,NA,NA,NA,NA,NA,NA,NA,NA,NA,NA,Rubiaceae,NA,NA,NA,NA,1160,NA,NA,NA,NA,NA,NA,NA,NA,NA,NA,NA,NA,NA,NA,NA,NA,NA,NA,NA,NA,NA,NA,NA,NA,NA,NA,NA,NA,NA,NA,NA,NA,NA,NA,NA,NA,NA,https://d2jcv3kl45hlgi.cloudfront.net/39e56e11390151180d6329adce30f049.jpg,FALSE,ok
HERB_0188,sample_images/HERB_0188.jpg,5106374565,Litsea dilleniifolia P.Y.Pai & P.H.Huang,,bf2a4bf0-5f31-11de-b67e-b8a03c50a862,98e934b0-5f31-11de-b67e-b8a03c50a862,"8e30b684-6a54-4aba-aa73-66201c2c736e,17abcf75-2f1e-46dd-bf75-a5b21dd02655",f6fe707e-cced-4efc-b5dc-be4c91b8180a,98e934b0-5f31-11de-b67e-b8a03c50a862,GB,DWC_ARCHIVE,2026-08-13T16:38:58.088+00:00,2026-08-24T20:20:31.327+00:00,445,PRESERVED_SPECIMEN,PRESENT,4177123,6,7707728,220,407,6688,3033976,4177123,Litsea dilleniifolia P.Y.Pai & P.H.Huang,Plantae,Tracheophyta,Laurales,Lauraceae,Litsea,SPECIES,ACCEPTED,NA,ASIA,Sagaing,none,Myanmar (Burma),2019,3,19,2019-03-19,78,78,NA,2025-04-22T13:05:44.000+00:00,2026-08-24T20:20:31.327+00:00,NA,http://creativecommons.org/publicdomain/zero/1.0/legalcode,FALSE,https://data.rbge.org.uk/herb/E01537136,none,none,0237598a-853a-492c-af74-a723fe251799,427c8cd7-4358-4a00-9ef3-2b2676d28d1e,FALSE,Edinburgh (E) Herbarium Specimens,"Armstrong, Kathleen Ellen, Nwe, Thet Yu, Kramer, Marshall, Linn, Wah Wah, Khaing, Myo, Myint, Thar, Pyae, Phoe La, Kyi, Aung, Nyo, Kyi, Myint, Han Sein, Nge, Maung & Oo, Myint",NA,HERBARIUM SHEET,none,Magnoliopsida,MM,none,none,ASIA,Myanmar,EUROPE,NA,https://data.rbge.org.uk/herb/E01537136,4529,Growing in primary forest.,https://scientific-collections.gbif.org/institution/0237598a-853a-492c-af74-a723fe251799,445,NA,"Htamanthi Wildlife Sanctuary. Nam Phi Lin stream, upstream from camp 1",NA,NA,5106374565,NA,E,https://data.rbge.org.uk/herb/E01537136,PhysicalObject,NA,E01537136,RBGE,NA,NA,NA,https://scientific-collections.gbif.org/collection/427c8cd7-4358-4a00-9ef3-2b2676d28d1e,Litsea dilleniifolia P.Y.Pai & P.H.Huang,NA,NA,NA,NA,NA,4177123,Litsea dilleniifolia,Litsea,dilleniifolia,NA,NA,NA,NA,NA,ICBN,NA,NA,NA,NA,NA,NA,E,NA,NA,NA,VU,NA,NA,NA,NA,NA,NA,NA,NA,NA,NA,NA,NA,NA,NA,NA,NA,Hkamti,NA,NA,19th March 2019,NA,NA,NA,NA,NA,NA,NA,NA,NA,NA,NA,CC0,Royal Botanic Garden Edinburgh,1737560,NA,NA,NA,NA,NA,NA,https://iiif.rbge.org.uk/herb/iiif/E01537136/manifest,FALSE,not_image
HERB_0189,sample_images/HERB_0189.jpg,4979413954,Cyrtandra multibracteata C.B.Clarke,cdc,bf2a4bf0-5f31-11de-b67e-b8a03c50a862,98e934b0-5f31-11de-b67e-b8a03c50a862,"8e30b684-6a54-4aba-aa73-66201c2c736e,17abcf75-2f1e-46dd-bf75-a5b21dd02655",f6fe707e-cced-4efc-b5dc-be4c91b8180a,98e934b0-5f31-11de-b67e-b8a03c50a862,GB,DWC_ARCHIVE,2026-08-13T16:38:58.088+00:00,2026-08-24T20:20:20.944+00:00,445,PRESERVED_SPECIMEN,PRESENT,5589927,6,7707728,220,408,6654,3172659,5589927,Cyrtandra multibracteata C.B.Clarke,Plantae,Tracheophyta,Lamiales,Gesneriaceae,Cyrtandra,SPECIES,ACCEPTED,NA,ASIA,Sarawak,NA,Malay Islands,2024,3,11,2024-03-11,71,71,NA,2026-03-09T11:58:36.000+00:00,2026-08-24T20:20:20.944+00:00,NA,http://creativecommons.org/publicdomain/zero/1.0/legalcode,FALSE,https://data.rbge.org.uk/herb/E01494501,none,none,0237598a-853a-492c-af74-a723fe251799,427c8cd7-4358-4a00-9ef3-2b2676d28d1e,FALSE,Edinburgh (E) Herbarium Specimens,"Barber, Sadie, Wilkie, Peter, Sundue, Michael, Sang, Julia, Jawa, Rantai & Angkabau, Johnny",NA,HERBARIUM SHEET|Silica-dried,none,Magnoliopsida,MY,none,none,ASIA,Malaysia,EUROPE,NA,https://data.rbge.org.uk/herb/E01494501,S.111220,"Down from ridge of mountain, NE slope, just off roadside, semi-shade, sometimes cloaked in cloud",https://scientific-collections.gbif.org/institution/0237598a-853a-492c-af74-a723fe251799,445,NA,"Kubah National Park, Mount Serapi",NA,NA,4979413954,NA,E,https://data.rbge.org.uk/herb/E01494501,PhysicalObject,NA,E01494501,RBGE,NA,NA,NA,https://scientific-collections.gbif.org/collection/427c8cd7-4358-4a00-9ef3-2b2676d28d1e,Cyrtandra multibracteata C.B.Clarke,NA,NA,1.587353,110.193368,NA,5589927,Cyrtandra multibracteata,Cyrtandra,multibracteata,NA,NA,NA,WGS84,NA,ICBN,NA,NA,NA,NA,NA,NA,E,NA,NA,NA,NA,NA,NA,NA,NA,NA,NA,NA,NA,NA,NA,NA,NA,NA,NA,NA,NA,NA,NA,NA,11th March 2024,NA,NA,NA,NA,NA,NA,NA,NA,NA,NA,NA,CC0,Royal Botanic Garden Edinburgh,1572077,NA,NA,NA,NA,NA,NA,https://iiif.rbge.org.uk/herb/iiif/E01494501/manifest,FALSE,not_image
HERB_0190,sample_images/HERB_0190.jpg,5106374596,Rosa clinophylla Thory,,bf2a4bf0-5f31-11de-b67e-b8a03c50a862,98e934b0-5f31-11de-b67e-b8a03c50a862,"8e30b684-6a54-4aba-aa73-66201c2c736e,17abcf75-2f1e-46dd-bf75-a5b21dd02655",f6fe707e-cced-4efc-b5dc-be4c91b8180a,98e934b0-5f31-11de-b67e-b8a03c50a862,GB,DWC_ARCHIVE,2026-08-13T16:38:58.088+00:00,2026-08-24T20:21:02.930+00:00,445,PRESERVED_SPECIMEN,PRESENT,3004286,6,7707728,220,691,5015,8395064,3004286,Rosa clinophylla Thory,Plantae,Tracheophyta,Rosales,Rosaceae,Rosa,SPECIES,ACCEPTED,NA,ASIA,Sagaing,none,Myanmar (Burma),2019,3,5,2019-03-05,64,64,NA,2025-04-08T07:02:32.000+00:00,2026-08-24T20:21:02.930+00:00,NA,http://creativecommons.org/publicdomain/zero/1.0/legalcode,FALSE,https://data.rbge.org.uk/herb/E01539062,none,none,0237598a-853a-492c-af74-a723fe251799,427c8cd7-4358-4a00-9ef3-2b2676d28d1e,FALSE,Edinburgh (E) Herbarium Specimens,"Armstrong, Kathleen Ellen, Nwe, Thet Yu, Kramer, Marshall, Linn, Wah Wah, Myint, Thar, Pyae, Phoe La, Kyi, Aung, Nyo, Kyi & Win, Tun Tun",NA,HERBARIUM SHEET,none,Magnoliopsida,MM,none,none,ASIA,Myanmar,EUROPE,NA,https://data.rbge.org.uk/herb/E01539062,4335,Growing in disturbed vegetation around village.,https://scientific-collections.gbif.org/institution/0237598a-853a-492c-af74-a723fe251799,445,NA,Nam Sa Bi village,NA,NA,5106374596,NA,E,https://data.rbge.org.uk/herb/E01539062,PhysicalObject,NA,E01539062,RBGE,NA,NA,NA,https://scientific-collections.gbif.org/collection/427c8cd7-4358-4a00-9ef3-2b2676d28d1e,Rosa clinophylla Thory,NA,NA,NA,NA,NA,3004286,Rosa clinophylla,Rosa,clinophylla,NA,NA,NA,NA,NA,ICBN,NA,NA,NA,NA,NA,NA,E,NA,NA,NA,NA,NA,NA,NA,NA,NA,NA,NA,NA,NA,NA,NA,NA,NA,NA,NA,NA,Hkamti,NA,NA,5th March 2019,NA,NA,NA,NA,NA,NA,NA,NA,NA,NA,NA,CC0,Royal Botanic Garden Edinburgh,1752327,NA,NA,NA,NA,NA,NA,https://iiif.rbge.org.uk/herb/iiif/E01539062/manifest,FALSE,not_image
HERB_0191,sample_images/HERB_0191.jpg,2430565451,Trigonostemon reidioides (Kurz) Craib,,b5cdf794-8fa4-4a85-8b26-755d087bf531,2cd829bb-b713-433d-99cf-64bef11e5b3e,17abcf75-2f1e-46dd-bf75-a5b21dd02655,86c2834b-fcd6-418d-9b32-aca45110a0fe,2cd829bb-b713-433d-99cf-64bef11e5b3e,FR,EML,2026-08-13T15:27:43.858+00:00,2026-08-24T16:45:39.973+00:00,606,PRESERVED_SPECIMEN,PRESENT,3063407,6,7707728,220,1414,4691,3063346,3063407,Trigonostemon reidioides (Kurz) Craib,Plantae,Tracheophyta,Malpighiales,Euphorbiaceae,Trigonostemon,SPECIES,ACCEPTED,NA,ASIA,kompong chhnang,none,NA,2019,2,25,2019-02-25,56,56,NA,2020-01-14T18:34:17.000+00:00,2026-08-24T16:45:39.973+00:00,NA,http://creativecommons.org/licenses/by/4.0/legalcode,FALSE,http://coldb.mnhn.fr/catalognumber/mnhn/p/p00915938,none,none,6a6ac6c5-1b8a-48db-91a2-f8661274ff80,bc3d39fd-a7d4-4763-b951-2bdeddd8a5d2,FALSE,NA,"Hul, S.|Eum, S.|Peou, Y.",Hul,hb,none,Magnoliopsida,KH,none,none,ASIA,Cambodia,EUROPE,NA,http://coldb.mnhn.fr/catalognumber/mnhn/p/p00915938,NA,NA,http://grbio.org/institution/museum-national-dhistoire-naturelle,654,NA,NA,7065,NA,2430565451,NA,P,http://coldb.mnhn.fr/catalognumber/mnhn/p/p00915938,NA,NA,P00915938,MNHN,NA,NA,NA,NA,Trigonostemon reidioides (Kurz) Craib,NA,NA,NA,NA,NA,3063407,Trigonostemon reidioides,Trigonostemon,reidioides,NA,NA,NA,NA,NA,NA,NA,NA,NA,NA,NA,NA,NA,NA,NA,NA,NA,NA,NA,NA,NA,NA,NA,NA,NA,NA,NA,NA,NA,NA,NA,NA,"Arbrisseau d'env. 1 m de haut. Feuilles pubescentes, oblongues, ovales ou obovales. Inflorescences en racèmes axillaires. Capsules globuleuses, à 3 valves",Kompong Trâlach,"Ta Chés, Svay dak kav",NA,NA,NA,NA,NA,NA,NA,NA,NA,NA,NA,NA,NA,NA,NA,NA,NA,NA,NA,NA,NA,NA,https://mediaphoto.mnhn.fr/media/1579023257159TyhXFi2yhjNPxbco,TRUE,error
HERB_0192,sample_images/HERB_0192.jpg,4922184340,Cyrtandra penduliflora Kraenzl.,"cdc,gass84,incomis,inmafu",cd6e21c8-9e8a-493a-8a76-fbf7862069e5,061b4f20-f241-11da-a328-b8a03c50a862,17abcf75-2f1e-46dd-bf75-a5b21dd02655,996e30f8-f762-11e1-a439-00145eb45e9a,061b4f20-f241-11da-a328-b8a03c50a862,GB,DWC_ARCHIVE,2026-08-24T12:51:18.333+00:00,2026-08-24T20:51:10.485+00:00,539,PRESERVED_SPECIMEN,PRESENT,6365209,6,7707728,220,408,6654,3172659,6365209,Cyrtandra penduliflora Kraenzl.,Plantae,Tracheophyta,Lamiales,Gesneriaceae,Cyrtandra,SPECIES,ACCEPTED,NA,ASIA,NA,NA,Belalong,2019,10,23,2019-10-23T00:00,296,296,NA,2026-06-15T17:25:47.157+00:00,2026-08-24T20:51:10.485+00:00,NA,http://creativecommons.org/licenses/by/4.0/legalcode,FALSE,K001893586,none,none,fa252605-26f6-426c-9892-94d071c2c77f,NA,FALSE,NA,"Cicuzza, D.","Atkins, H.J.",NA,none,Magnoliopsida,BN,none,none,ASIA,Brunei Darussalam,EUROPE,NA,K001893586,2618,NA,NA,539,NA,NA,NA,NA,4922184340,NA,Herbarium,http://specimens.kew.org/herbarium/K001893586,NA,NA,K001893586,K,Sheet 2 of 2,NA,NA,NA,Cyrtandra penduliflora Kraenzl.,NA,NA,4.5381,115.1594,NA,6365209,Cyrtandra penduliflora,Cyrtandra,penduliflora,NA,NA,NA,WGS84,NA,NA,NA,NA,NA,NA,NA,NA,NA,NA,Gesneriaceae,NA,NA,NA,NA,150,NA,NA,NA,NA,NA,NA,NA,Belalong,NA,NA,NA,NA,NA,NA,NA,NA,NA,NA,NA,NA,NA,NA,NA,NA,NA,NA,NA,NA,NA,NA,NA,NA,NA,NA,NA,NA,NA,https://d2jcv3kl45hlgi.cloudfront.net/d9c6e7fc51b6e3aeb83da58fa7c0abbf.jpg,FALSE,ok
HERB_0193,sample_images/HERB_0193.jpg,4420069305,Garcinia diospyrifolia Pierre,"cdc,gass84",cb9beff3-a185-486f-975a-732251444158,2853c0e7-c758-4c9c-83a2-7c2d18967fb9,17abcf75-2f1e-46dd-bf75-a5b21dd02655,86c2834b-fcd6-418d-9b32-aca45110a0fe,2cd829bb-b713-433d-99cf-64bef11e5b3e,FR,EML,2026-08-13T15:27:43.165+00:00,2026-08-24T18:08:37.923+00:00,586,PRESERVED_SPECIMEN,PRESENT,3714809,6,7707728,220,1414,6646,3189556,3714809,Garcinia diospyrifolia Pierre,Plantae,Tracheophyta,Malpighiales,Clusiaceae,Garcinia,SPECIES,ACCEPTED,NA,ASIA,Kalimantan,NA,NA,2022,8,17,2022-08-17,229,229,NA,2023-09-28T17:46:56.000+00:00,2026-08-24T18:08:37.923+00:00,NA,http://creativecommons.org/licenses/by/4.0/legalcode,FALSE,http://coldb.mnhn.fr/catalognumber/um/mpu/mpu885562,none,none,17ff2e84-80c7-4904-81c7-26183b3ce46e,1fddc155-2d5b-4b1d-92cb-1268e22cc2bb,FALSE,NA,"Yao, T.L.",Yao,hb,none,Magnoliopsida,ID,none,none,ASIA,Indonesia,EUROPE,NA,http://coldb.mnhn.fr/catalognumber/um/mpu/mpu885562,NA,NA,http://grscicoll.org/institution/université-montpellier-2,634,NA,NA,Manggis project/432,"Kalimantan Timur, Balikpapan Utara, Karang Joang, Hutan Lindong Sei Wain",4420069305,NA,MPU,http://coldb.mnhn.fr/catalognumber/um/mpu/mpu885562,NA,NA,MPU885562,UM,NA,NA,NA,NA,Garcinia diospyrifolia Pierre,NA,NA,-1.13662,116.83641,NA,3714809,Garcinia diospyrifolia,Garcinia,diospyrifolia,NA,NA,NA,WGS84,NA,NA,NA,NA,NA,NA,NA,NA,NA,NA,NA,NA,LC,NA,NA,NA,NA,NA,NA,NA,NA,NA,NA,NA,NA,NA,NA,NA,"Sapling, 1.5 m tall, dbh c. 1 cm, exudate white",NA,NA,NA,NA,NA,NA,NA,NA,NA,NA,Flat alluvial mixed dipterocarp forest,NA,NA,NA,NA,NA,NA,NA,NA,NA,NA,NA,NA,NA,https://mediaphoto.mnhn.fr/media/1695916015746OHNN1YxphYWBKn5A,FALSE,error
HERB_0194,sample_images/HERB_0194.jpg,4607897501,Alangium longiflorum var. hirsutum (Bloemb.) W.J.de Wilde & Duyfjes,"incomis,inmafu",cd6e21c8-9e8a-493a-8a76-fbf7862069e5,061b4f20-f241-11da-a328-b8a03c50a862,17abcf75-2f1e-46dd-bf75-a5b21dd02655,996e30f8-f762-11e1-a439-00145eb45e9a,061b4f20-f241-11da-a328-b8a03c50a862,GB,DWC_ARCHIVE,2026-08-24T12:51:18.333+00:00,2026-08-24T20:49:55.435+00:00,539,PRESERVED_SPECIMEN,PRESENT,12192507,6,7707728,220,949,6713,7326259,12192507,Alangium longiflorum var. hirsutum (Bloemb.) W.J.de Wilde & Duyfjes,Plantae,Tracheophyta,Cornales,Cornaceae,Alangium,VARIETY,ACCEPTED,NA,ASIA,NA,none,NA,2021,1,21,2021-01-21T00:00,21,21,NA,2026-01-25T18:17:20.613+00:00,2026-08-24T20:49:55.435+00:00,NA,http://creativecommons.org/licenses/by/4.0/legalcode,FALSE,K001871932,none,none,fa252605-26f6-426c-9892-94d071c2c77f,NA,FALSE,NA,"Yeoh, Y.S.; Neo, L.; Ganesan, S.K.",NA,NA,none,Magnoliopsida,SG,none,none,ASIA,Singapore,EUROPE,NA,K001871932,LN 2021-002,NA,NA,539,NA,Main Trail beside Visitor Centre,NA,NA,4607897501,NA,Herbarium,http://specimens.kew.org/herbarium/K001871932,NA,NA,K001871932,K,NA,NA,NA,NA,Alangium longiflorum var. hirsutum (Bloemb.) W.J.de Wilde & Duyfjes,NA,NA,NA,NA,NA,3701872,Alangium longiflorum,Alangium,longiflorum,NA,NA,NA,NA,NA,NA,NA,NA,NA,NA,NA,NA,NA,NA,Cornaceae,NA,NA,NA,NA,NA,NA,NA,NA,NA,NA,NA,NA,NA,hirsutum,NA,NA,NA,NA,NA,NA,NA,NA,NA,NA,NA,NA,NA,NA,NA,NA,NA,NA,NA,NA,NA,NA,NA,NA,NA,NA,NA,NA,https://d2jcv3kl45hlgi.cloudfront.net/3e1537f93ff08e0e55fcc033dd11490d.jpg,FALSE,ok
HERB_0195,sample_images/HERB_0195.jpg,2430565406,Shorea roxburghii G.Don,,b5cdf794-8fa4-4a85-8b26-755d087bf531,2cd829bb-b713-433d-99cf-64bef11e5b3e,17abcf75-2f1e-46dd-bf75-a5b21dd02655,86c2834b-fcd6-418d-9b32-aca45110a0fe,2cd829bb-b713-433d-99cf-64bef11e5b3e,FR,EML,2026-08-13T15:27:43.858+00:00,2026-08-24T16:46:24.783+00:00,606,PRESERVED_SPECIMEN,PRESENT,4097162,6,7707728,220,941,6645,7299077,12225557,Anthoshorea roxburghii (G.Don) P.S.Ashton & J.Heck.,Plantae,Tracheophyta,Malvales,Dipterocarpaceae,Anthoshorea,SPECIES,SYNONYM,NA,ASIA,stung trèng,none,NA,2019,2,7,2019-02-07,38,38,NA,2020-01-14T18:34:13.000+00:00,2026-08-24T16:46:24.783+00:00,NA,http://creativecommons.org/licenses/by/4.0/legalcode,FALSE,http://coldb.mnhn.fr/catalognumber/mnhn/p/p00915921,none,none,6a6ac6c5-1b8a-48db-91a2-f8661274ff80,bc3d39fd-a7d4-4763-b951-2bdeddd8a5d2,FALSE,NA,"Hul, S.|Eum, S.|Peou, Y.",Hul,hb,none,Magnoliopsida,KH,none,none,ASIA,Cambodia,EUROPE,NA,http://coldb.mnhn.fr/catalognumber/mnhn/p/p00915921,NA,NA,http://grbio.org/institution/museum-national-dhistoire-naturelle,654,NA,NA,7046,NA,2430565406,NA,P,http://coldb.mnhn.fr/catalognumber/mnhn/p/p00915921,NA,NA,P00915921,MNHN,NA,NA,NA,NA,Shorea roxburghii G.Don,NA,NA,NA,NA,NA,12225557,Anthoshorea roxburghii,Shorea,roxburghii,NA,NA,NA,NA,NA,NA,NA,NA,NA,NA,NA,NA,NA,NA,NA,NA,NA,NA,NA,NA,NA,NA,NA,NA,NA,NA,NA,NA,NA,NA,NA,NA,"""Arbre de 12-13 m. Feuilles oblongues ou elliptiques-oblongues.Inflorescences axillaires, en panicules ; boutons ovoïdes, aigus, pubescents ; fleurs blanches, étamines 15, à connectif filiforme, plus long que l'anthère""",Siem Pang,Prék Méas,NA,NA,NA,NA,NA,NA,NA,NA,NA,NA,NA,NA,NA,NA,NA,NA,NA,NA,NA,NA,NA,NA,https://mediaphoto.mnhn.fr/media/1579023253062MBE9pm81HDmYhgQE,TRUE,error
HERB_0196,sample_images/HERB_0196.jpg,4979413239,Cyrtandra dorytricha Hilliard & B.L.Burtt,cdc,bf2a4bf0-5f31-11de-b67e-b8a03c50a862,98e934b0-5f31-11de-b67e-b8a03c50a862,"8e30b684-6a54-4aba-aa73-66201c2c736e,17abcf75-2f1e-46dd-bf75-a5b21dd02655",f6fe707e-cced-4efc-b5dc-be4c91b8180a,98e934b0-5f31-11de-b67e-b8a03c50a862,GB,DWC_ARCHIVE,2026-08-13T16:38:58.088+00:00,2026-08-24T20:20:47.472+00:00,445,PRESERVED_SPECIMEN,PRESENT,5591910,6,7707728,220,408,6654,3172659,5591910,Cyrtandra dorytricha Hilliard & B.L.Burtt,Plantae,Tracheophyta,Lamiales,Gesneriaceae,Cyrtandra,SPECIES,ACCEPTED,NA,ASIA,Sarawak,NA,Malay Islands,2024,3,4,2024-03-04,64,64,NA,2026-02-02T14:04:44.000+00:00,2026-08-24T20:20:47.472+00:00,NA,http://creativecommons.org/publicdomain/zero/1.0/legalcode,FALSE,https://data.rbge.org.uk/herb/E01494479,none,none,0237598a-853a-492c-af74-a723fe251799,427c8cd7-4358-4a00-9ef3-2b2676d28d1e,FALSE,Edinburgh (E) Herbarium Specimens,"Barber, Sadie, Wilkie, Peter, Sundue, Michael, Chea Yiing, Ling, Jawa, Rantai & Angkabau, Johnny",NA,HERBARIUM SHEET|Silica-dried,none,Magnoliopsida,MY,none,none,ASIA,Malaysia,EUROPE,NA,https://data.rbge.org.uk/herb/E01494479,S.111208,"on riverbank - Sungai (River) Selaut; habitat ranges from semi-shade to full sun, steep slope, plant infrequent",https://scientific-collections.gbif.org/institution/0237598a-853a-492c-af74-a723fe251799,445,NA,"Road to Sang Anau village, on trail to Bukit Mabong waterfall (second waterfall, further from Tunoh)",NA,NA,4979413239,NA,E,https://data.rbge.org.uk/herb/E01494479,PhysicalObject,NA,E01494479,RBGE,NA,NA,NA,https://scientific-collections.gbif.org/collection/427c8cd7-4358-4a00-9ef3-2b2676d28d1e,Cyrtandra dorytricha Hilliard & B.L.Burtt,NA,NA,2.021668,113.740168,NA,5591910,Cyrtandra dorytricha,Cyrtandra,dorytricha,NA,NA,NA,WGS84,NA,ICBN,NA,NA,NA,NA,NA,NA,E,NA,NA,NA,NA,NA,NA,NA,NA,NA,NA,NA,NA,NA,NA,NA,NA,NA,NA,NA,NA,NA,NA,NA,4th March 2024,NA,NA,NA,NA,NA,NA,NA,NA,NA,NA,NA,CC0,Royal Botanic Garden Edinburgh,1572060,NA,NA,NA,NA,NA,NA,https://iiif.rbge.org.uk/herb/iiif/E01494479/manifest,FALSE,not_image
HERB_0197,sample_images/HERB_0197.jpg,4607896520,Congea tomentosa Roxb.,"incomis,inmafu",cd6e21c8-9e8a-493a-8a76-fbf7862069e5,061b4f20-f241-11da-a328-b8a03c50a862,17abcf75-2f1e-46dd-bf75-a5b21dd02655,996e30f8-f762-11e1-a439-00145eb45e9a,061b4f20-f241-11da-a328-b8a03c50a862,GB,DWC_ARCHIVE,2026-08-24T12:51:18.333+00:00,2026-08-24T20:50:54.680+00:00,539,PRESERVED_SPECIMEN,PRESENT,2925568,6,7707728,220,408,2497,2925567,2925568,Congea tomentosa Roxb.,Plantae,Tracheophyta,Lamiales,Lamiaceae,Congea,SPECIES,ACCEPTED,NA,ASIA,NA,none,NA,2020,12,29,2020-12-29T00:00,364,364,NA,2026-01-25T18:17:20.613+00:00,2026-08-24T20:50:54.680+00:00,NA,http://creativecommons.org/licenses/by/4.0/legalcode,FALSE,K001871920,none,none,fa252605-26f6-426c-9892-94d071c2c77f,NA,FALSE,NA,"Chen, L.M.J.; Yong, C.H.C.",NA,NA,none,Magnoliopsida,SG,none,none,ASIA,Singapore,EUROPE,NA,K001871920,LCMJ 2020-110,NA,NA,539,NA,abandoned Kampong next to the Mandai executive gold course,NA,NA,4607896520,NA,Herbarium,http://specimens.kew.org/herbarium/K001871920,NA,NA,K001871920,K,NA,NA,NA,NA,Congea tomentosa Roxb.,NA,NA,NA,NA,NA,2925568,Congea tomentosa,Congea,tomentosa,NA,NA,NA,NA,NA,NA,NA,NA,NA,NA,NA,NA,NA,NA,Lamiaceae,NA,NA,NA,NA,NA,NA,NA,NA,NA,NA,NA,NA,NA,NA,NA,NA,NA,NA,NA,NA,NA,NA,NA,NA,NA,NA,NA,NA,NA,NA,NA,NA,NA,NA,NA,NA,NA,NA,NA,NA,NA,NA,https://d2jcv3kl45hlgi.cloudfront.net/10d6071f0f34eab7f2319c6ec1d14e41.jpg,FALSE,ok
HERB_0198,sample_images/HERB_0198.jpg,6367095322,Alchornea tiliifolia (Benth.) Müll.Arg.,"cdc,cdround,gass84,incomis,inmafu",cd6e21c8-9e8a-493a-8a76-fbf7862069e5,061b4f20-f241-11da-a328-b8a03c50a862,17abcf75-2f1e-46dd-bf75-a5b21dd02655,996e30f8-f762-11e1-a439-00145eb45e9a,061b4f20-f241-11da-a328-b8a03c50a862,GB,DWC_ARCHIVE,2026-08-24T12:51:18.333+00:00,2026-08-24T20:52:05.358+00:00,539,PRESERVED_SPECIMEN,PRESENT,3055471,6,7707728,220,1414,4691,3055345,3055471,Alchornea tiliifolia (Benth.) Müll.Arg.,Plantae,Tracheophyta,Malpighiales,Euphorbiaceae,Alchornea,SPECIES,ACCEPTED,NA,ASIA,NA,NA,NA,2023,9,1,2023-09-01T00:00,244,244,NA,2026-06-03T12:08:57.863+00:00,2026-08-24T20:52:05.358+00:00,NA,http://creativecommons.org/licenses/by/4.0/legalcode,FALSE,K001993267,none,none,fa252605-26f6-426c-9892-94d071c2c77f,NA,FALSE,NA,"Yooprasert, S.; Tamura, M. N.; Fuse, S.; Takahashi, K.; Masuda, R.; Taothong, P.; Saengbuapuean, A.",NA,NA,none,Magnoliopsida,TH,none,none,ASIA,Thailand,EUROPE,NA,K001993267,SY 554,NA,NA,539,NA,"Phu Ruea NP, Nature trail.",NA,NA,6367095322,NA,Herbarium,http://specimens.kew.org/herbarium/K001993267,NA,NA,K001993267,K,NA,NA,NA,NA,Alchornea tiliifolia (Benth.) Müll.Arg.,NA,NA,17.487778,101.349167,NA,3055471,Alchornea tiliifolia,Alchornea,tiliifolia,NA,NA,NA,WGS84,NA,NA,NA,NA,NA,NA,NA,NA,NA,NA,Euphorbiaceae,NA,LC,NA,NA,1030,NA,NA,NA,NA,NA,NA,NA,NA,NA,NA,NA,NA,NA,NA,NA,NA,NA,NA,NA,NA,NA,NA,NA,NA,NA,NA,NA,NA,NA,NA,NA,NA,NA,NA,NA,NA,NA,https://d2jcv3kl45hlgi.cloudfront.net/ff500ef3aaf0573861eebda3596e3642.jpg,FALSE,ok
HERB_0199,sample_images/HERB_0199.jpg,6196923973,Markhamia stipulata (Wall.) Seem.,"colmafu,inmafu",1cbed1d0-f9ac-4b9e-bf3f-a26272bca39e,4fd82480-ea1c-11da-8db4-b8a03c50a862,NA,82d6992a-b20b-4e74-b6ac-6b971b2c485d,4fd82480-ea1c-11da-8db4-b8a03c50a862,JP,EML,2026-07-10T16:35:10.312+00:00,2026-07-18T17:50:38.270+00:00,222,PRESERVED_SPECIMEN,PRESENT,7541760,6,7707728,220,408,6655,7388505,7298701,Markhamia stipulata (Wall.) Seem. ex K.Schum.,Plantae,Tracheophyta,Lamiales,Bignoniaceae,Markhamia,SPECIES,SYNONYM,NA,ASIA,Kien Giang,NA,Asia|Vietnam|Kien Giang|Kien Luong Dist.|Binh An,2024,5,25,2024-05-25,146,146,NA,2025-10-16T00:00:00.000+00:00,2026-07-18T17:50:38.270+00:00,https://www.museum.kagoshima-u.ac.jp/hyouhonsitu.html,http://creativecommons.org/licenses/by/4.0/legalcode,FALSE,7ff0acc8-4b33-432d-addb-444ff5b12cc7,none,none,7b6590f0-c03f-409b-ae28-f443c1166d23,e9e6df05-e289-4a64-8ace-a4d5dbd168e4,FALSE,NA,NA,NA,NA,none,Magnoliopsida,VN,none,none,ASIA,Viet Nam,ASIA,NA,7ff0acc8-4b33-432d-addb-444ff5b12cc7,N556,NA,NA,232,NA,Binh An,NA,"Vietnam, Kien Giang, Kien Luong Dist., Binh An",6196923973,NA,KAG,7ff0acc8-4b33-432d-addb-444ff5b12cc7,NA,NA,KAG188659,KAG,NA,NA,NA,NA,Markhamia stipulata (Wall.) Seem.,NA,NA,10.15577,104.60976,NA,7298701,Markhamia stipulata,Markhamia,stipulata,NA,NA,NA,WGS84,NA,NA,NA,NA,obtained using GPS machine,NA,NA,NA,NA,NA,Plantae|Tracheophyta|Magnoliopsida|Lamiales|Bignoniaceae|Markhamia|stipulata,NA,NA,NA,NA,40,NA,NA,NA,NA,NA,NA,NA,NA,NA,NA,NA,NA,NA,Kien Luong Dist.,NA,NA,NA,NA,NA,NA,NA,NA,NA,NA,NA,NA,500,NA,NA,NA,NA,NA,NA,NA,NA,NA,NA,https://dbs.kaum.kagoshima-u.ac.jp/musedb/s_plant/picture/KAG188659/KAG188659.jpg,FALSE,ok
HERB_0200,sample_images/HERB_0200.jpg,3461969309,Artabotrys hexapetalus (L.f.) Bhandari,,b5cdf794-8fa4-4a85-8b26-755d087bf531,2cd829bb-b713-433d-99cf-64bef11e5b3e,17abcf75-2f1e-46dd-bf75-a5b21dd02655,86c2834b-fcd6-418d-9b32-aca45110a0fe,2cd829bb-b713-433d-99cf-64bef11e5b3e,FR,EML,2026-08-13T15:27:43.858+00:00,2026-08-24T16:45:43.777+00:00,606,PRESERVED_SPECIMEN,PRESENT,3154909,6,7707728,220,718,9291,3154870,3154909,Artabotrys hexapetalus (L.f.) Bhandari,Plantae,Tracheophyta,Magnoliales,Annonaceae,Artabotrys,SPECIES,ACCEPTED,NA,ASIA,siem réap,none,NA,2021,1,8,2021-01-08,8,8,NA,2022-04-01T08:37:19.000+00:00,2026-08-24T16:45:43.777+00:00,NA,http://creativecommons.org/licenses/by/4.0/legalcode,FALSE,http://coldb.mnhn.fr/catalognumber/mnhn/p/p01190820,none,none,6a6ac6c5-1b8a-48db-91a2-f8661274ff80,bc3d39fd-a7d4-4763-b951-2bdeddd8a5d2,FALSE,NA,"Hul, S.|Peou, Y.|Ratanak, V.",Hul,hb,none,Magnoliopsida,KH,none,none,ASIA,Cambodia,EUROPE,NA,http://coldb.mnhn.fr/catalognumber/mnhn/p/p01190820,NA,NA,http://grbio.org/institution/museum-national-dhistoire-naturelle,654,NA,NA,7211,Sangkat Slorkram,3461969309,NA,P,http://coldb.mnhn.fr/catalognumber/mnhn/p/p01190820,NA,NA,P01190820,MNHN,NA,NA,NA,NA,Artabotrys hexapetalus (L.f.) Bhandari,NA,NA,NA,NA,NA,3154909,Artabotrys hexapetalus,Artabotrys,hexapetalus,NA,NA,NA,NA,NA,NA,NA,NA,NA,NA,NA,NA,NA,NA,NA,NA,NA,NA,NA,NA,NA,NA,NA,NA,NA,NA,NA,NA,NA,NA,NA,NA,"Arbrisseau ou arbuste grimpant, sarmenteux. Feuilles elliptiques, ovales ou obovales. Fleurs odrantes, à préfloraison valvaire. Pédicelle en forme de crochet",Phum Daun Pa,NA,NA,NA,NA,NA,NA,NA,NA,NA,NA,NA,NA,NA,NA,NA,NA,NA,NA,NA,NA,NA,NA,NA,https://mediaphoto.mnhn.fr/media/1648795038391L95VplDvIsVmobnH,FALSE,error
HERB_0201,sample_images/HERB_0201.jpg,2430565489,Helicteres hirsuta Lour.,,b5cdf794-8fa4-4a85-8b26-755d087bf531,2cd829bb-b713-433d-99cf-64bef11e5b3e,17abcf75-2f1e-46dd-bf75-a5b21dd02655,86c2834b-fcd6-418d-9b32-aca45110a0fe,2cd829bb-b713-433d-99cf-64bef11e5b3e,FR,EML,2026-08-13T15:27:43.858+00:00,2026-08-24T16:45:41.864+00:00,606,PRESERVED_SPECIMEN,PRESENT,8217389,6,7707728,220,941,6685,3152154,8217389,Helicteres hirsuta Lour.,Plantae,Tracheophyta,Malvales,Malvaceae,Helicteres,SPECIES,ACCEPTED,NA,ASIA,mondulkiri,none,NA,2019,2,1,2019-02-01,32,32,NA,2020-01-14T18:34:02.000+00:00,2026-08-24T16:45:41.864+00:00,NA,http://creativecommons.org/licenses/by/4.0/legalcode,FALSE,http://coldb.mnhn.fr/catalognumber/mnhn/p/p00915879,none,none,6a6ac6c5-1b8a-48db-91a2-f8661274ff80,bc3d39fd-a7d4-4763-b951-2bdeddd8a5d2,FALSE,NA,"Hul, S.|Eum, S.|Peou, Y.",Hul,hb,none,Magnoliopsida,KH,none,none,ASIA,Cambodia,EUROPE,NA,http://coldb.mnhn.fr/catalognumber/mnhn/p/p00915879,NA,NA,http://grbio.org/institution/museum-national-dhistoire-naturelle,654,NA,NA,7005,NA,2430565489,NA,P,http://coldb.mnhn.fr/catalognumber/mnhn/p/p00915879,NA,NA,P00915879,MNHN,NA,NA,NA,NA,Helicteres hirsuta Lour.,NA,NA,NA,NA,NA,8217389,Helicteres hirsuta,Helicteres,hirsuta,NA,NA,NA,NA,NA,NA,NA,NA,NA,NA,NA,NA,NA,NA,NA,NA,NA,NA,NA,NA,NA,NA,NA,NA,NA,NA,NA,NA,NA,NA,NA,NA,"Arbuste de 3 m de haut. Feuilles ovales-elliptiques, plus ou moins caudées au sommet, à marge denticulée. Fruit long d'env. 4 cm",kéo Seima,NA,NA,NA,NA,NA,NA,NA,NA,NA,NA,NA,NA,NA,NA,NA,NA,NA,NA,NA,NA,NA,NA,NA,https://mediaphoto.mnhn.fr/media/1579023242011CdzrFkrYRvgXgPnh,FALSE,error
HERB_0202,sample_images/HERB_0202.jpg,4601916978,Metrosideros collina (Forst.) A.Gray,"cdc,cdround,gass84,incomis,inmafu",cd6e21c8-9e8a-493a-8a76-fbf7862069e5,061b4f20-f241-11da-a328-b8a03c50a862,17abcf75-2f1e-46dd-bf75-a5b21dd02655,996e30f8-f762-11e1-a439-00145eb45e9a,061b4f20-f241-11da-a328-b8a03c50a862,GB,DWC_ARCHIVE,2026-08-24T12:51:18.333+00:00,2026-08-24T20:50:50.562+00:00,539,PRESERVED_SPECIMEN,PRESENT,3185262,6,7707728,220,690,5014,3185258,3185262,Metrosideros collina (Forst.) A.Gray,Plantae,Tracheophyta,Myrtales,Myrtaceae,Metrosideros,SPECIES,ACCEPTED,NA,OCEANIA,NA,NA,Kab. Maybrat,2019,3,1,2019-03-01T00:00,60,60,NA,2026-01-25T18:17:20.613+00:00,2026-08-24T20:50:50.562+00:00,NA,http://creativecommons.org/licenses/by/4.0/legalcode,FALSE,K001905767,none,none,fa252605-26f6-426c-9892-94d071c2c77f,NA,FALSE,NA,"Lucas, E.J.; Low, Y.W.; Wanma, J.F.; Wader, J.H.; Wambrauw, K.; Nassa, K.; Wuesan, F.F.; Susim, B.",NA,NA,none,Magnoliopsida,ID,none,none,ASIA,Indonesia,EUROPE,NA,K001905767,EL 1254,NA,NA,539,NA,NA,NA,NA,4601916978,NA,Herbarium,http://specimens.kew.org/herbarium/K001905767,NA,NA,K001905767,K,NA,NA,NA,NA,Metrosideros collina (Forst.) A.Gray,NA,NA,-1.250833,132.164444,NA,3185262,Metrosideros collina,Metrosideros,collina,NA,NA,NA,WGS84,NA,NA,NA,NA,NA,NA,NA,NA,NA,NA,Myrtaceae,NA,LC,NA,NA,NA,NA,NA,NA,NA,NA,NA,NA,Kab. Maybrat,NA,1,NA,NA,NA,NA,NA,NA,NA,NA,NA,NA,NA,NA,NA,NA,NA,NA,NA,NA,NA,NA,NA,NA,NA,NA,NA,NA,NA,https://d2jcv3kl45hlgi.cloudfront.net/a6bef903db2ef2aa444236ed86144983.jpg,FALSE,ok
HERB_0203,sample_images/HERB_0203.jpg,5130191500,"Uvaria clementis (Merr.) Attanayake, I.M.Turner & R.M.K.Saunde","incomis,inmafu",cd6e21c8-9e8a-493a-8a76-fbf7862069e5,061b4f20-f241-11da-a328-b8a03c50a862,17abcf75-2f1e-46dd-bf75-a5b21dd02655,996e30f8-f762-11e1-a439-00145eb45e9a,061b4f20-f241-11da-a328-b8a03c50a862,GB,DWC_ARCHIVE,2026-08-24T12:51:18.333+00:00,2026-08-24T20:51:56.975+00:00,539,PRESERVED_SPECIMEN,PRESENT,6308629,6,7707728,220,718,9291,3154216,6308629,"Uvaria clementis (Merr.) Attanayake, I.M.Turner & R.M.K.Saunde",Plantae,Tracheophyta,Magnoliales,Annonaceae,Uvaria,SPECIES,ACCEPTED,NA,ASIA,NA,none,NA,2020,2,21,2020-02-21T00:00,52,52,NA,2025-11-10T06:53:41.367+00:00,2026-08-24T20:51:56.975+00:00,NA,http://creativecommons.org/licenses/by/4.0/legalcode,FALSE,K003528196,none,none,fa252605-26f6-426c-9892-94d071c2c77f,NA,FALSE,NA,"Lau, J.",NA,NA,none,Magnoliopsida,SG,none,none,ASIA,Singapore,EUROPE,NA,K003528196,SING2020-165,NA,NA,539,NA,"SBG, SBG rainforest",NA,NA,5130191500,NA,Herbarium,http://specimens.kew.org/herbarium/K003528196,NA,NA,K003528196,K,NA,NA,NA,NA,"Uvaria clementis (Merr.) Attanayake, I.M.Turner & R.M.K.Saunde",NA,NA,NA,NA,NA,6308629,Uvaria clementis,Uvaria,clementis,NA,NA,NA,NA,NA,NA,NA,NA,NA,NA,NA,NA,NA,NA,Annonaceae,NA,NA,NA,NA,NA,NA,NA,NA,NA,NA,NA,NA,NA,NA,NA,NA,NA,NA,NA,NA,NA,NA,NA,NA,NA,NA,NA,NA,NA,NA,NA,NA,NA,NA,NA,NA,NA,NA,NA,NA,NA,NA,https://d2jcv3kl45hlgi.cloudfront.net/88629e3c41364f65d2210730e3cdf457.jpg,FALSE,ok
HERB_0204,sample_images/HERB_0204.jpg,2514978032,Harpullia arborea (Blanco) Radlk.,,15f819bd-6612-4447-854b-14d12ee1022d,396d5f30-dea9-11db-8ab4-b8a03c50a862,17abcf75-2f1e-46dd-bf75-a5b21dd02655,65eb93af-41b8-4917-a5fc-cfe2a45aa4bf,396d5f30-dea9-11db-8ab4-b8a03c50a862,NL,DWC_ARCHIVE,2026-06-29T11:53:09.940+00:00,2026-08-24T20:54:17.136+00:00,286,PRESERVED_SPECIMEN,PRESENT,3190016,6,7707728,220,933,6657,3190015,3190016,Harpullia arborea (Blanco) Radlk.,Plantae,Tracheophyta,Sapindales,Sapindaceae,Harpullia,SPECIES,ACCEPTED,NA,ASIA,Dili,NA,NA,2015,5,17,2015-05-17,137,137,NA,NA,2026-08-24T20:54:17.136+00:00,NA,http://creativecommons.org/publicdomain/zero/1.0/legalcode,FALSE,L.3978170@BRAHMS,none,none,0e919a55-08d3-4bd2-aec1-200858fafd92,0add23db-a8f7-4d15-95ad-4ed0c5c8a055,TRUE,NA,Cowie ID; Santana F,NA,NA,none,Magnoliopsida,TL,none,none,ASIA,Timor-Leste,EUROPE,Naturalis Biodiversity Center,L.3978170@BRAHMS,"Cowie, ID; Santana, F 14047",In semideciduous or monsoon forest; upper hillside; limestone rubble.,https://ror.org/0566bfb96,286,NA,C. 2.5 km SE Adara at Daduk Naha.,NA,NA,2514978032,NA,Botany,https://data.biodiversitydata.nl/naturalis/specimen/L.3978170,NA,NA,L.3978170,NA,NA,NA,530.0 m,NA,Harpullia arborea (Blanco) Radlk.,NA,NA,-8.20917,125.58194,NA,3190016,Harpullia arborea,Harpullia,arborea,NA,NA,NA,WGS84,NA,ICN,NA,NA,NA,NA,NA,NA,NA,NA,Plantae|Sapindales|Sapindaceae,NA,LC,NA,NA,NA,NA,NA,NA,NA,NA,NA,NA,NA,NA,NA,true,NA,NA,NA,NA,NA,NA,NA,NA,NA,NA,NA,NA,NA,NA,NA,NA,NA,NA,NA,NA,NA,NA,NA,NA,NA,NA,https://medialib.naturalis.nl/file/id/L.3978170/format/large,FALSE,ok
HERB_0205,sample_images/HERB_0205.jpg,6196926495,Gmelina asiatica L.,"colmafu,inmafu",1cbed1d0-f9ac-4b9e-bf3f-a26272bca39e,4fd82480-ea1c-11da-8db4-b8a03c50a862,NA,82d6992a-b20b-4e74-b6ac-6b971b2c485d,4fd82480-ea1c-11da-8db4-b8a03c50a862,JP,EML,2026-07-10T16:35:10.312+00:00,2026-07-18T17:50:21.810+00:00,222,PRESERVED_SPECIMEN,PRESENT,5341168,6,7707728,220,408,2497,2925650,5341168,Gmelina asiatica L.,Plantae,Tracheophyta,Lamiales,Lamiaceae,Gmelina,SPECIES,ACCEPTED,NA,ASIA,Kien Giang,NA,Asia|Vietnam|Kien Giang|Kien Luong Dist.|Binh An,2024,5,25,2024-05-25,146,146,NA,2025-10-16T00:00:00.000+00:00,2026-07-18T17:50:21.810+00:00,https://www.museum.kagoshima-u.ac.jp/hyouhonsitu.html,http://creativecommons.org/licenses/by/4.0/legalcode,FALSE,a579326d-727f-44c6-9cf0-ee83b010bfd8,none,none,7b6590f0-c03f-409b-ae28-f443c1166d23,e9e6df05-e289-4a64-8ace-a4d5dbd168e4,FALSE,NA,NA,NA,NA,none,Magnoliopsida,VN,none,none,ASIA,Viet Nam,ASIA,NA,a579326d-727f-44c6-9cf0-ee83b010bfd8,N558,NA,NA,232,NA,Binh An,NA,"Vietnam, Kien Giang, Kien Luong Dist., Binh An",6196926495,NA,KAG,a579326d-727f-44c6-9cf0-ee83b010bfd8,NA,NA,KAG188661,KAG,NA,NA,NA,NA,Gmelina asiatica L.,NA,NA,10.15577,104.60976,NA,5341168,Gmelina asiatica,Gmelina,asiatica,NA,NA,NA,WGS84,NA,NA,NA,NA,obtained using GPS machine,NA,NA,NA,NA,NA,Plantae|Tracheophyta|Magnoliopsida|Lamiales|Lamiaceae|Gmelina|asiatica,NA,LC,NA,NA,40,NA,NA,NA,NA,NA,NA,NA,NA,NA,NA,NA,NA,NA,Kien Luong Dist.,NA,NA,NA,NA,NA,NA,NA,NA,NA,NA,NA,NA,500,NA,NA,NA,NA,NA,NA,NA,NA,NA,NA,https://dbs.kaum.kagoshima-u.ac.jp/musedb/s_plant/picture/KAG188661/KAG188661.jpg,FALSE,ok
HERB_0206,sample_images/HERB_0206.jpg,4866496790,Hiptage calcicola Sirirugsa,"cdc,cdround,gass84,incomis,inmafu",cd6e21c8-9e8a-493a-8a76-fbf7862069e5,061b4f20-f241-11da-a328-b8a03c50a862,17abcf75-2f1e-46dd-bf75-a5b21dd02655,996e30f8-f762-11e1-a439-00145eb45e9a,061b4f20-f241-11da-a328-b8a03c50a862,GB,DWC_ARCHIVE,2026-08-24T12:51:18.333+00:00,2026-08-24T20:50:56.953+00:00,539,PRESERVED_SPECIMEN,PRESENT,3985689,6,7707728,220,1414,6676,3000872,3985689,Hiptage calcicola Sirirugsa,Plantae,Tracheophyta,Malpighiales,Malpighiaceae,Hiptage,SPECIES,ACCEPTED,NA,ASIA,NA,NA,Kaeng Krachan,2022,1,16,2022-01-16T00:00,16,16,NA,2026-07-21T11:56:09.480+00:00,2026-08-24T20:50:56.953+00:00,NA,http://creativecommons.org/licenses/by/4.0/legalcode,FALSE,K001930456,none,none,fa252605-26f6-426c-9892-94d071c2c77f,NA,FALSE,NA,"Pooma, R.; Karaket, P.; Pattharahirantricin, N.; Poopath, M.",NA,NA,none,Magnoliopsida,TH,none,none,ASIA,Thailand,EUROPE,NA,K001930456,8062,NA,NA,539,NA,Summit of Khao Praka-rang,NA,NA,4866496790,NA,Herbarium,http://specimens.kew.org/herbarium/K001930456,NA,NA,K001930456,K,NA,NA,NA,NA,Hiptage calcicola Sirirugsa,NA,NA,12.779167,99.4725,NA,3985689,Hiptage calcicola,Hiptage,calcicola,NA,NA,NA,WGS84,NA,NA,NA,NA,NA,NA,NA,NA,NA,NA,Malpighiaceae,NA,NA,NA,NA,400,NA,NA,NA,NA,NA,NA,NA,Kaeng Krachan,NA,NA,NA,NA,NA,NA,NA,NA,16 January 2022,NA,NA,NA,NA,NA,NA,NA,NA,NA,NA,NA,NA,NA,NA,NA,NA,NA,NA,NA,NA,https://d2jcv3kl45hlgi.cloudfront.net/55f8a4c09b40e0ebb2a4b40b0cb83ea4.jpg,FALSE,ok
HERB_0207,sample_images/HERB_0207.jpg,5895917427,Begonia baviensis Gagnep.,"cdc,cdround,colmafu,inmafu",902c8fe7-8f38-45b0-854e-c324fed36303,f5fc4e61-b7a0-414b-ab68-b41cb23e7fdc,NA,91d2f516-bdfa-458f-bad1-66717101b49f,f5fc4e61-b7a0-414b-ab68-b41cb23e7fdc,RU,EML,2026-08-21T18:06:57.852+00:00,2026-08-21T18:14:20.548+00:00,610,PRESERVED_SPECIMEN,PRESENT,4158099,6,7707728,220,7224005,6638,2874710,4158099,Begonia baviensis Gagnep.,Plantae,Tracheophyta,Cucurbitales,Begoniaceae,Begonia,SPECIES,ACCEPTED,NA,ASIA,NA,NA,South Asia|South Asia (Asia outside ex-Soviet states and Mongolia)|Vietnam,2024,3,18,2024-03-18,78,78,NA,2025-12-18T11:15:51.000+00:00,2026-08-21T18:14:20.548+00:00,https://plant.depo.msu.ru/open/public/item/MW1048828,http://creativecommons.org/licenses/by/4.0/legalcode,FALSE,MW1048828,none,none,df27e63f-82b2-464e-9286-a96163c961c9,acf523b0-8c81-4813-a85d-2361a8b487d4,FALSE,Moscow Digital Herbarium,Nguyen H.C.,NA,herbarium specimen,none,Magnoliopsida,VN,none,none,ASIA,Viet Nam,EUROPE,Moscow State University,MW1048828,NA,NA,http://grbio.org/institution/moscow-state-university,610,NA,NA,NA,NA,5895917427,en | ru,MW,MW1048828,Physical Object,in collection,MW1048828,Moscow State University,NA,use under CC-BY 4.0,NA,urn:lsid:biocol.org:col:15550,Begonia baviensis Gagnep.,NA,NA,21.757778,104.573889,https://rscf.ru/en/project/21-77-20042/,4158099,Begonia baviensis,Begonia,baviensis,Kollektor,urn:lsid:biocol.org:col:15550:01,common practice of herbarium collecting,WGS84,Begonia baviensis Gagnep.,"International Code of Nomenclature for algae, fungi, and plants",manual verification,WGS84,no label data,MW1048828,73488654,125224714,MSU,"Seregin A. P. (Ed.). 2026. Specimen MW1048828 from the collection ""Moscow University Herbarium"" // Depository of Live Systems (branch ""Plants""): Electronic resource. – Moscow State University, Moscow. – Available at: https://plant.depo.mitotech.ru/open/public/item/MW1048828 (indicate access date).",Plantae | Tracheophyta | Magnoliopsida | Cucurbitales | Begoniaceae | Begonia,Begonia,NA,NA,NA,NA,NA,NA,NA,NA,NA,NA,NA,NA,NA,NA,NA,NA,NA,NA,NA,NA,NA,NA,NA,NA,NA,NA,NA,NA,NA,NA,NA,NA,NA,NA,NA,NA,NA,NA,NA,NA,NA,https://plant.depo.msu.ru/open/public/item/MW1048828/img/0.jpg?gbif,FALSE,ok
HERB_0208,sample_images/HERB_0208.jpg,2430565394,Schefflera pauciflora R.Vig.,,b5cdf794-8fa4-4a85-8b26-755d087bf531,2cd829bb-b713-433d-99cf-64bef11e5b3e,17abcf75-2f1e-46dd-bf75-a5b21dd02655,86c2834b-fcd6-418d-9b32-aca45110a0fe,2cd829bb-b713-433d-99cf-64bef11e5b3e,FR,EML,2026-08-13T15:27:43.858+00:00,2026-08-24T16:47:14.154+00:00,606,PRESERVED_SPECIMEN,PRESENT,3038657,6,7707728,220,1351,8800,7314503,11022070,Heptapleurum pauciflorum (R.Vig.) Y.F.Deng,Plantae,Tracheophyta,Apiales,Araliaceae,Heptapleurum,SPECIES,SYNONYM,NA,ASIA,mondulkiri,none,NA,2019,2,2,2019-02-02,33,33,NA,2020-01-14T18:34:05.000+00:00,2026-08-24T16:47:14.154+00:00,NA,http://creativecommons.org/licenses/by/4.0/legalcode,FALSE,http://coldb.mnhn.fr/catalognumber/mnhn/p/p00915896,none,none,6a6ac6c5-1b8a-48db-91a2-f8661274ff80,bc3d39fd-a7d4-4763-b951-2bdeddd8a5d2,FALSE,NA,"Hul, S.|Eum, S.|Peou, Y.",Hul,hb,none,Magnoliopsida,KH,none,none,ASIA,Cambodia,EUROPE,NA,http://coldb.mnhn.fr/catalognumber/mnhn/p/p00915896,NA,NA,http://grbio.org/institution/museum-national-dhistoire-naturelle,654,NA,NA,7022,NA,2430565394,NA,P,http://coldb.mnhn.fr/catalognumber/mnhn/p/p00915896,NA,NA,P00915896,MNHN,NA,NA,NA,NA,Schefflera pauciflora R.Vig.,NA,NA,NA,NA,NA,11022070,Heptapleurum pauciflorum,Schefflera,pauciflora,NA,NA,NA,NA,NA,NA,NA,NA,NA,NA,NA,NA,NA,NA,NA,NA,NA,NA,NA,NA,NA,NA,NA,NA,NA,NA,NA,NA,NA,NA,NA,NA,"""Arbre de 10-15 m. Feuilles composées-palmées; folioles 4-6, ovales, ovales-elliptiques ou obovales, acuminées au sommet ; pétiole long de 9-14 cm, pétiolule long de 1,5-5 cm.""",Pich chréada,Bou sra,NA,NA,NA,NA,NA,NA,NA,NA,NA,NA,NA,NA,NA,NA,NA,NA,NA,NA,NA,NA,NA,NA,https://mediaphoto.mnhn.fr/media/1579023245600NLSyJQR7FefDkAMY,FALSE,error
HERB_0209,sample_images/HERB_0209.jpg,2430565434,Clerodendrum cochinchinense Dop,,b5cdf794-8fa4-4a85-8b26-755d087bf531,2cd829bb-b713-433d-99cf-64bef11e5b3e,17abcf75-2f1e-46dd-bf75-a5b21dd02655,86c2834b-fcd6-418d-9b32-aca45110a0fe,2cd829bb-b713-433d-99cf-64bef11e5b3e,FR,EML,2026-08-13T15:27:43.858+00:00,2026-08-24T16:46:32.835+00:00,606,PRESERVED_SPECIMEN,PRESENT,3894365,6,7707728,220,408,2497,2925347,3894365,Clerodendrum cochinchinense Dop,Plantae,Tracheophyta,Lamiales,Lamiaceae,Clerodendrum,SPECIES,ACCEPTED,NA,ASIA,mondulkiri,none,NA,2019,2,1,2019-02-01,32,32,NA,2020-01-14T18:34:04.000+00:00,2026-08-24T16:46:32.835+00:00,NA,http://creativecommons.org/licenses/by/4.0/legalcode,FALSE,http://coldb.mnhn.fr/catalognumber/mnhn/p/p00915890,none,none,6a6ac6c5-1b8a-48db-91a2-f8661274ff80,bc3d39fd-a7d4-4763-b951-2bdeddd8a5d2,FALSE,NA,"Hul, S.|Eum, S.|Peou, Y.",Hul,hb,none,Magnoliopsida,KH,none,none,ASIA,Cambodia,EUROPE,NA,http://coldb.mnhn.fr/catalognumber/mnhn/p/p00915890,NA,NA,http://grbio.org/institution/museum-national-dhistoire-naturelle,654,NA,NA,7014,NA,2430565434,NA,P,http://coldb.mnhn.fr/catalognumber/mnhn/p/p00915890,NA,NA,P00915890,MNHN,NA,NA,NA,NA,Clerodendrum cochinchinense Dop,NA,NA,NA,NA,NA,3894365,Clerodendrum cochinchinense,Clerodendrum,cochinchinense,NA,NA,NA,NA,NA,NA,NA,NA,NA,NA,NA,NA,NA,NA,NA,NA,NA,NA,NA,NA,NA,NA,NA,NA,NA,NA,NA,NA,NA,NA,NA,NA,"""Arbrisseau de 1,5-2 m de haut. Feuilles ovales-elliptiques ou elliptiques-oblongues, plus ou moins tronquées à la base, longuement acuminées ou caudées au sommet. Inflorescences en panicules terminales ; fleurs sans bractées ; calice rose ou rouge ; corolle blanche. Baies noires""",kéo Seima,NA,NA,NA,NA,NA,NA,NA,NA,NA,NA,NA,NA,NA,NA,NA,NA,NA,NA,NA,NA,NA,NA,NA,https://mediaphoto.mnhn.fr/media/1579023244116B3GgtXyVWLtREtvX,TRUE,error
HERB_0210,sample_images/HERB_0210.jpg,5106374631,Justicia andrographioides C.B.Clarke,,bf2a4bf0-5f31-11de-b67e-b8a03c50a862,98e934b0-5f31-11de-b67e-b8a03c50a862,"8e30b684-6a54-4aba-aa73-66201c2c736e,17abcf75-2f1e-46dd-bf75-a5b21dd02655",f6fe707e-cced-4efc-b5dc-be4c91b8180a,98e934b0-5f31-11de-b67e-b8a03c50a862,GB,DWC_ARCHIVE,2026-08-13T16:38:58.088+00:00,2026-08-24T20:20:17.495+00:00,445,PRESERVED_SPECIMEN,PRESENT,3772743,6,7707728,220,408,2393,2904597,3772743,Justicia andrographioides C.B.Clarke,Plantae,Tracheophyta,Lamiales,Acanthaceae,Justicia,SPECIES,ACCEPTED,NA,ASIA,Sagaing,none,Myanmar (Burma),2019,3,18,2019-03-18,77,77,NA,2025-04-22T13:01:41.000+00:00,2026-08-24T20:20:17.495+00:00,NA,http://creativecommons.org/publicdomain/zero/1.0/legalcode,FALSE,https://data.rbge.org.uk/herb/E01542004,none,none,0237598a-853a-492c-af74-a723fe251799,427c8cd7-4358-4a00-9ef3-2b2676d28d1e,FALSE,Edinburgh (E) Herbarium Specimens,"Armstrong, Kathleen Ellen, Nwe, Thet Yu, Kramer, Marshall, Linn, Wah Wah, Khaing, Myo, Myint, Thar, Pyae, Phoe La, Kyi, Aung, Nyo, Kyi, Myint, Han Sein, Nge, Maung & Oo, Myint",NA,HERBARIUM SHEET,none,Magnoliopsida,MM,none,none,ASIA,Myanmar,EUROPE,NA,https://data.rbge.org.uk/herb/E01542004,4498,Growing in primary forest.,https://scientific-collections.gbif.org/institution/0237598a-853a-492c-af74-a723fe251799,445,NA,"Htamanthi Wildlife Sanctuary. Nam Phi Lin stream, downstream from camp 1",NA,NA,5106374631,NA,E,https://data.rbge.org.uk/herb/E01542004,PhysicalObject,NA,E01542004,RBGE,NA,NA,NA,https://scientific-collections.gbif.org/collection/427c8cd7-4358-4a00-9ef3-2b2676d28d1e,Justicia andrographioides C.B.Clarke,NA,NA,NA,NA,NA,3772743,Justicia andrographioides,Justicia,andrographioides,NA,NA,NA,NA,NA,ICBN,NA,NA,NA,NA,NA,NA,E,NA,NA,NA,NA,NA,NA,NA,NA,NA,NA,NA,NA,NA,NA,NA,NA,NA,NA,NA,NA,Hkamti,NA,NA,18th March 2019,NA,NA,NA,NA,NA,NA,NA,NA,NA,NA,NA,CC0,Royal Botanic Garden Edinburgh,1734021,NA,NA,NA,NA,NA,NA,https://iiif.rbge.org.uk/herb/iiif/E01542004/manifest,FALSE,not_image
HERB_0211,sample_images/HERB_0211.jpg,2515067664,Phaseolus lunatus L.,,15f819bd-6612-4447-854b-14d12ee1022d,396d5f30-dea9-11db-8ab4-b8a03c50a862,17abcf75-2f1e-46dd-bf75-a5b21dd02655,65eb93af-41b8-4917-a5fc-cfe2a45aa4bf,396d5f30-dea9-11db-8ab4-b8a03c50a862,NL,DWC_ARCHIVE,2026-06-29T11:53:09.940+00:00,2026-08-24T20:54:18.822+00:00,286,PRESERVED_SPECIMEN,PRESENT,5350438,6,7707728,220,1370,5386,2947798,5350438,Phaseolus lunatus L.,Plantae,Tracheophyta,Fabales,Fabaceae,Phaseolus,SPECIES,ACCEPTED,NA,ASIA,Dili,NA,NA,2015,5,13,2015-05-13,133,133,NA,NA,2026-08-24T20:54:18.822+00:00,NA,http://creativecommons.org/publicdomain/zero/1.0/legalcode,FALSE,L.3978176@BRAHMS,none,none,0e919a55-08d3-4bd2-aec1-200858fafd92,0add23db-a8f7-4d15-95ad-4ed0c5c8a055,TRUE,NA,Cowie ID; Santana F,NA,NA,none,Magnoliopsida,TL,none,none,ASIA,Timor-Leste,EUROPE,Naturalis Biodiversity Center,L.3978176@BRAHMS,"Cowie, ID; Santana, F 13823",In remnant forest and mixed species garden.,https://ror.org/0566bfb96,286,NA,SE side of Mt Manucoco ridge.,NA,NA,2515067664,NA,Botany,https://data.biodiversitydata.nl/naturalis/specimen/L.3978176,NA,NA,L.3978176,NA,NA,NA,500.0 m,NA,Phaseolus lunatus L.,NA,NA,-8.27278,125.58222,NA,5350438,Phaseolus lunatus,Phaseolus,lunatus,NA,NA,NA,WGS84,NA,ICN,NA,NA,NA,NA,NA,NA,NA,NA,Plantae|Fabales|Fabaceae,NA,LC,NA,NA,NA,NA,NA,NA,NA,NA,NA,NA,NA,NA,NA,true,NA,NA,NA,NA,NA,NA,NA,NA,NA,NA,NA,NA,NA,NA,NA,NA,NA,NA,NA,NA,NA,NA,NA,NA,NA,NA,https://medialib.naturalis.nl/file/id/L.3978176/format/large,FALSE,ok
HERB_0212,sample_images/HERB_0212.jpg,5207106335,Ficus septica Burm.fil.,,15f819bd-6612-4447-854b-14d12ee1022d,396d5f30-dea9-11db-8ab4-b8a03c50a862,17abcf75-2f1e-46dd-bf75-a5b21dd02655,65eb93af-41b8-4917-a5fc-cfe2a45aa4bf,396d5f30-dea9-11db-8ab4-b8a03c50a862,NL,DWC_ARCHIVE,2026-06-29T11:53:09.940+00:00,2026-08-24T20:55:15.693+00:00,286,PRESERVED_SPECIMEN,PRESENT,7852448,6,7707728,220,691,6640,2984588,7852448,Ficus septica Burm.fil.,Plantae,Tracheophyta,Rosales,Moraceae,Ficus,SPECIES,ACCEPTED,2022-05-01T00:00:00,ASIA,NA,none,NA,2021,1,25,2021-01-25,25,25,NA,NA,2026-08-24T20:55:15.693+00:00,NA,http://creativecommons.org/publicdomain/zero/1.0/legalcode,FALSE,L.4578463@BRAHMS,none,none,0e919a55-08d3-4bd2-aec1-200858fafd92,0add23db-a8f7-4d15-95ad-4ed0c5c8a055,FALSE,NA,Cunha T,Welzen PC van,NA,none,Magnoliopsida,TL,none,none,ASIA,Timor-Leste,EUROPE,Naturalis Biodiversity Center,L.4578463@BRAHMS,"Cunha, T 390",NA,https://ror.org/0566bfb96,286,NA,"Makadade, Makili.",NA,NA,5207106335,NA,Botany,https://data.biodiversitydata.nl/naturalis/specimen/L.4578463,NA,NA,L.4578463,NA,NA,NA,NA,NA,Ficus septica Burm.fil.,NA,NA,-8.44278,125.92222,NA,7852448,Ficus septica,Ficus,septica,NA,NA,NA,WGS84,NA,ICN,NA,NA,NA,NA,NA,NA,NA,NA,Plantae|Rosales|Moraceae,NA,LC,NA,NA,NA,NA,NA,NA,NA,NA,NA,NA,NA,NA,NA,true,NA,NA,NA,NA,NA,NA,NA,NA,NA,NA,NA,NA,NA,NA,NA,NA,NA,NA,NA,NA,NA,NA,NA,NA,NA,NA,https://medialib.naturalis.nl/file/id/L.4578463/format/large,FALSE,ok
HERB_0213,sample_images/HERB_0213.jpg,3461962315,Tabernaemontana bovina Lour.,,b5cdf794-8fa4-4a85-8b26-755d087bf531,2cd829bb-b713-433d-99cf-64bef11e5b3e,17abcf75-2f1e-46dd-bf75-a5b21dd02655,86c2834b-fcd6-418d-9b32-aca45110a0fe,2cd829bb-b713-433d-99cf-64bef11e5b3e,FR,EML,2026-08-13T15:27:43.858+00:00,2026-08-24T16:45:44.026+00:00,606,PRESERVED_SPECIMEN,PRESENT,3618689,6,7707728,220,412,6701,3169624,3618689,Tabernaemontana bovina Lour.,Plantae,Tracheophyta,Gentianales,Apocynaceae,Tabernaemontana,SPECIES,ACCEPTED,NA,ASIA,siem réap,none,NA,2021,1,8,2021-01-08,8,8,NA,2022-01-24T16:52:37.000+00:00,2026-08-24T16:45:44.026+00:00,NA,http://creativecommons.org/licenses/by/4.0/legalcode,FALSE,http://coldb.mnhn.fr/catalognumber/mnhn/p/p01190852,none,none,6a6ac6c5-1b8a-48db-91a2-f8661274ff80,bc3d39fd-a7d4-4763-b951-2bdeddd8a5d2,FALSE,NA,"Hul, S.|Peou, Y.|Ratanak, V.",Hul,hb,none,Magnoliopsida,KH,none,none,ASIA,Cambodia,EUROPE,NA,http://coldb.mnhn.fr/catalognumber/mnhn/p/p01190852,NA,NA,http://grbio.org/institution/museum-national-dhistoire-naturelle,654,NA,NA,7265,Sangkat Slorkram,3461962315,NA,P,http://coldb.mnhn.fr/catalognumber/mnhn/p/p01190852,NA,NA,P01190852,MNHN,NA,NA,NA,NA,Tabernaemontana bovina Lour.,NA,NA,NA,NA,NA,3618689,Tabernaemontana bovina,Tabernaemontana,bovina,NA,NA,NA,NA,NA,NA,NA,NA,NA,NA,NA,NA,NA,NA,NA,NA,LC,NA,NA,NA,NA,NA,NA,NA,NA,NA,NA,NA,NA,NA,NA,NA,"Arbrisseau de 0,5-1 m de haut. Feuilles elliptiques, acuminées ou caudées au sommet, cunéées à la base. Inflorescences axillaires, en cymes , lobes de la corolle arrondis ou obtus au sommet",Phum Daun Pa,NA,NA,NA,NA,NA,NA,NA,NA,NA,NA,NA,NA,NA,NA,NA,NA,NA,NA,NA,NA,NA,NA,NA,https://mediaphoto.mnhn.fr/media/1648795043139KQAAm5xEUF9tzPMM,TRUE,error
HERB_0214,sample_images/HERB_0214.jpg,6196923823,Xerospermum noronhianum (Blume) Blume,"colmafu,inmafu",1cbed1d0-f9ac-4b9e-bf3f-a26272bca39e,4fd82480-ea1c-11da-8db4-b8a03c50a862,NA,82d6992a-b20b-4e74-b6ac-6b971b2c485d,4fd82480-ea1c-11da-8db4-b8a03c50a862,JP,EML,2026-07-10T16:35:10.312+00:00,2026-07-18T17:50:15.816+00:00,222,PRESERVED_SPECIMEN,PRESENT,9209685,6,7707728,220,933,6657,7264817,9209685,Xerospermum noronhianum (Blume) Blume,Plantae,Tracheophyta,Sapindales,Sapindaceae,Xerospermum,SPECIES,ACCEPTED,NA,ASIA,Khammouan,NA,Asia|Laos|Khammouan|Khounkham,2024,3,19,2024-03-19,79,79,NA,2025-10-16T00:00:00.000+00:00,2026-07-18T17:50:15.816+00:00,https://www.museum.kagoshima-u.ac.jp/hyouhonsitu.html,http://creativecommons.org/licenses/by/4.0/legalcode,FALSE,e8b59962-aaa7-4fa1-b144-87152fd65d7f,none,none,7b6590f0-c03f-409b-ae28-f443c1166d23,e9e6df05-e289-4a64-8ace-a4d5dbd168e4,FALSE,NA,NA,NA,NA,none,Magnoliopsida,LA,none,none,ASIA,Lao People’s Democratic Republic,ASIA,NA,e8b59962-aaa7-4fa1-b144-87152fd65d7f,Z1240,NA,NA,232,NA,NA,NA,"Laos, Khammouan, Khounkham",6196923823,NA,KAG,e8b59962-aaa7-4fa1-b144-87152fd65d7f,NA,NA,KAG187640,KAG,NA,NA,NA,NA,Xerospermum noronhianum (Blume) Blume,NA,NA,18.16623,104.47261,NA,9209685,Xerospermum noronhianum,Xerospermum,noronhianum,NA,NA,NA,WGS84,NA,NA,NA,NA,obtained using GPS machine,NA,NA,NA,NA,NA,Plantae|Tracheophyta|Magnoliopsida|Sapindales|Sapindaceae|Xerospermum|noronhianum,NA,LC,NA,NA,147,NA,NA,NA,NA,NA,NA,NA,NA,NA,NA,NA,NA,NA,Khounkham,NA,NA,NA,NA,NA,NA,NA,NA,NA,NA,NA,NA,500,NA,NA,NA,NA,NA,NA,NA,NA,NA,NA,https://dbs.kaum.kagoshima-u.ac.jp/musedb/s_plant/picture/KAG187640/KAG187640.jpg,FALSE,ok
HERB_0215,sample_images/HERB_0215.jpg,1454559709,Nepeta bucharica Lipsky,"cdc,cucdmis,cum",bf2a4bf0-5f31-11de-b67e-b8a03c50a862,98e934b0-5f31-11de-b67e-b8a03c50a862,"8e30b684-6a54-4aba-aa73-66201c2c736e,17abcf75-2f1e-46dd-bf75-a5b21dd02655",f6fe707e-cced-4efc-b5dc-be4c91b8180a,98e934b0-5f31-11de-b67e-b8a03c50a862,GB,DWC_ARCHIVE,2026-08-13T16:38:58.088+00:00,2026-08-24T20:19:58.841+00:00,445,PRESERVED_SPECIMEN,PRESENT,5610699,6,7707728,220,408,2497,2927325,5610699,Nepeta bucharica Lipsky,Plantae,Tracheophyta,Lamiales,Lamiaceae,Nepeta,SPECIES,ACCEPTED,NA,ASIA,NA,NA,Outer China incl. Tibet,2016,8,12,2016-08-12,225,225,NA,2024-04-04T10:08:00.000+00:00,2026-08-24T20:19:58.841+00:00,NA,http://creativecommons.org/publicdomain/zero/1.0/legalcode,FALSE,https://data.rbge.org.uk/herb/E00826727,none,none,0237598a-853a-492c-af74-a723fe251799,427c8cd7-4358-4a00-9ef3-2b2676d28d1e,FALSE,Edinburgh (E) Herbarium Specimens,"RBGE & Kulob Expediton to Tadjikistan,",NA,HERBARIUM SHEET,none,Magnoliopsida,TL,none,none,ASIA,Timor-Leste,EUROPE,NA,https://data.rbge.org.uk/herb/E00826727,4,Rolling summit; sub-alpine grassland; heavy clay and grass turf;  Vegetation: Sub alpine grassland with Nepeta odorifera; Aconitum sp,https://scientific-collections.gbif.org/institution/0237598a-853a-492c-af74-a723fe251799,445,NA,Tajikistan:Kali kumb top of pass on summer road,NA,NA,1454559709,NA,E,https://data.rbge.org.uk/herb/E00826727,PhysicalObject,NA,E00826727,RBGE,NA,NA,3344m,https://scientific-collections.gbif.org/collection/427c8cd7-4358-4a00-9ef3-2b2676d28d1e,Nepeta bucharica Lipsky,NA,NA,38.632222,70.723889,NA,5610699,Nepeta bucharica,Nepeta,bucharica,NA,NA,NA,WGS84,NA,ICBN,NA,NA,NA,NA,NA,NA,E,NA,NA,NA,NA,NA,NA,3344,0,NA,NA,NA,NA,NA,NA,NA,NA,NA,NA,NA,NA,NA,NA,NA,12th August 2016,NA,NA,NA,NA,NA,NA,NA,NA,NA,NA,NA,CC0,Royal Botanic Garden Edinburgh,825805,NA,NA,NA,NA,NA,NA,https://iiif.rbge.org.uk/herb/iiif/E00826727/manifest,FALSE,not_image
HERB_0216,sample_images/HERB_0216.jpg,6196925205,Diospyros retrofracta Bakh.,"colmafu,inmafu",1cbed1d0-f9ac-4b9e-bf3f-a26272bca39e,4fd82480-ea1c-11da-8db4-b8a03c50a862,NA,82d6992a-b20b-4e74-b6ac-6b971b2c485d,4fd82480-ea1c-11da-8db4-b8a03c50a862,JP,EML,2026-07-10T16:35:10.312+00:00,2026-07-18T17:50:39.528+00:00,222,PRESERVED_SPECIMEN,PRESENT,4070079,6,7707728,220,1353,6709,3030169,4070714,Diospyros bejaudii Lecomte,Plantae,Tracheophyta,Ericales,Ebenaceae,Diospyros,SPECIES,SYNONYM,NA,ASIA,Khammouan,NA,Asia|Laos|Khammouan|Khounkham|Phouphamarn walking trail,2024,3,17,2024-03-17,77,77,NA,2025-10-16T00:00:00.000+00:00,2026-07-18T17:50:39.528+00:00,https://www.museum.kagoshima-u.ac.jp/hyouhonsitu.html,http://creativecommons.org/licenses/by/4.0/legalcode,FALSE,c9274252-413c-44ce-8f79-4009a0e86b74,none,none,7b6590f0-c03f-409b-ae28-f443c1166d23,e9e6df05-e289-4a64-8ace-a4d5dbd168e4,FALSE,NA,NA,NA,NA,none,Magnoliopsida,LA,none,none,ASIA,Lao People’s Democratic Republic,ASIA,NA,c9274252-413c-44ce-8f79-4009a0e86b74,Z1008,NA,NA,232,NA,Phouphamarn walking trail,NA,"Laos, Khammouan, Khounkham, Phouphamarn walking trail",6196925205,NA,KAG,c9274252-413c-44ce-8f79-4009a0e86b74,NA,NA,KAG187417,KAG,NA,NA,NA,NA,Diospyros retrofracta Bakh.,NA,NA,18.17615,104.48995,NA,4070714,Diospyros bejaudii,Diospyros,retrofracta,NA,NA,NA,WGS84,NA,NA,NA,NA,obtained using GPS machine,NA,NA,NA,NA,NA,Plantae|Tracheophyta|Magnoliopsida|Ericales|Ebenaceae|Diospyros|retrofracta,NA,NA,NA,NA,405,NA,NA,NA,NA,NA,NA,NA,NA,NA,NA,NA,NA,NA,Khounkham,NA,NA,NA,NA,NA,NA,NA,NA,NA,NA,NA,NA,500,NA,NA,NA,NA,NA,NA,NA,NA,NA,NA,https://dbs.kaum.kagoshima-u.ac.jp/musedb/s_plant/picture/KAG187417/KAG187417.jpg,FALSE,ok
HERB_0217,sample_images/HERB_0217.jpg,4858972296,Catunaregam tomentosa (Blume ex DC.) Tirveng.,"cdc,cdround,gass84,incomis,inmafu",cd6e21c8-9e8a-493a-8a76-fbf7862069e5,061b4f20-f241-11da-a328-b8a03c50a862,17abcf75-2f1e-46dd-bf75-a5b21dd02655,996e30f8-f762-11e1-a439-00145eb45e9a,061b4f20-f241-11da-a328-b8a03c50a862,GB,DWC_ARCHIVE,2026-08-24T12:51:18.333+00:00,2026-08-24T20:51:40.251+00:00,539,PRESERVED_SPECIMEN,PRESENT,2910934,6,7707728,220,412,8798,2910885,2910934,Catunaregam tomentosa (Blume ex DC.) Tirveng.,Plantae,Tracheophyta,Gentianales,Rubiaceae,Catunaregam,SPECIES,ACCEPTED,NA,ASIA,NA,NA,Chiang Muan,2022,6,15,2022-06-15T00:00,166,166,NA,2025-12-30T09:18:46.063+00:00,2026-08-24T20:51:40.251+00:00,NA,http://creativecommons.org/licenses/by/4.0/legalcode,FALSE,K001930401,none,none,fa252605-26f6-426c-9892-94d071c2c77f,NA,FALSE,NA,"Yooprasert, S.; Poopath, M.; Sirimongkol, S.; Krachangyut, P.; Thaothawin, P.",NA,NA,none,Magnoliopsida,TH,none,none,ASIA,Thailand,EUROPE,NA,K001930401,SY 353,NA,NA,539,NA,"On route 1251 from Phayao to Nan, a kilometre away from Huai Ton Phueng Falls.",NA,NA,4858972296,NA,Herbarium,http://specimens.kew.org/herbarium/K001930401,NA,NA,K001930401,K,NA,NA,NA,NA,Catunaregam tomentosa (Blume ex DC.) Tirveng.,NA,NA,18.926944,100.217222,NA,2910934,Catunaregam tomentosa,Catunaregam,tomentosa,NA,NA,NA,WGS84,NA,NA,NA,NA,NA,NA,NA,NA,NA,NA,Rubiaceae,NA,NA,NA,NA,320,NA,NA,NA,NA,NA,NA,NA,Chiang Muan,NA,NA,NA,NA,NA,NA,NA,NA,15 June 2022,NA,NA,NA,NA,NA,NA,NA,NA,NA,NA,NA,NA,NA,NA,NA,NA,NA,NA,NA,NA,https://d2jcv3kl45hlgi.cloudfront.net/4393b56d7f39101c783e94595baabcd3.jpg,FALSE,ok
HERB_0218,sample_images/HERB_0218.jpg,5106374636,Premna bengalensis C.B.Clarke,,bf2a4bf0-5f31-11de-b67e-b8a03c50a862,98e934b0-5f31-11de-b67e-b8a03c50a862,"8e30b684-6a54-4aba-aa73-66201c2c736e,17abcf75-2f1e-46dd-bf75-a5b21dd02655",f6fe707e-cced-4efc-b5dc-be4c91b8180a,98e934b0-5f31-11de-b67e-b8a03c50a862,GB,DWC_ARCHIVE,2026-08-13T16:38:58.088+00:00,2026-08-24T20:20:48.669+00:00,445,PRESERVED_SPECIMEN,PRESENT,3898215,6,7707728,220,408,2497,2925344,3898215,Premna bengalensis C.B.Clarke,Plantae,Tracheophyta,Lamiales,Lamiaceae,Premna,SPECIES,ACCEPTED,NA,ASIA,Sagaing,none,Myanmar (Burma),2019,3,18,2019-03-18,77,77,NA,2025-04-08T13:59:40.000+00:00,2026-08-24T20:20:48.669+00:00,NA,http://creativecommons.org/publicdomain/zero/1.0/legalcode,FALSE,https://data.rbge.org.uk/herb/E01542027,none,none,0237598a-853a-492c-af74-a723fe251799,427c8cd7-4358-4a00-9ef3-2b2676d28d1e,FALSE,Edinburgh (E) Herbarium Specimens,"Armstrong, Kathleen Ellen, Nwe, Thet Yu, Kramer, Marshall, Linn, Wah Wah, Khaing, Myo, Myint, Thar, Pyae, Phoe La, Kyi, Aung, Nyo, Kyi, Myint, Han Sein, Nge, Maung & Oo, Myint",NA,HERBARIUM SHEET,none,Magnoliopsida,MM,none,none,ASIA,Myanmar,EUROPE,NA,https://data.rbge.org.uk/herb/E01542027,4502,Growing in primary forest.,https://scientific-collections.gbif.org/institution/0237598a-853a-492c-af74-a723fe251799,445,NA,"Htamanthi Wildlife Sanctuary. Nam Phi Lin stream, downstream from camp 1",NA,NA,5106374636,NA,E,https://data.rbge.org.uk/herb/E01542027,PhysicalObject,NA,E01542027,RBGE,NA,NA,NA,https://scientific-collections.gbif.org/collection/427c8cd7-4358-4a00-9ef3-2b2676d28d1e,Premna bengalensis C.B.Clarke,NA,NA,NA,NA,NA,3898215,Premna bengalensis,Premna,bengalensis,NA,NA,NA,NA,NA,ICBN,NA,NA,NA,NA,NA,NA,E,NA,NA,NA,LC,NA,NA,NA,NA,NA,NA,NA,NA,NA,NA,NA,NA,NA,NA,NA,NA,Hkamti,NA,NA,18th March 2019,NA,NA,NA,NA,NA,NA,NA,NA,NA,NA,NA,CC0,Royal Botanic Garden Edinburgh,1737518,NA,NA,NA,NA,NA,NA,https://iiif.rbge.org.uk/herb/iiif/E01542027/manifest,FALSE,not_image
HERB_0219,sample_images/HERB_0219.jpg,6196923887,Ardisia pubicalyx Miq.,"colmafu,inmafu",1cbed1d0-f9ac-4b9e-bf3f-a26272bca39e,4fd82480-ea1c-11da-8db4-b8a03c50a862,NA,82d6992a-b20b-4e74-b6ac-6b971b2c485d,4fd82480-ea1c-11da-8db4-b8a03c50a862,JP,EML,2026-07-10T16:35:10.312+00:00,2026-07-18T17:50:16.386+00:00,222,PRESERVED_SPECIMEN,PRESENT,7331057,6,7707728,220,1353,6674,3169458,7331057,Ardisia pubicalyx Miq.,Plantae,Tracheophyta,Ericales,Primulaceae,Ardisia,SPECIES,ACCEPTED,NA,ASIA,Khammouan,NA,Asia|Laos|Khammouan|Khounkham|Tad Nam Sanam,2024,3,15,2024-03-15,75,75,NA,2025-10-16T00:00:00.000+00:00,2026-07-18T17:50:16.386+00:00,https://www.museum.kagoshima-u.ac.jp/hyouhonsitu.html,http://creativecommons.org/licenses/by/4.0/legalcode,FALSE,9a632ba8-4d40-4a6b-afe4-3a35ac6978b6,none,none,7b6590f0-c03f-409b-ae28-f443c1166d23,e9e6df05-e289-4a64-8ace-a4d5dbd168e4,FALSE,NA,NA,NA,NA,none,Magnoliopsida,LA,none,none,ASIA,Lao People’s Democratic Republic,ASIA,NA,9a632ba8-4d40-4a6b-afe4-3a35ac6978b6,Z765,NA,NA,232,NA,Tad Nam Sanam,NA,"Laos, Khammouan, Khounkham, Tad Nam Sanam",6196923887,NA,KAG,9a632ba8-4d40-4a6b-afe4-3a35ac6978b6,NA,NA,KAG187181,KAG,NA,NA,NA,NA,Ardisia pubicalyx Miq.,NA,NA,18.21749,104.5121,NA,7331057,Ardisia pubicalyx,Ardisia,pubicalyx,NA,NA,NA,WGS84,NA,NA,NA,NA,obtained using GPS machine,NA,NA,NA,NA,NA,Plantae|Tracheophyta|Magnoliopsida|Ericales|Primulaceae|Ardisia|pubicalyx,NA,LC,NA,NA,192,NA,NA,NA,NA,NA,NA,NA,NA,NA,NA,NA,NA,NA,Khounkham,NA,NA,NA,NA,NA,NA,NA,NA,NA,NA,NA,NA,500,NA,NA,NA,NA,NA,NA,NA,NA,NA,NA,https://dbs.kaum.kagoshima-u.ac.jp/musedb/s_plant/picture/KAG187181/KAG187181.jpg,FALSE,ok
HERB_0220,sample_images/HERB_0220.jpg,6196927400,Pluchea indica (L.) Less.,"colmafu,inmafu",1cbed1d0-f9ac-4b9e-bf3f-a26272bca39e,4fd82480-ea1c-11da-8db4-b8a03c50a862,NA,82d6992a-b20b-4e74-b6ac-6b971b2c485d,4fd82480-ea1c-11da-8db4-b8a03c50a862,JP,EML,2026-07-10T16:35:10.312+00:00,2026-07-18T17:50:21.476+00:00,222,PRESERVED_SPECIMEN,PRESENT,3132728,6,7707728,220,414,3065,3132596,3132728,Pluchea indica (L.) Less.,Plantae,Tracheophyta,Asterales,Asteraceae,Pluchea,SPECIES,ACCEPTED,NA,ASIA,Kien Giang,NA,Asia|Vietnam|Kien Giang|Kien Luong Dist.|Binh An,2024,5,24,2024-05-24,145,145,NA,2025-10-16T00:00:00.000+00:00,2026-07-18T17:50:21.476+00:00,https://www.museum.kagoshima-u.ac.jp/hyouhonsitu.html,http://creativecommons.org/licenses/by/4.0/legalcode,FALSE,e7b03a50-002c-4cfe-a680-92bbc08936e2,none,none,7b6590f0-c03f-409b-ae28-f443c1166d23,e9e6df05-e289-4a64-8ace-a4d5dbd168e4,FALSE,NA,NA,NA,NA,none,Magnoliopsida,VN,none,none,ASIA,Viet Nam,ASIA,NA,e7b03a50-002c-4cfe-a680-92bbc08936e2,N527,NA,NA,232,NA,Binh An,NA,"Vietnam, Kien Giang, Kien Luong Dist., Binh An",6196927400,NA,KAG,e7b03a50-002c-4cfe-a680-92bbc08936e2,NA,NA,KAG188630,KAG,NA,NA,NA,NA,Pluchea indica (L.) Less.,NA,NA,10.15577,104.60976,NA,3132728,Pluchea indica,Pluchea,indica,NA,NA,NA,WGS84,NA,NA,NA,NA,obtained using GPS machine,NA,NA,NA,NA,NA,Plantae|Tracheophyta|Magnoliopsida|Asterales|Asteraceae|Pluchea|indica,NA,NA,NA,NA,40,NA,NA,NA,NA,NA,NA,NA,NA,NA,NA,NA,NA,NA,Kien Luong Dist.,NA,NA,NA,NA,NA,NA,NA,NA,NA,NA,NA,NA,500,NA,NA,NA,NA,NA,NA,NA,NA,NA,NA,https://dbs.kaum.kagoshima-u.ac.jp/musedb/s_plant/picture/KAG188630/KAG188630.jpg,FALSE,ok
HERB_0221,sample_images/HERB_0221.jpg,6196923599,Hibiscus tiliaceus L.,"colmafu,inmafu",1cbed1d0-f9ac-4b9e-bf3f-a26272bca39e,4fd82480-ea1c-11da-8db4-b8a03c50a862,NA,82d6992a-b20b-4e74-b6ac-6b971b2c485d,4fd82480-ea1c-11da-8db4-b8a03c50a862,JP,EML,2026-07-10T16:35:10.312+00:00,2026-07-18T17:50:15.251+00:00,222,PRESERVED_SPECIMEN,PRESENT,3152584,6,7707728,220,941,6685,7115793,7115794,Talipariti tiliaceum (L.) Fryxell,Plantae,Tracheophyta,Malvales,Malvaceae,Talipariti,SPECIES,SYNONYM,NA,ASIA,Kien Giang,NA,Asia|Vietnam|Kien Giang|Kien Luong Dist.|Binh An,2024,5,24,2024-05-24,145,145,NA,2025-10-16T00:00:00.000+00:00,2026-07-18T17:50:15.251+00:00,https://www.museum.kagoshima-u.ac.jp/hyouhonsitu.html,http://creativecommons.org/licenses/by/4.0/legalcode,FALSE,744eabaf-0bdf-4d20-af1b-c68282a9fb8b,none,none,7b6590f0-c03f-409b-ae28-f443c1166d23,e9e6df05-e289-4a64-8ace-a4d5dbd168e4,FALSE,NA,NA,NA,NA,none,Magnoliopsida,VN,none,none,ASIA,Viet Nam,ASIA,NA,744eabaf-0bdf-4d20-af1b-c68282a9fb8b,N530,NA,NA,232,NA,Binh An,NA,"Vietnam, Kien Giang, Kien Luong Dist., Binh An",6196923599,NA,KAG,744eabaf-0bdf-4d20-af1b-c68282a9fb8b,NA,NA,KAG188633,KAG,NA,NA,NA,NA,Hibiscus tiliaceus L.,NA,NA,10.15577,104.60976,NA,7115794,Talipariti tiliaceum,Hibiscus,tiliaceus,NA,NA,NA,WGS84,NA,NA,NA,NA,obtained using GPS machine,NA,NA,NA,NA,NA,Plantae|Tracheophyta|Magnoliopsida|Malvales|Malvaceae|Hibiscus|tiliaceus,NA,NA,NA,NA,40,NA,NA,NA,NA,NA,NA,NA,NA,NA,NA,NA,NA,NA,Kien Luong Dist.,NA,NA,NA,NA,NA,NA,NA,NA,NA,NA,NA,NA,500,NA,NA,NA,NA,NA,NA,NA,NA,NA,NA,https://dbs.kaum.kagoshima-u.ac.jp/musedb/s_plant/picture/KAG188633/KAG188633.jpg,FALSE,ok
HERB_0222,sample_images/HERB_0222.jpg,5832054895,Thalictrum javanicum Blume,"osiic,colmano,inmafu",7bd65a7a-f762-11e1-a439-00145eb45e9a,90fd6680-349f-11d8-aa2d-b8a03c50a862,68e8e67a-43e6-44a3-8817-dc0e6b70f973,c4e134d3-c68f-406d-a116-6a37895602e0,90fd6680-349f-11d8-aa2d-b8a03c50a862,US,EML,2026-07-14T21:52:57.898+00:00,2026-07-18T23:13:41.864+00:00,437,PRESERVED_SPECIMEN,PRESENT,7277787,6,7707728,220,399,2410,3033112,7277787,Thalictrum javanicum Blume,Plantae,Tracheophyta,Ranunculales,Ranunculaceae,Thalictrum,SPECIES,ACCEPTED,NA,ASIA,NA,none,NA,2020,10,27,2020-10-27,301,301,NA,2025-03-20T08:48:00.000+00:00,2026-07-18T23:13:41.864+00:00,NA,http://creativecommons.org/licenses/by/4.0/legalcode,FALSE,urn:catalog:MO:Tropicos:103900474,none,none,1be3aa67-8f90-4309-92f4-bd55426a8c09,NA,FALSE,Tropicos,G. Merbaboe,NA,NA,none,Magnoliopsida,ID,none,none,ASIA,Indonesia,NORTH_AMERICA,Missouri Botanical Garden,urn:catalog:MO:Tropicos:103900474,s.n.,NA,NA,441,NA,Central Java.,(4020125),NA,5832054895,NA,Tropicos,urn:catalog:MO:Tropicos:103900474,PhysicalObject,NA,103900474,MO,NA,NA,NA,http://biocol.org/urn:lsid:biocol.org:col:15859,Thalictrum javanicum Blume,NA,NA,NA,NA,NA,7277787,Thalictrum javanicum,Thalictrum,javanicum,NA,NA,NA,NA,NA,ICNafp,NA,NA,NA,NA,NA,NA,MOBOT,http://www.tropicos.org/Specimen/103900474,NA,NA,NA,NA,1,1800,NA,No opinion,2016-01-28T15:41:27.000Z,27101364,MOBOT,http://digir.net/schema/conceptual/darwin/2003/1.0/darwin2.xsd,15000,NA,NA,NA,NA,NA,NA,NA,NA,NA,NA,NA,NA,NA,NA,NA,NA,NA,NA,NA,NA,NA,NA,NA,NA,NA,NA,NA,NA,NA,NA,https://images.mobot.org/tropicosimages6/detailimages/TropicosImagesVol6/102215000/E7B9487D-849B-4E70-B9CC-5C441018B6B6.jpg,FALSE,ok
HERB_0223,sample_images/HERB_0223.jpg,3416517306,Garcinia hombroniana Pierre,"cdc,gass84",cb9beff3-a185-486f-975a-732251444158,2853c0e7-c758-4c9c-83a2-7c2d18967fb9,17abcf75-2f1e-46dd-bf75-a5b21dd02655,86c2834b-fcd6-418d-9b32-aca45110a0fe,2cd829bb-b713-433d-99cf-64bef11e5b3e,FR,EML,2026-08-13T15:27:43.165+00:00,2026-08-24T18:08:47.839+00:00,586,PRESERVED_SPECIMEN,PRESENT,3714315,6,7707728,220,1414,6646,3189556,3714315,Garcinia hombroniana Pierre,Plantae,Tracheophyta,Malpighiales,Clusiaceae,Garcinia,SPECIES,ACCEPTED,NA,ASIA,NA,NA,NA,2020,3,25,2020-03-25,85,85,NA,2021-12-17T16:45:47.000+00:00,2026-08-24T18:08:47.839+00:00,NA,http://creativecommons.org/licenses/by/4.0/legalcode,FALSE,http://coldb.mnhn.fr/catalognumber/um/mpu/mpu1400356,none,none,17ff2e84-80c7-4904-81c7-26183b3ce46e,1fddc155-2d5b-4b1d-92cb-1268e22cc2bb,FALSE,NA,"Yao, T.L.|Leong, P.K.F.|Lim, W.H.|Chia, E.J.J.",Yao,hb,none,Magnoliopsida,SG,none,none,ASIA,Singapore,EUROPE,NA,http://coldb.mnhn.fr/catalognumber/um/mpu/mpu1400356,NA,NA,http://grscicoll.org/institution/université-montpellier-2,634,NA,NA,90,Singapore Botanic Garden,3416517306,NA,MPU,http://coldb.mnhn.fr/catalognumber/um/mpu/mpu1400356,NA,NA,MPU1400356,UM,NA,NA,NA,NA,Garcinia hombroniana Pierre,NA,NA,1.39487,103.81105,NA,3714315,Garcinia hombroniana,Garcinia,hombroniana,NA,NA,NA,WGS84,NA,NA,NA,NA,NA,NA,NA,NA,NA,NA,NA,NA,NA,NA,NA,NA,NA,NA,NA,NA,NA,NA,NA,NA,NA,NA,NA,3348.8504043166813,"Tree tag: 20070209*C. Distribution: Indochina, W. Malesia. With stilt roots. Wound exudate white",NA,NA,NA,NA,NA,NA,NA,NA,NA,NA,Cultivated,NA,NA,NA,NA,NA,NA,NA,NA,NA,NA,NA,NA,NA,https://mediaphoto.mnhn.fr/media/16397559470533ZAbVoW6netIil2q,FALSE,error
HERB_0224,sample_images/HERB_0224.jpg,4519442361,Triomma malaccensis Hook.fil.,"incomis,inmafu",cd6e21c8-9e8a-493a-8a76-fbf7862069e5,061b4f20-f241-11da-a328-b8a03c50a862,17abcf75-2f1e-46dd-bf75-a5b21dd02655,996e30f8-f762-11e1-a439-00145eb45e9a,061b4f20-f241-11da-a328-b8a03c50a862,GB,DWC_ARCHIVE,2026-08-24T12:51:18.333+00:00,2026-08-24T20:51:32.437+00:00,539,PRESERVED_SPECIMEN,PRESENT,3994141,6,7707728,220,933,6659,7286894,3994141,Triomma malaccensis Hook.fil.,Plantae,Tracheophyta,Sapindales,Burseraceae,Triomma,SPECIES,ACCEPTED,NA,ASIA,NA,none,NA,2021,5,5,2021-05-05T00:00,125,125,NA,2025-11-09T07:07:33.707+00:00,2026-08-24T20:51:32.437+00:00,NA,http://creativecommons.org/licenses/by/4.0/legalcode,FALSE,K001528767,none,none,fa252605-26f6-426c-9892-94d071c2c77f,NA,FALSE,NA,"Seah, W.W.; Siddik Hasman; Han, L.; et al.",NA,NA,none,Magnoliopsida,SG,none,none,ASIA,Singapore,EUROPE,NA,K001528767,SING 2021-258,NA,NA,539,NA,NA,NA,NA,4519442361,NA,Herbarium,http://specimens.kew.org/herbarium/K001528767,NA,NA,K001528767,K,NA,NA,NA,NA,Triomma malaccensis Hook.fil.,NA,NA,NA,NA,NA,3994141,Triomma malaccensis,Triomma,malaccensis,NA,NA,NA,NA,NA,NA,NA,NA,NA,NA,NA,NA,NA,NA,Burseraceae,NA,LC,NA,NA,NA,NA,NA,NA,NA,NA,NA,NA,NA,NA,NA,NA,NA,NA,NA,NA,NA,NA,NA,NA,NA,NA,NA,NA,NA,NA,NA,NA,NA,NA,NA,NA,NA,NA,NA,NA,NA,NA,https://d2jcv3kl45hlgi.cloudfront.net/9690f478a3a6679031c4be9a6e8b3b7a.jpg,FALSE,ok
HERB_0225,sample_images/HERB_0225.jpg,6450134301,Broussonetia papyrifera (L.) L'Hér. ex Vent.,"cdc,cdround,gass84,incomis,inmafu",cd6e21c8-9e8a-493a-8a76-fbf7862069e5,061b4f20-f241-11da-a328-b8a03c50a862,17abcf75-2f1e-46dd-bf75-a5b21dd02655,996e30f8-f762-11e1-a439-00145eb45e9a,061b4f20-f241-11da-a328-b8a03c50a862,GB,DWC_ARCHIVE,2026-08-24T12:51:18.333+00:00,2026-08-24T20:51:39.040+00:00,539,PRESERVED_SPECIMEN,PRESENT,5361944,6,7707728,220,691,6640,2984643,5361944,Broussonetia papyrifera (L.) L'Hér. ex Vent.,Plantae,Tracheophyta,Rosales,Moraceae,Broussonetia,SPECIES,ACCEPTED,NA,ASIA,NA,NA,NA,2023,11,25,2023-11-25T00:00,329,329,NA,2026-07-21T12:28:13.753+00:00,2026-08-24T20:51:39.040+00:00,NA,http://creativecommons.org/licenses/by/4.0/legalcode,FALSE,K001934226,none,none,fa252605-26f6-426c-9892-94d071c2c77f,NA,TRUE,NA,"Yooprasert, S.; Tamura, M.N.; Fuse, S.; Tagane, S.; Takahashi, K.; Masuda, R.; Chamchumroon, V.; Suphuntee, N.; Taothong, P.",NA,NA,none,Magnoliopsida,TH,none,none,ASIA,Thailand,EUROPE,NA,K001934226,SY579,NA,NA,539,NA,"Tak, Umphang, , , , Doi Hua Mot",NA,NA,6450134301,NA,Herbarium,http://specimens.kew.org/herbarium/K001934226,NA,NA,K001934226,K,NA,NA,NA,NA,Broussonetia papyrifera (L.) L'Hér. ex Vent.,NA,NA,15.953333,98.8575,NA,5361944,Broussonetia papyrifera,Broussonetia,papyrifera,NA,NA,NA,WGS84,NA,NA,NA,NA,NA,NA,NA,NA,NA,NA,Moraceae,NA,LC,NA,NA,910,NA,NA,NA,NA,NA,NA,NA,NA,NA,NA,NA,NA,NA,NA,NA,NA,NA,NA,NA,NA,NA,NA,NA,NA,NA,NA,NA,NA,NA,NA,NA,NA,NA,NA,NA,NA,NA,https://d2jcv3kl45hlgi.cloudfront.net/ce51f9e7d90c38e0147f7fb24d61d479.jpg,FALSE,ok
HERB_0226,sample_images/HERB_0226.jpg,5106375580,Lepisanthes rubiginosa (Roxb.) Leenh.,,bf2a4bf0-5f31-11de-b67e-b8a03c50a862,98e934b0-5f31-11de-b67e-b8a03c50a862,"8e30b684-6a54-4aba-aa73-66201c2c736e,17abcf75-2f1e-46dd-bf75-a5b21dd02655",f6fe707e-cced-4efc-b5dc-be4c91b8180a,98e934b0-5f31-11de-b67e-b8a03c50a862,GB,DWC_ARCHIVE,2026-08-13T16:38:58.088+00:00,2026-08-24T20:20:06.482+00:00,445,PRESERVED_SPECIMEN,PRESENT,3784961,6,7707728,220,933,6657,7264784,3784961,Lepisanthes rubiginosa (Roxb.) Leenh.,Plantae,Tracheophyta,Sapindales,Sapindaceae,Lepisanthes,SPECIES,ACCEPTED,NA,ASIA,Sagaing,none,Myanmar (Burma),2019,3,31,2019-03-31,90,90,NA,2025-04-08T14:48:34.000+00:00,2026-08-24T20:20:06.482+00:00,NA,http://creativecommons.org/publicdomain/zero/1.0/legalcode,FALSE,https://data.rbge.org.uk/herb/E01537179,none,none,0237598a-853a-492c-af74-a723fe251799,427c8cd7-4358-4a00-9ef3-2b2676d28d1e,FALSE,Edinburgh (E) Herbarium Specimens,"Armstrong, Kathleen Ellen, Nwe, Thet Yu, Linn, Wah Wah, Pyae, Phoe La & Nge, Maung",NA,HERBARIUM SHEET,none,Magnoliopsida,MM,none,none,ASIA,Myanmar,EUROPE,NA,https://data.rbge.org.uk/herb/E01537179,4727,Growing in disturbed secondary forest.,https://scientific-collections.gbif.org/institution/0237598a-853a-492c-af74-a723fe251799,445,NA,along Homalin-Hkamti road between Hmawyonemaing and Htamanthi,NA,NA,5106375580,NA,E,https://data.rbge.org.uk/herb/E01537179,PhysicalObject,NA,E01537179,RBGE,NA,NA,NA,https://scientific-collections.gbif.org/collection/427c8cd7-4358-4a00-9ef3-2b2676d28d1e,Lepisanthes rubiginosa (Roxb.) Leenh.,NA,NA,NA,NA,NA,3784961,Lepisanthes rubiginosa,Lepisanthes,rubiginosa,NA,NA,NA,NA,NA,ICBN,NA,NA,NA,NA,NA,NA,E,NA,NA,NA,LC,NA,NA,NA,NA,NA,NA,NA,NA,NA,NA,NA,NA,NA,NA,NA,NA,Hkamti,NA,NA,31st March 2019,NA,NA,NA,NA,NA,NA,NA,NA,NA,NA,NA,CC0,Royal Botanic Garden Edinburgh,1755233,NA,NA,NA,NA,NA,NA,https://iiif.rbge.org.uk/herb/iiif/E01537179/manifest,FALSE,not_image
HERB_0227,sample_images/HERB_0227.jpg,4527875664,Shorea parvifolia Dyer,,861e6afe-f762-11e1-a439-00145eb45e9a,485ff490-e3b7-11db-9acc-b8a03c50a862,68e8e67a-43e6-44a3-8817-dc0e6b70f973,fefabf4e-5536-4827-b298-037cc1bcf5af,485ff490-e3b7-11db-9acc-b8a03c50a862,US,EML,2026-08-23T23:55:03.264+00:00,2026-08-24T16:11:26.875+00:00,543,PRESERVED_SPECIMEN,PRESENT,4096343,6,7707728,220,941,6645,10803341,4096343,Shorea parvifolia Dyer,Plantae,Tracheophyta,Malvales,Dipterocarpaceae,Shorea,SPECIES,ACCEPTED,NA,ASIA,NA,none,Asia;Indonesia;Sumatera;,2020,7,NA,2020-07,NA,NA,NA,2023-12-29T15:54:06.000+00:00,2026-08-24T16:11:26.875+00:00,http://data.huh.harvard.edu/b856bb21-6502-4826-896e-82490509d4ad/image,http://creativecommons.org/licenses/by/4.0/legalcode,FALSE,b856bb21-6502-4826-896e-82490509d4ad,none,none,1e0a49e1-2be3-4028-911c-47cf84c9aa66,7bf40203-1eab-4c06-b220-a8312701b821,FALSE,Harvard University Herbaria: All Records,C. J. van der Zwaan,NA,Sheet,none,Magnoliopsida,ID,none,none,ASIA,Indonesia,NORTH_AMERICA,President and Fellows of Harvard College,b856bb21-6502-4826-896e-82490509d4ad,3P.E.964,NA,urn:lsid:biocol.org:col:15406,543,"{""huh_taxonomic_group"": ""Vascular"", ""huh_project_id"": 10, ""huh_project_name"": ""All Asia Vascular Plants TCN""}","Palembang, Lematang Ilir, G. Megang",3P.E.964,"Palembang, Lematang Ilir, G. Megang",4527875664,en,A,b856bb21-6502-4826-896e-82490509d4ad,http://purl.org/dc/dcmitype/PhysicalObject,in collection,barcode-02621444,A,NA,https://huh.harvard.edu/access-digital-reproductions-works-public-domain,75 m,urn:lsid:biocol.org:col:15406,Shorea parvifolia Dyer,Indeterminate,NotDetermined,NA,NA,NA,4096343,Shorea parvifolia,Shorea,parvifolia,NA,NA,NA,NA,NA,NA,NA,NA,NA,NA,NA,NA,NA,NA,NA,NA,LC,NA,NA,NA,NA,NA,NA,NA,NA,NA,NA,NA,NA,NA,NA,NA,NA,NA,NA,NA,NA,Sumatera,NA,NA,NA,NA,NA,NA,NA,NA,NA,NA,NA,NA,NA,NA,NA,NA,NA,NA,NA,https://s3.amazonaws.com/huhspecimenimages/JPG/02621444.jpg,FALSE,ok
HERB_0228,sample_images/HERB_0228.jpg,5166320348,Ardisia villosa Roxb.,"cdc,cdround,gass84,incomis,inmafu",cd6e21c8-9e8a-493a-8a76-fbf7862069e5,061b4f20-f241-11da-a328-b8a03c50a862,17abcf75-2f1e-46dd-bf75-a5b21dd02655,996e30f8-f762-11e1-a439-00145eb45e9a,061b4f20-f241-11da-a328-b8a03c50a862,GB,DWC_ARCHIVE,2026-08-24T12:51:18.333+00:00,2026-08-24T20:50:35.647+00:00,539,PRESERVED_SPECIMEN,PRESENT,7331183,6,7707728,220,1353,6674,3169458,7331183,Ardisia villosa Roxb.,Plantae,Tracheophyta,Ericales,Primulaceae,Ardisia,SPECIES,ACCEPTED,NA,ASIA,NA,NA,NA,2023,8,30,2023-08-30T00:00,242,242,NA,2026-03-22T11:37:08.343+00:00,2026-08-24T20:50:35.647+00:00,NA,http://creativecommons.org/licenses/by/4.0/legalcode,FALSE,K001934157,none,none,fa252605-26f6-426c-9892-94d071c2c77f,NA,FALSE,NA,"Yooprasert, S.; Tamura, M.N.; Fuse, S.; Takahasi, K.; Masuda, R.; Taothong, P.; Saengbuapuean, A.",NA,NA,none,Magnoliopsida,TH,none,none,ASIA,Thailand,EUROPE,NA,K001934157,SY526,NA,NA,539,NA,"Phu Ruea, Phu Luang WS, Trail to Pha Taloen, Pha Chang Do to Pha Chang Phan",NA,NA,5166320348,NA,Herbarium,http://specimens.kew.org/herbarium/K001934157,NA,NA,K001934157,K,NA,NA,NA,NA,Ardisia villosa Roxb.,NA,NA,17.280833,101.523889,NA,7331183,Ardisia villosa,Ardisia,villosa,NA,NA,NA,WGS84,NA,NA,NA,NA,NA,NA,NA,NA,NA,NA,Primulaceae,NA,NA,NA,NA,1510,NA,NA,NA,NA,NA,NA,NA,NA,NA,NA,NA,NA,NA,NA,NA,NA,NA,NA,NA,NA,NA,NA,NA,NA,NA,NA,NA,NA,NA,NA,NA,NA,NA,NA,NA,NA,NA,https://d2jcv3kl45hlgi.cloudfront.net/5efe777c4f63c24da4ab1f4a68d00729.jpg,FALSE,ok
HERB_0229,sample_images/HERB_0229.jpg,2430565420,Engelhardia serrata var. cambodica W.E.Manning,,b5cdf794-8fa4-4a85-8b26-755d087bf531,2cd829bb-b713-433d-99cf-64bef11e5b3e,17abcf75-2f1e-46dd-bf75-a5b21dd02655,86c2834b-fcd6-418d-9b32-aca45110a0fe,2cd829bb-b713-433d-99cf-64bef11e5b3e,FR,EML,2026-08-13T15:27:43.858+00:00,2026-08-24T16:45:39.970+00:00,606,PRESERVED_SPECIMEN,PRESENT,8291269,6,7707728,220,1354,2499,7310511,8291269,Engelhardia serrata var. cambodica W.E.Manning,Plantae,Tracheophyta,Fagales,Juglandaceae,Engelhardia,VARIETY,ACCEPTED,NA,ASIA,mondulkiri,none,NA,2019,2,3,2019-02-03,34,34,NA,2020-01-14T18:34:07.000+00:00,2026-08-24T16:45:39.970+00:00,NA,http://creativecommons.org/licenses/by/4.0/legalcode,FALSE,http://coldb.mnhn.fr/catalognumber/mnhn/p/p00915902,none,none,6a6ac6c5-1b8a-48db-91a2-f8661274ff80,bc3d39fd-a7d4-4763-b951-2bdeddd8a5d2,FALSE,NA,"Hul, S.|Eum, S.|Peou, Y.",Hul,hb,none,Magnoliopsida,KH,none,none,ASIA,Cambodia,EUROPE,NA,http://coldb.mnhn.fr/catalognumber/mnhn/p/p00915902,NA,NA,http://grbio.org/institution/museum-national-dhistoire-naturelle,654,NA,NA,7027,NA,2430565420,NA,P,http://coldb.mnhn.fr/catalognumber/mnhn/p/p00915902,NA,NA,P00915902,MNHN,NA,NA,NA,NA,Engelhardia serrata var. cambodica W.E.Manning,NA,NA,NA,NA,NA,7965217,Engelhardia serrata,Engelhardia,serrata,NA,NA,NA,NA,NA,NA,NA,NA,NA,NA,NA,NA,NA,NA,NA,NA,NA,NA,NA,NA,NA,NA,NA,NA,NA,NA,NA,NA,cambodica,NA,NA,NA,"""Arbre d'env. 10 m. Feuilles paripennées ou imparipennées ; folioles 5-7 paires, opposées ou subopposées, subsessiles, asymétriques à la base, acuminées au sommet, à marge dentée, velues et parsemées de petites glandes sur la face inférieure. Inflorescences femelles en épis ; fleurs pubescentes, périanthe allongé, à 3 lobes étroits. fruits : noix couvertes de longs poils urticants ; bractée développée en aile 3-lobée """,O Réaing,Sen Monorom,NA,NA,NA,NA,NA,NA,NA,NA,NA,NA,NA,NA,NA,NA,NA,NA,NA,NA,NA,NA,NA,NA,https://mediaphoto.mnhn.fr/media/15790232470779YjBpOZ5NMr2YAo4,TRUE,error
HERB_0230,sample_images/HERB_0230.jpg,6196925424,Hopea ferrea Laness.,"colmafu,inmafu",1cbed1d0-f9ac-4b9e-bf3f-a26272bca39e,4fd82480-ea1c-11da-8db4-b8a03c50a862,NA,82d6992a-b20b-4e74-b6ac-6b971b2c485d,4fd82480-ea1c-11da-8db4-b8a03c50a862,JP,EML,2026-07-10T16:35:10.312+00:00,2026-07-18T17:50:19.595+00:00,222,PRESERVED_SPECIMEN,PRESENT,5669141,6,7707728,220,941,6645,3189685,5669141,Hopea ferrea Laness.,Plantae,Tracheophyta,Malvales,Dipterocarpaceae,Hopea,SPECIES,ACCEPTED,NA,ASIA,Khammouan,NA,Asia|Laos|Khammouan|Khounkham|Phouphamarn walking trail,2024,3,17,2024-03-17,77,77,NA,2025-10-16T00:00:00.000+00:00,2026-07-18T17:50:19.595+00:00,https://www.museum.kagoshima-u.ac.jp/hyouhonsitu.html,http://creativecommons.org/licenses/by/4.0/legalcode,FALSE,01f777f5-0713-4ade-8f50-31d2313de3bc,none,none,7b6590f0-c03f-409b-ae28-f443c1166d23,e9e6df05-e289-4a64-8ace-a4d5dbd168e4,FALSE,NA,NA,NA,NA,none,Magnoliopsida,LA,none,none,ASIA,Lao People’s Democratic Republic,ASIA,NA,01f777f5-0713-4ade-8f50-31d2313de3bc,Z1073,NA,NA,232,NA,Phouphamarn walking trail,NA,"Laos, Khammouan, Khounkham, Phouphamarn walking trail",6196925424,NA,KAG,01f777f5-0713-4ade-8f50-31d2313de3bc,NA,NA,KAG187480,KAG,NA,NA,NA,NA,Hopea ferrea Laness.,NA,NA,18.17615,104.48995,NA,5669141,Hopea ferrea,Hopea,ferrea,NA,NA,NA,WGS84,NA,NA,NA,NA,obtained using GPS machine,NA,NA,NA,NA,NA,Plantae|Tracheophyta|Magnoliopsida|Malvales|Dipterocarpaceae|Hopea|ferrea,NA,EN,NA,NA,405,NA,NA,NA,NA,NA,NA,NA,NA,NA,NA,NA,NA,NA,Khounkham,NA,NA,NA,NA,NA,NA,NA,NA,NA,NA,NA,NA,500,NA,NA,NA,NA,NA,NA,NA,NA,NA,NA,https://dbs.kaum.kagoshima-u.ac.jp/musedb/s_plant/picture/KAG187480/KAG187480.jpg,FALSE,ok
HERB_0231,sample_images/HERB_0231.jpg,4929021659,Thottea penitilobata Ding Hou,"cdc,cdround,gass84,incomis,inmafu",cd6e21c8-9e8a-493a-8a76-fbf7862069e5,061b4f20-f241-11da-a328-b8a03c50a862,17abcf75-2f1e-46dd-bf75-a5b21dd02655,996e30f8-f762-11e1-a439-00145eb45e9a,061b4f20-f241-11da-a328-b8a03c50a862,GB,DWC_ARCHIVE,2026-08-24T12:51:18.333+00:00,2026-08-24T20:51:01.086+00:00,539,PRESERVED_SPECIMEN,PRESENT,3588682,6,7707728,220,404,3066,7313558,3588682,Thottea penitilobata Ding Hou,Plantae,Tracheophyta,Piperales,Aristolochiaceae,Thottea,SPECIES,ACCEPTED,NA,ASIA,NA,NA,Rambai,2019,11,8,2019-11-08T00:00,312,312,NA,2026-01-25T18:17:20.613+00:00,2026-08-24T20:51:01.086+00:00,NA,http://creativecommons.org/licenses/by/4.0/legalcode,FALSE,K001935669,none,none,fa252605-26f6-426c-9892-94d071c2c77f,NA,TRUE,NA,"Lim, W.H.; Bazilah, I.; Watu, A.; Janagrun, E.; Azlan, P.; Clayton, J.",NA,NA,none,Magnoliopsida,BN,none,none,ASIA,Brunei Darussalam,EUROPE,NA,K001935669,LWH 54,NA,NA,539,NA,NA,NA,NA,4929021659,NA,Herbarium,http://specimens.kew.org/herbarium/K001935669,NA,NA,K001935669,K,NA,NA,NA,NA,Thottea penitilobata Ding Hou,NA,NA,4.534722,114.765,NA,3588682,Thottea penitilobata,Thottea,penitilobata,NA,NA,NA,WGS84,NA,NA,NA,NA,NA,NA,NA,NA,NA,NA,Aristolochiaceae,NA,NA,NA,NA,NA,NA,NA,NA,NA,NA,NA,NA,Rambai,NA,NA,NA,NA,NA,NA,NA,NA,NA,NA,NA,NA,NA,NA,NA,NA,NA,NA,NA,NA,NA,NA,NA,NA,NA,NA,NA,NA,NA,https://d2jcv3kl45hlgi.cloudfront.net/8bb5aa88bf81d690b85659cec77fb7d6.jpg,FALSE,ok
HERB_0232,sample_images/HERB_0232.jpg,2430565507,Strophanthus caudatus (L.) Kurz,,b5cdf794-8fa4-4a85-8b26-755d087bf531,2cd829bb-b713-433d-99cf-64bef11e5b3e,17abcf75-2f1e-46dd-bf75-a5b21dd02655,86c2834b-fcd6-418d-9b32-aca45110a0fe,2cd829bb-b713-433d-99cf-64bef11e5b3e,FR,EML,2026-08-13T15:27:43.858+00:00,2026-08-24T16:45:40.811+00:00,606,PRESERVED_SPECIMEN,PRESENT,3620496,6,7707728,220,412,6701,3169608,3620496,Strophanthus caudatus (L.) Kurz,Plantae,Tracheophyta,Gentianales,Apocynaceae,Strophanthus,SPECIES,ACCEPTED,NA,ASIA,kompong chhnang,none,NA,2019,2,25,2019-02-25,56,56,NA,2005-10-14T16:31:16.000+00:00,2026-08-24T16:45:40.811+00:00,NA,http://creativecommons.org/licenses/by/4.0/legalcode,FALSE,http://coldb.mnhn.fr/catalognumber/mnhn/p/p00915939,none,none,6a6ac6c5-1b8a-48db-91a2-f8661274ff80,bc3d39fd-a7d4-4763-b951-2bdeddd8a5d2,FALSE,NA,"Hul, S.|Eum, S.|Peou, Y.",Hul,hb,none,Magnoliopsida,KH,none,none,ASIA,Cambodia,EUROPE,NA,http://coldb.mnhn.fr/catalognumber/mnhn/p/p00915939,NA,NA,http://grbio.org/institution/museum-national-dhistoire-naturelle,654,NA,NA,7066,NA,2430565507,NA,P,http://coldb.mnhn.fr/catalognumber/mnhn/p/p00915939,NA,NA,P00915939,MNHN,NA,NA,NA,NA,Strophanthus caudatus (L.) Kurz,NA,NA,NA,NA,NA,3620496,Strophanthus caudatus,Strophanthus,caudatus,NA,NA,NA,NA,NA,NA,NA,NA,NA,NA,NA,NA,NA,NA,NA,NA,NA,NA,NA,NA,NA,NA,NA,NA,NA,NA,NA,NA,NA,NA,NA,NA,"""Arbuste lianescent de 7 m de haut. Feuilles opposées, largement elliptique ou obovale. Inflorescences en cymes terminales, sépales 5 pubérulents, pétales 5, blancs au centre, rétrécis en un long lobe linéaire, rouge foncé ; étamines 5 ; ovaire à 2 carpelles. Fruit : follicule """,Kompong Trâlach,"Ta Chés, Svay dak kav",NA,NA,NA,NA,NA,NA,NA,NA,NA,NA,NA,NA,NA,NA,NA,NA,NA,NA,NA,NA,NA,NA,https://mediaphoto.mnhn.fr/media/1579023257376IDpThedquEw8eQV6,TRUE,error
HERB_0233,sample_images/HERB_0233.jpg,2430565423,Mezoneuron hymenocarpum Wight & Arn. ex Prain,,b5cdf794-8fa4-4a85-8b26-755d087bf531,2cd829bb-b713-433d-99cf-64bef11e5b3e,17abcf75-2f1e-46dd-bf75-a5b21dd02655,86c2834b-fcd6-418d-9b32-aca45110a0fe,2cd829bb-b713-433d-99cf-64bef11e5b3e,FR,EML,2026-08-13T15:27:43.858+00:00,2026-08-24T16:45:43.220+00:00,606,PRESERVED_SPECIMEN,PRESENT,5354753,6,7707728,220,1370,5386,2944261,5354753,Mezoneuron hymenocarpum Wight & Arn. ex Prain,Plantae,Tracheophyta,Fabales,Fabaceae,Mezoneuron,SPECIES,ACCEPTED,NA,ASIA,mondulkiri,none,NA,2019,2,2,2019-02-02,33,33,NA,2020-01-14T18:34:06.000+00:00,2026-08-24T16:45:43.220+00:00,NA,http://creativecommons.org/licenses/by/4.0/legalcode,FALSE,http://coldb.mnhn.fr/catalognumber/mnhn/p/p00915899,none,none,6a6ac6c5-1b8a-48db-91a2-f8661274ff80,bc3d39fd-a7d4-4763-b951-2bdeddd8a5d2,FALSE,NA,"Hul, S.|Eum, S.|Peou, Y.",Hul,hb,none,Magnoliopsida,KH,none,none,ASIA,Cambodia,EUROPE,NA,http://coldb.mnhn.fr/catalognumber/mnhn/p/p00915899,NA,NA,http://grbio.org/institution/museum-national-dhistoire-naturelle,654,NA,NA,7025,NA,2430565423,NA,P,http://coldb.mnhn.fr/catalognumber/mnhn/p/p00915899,NA,NA,P00915899,MNHN,NA,NA,NA,NA,Mezoneuron hymenocarpum Wight & Arn. ex Prain,NA,NA,NA,NA,NA,5354753,Mezoneuron hymenocarpum,Mezoneuron,hymenocarpum,NA,NA,NA,NA,NA,NA,NA,NA,NA,NA,NA,NA,NA,NA,NA,NA,NA,NA,NA,NA,NA,NA,NA,NA,NA,NA,NA,NA,NA,NA,NA,NA,"""Arbuste lianescent, épineux. Feuilles à rachis épineux ; pennes 6-10 paires, à rachis épineux ; folioles 6-8 paires, arrondies-échancrées au sommet, asymétriques à la base. Gousse ailée, rouge devenant brun foncé à maturité ; graines 3 ou 4""",Pich chréada,Srè bome,NA,NA,NA,NA,NA,NA,NA,NA,NA,NA,NA,NA,NA,NA,NA,NA,NA,NA,NA,NA,NA,NA,https://mediaphoto.mnhn.fr/media/1579023246291VYriIyvRjCesgIWr,FALSE,error
HERB_0234,sample_images/HERB_0234.jpg,1144985354,Anemone tschernaewii Regel,"cdc,cucdmis,cum,txmatfuz",bf2a4bf0-5f31-11de-b67e-b8a03c50a862,98e934b0-5f31-11de-b67e-b8a03c50a862,"8e30b684-6a54-4aba-aa73-66201c2c736e,17abcf75-2f1e-46dd-bf75-a5b21dd02655",f6fe707e-cced-4efc-b5dc-be4c91b8180a,98e934b0-5f31-11de-b67e-b8a03c50a862,GB,DWC_ARCHIVE,2026-08-13T16:38:58.088+00:00,2026-08-24T20:20:38.904+00:00,445,PRESERVED_SPECIMEN,PRESENT,7890290,6,7707728,220,399,2410,3016227,7890290,Anemone tschernaewii Regel,Plantae,Tracheophyta,Ranunculales,Ranunculaceae,Anemone,SPECIES,ACCEPTED,NA,ASIA,Leninabad,NA,Northern Asia,2015,5,5,2015-05-05,125,125,NA,2023-12-06T10:07:34.000+00:00,2026-08-24T20:20:38.904+00:00,NA,http://creativecommons.org/publicdomain/zero/1.0/legalcode,FALSE,https://data.rbge.org.uk/herb/E00737278,none,none,0237598a-853a-492c-af74-a723fe251799,427c8cd7-4358-4a00-9ef3-2b2676d28d1e,FALSE,Edinburgh (E) Herbarium Specimens,"Second Edinburgh Kulob Expedition to Tajikistan,",NA,HERBARIUM SHEET,none,Magnoliopsida,TL,none,none,ASIA,Timor-Leste,EUROPE,NA,https://data.rbge.org.uk/herb/E00737278,12,"Growing in amongst grasses in rich soil with lots os stones;  Vegetation: Eremurus, Rosa,",https://scientific-collections.gbif.org/institution/0237598a-853a-492c-af74-a723fe251799,445,NA,"Tajikistan:Viloyati Leninobod (Khujand, Formerly Leninabad):Ansob pass taken right turning heading towards outstation",NA,NA,1144985354,NA,E,https://data.rbge.org.uk/herb/E00737278,PhysicalObject,NA,E00737278,RBGE,NA,NA,2527m,https://scientific-collections.gbif.org/collection/427c8cd7-4358-4a00-9ef3-2b2676d28d1e,Anemone tschernaewii Regel,NA,NA,39.049722,68.885,NA,7890290,Anemone tschernaewii,Anemone,tschernaewii,NA,NA,NA,WGS84,NA,ICBN,NA,NA,NA,NA,NA,NA,E,NA,NA,NA,NA,NA,NA,2527,0,NA,NA,NA,NA,NA,NA,NA,NA,NA,NA,NA,NA,NA,NA,NA,5th May 2015,NA,NA,NA,NA,NA,NA,NA,NA,NA,NA,NA,CC0,Royal Botanic Garden Edinburgh,743675,NA,NA,NA,NA,NA,NA,https://iiif.rbge.org.uk/herb/iiif/E00737278/manifest,FALSE,not_image
HERB_0235,sample_images/HERB_0235.jpg,6196923962,Lagerstroemia cochinchinensis Laness.,"colmafu,inmafu",1cbed1d0-f9ac-4b9e-bf3f-a26272bca39e,4fd82480-ea1c-11da-8db4-b8a03c50a862,NA,82d6992a-b20b-4e74-b6ac-6b971b2c485d,4fd82480-ea1c-11da-8db4-b8a03c50a862,JP,EML,2026-07-10T16:35:10.312+00:00,2026-07-18T17:50:38.416+00:00,222,PRESERVED_SPECIMEN,PRESENT,8126728,6,7707728,220,690,6684,3188723,8126728,Lagerstroemia cochinchinensis Laness.,Plantae,Tracheophyta,Myrtales,Lythraceae,Lagerstroemia,SPECIES,PROVISIONALLY_ACCEPTED,NA,ASIA,Khammouan,NA,Asia|Laos|Khammouan|Khounkham|Rock View Point walkway,2024,3,19,2024-03-19,79,79,NA,2025-10-16T00:00:00.000+00:00,2026-07-18T17:50:38.416+00:00,https://www.museum.kagoshima-u.ac.jp/hyouhonsitu.html,http://creativecommons.org/licenses/by/4.0/legalcode,FALSE,75d1af08-24da-4c0e-9df3-ac0d938d8952,none,none,7b6590f0-c03f-409b-ae28-f443c1166d23,e9e6df05-e289-4a64-8ace-a4d5dbd168e4,FALSE,NA,NA,NA,NA,none,Magnoliopsida,LA,none,none,ASIA,Lao People’s Democratic Republic,ASIA,NA,75d1af08-24da-4c0e-9df3-ac0d938d8952,Z1223,NA,NA,232,NA,Rock View Point walkway,NA,"Laos, Khammouan, Khounkham, Rock View Point walkway",6196923962,NA,KAG,75d1af08-24da-4c0e-9df3-ac0d938d8952,NA,NA,KAG187623,KAG,NA,NA,NA,NA,Lagerstroemia cochinchinensis Laness.,NA,NA,18.17906,104.48457,NA,8126728,Lagerstroemia cochinchinensis,Lagerstroemia,cochinchinensis,NA,NA,NA,WGS84,NA,NA,NA,NA,obtained using GPS machine,NA,NA,NA,NA,NA,Plantae|Tracheophyta|Magnoliopsida|Myrtales|Lythraceae|Lagerstroemia|cochinchinensis,NA,NA,NA,NA,435,NA,NA,NA,NA,NA,NA,NA,NA,NA,NA,NA,NA,NA,Khounkham,NA,NA,NA,NA,NA,NA,NA,NA,NA,NA,NA,NA,500,NA,NA,NA,NA,NA,NA,NA,NA,NA,NA,https://dbs.kaum.kagoshima-u.ac.jp/musedb/s_plant/picture/KAG187623/KAG187623.jpg,FALSE,ok
HERB_0236,sample_images/HERB_0236.jpg,5895916534,Mitrephora maingayi Hook.f. & Thomson,"cdc,cdround,colmafu,inmafu",902c8fe7-8f38-45b0-854e-c324fed36303,f5fc4e61-b7a0-414b-ab68-b41cb23e7fdc,NA,91d2f516-bdfa-458f-bad1-66717101b49f,f5fc4e61-b7a0-414b-ab68-b41cb23e7fdc,RU,EML,2026-08-21T18:06:57.852+00:00,2026-08-21T18:14:29.058+00:00,610,PRESERVED_SPECIMEN,PRESENT,3155088,6,7707728,220,718,9291,3155023,3155085,Mitrephora teysmannii Scheff.,Plantae,Tracheophyta,Magnoliales,Annonaceae,Mitrephora,SPECIES,SYNONYM,NA,ASIA,NA,NA,South Asia|South Asia (Asia outside ex-Soviet states and Mongolia)|Vietnam,2024,4,27,2024-04-27,118,118,NA,2026-01-15T11:41:29.000+00:00,2026-08-21T18:14:29.058+00:00,https://plant.depo.msu.ru/open/public/item/MW1048522,http://creativecommons.org/licenses/by/4.0/legalcode,FALSE,MW1048522,none,none,df27e63f-82b2-464e-9286-a96163c961c9,acf523b0-8c81-4813-a85d-2361a8b487d4,FALSE,Moscow Digital Herbarium,Nguyen H.C.,NA,herbarium specimen,none,Magnoliopsida,VN,none,none,ASIA,Viet Nam,EUROPE,Moscow State University,MW1048522,NA,NA,http://grbio.org/institution/moscow-state-university,610,NA,NA,NA,NA,5895916534,en | ru,MW,MW1048522,Physical Object,in collection,MW1048522,Moscow State University,NA,use under CC-BY 4.0,NA,urn:lsid:biocol.org:col:15550,Mitrephora maingayi Hook.f. & Thomson,NA,NA,22.461667,105.578056,https://rscf.ru/en/project/21-77-20042/,3155085,Mitrephora teysmannii,Mitrephora,maingayi,Kollektor,urn:lsid:biocol.org:col:15550:01,common practice of herbarium collecting,WGS84,Mitrephora maingayi Hook.fil. & Thomson,"International Code of Nomenclature for algae, fungi, and plants",manual verification,WGS84,no label data,MW1048522,363071212,363071213,MSU,"Seregin A. P. (Ed.). 2026. Specimen MW1048522 from the collection ""Moscow University Herbarium"" // Depository of Live Systems (branch ""Plants""): Electronic resource. – Moscow State University, Moscow. – Available at: https://plant.depo.mitotech.ru/open/public/item/MW1048522 (indicate access date).",Plantae | Tracheophyta | Magnoliopsida | Magnoliales | Annonaceae | Malmeoideae | Mitrephora,Mitrephora,NA,NA,NA,NA,NA,NA,NA,NA,NA,NA,NA,NA,NA,NA,NA,NA,NA,NA,NA,NA,NA,NA,NA,NA,NA,NA,NA,NA,NA,NA,NA,NA,NA,NA,NA,NA,NA,NA,NA,NA,NA,https://plant.depo.msu.ru/open/public/item/MW1048522/img/0.jpg?gbif,FALSE,ok
HERB_0237,sample_images/HERB_0237.jpg,6450153304,Solanum erianthum D.Don,"cdc,cdround,gass84,incomis,inmafu",cd6e21c8-9e8a-493a-8a76-fbf7862069e5,061b4f20-f241-11da-a328-b8a03c50a862,17abcf75-2f1e-46dd-bf75-a5b21dd02655,996e30f8-f762-11e1-a439-00145eb45e9a,061b4f20-f241-11da-a328-b8a03c50a862,GB,DWC_ARCHIVE,2026-08-24T12:51:18.333+00:00,2026-08-24T20:50:44.838+00:00,539,PRESERVED_SPECIMEN,PRESENT,2931461,6,7707728,220,1176,7717,2928997,2931461,Solanum erianthum D.Don,Plantae,Tracheophyta,Solanales,Solanaceae,Solanum,SPECIES,ACCEPTED,NA,ASIA,NA,NA,NA,2023,11,28,2023-11-28T00:00,332,332,NA,2026-07-21T12:28:13.417+00:00,2026-08-24T20:50:44.838+00:00,NA,http://creativecommons.org/licenses/by/4.0/legalcode,FALSE,K001934197,none,none,fa252605-26f6-426c-9892-94d071c2c77f,NA,FALSE,NA,"Yooprasert, S.; Tamura, M.N.; Fuse, S.; Tagane, S.; Takahashi, K.; Masuda, R.; Chamchumroon, V.; Suphuntee, N.; Taothong, P.",NA,NA,none,Magnoliopsida,TH,none,none,ASIA,Thailand,EUROPE,NA,K001934197,SY630,NA,NA,539,NA,"Tak, Phop Phra, Pa Wai Waterfall",NA,NA,6450153304,NA,Herbarium,http://specimens.kew.org/herbarium/K001934197,NA,NA,K001934197,K,NA,NA,NA,NA,Solanum erianthum D.Don,NA,NA,16.575,98.834167,NA,2931461,Solanum erianthum,Solanum,erianthum,NA,NA,NA,WGS84,NA,NA,NA,NA,NA,NA,NA,NA,NA,NA,Solanaceae,NA,LC,NA,NA,780,NA,NA,NA,NA,NA,NA,NA,NA,NA,NA,NA,NA,NA,NA,NA,NA,NA,NA,NA,NA,NA,NA,NA,NA,NA,NA,NA,NA,NA,NA,NA,NA,NA,NA,NA,NA,NA,https://d2jcv3kl45hlgi.cloudfront.net/2ff20cdb410b247fc03c5b4d2e718c22.jpg,FALSE,ok
HERB_0238,sample_images/HERB_0238.jpg,4907054583,Michelia tonkinensis A.Chev.,"osiic,colmano,inmafu",7bd65a7a-f762-11e1-a439-00145eb45e9a,90fd6680-349f-11d8-aa2d-b8a03c50a862,68e8e67a-43e6-44a3-8817-dc0e6b70f973,c4e134d3-c68f-406d-a116-6a37895602e0,90fd6680-349f-11d8-aa2d-b8a03c50a862,US,EML,2026-07-14T21:52:57.898+00:00,2026-07-18T23:14:39.083+00:00,437,PRESERVED_SPECIMEN,PRESENT,5939015,6,7707728,220,718,4690,2888195,7631076,Magnolia balansae Aug.DC.,Plantae,Tracheophyta,Magnoliales,Magnoliaceae,Magnolia,SPECIES,SYNONYM,2024-01-01T00:00:00,ASIA,NA,none,NA,2024,2,NA,2024-02,NA,NA,NA,2024-04-03T11:28:00.000+00:00,2026-07-18T23:14:39.083+00:00,NA,http://creativecommons.org/licenses/by/4.0/legalcode,FALSE,urn:catalog:MO:Tropicos:103511996,none,none,1be3aa67-8f90-4309-92f4-bd55426a8c09,NA,FALSE,Tropicos,Jan Salick,NA,NA,none,Magnoliopsida,VN,none,none,ASIA,Viet Nam,NORTH_AMERICA,Missouri Botanical Garden,urn:catalog:MO:Tropicos:103511996,10279,NA,NA,441,NA,Truck stop along the road.,2538483,NA,4907054583,NA,Tropicos,urn:catalog:MO:Tropicos:103511996,PhysicalObject,NA,103511996,MO,NA,NA,NA,http://biocol.org/urn:lsid:biocol.org:col:15859,Michelia tonkinensis A.Chev.,NA,NA,NA,NA,NA,7631076,Magnolia balansae,Michelia,tonkinensis,NA,NA,NA,NA,NA,ICNafp,NA,NA,NA,NA,NA,NA,MOBOT,http://www.tropicos.org/Specimen/103511996,NA,NA,NA,NA,1,NA,NA,No opinion,2016-01-28T15:41:27.000Z,19300503,MOBOT,http://digir.net/schema/conceptual/darwin/2003/1.0/darwin2.xsd,15000,NA,NA,NA,NA,NA,NA,NA,NA,NA,NA,NA,NA,NA,NA,NA,NA,NA,NA,NA,NA,NA,NA,NA,NA,NA,NA,NA,NA,NA,NA,https://images.mobot.org/tropicosimages6/detailimages/TropicosImagesVol6/102539000/A8FE640F-6D2B-4F97-9824-A9B264438775.jpg,FALSE,ok
HERB_0239,sample_images/HERB_0239.jpg,5106374573,Dimocarpus fumatus (Blume) Leenh.,,bf2a4bf0-5f31-11de-b67e-b8a03c50a862,98e934b0-5f31-11de-b67e-b8a03c50a862,"8e30b684-6a54-4aba-aa73-66201c2c736e,17abcf75-2f1e-46dd-bf75-a5b21dd02655",f6fe707e-cced-4efc-b5dc-be4c91b8180a,98e934b0-5f31-11de-b67e-b8a03c50a862,GB,DWC_ARCHIVE,2026-08-13T16:38:58.088+00:00,2026-08-24T20:20:15.315+00:00,445,PRESERVED_SPECIMEN,PRESENT,7265064,6,7707728,220,933,6657,3190007,7265064,Dimocarpus fumatus (Blume) Leenh.,Plantae,Tracheophyta,Sapindales,Sapindaceae,Dimocarpus,SPECIES,ACCEPTED,NA,ASIA,Sagaing,none,Myanmar (Burma),2019,3,29,2019-03-29,88,88,NA,2025-04-08T14:45:19.000+00:00,2026-08-24T20:20:15.315+00:00,NA,http://creativecommons.org/publicdomain/zero/1.0/legalcode,FALSE,https://data.rbge.org.uk/herb/E01537177,none,none,0237598a-853a-492c-af74-a723fe251799,427c8cd7-4358-4a00-9ef3-2b2676d28d1e,FALSE,Edinburgh (E) Herbarium Specimens,"Armstrong, Kathleen Ellen, Nwe, Thet Yu, Linn, Wah Wah, Pyae, Phoe La, Myint, Han Sein, Nge, Maung, Kyaung, Kyan, Nyo, Than, Maung, Maung & Kyi, Tote",NA,HERBARIUM SHEET,none,Magnoliopsida,MM,none,none,ASIA,Myanmar,EUROPE,NA,https://data.rbge.org.uk/herb/E01537177,4661,Growing in primary forest.,https://scientific-collections.gbif.org/institution/0237598a-853a-492c-af74-a723fe251799,445,NA,"Htamanthi Wildlife Sanctuary. Nam Khwe Daing stream, camp 1",NA,NA,5106374573,NA,E,https://data.rbge.org.uk/herb/E01537177,PhysicalObject,NA,E01537177,RBGE,NA,NA,NA,https://scientific-collections.gbif.org/collection/427c8cd7-4358-4a00-9ef3-2b2676d28d1e,Dimocarpus fumatus (Blume) Leenh.,NA,NA,NA,NA,NA,7265064,Dimocarpus fumatus,Dimocarpus,fumatus,NA,NA,NA,NA,NA,ICBN,NA,NA,NA,NA,NA,NA,E,NA,NA,NA,LC,NA,NA,NA,NA,NA,NA,NA,NA,NA,NA,NA,NA,NA,NA,NA,NA,Hkamti,NA,NA,29th March 2019,NA,NA,NA,NA,NA,NA,NA,NA,NA,NA,NA,CC0,Royal Botanic Garden Edinburgh,1755224,NA,NA,NA,NA,NA,NA,https://iiif.rbge.org.uk/herb/iiif/E01537177/manifest,FALSE,not_image
HERB_0240,sample_images/HERB_0240.jpg,3312498119,Lagochilus seravschanicus Knorring,"cdc,cucdmis,cum",bf2a4bf0-5f31-11de-b67e-b8a03c50a862,98e934b0-5f31-11de-b67e-b8a03c50a862,"8e30b684-6a54-4aba-aa73-66201c2c736e,17abcf75-2f1e-46dd-bf75-a5b21dd02655",f6fe707e-cced-4efc-b5dc-be4c91b8180a,98e934b0-5f31-11de-b67e-b8a03c50a862,GB,DWC_ARCHIVE,2026-08-13T16:38:58.088+00:00,2026-08-24T20:20:43.363+00:00,445,PRESERVED_SPECIMEN,PRESENT,7308200,6,7707728,220,408,2497,3233671,7308200,Lagochilus seravschanicus Knorring,Plantae,Tracheophyta,Lamiales,Lamiaceae,Lagochilus,SPECIES,ACCEPTED,NA,ASIA,NA,NA,Northern Asia,2018,8,10,2018-08-10,222,222,NA,2018-11-19T00:00:00.000+00:00,2026-08-24T20:20:43.363+00:00,NA,http://creativecommons.org/publicdomain/zero/1.0/legalcode,FALSE,https://data.rbge.org.uk/herb/E00898572,none,none,0237598a-853a-492c-af74-a723fe251799,427c8cd7-4358-4a00-9ef3-2b2676d28d1e,FALSE,Edinburgh (E) Herbarium Specimens,"Pamirs Expedition to Central Asia Tajikistan,",NA,HERBARIUM SHEET,none,Magnoliopsida,TL,none,none,ASIA,Timor-Leste,EUROPE,NA,https://data.rbge.org.uk/herb/E00898572,28,"South facing slope by road, growing in gritty loamy sand , by the side of the road.;  Vegetation: Thistle and acantholimon",https://scientific-collections.gbif.org/institution/0237598a-853a-492c-af74-a723fe251799,445,NA,"Tajikistan:Gorno Badakshan:20  km north east of Langar, end of Wahkan corridor going up toward the M41",NA,NA,3312498119,NA,E,https://data.rbge.org.uk/herb/E00898572,PhysicalObject,NA,E00898572,RBGE,NA,NA,3370m,https://scientific-collections.gbif.org/collection/427c8cd7-4358-4a00-9ef3-2b2676d28d1e,Lagochilus seravschanicus Knorring,NA,NA,37.134444,72.745,NA,7308200,Lagochilus seravschanicus,Lagochilus,seravschanicus,NA,NA,NA,WGS84,NA,ICBN,NA,NA,NA,NA,NA,NA,E,NA,NA,NA,NA,NA,NA,3370,0,NA,NA,NA,NA,NA,NA,NA,NA,NA,NA,NA,NA,NA,NA,NA,10th August 2018,NA,NA,NA,NA,NA,NA,NA,NA,NA,NA,NA,CC0,Royal Botanic Garden Edinburgh,927445,NA,NA,NA,NA,NA,NA,https://iiif.rbge.org.uk/herb/iiif/E00898572/manifest,FALSE,not_image
HERB_0241,sample_images/HERB_0241.jpg,6196923593,Pseudodissochaeta assamica (C.B.Clarke) M.P.Nayar,"colmafu,inmafu",1cbed1d0-f9ac-4b9e-bf3f-a26272bca39e,4fd82480-ea1c-11da-8db4-b8a03c50a862,NA,82d6992a-b20b-4e74-b6ac-6b971b2c485d,4fd82480-ea1c-11da-8db4-b8a03c50a862,JP,EML,2026-07-10T16:35:10.312+00:00,2026-07-18T17:50:15.218+00:00,222,PRESERVED_SPECIMEN,PRESENT,8618436,6,7707728,220,690,6683,3867947,8618436,Pseudodissochaeta assamica (C.B.Clarke) M.P.Nayar,Plantae,Tracheophyta,Myrtales,Melastomataceae,Pseudodissochaeta,SPECIES,ACCEPTED,NA,ASIA,Khammouan,NA,Asia|Laos|Khammouan|Khounkham|near Ban Nong Kok,2024,3,16,2024-03-16,76,76,NA,2025-10-16T00:00:00.000+00:00,2026-07-18T17:50:15.218+00:00,https://www.museum.kagoshima-u.ac.jp/hyouhonsitu.html,http://creativecommons.org/licenses/by/4.0/legalcode,FALSE,561426e6-fdd6-40c5-bc82-e4d6a3201e8a,none,none,7b6590f0-c03f-409b-ae28-f443c1166d23,e9e6df05-e289-4a64-8ace-a4d5dbd168e4,FALSE,NA,NA,NA,NA,none,Magnoliopsida,LA,none,none,ASIA,Lao People’s Democratic Republic,ASIA,NA,561426e6-fdd6-40c5-bc82-e4d6a3201e8a,Z877,NA,NA,232,NA,near Ban Nong Kok,NA,"Laos, Khammouan, Khounkham, near Ban Nong Kok",6196923593,NA,KAG,561426e6-fdd6-40c5-bc82-e4d6a3201e8a,NA,NA,KAG187289,KAG,NA,NA,NA,NA,Pseudodissochaeta assamica (C.B.Clarke) M.P.Nayar,NA,NA,18.20071,104.59438,NA,8618436,Pseudodissochaeta assamica,Pseudodissochaeta,assamica,NA,NA,NA,WGS84,NA,NA,NA,NA,obtained using GPS machine,NA,NA,NA,NA,NA,Plantae|Tracheophyta|Magnoliopsida|Myrtales|Melastomataceae|Pseudodissochaeta|assamica,NA,LC,NA,NA,606,NA,NA,NA,NA,NA,NA,NA,NA,NA,NA,NA,NA,NA,Khounkham,NA,NA,NA,NA,NA,NA,NA,NA,NA,NA,NA,NA,500,NA,NA,NA,NA,NA,NA,NA,NA,NA,NA,https://dbs.kaum.kagoshima-u.ac.jp/musedb/s_plant/picture/KAG187289/KAG187289.jpg,FALSE,ok
HERB_0242,sample_images/HERB_0242.jpg,4407742306,Orophea hastata King,"cdc,gass84",b5cdf794-8fa4-4a85-8b26-755d087bf531,2cd829bb-b713-433d-99cf-64bef11e5b3e,17abcf75-2f1e-46dd-bf75-a5b21dd02655,86c2834b-fcd6-418d-9b32-aca45110a0fe,2cd829bb-b713-433d-99cf-64bef11e5b3e,FR,EML,2026-08-13T15:27:43.858+00:00,2026-08-24T16:47:20.607+00:00,606,PRESERVED_SPECIMEN,PRESENT,3157906,6,7707728,220,718,9291,3157903,3157906,Orophea hastata King,Plantae,Tracheophyta,Magnoliales,Annonaceae,Orophea,SPECIES,ACCEPTED,NA,ASIA,NA,NA,NA,2022,12,6,2022-12-06,340,340,NA,2023-09-07T15:57:00.000+00:00,2026-08-24T16:47:20.607+00:00,NA,http://creativecommons.org/licenses/by/4.0/legalcode,FALSE,http://coldb.mnhn.fr/catalognumber/mnhn/p/p00877838,none,none,6a6ac6c5-1b8a-48db-91a2-f8661274ff80,bc3d39fd-a7d4-4763-b951-2bdeddd8a5d2,TRUE,NA,"Thomas, D.C.|Niissalo, M.",NA,hb,none,Magnoliopsida,SG,none,none,ASIA,Singapore,EUROPE,NA,http://coldb.mnhn.fr/catalognumber/mnhn/p/p00877838,NA,NA,http://grbio.org/institution/museum-national-dhistoire-naturelle,654,NA,NA,3496,"Bkt Timah NR, Fern Valley",4407742306,NA,P,http://coldb.mnhn.fr/catalognumber/mnhn/p/p00877838,NA,NA,P00877838,MNHN,NA,NA,NA,NA,Orophea hastata King,NA,NA,1.35306,103.77556,NA,3157906,Orophea hastata,Orophea,hastata,NA,NA,NA,WGS84,NA,NA,NA,NA,NA,NA,NA,NA,NA,NA,NA,NA,LC,NA,NA,91,NA,NA,NA,NA,NA,NA,NA,NA,NA,NA,NA,3108.291295125446,NA,NA,NA,NA,NA,NA,NA,NA,NA,NA,NA,NA,NA,NA,NA,NA,NA,NA,NA,NA,NA,NA,NA,NA,NA,https://mediaphoto.mnhn.fr/media/16940950204121RPWJJ2wFcdzpRiq,FALSE,error
HERB_0243,sample_images/HERB_0243.jpg,3312498142,Allardia tomentosa Decne.,"cdc,cucdmis,cum",bf2a4bf0-5f31-11de-b67e-b8a03c50a862,98e934b0-5f31-11de-b67e-b8a03c50a862,"8e30b684-6a54-4aba-aa73-66201c2c736e,17abcf75-2f1e-46dd-bf75-a5b21dd02655",f6fe707e-cced-4efc-b5dc-be4c91b8180a,98e934b0-5f31-11de-b67e-b8a03c50a862,GB,DWC_ARCHIVE,2026-08-13T16:38:58.088+00:00,2026-08-24T20:20:58.235+00:00,445,PRESERVED_SPECIMEN,PRESENT,5406271,6,7707728,220,414,3065,10767807,9325941,Allardia tomentosa DC.,Plantae,Tracheophyta,Asterales,Asteraceae,Allardia,SPECIES,SYNONYM,NA,ASIA,NA,NA,Northern Asia,2018,8,12,2018-08-12,224,224,NA,2020-05-01T01:00:00.000+00:00,2026-08-24T20:20:58.235+00:00,NA,http://creativecommons.org/publicdomain/zero/1.0/legalcode,FALSE,https://data.rbge.org.uk/herb/E00898578,none,none,0237598a-853a-492c-af74-a723fe251799,427c8cd7-4358-4a00-9ef3-2b2676d28d1e,FALSE,Edinburgh (E) Herbarium Specimens,"Pamirs Expedition to Central Asia Tajikistan,",NA,HERBARIUM SHEET,none,Magnoliopsida,TL,none,none,ASIA,Timor-Leste,EUROPE,NA,https://data.rbge.org.uk/herb/E00898578,53,North facing rocky outcrop plants growing in scree and on ledges.;  Vegetation: Mostly on their own,https://scientific-collections.gbif.org/institution/0237598a-853a-492c-af74-a723fe251799,445,NA,"Tajikistan:Gorno Badakshan:22 km north west of Murgab, in the Pashadara valley.",NA,NA,3312498142,NA,E,https://data.rbge.org.uk/herb/E00898578,PhysicalObject,NA,E00898578,RBGE,NA,NA,4450m,https://scientific-collections.gbif.org/collection/427c8cd7-4358-4a00-9ef3-2b2676d28d1e,Allardia tomentosa Decne.,NA,NA,38.233333,73.813056,NA,9325941,Allardia tomentosa,Allardia,tomentosa,NA,NA,NA,WGS84,NA,ICBN,NA,NA,NA,NA,NA,NA,E,NA,NA,NA,NA,NA,NA,4450,0,NA,NA,NA,NA,NA,NA,NA,NA,NA,NA,NA,NA,NA,NA,NA,12th August 2018,NA,NA,NA,NA,NA,NA,NA,NA,NA,NA,NA,CC0,Royal Botanic Garden Edinburgh,927451,NA,NA,NA,NA,NA,NA,https://iiif.rbge.org.uk/herb/iiif/E00898578/manifest,FALSE,not_image
HERB_0244,sample_images/HERB_0244.jpg,6196925098,Connarus semidecandrus Jack,"colmafu,inmafu",1cbed1d0-f9ac-4b9e-bf3f-a26272bca39e,4fd82480-ea1c-11da-8db4-b8a03c50a862,NA,82d6992a-b20b-4e74-b6ac-6b971b2c485d,4fd82480-ea1c-11da-8db4-b8a03c50a862,JP,EML,2026-07-10T16:35:10.312+00:00,2026-07-18T17:50:19.119+00:00,222,PRESERVED_SPECIMEN,PRESENT,3032532,6,7707728,220,7224021,6669,3032531,3032532,Connarus semidecandrus Jack,Plantae,Tracheophyta,Oxalidales,Connaraceae,Connarus,SPECIES,ACCEPTED,NA,ASIA,Khammouan,NA,Asia|Laos|Khammouan|Khounkham,2024,3,19,2024-03-19,79,79,NA,2025-10-16T00:00:00.000+00:00,2026-07-18T17:50:19.119+00:00,https://www.museum.kagoshima-u.ac.jp/hyouhonsitu.html,http://creativecommons.org/licenses/by/4.0/legalcode,FALSE,f8780e12-787d-4e46-92ea-c025b95c145b,none,none,7b6590f0-c03f-409b-ae28-f443c1166d23,e9e6df05-e289-4a64-8ace-a4d5dbd168e4,FALSE,NA,NA,NA,NA,none,Magnoliopsida,LA,none,none,ASIA,Lao People’s Democratic Republic,ASIA,NA,f8780e12-787d-4e46-92ea-c025b95c145b,Z1243,NA,NA,232,NA,NA,NA,"Laos, Khammouan, Khounkham",6196925098,NA,KAG,f8780e12-787d-4e46-92ea-c025b95c145b,NA,NA,KAG187643,KAG,NA,NA,NA,NA,Connarus semidecandrus Jack,NA,NA,18.16623,104.47261,NA,3032532,Connarus semidecandrus,Connarus,semidecandrus,NA,NA,NA,WGS84,NA,NA,NA,NA,obtained using GPS machine,NA,NA,NA,NA,NA,Plantae|Tracheophyta|Magnoliopsida|Oxalidales|Connaraceae|Connarus|semidecandrus,NA,LC,NA,NA,147,NA,NA,NA,NA,NA,NA,NA,NA,NA,NA,NA,NA,NA,Khounkham,NA,NA,NA,NA,NA,NA,NA,NA,NA,NA,NA,NA,500,NA,NA,NA,NA,NA,NA,NA,NA,NA,NA,https://dbs.kaum.kagoshima-u.ac.jp/musedb/s_plant/picture/KAG187643/KAG187643.jpg,FALSE,ok
HERB_0245,sample_images/HERB_0245.jpg,4938753242,Vitex vestita Wall. ex Walp.,"cdc,cdround,gass84,incomis,inmafu",cd6e21c8-9e8a-493a-8a76-fbf7862069e5,061b4f20-f241-11da-a328-b8a03c50a862,17abcf75-2f1e-46dd-bf75-a5b21dd02655,996e30f8-f762-11e1-a439-00145eb45e9a,061b4f20-f241-11da-a328-b8a03c50a862,GB,DWC_ARCHIVE,2026-08-24T12:51:18.333+00:00,2026-08-24T20:50:07.436+00:00,539,PRESERVED_SPECIMEN,PRESENT,9153571,6,7707728,220,408,2497,2925556,9153571,Vitex vestita Wall. ex Walp.,Plantae,Tracheophyta,Lamiales,Lamiaceae,Vitex,SPECIES,ACCEPTED,NA,ASIA,NA,NA,NA,2019,11,10,2019-11-10T00:00,314,314,NA,2026-01-25T18:17:20.613+00:00,2026-08-24T20:50:07.436+00:00,NA,http://creativecommons.org/licenses/by/4.0/legalcode,FALSE,K001893903,none,none,fa252605-26f6-426c-9892-94d071c2c77f,NA,TRUE,NA,"Lim, W.H.; Bazilah, I.; Watu, A.; Janagrun, E.; Azlan, P.; Clayton, J.",NA,NA,none,Magnoliopsida,BN,none,none,ASIA,Brunei Darussalam,EUROPE,NA,K001893903,LWH 119,NA,NA,539,NA,"Rambai, Kpg Belabau",NA,NA,4938753242,NA,Herbarium,http://specimens.kew.org/herbarium/K001893903,NA,NA,K001893903,K,NA,NA,NA,NA,Vitex vestita Wall. ex Walp.,NA,NA,4.474167,114.7925,NA,9153571,Vitex vestita,Vitex,vestita,NA,NA,NA,WGS84,NA,NA,NA,NA,NA,NA,NA,NA,NA,NA,Lamiaceae,NA,NA,NA,NA,NA,NA,NA,NA,NA,NA,NA,NA,NA,NA,NA,NA,NA,NA,NA,NA,NA,NA,NA,NA,NA,NA,NA,NA,NA,NA,NA,NA,NA,NA,NA,NA,NA,NA,NA,NA,NA,NA,https://d2jcv3kl45hlgi.cloudfront.net/9c8cfe512ffeacdb44258589bbd05c7b.jpg,FALSE,ok
HERB_0246,sample_images/HERB_0246.jpg,5106374564,Phoebe lanceolata (Nees) Nees,,bf2a4bf0-5f31-11de-b67e-b8a03c50a862,98e934b0-5f31-11de-b67e-b8a03c50a862,"8e30b684-6a54-4aba-aa73-66201c2c736e,17abcf75-2f1e-46dd-bf75-a5b21dd02655",f6fe707e-cced-4efc-b5dc-be4c91b8180a,98e934b0-5f31-11de-b67e-b8a03c50a862,GB,DWC_ARCHIVE,2026-08-13T16:38:58.088+00:00,2026-08-24T20:20:25.292+00:00,445,PRESERVED_SPECIMEN,PRESENT,5685051,6,7707728,220,407,6688,3034093,5685051,Phoebe lanceolata (Nees) Nees,Plantae,Tracheophyta,Laurales,Lauraceae,Phoebe,SPECIES,ACCEPTED,NA,ASIA,Sagaing,none,Myanmar (Burma),2019,3,21,2019-03-21,80,80,NA,2025-04-08T13:18:58.000+00:00,2026-08-24T20:20:25.292+00:00,NA,http://creativecommons.org/publicdomain/zero/1.0/legalcode,FALSE,https://data.rbge.org.uk/herb/E01537131,none,none,0237598a-853a-492c-af74-a723fe251799,427c8cd7-4358-4a00-9ef3-2b2676d28d1e,FALSE,Edinburgh (E) Herbarium Specimens,"Armstrong, Kathleen Ellen, Nwe, Thet Yu, Kramer, Marshall, Linn, Wah Wah, Khaing, Myo, Myint, Thar, Pyae, Phoe La, Kyi, Aung, Nyo, Kyi, Myint, Han Sein, Nge, Maung & Oo, Myint",NA,HERBARIUM SHEET,none,Magnoliopsida,MM,none,none,ASIA,Myanmar,EUROPE,NA,https://data.rbge.org.uk/herb/E01537131,4574,Growing in primary forest.,https://scientific-collections.gbif.org/institution/0237598a-853a-492c-af74-a723fe251799,445,NA,"Htamanthi Wildlife Sanctuary. Nam Phi Lin stream, camp 1",NA,NA,5106374564,NA,E,https://data.rbge.org.uk/herb/E01537131,PhysicalObject,NA,E01537131,RBGE,NA,NA,NA,https://scientific-collections.gbif.org/collection/427c8cd7-4358-4a00-9ef3-2b2676d28d1e,Phoebe lanceolata (Nees) Nees,NA,NA,NA,NA,NA,5685051,Phoebe lanceolata,Phoebe,lanceolata,NA,NA,NA,NA,NA,ICBN,NA,NA,NA,NA,NA,NA,E,NA,NA,NA,LC,NA,NA,NA,NA,NA,NA,NA,NA,NA,NA,NA,NA,NA,NA,NA,NA,Hkamti,NA,NA,21st March 2019,NA,NA,NA,NA,NA,NA,NA,NA,NA,NA,NA,CC0,Royal Botanic Garden Edinburgh,1737566,NA,NA,NA,NA,NA,NA,https://iiif.rbge.org.uk/herb/iiif/E01537131/manifest,FALSE,not_image
HERB_0247,sample_images/HERB_0247.jpg,6196924135,Antidesma ghaesembilla Gaertn.,"colmafu,inmafu",1cbed1d0-f9ac-4b9e-bf3f-a26272bca39e,4fd82480-ea1c-11da-8db4-b8a03c50a862,NA,82d6992a-b20b-4e74-b6ac-6b971b2c485d,4fd82480-ea1c-11da-8db4-b8a03c50a862,JP,EML,2026-07-10T16:35:10.312+00:00,2026-07-18T17:50:17.016+00:00,222,PRESERVED_SPECIMEN,PRESENT,3076438,6,7707728,220,1414,8807,2874170,3076438,Antidesma ghaesembilla Gaertn.,Plantae,Tracheophyta,Malpighiales,Phyllanthaceae,Antidesma,SPECIES,ACCEPTED,NA,ASIA,Kien Giang,NA,Asia|Vietnam|Kien Giang|Kien Luong Dist.|Binh An,2024,5,24,2024-05-24,145,145,NA,2025-10-16T00:00:00.000+00:00,2026-07-18T17:50:17.016+00:00,https://www.museum.kagoshima-u.ac.jp/hyouhonsitu.html,http://creativecommons.org/licenses/by/4.0/legalcode,FALSE,67849397-37a6-4e91-9b27-0d1bc4840468,none,none,7b6590f0-c03f-409b-ae28-f443c1166d23,e9e6df05-e289-4a64-8ace-a4d5dbd168e4,FALSE,NA,NA,NA,NA,none,Magnoliopsida,VN,none,none,ASIA,Viet Nam,ASIA,NA,67849397-37a6-4e91-9b27-0d1bc4840468,N534,NA,NA,232,NA,Binh An,NA,"Vietnam, Kien Giang, Kien Luong Dist., Binh An",6196924135,NA,KAG,67849397-37a6-4e91-9b27-0d1bc4840468,NA,NA,KAG188637,KAG,NA,NA,NA,NA,Antidesma ghaesembilla Gaertn.,NA,NA,10.15577,104.60976,NA,3076438,Antidesma ghaesembilla,Antidesma,ghaesembilla,NA,NA,NA,WGS84,NA,NA,NA,NA,obtained using GPS machine,NA,NA,NA,NA,NA,Plantae|Tracheophyta|Magnoliopsida|Malpighiales|Phyllanthaceae|Antidesma|ghaesembilla,NA,LC,NA,NA,40,NA,NA,NA,NA,NA,NA,NA,NA,NA,NA,NA,NA,NA,Kien Luong Dist.,NA,NA,NA,NA,NA,NA,NA,NA,NA,NA,NA,NA,500,NA,NA,NA,NA,NA,NA,NA,NA,NA,NA,https://dbs.kaum.kagoshima-u.ac.jp/musedb/s_plant/picture/KAG188637/KAG188637.jpg,FALSE,ok
HERB_0248,sample_images/HERB_0248.jpg,4607894505,Uncaria gambir (W.Hunter) Roxb.,"incomis,inmafu",cd6e21c8-9e8a-493a-8a76-fbf7862069e5,061b4f20-f241-11da-a328-b8a03c50a862,17abcf75-2f1e-46dd-bf75-a5b21dd02655,996e30f8-f762-11e1-a439-00145eb45e9a,061b4f20-f241-11da-a328-b8a03c50a862,GB,DWC_ARCHIVE,2026-08-24T12:51:18.333+00:00,2026-08-24T20:49:55.297+00:00,539,PRESERVED_SPECIMEN,PRESENT,5338190,6,7707728,220,412,8798,2906635,5338190,Uncaria gambir (W.Hunter) Roxb.,Plantae,Tracheophyta,Gentianales,Rubiaceae,Uncaria,SPECIES,ACCEPTED,NA,ASIA,NA,none,NA,2022,10,19,2022-10-19T00:00,292,292,NA,2026-01-25T18:17:20.613+00:00,2026-08-24T20:49:55.297+00:00,NA,http://creativecommons.org/licenses/by/4.0/legalcode,FALSE,K001871905,none,none,fa252605-26f6-426c-9892-94d071c2c77f,NA,FALSE,NA,"Lim, R.C.J.",NA,NA,none,Magnoliopsida,SG,none,none,ASIA,Singapore,EUROPE,NA,K001871905,SING 2022-997,NA,NA,539,NA,NA,NA,NA,4607894505,NA,Herbarium,http://specimens.kew.org/herbarium/K001871905,NA,NA,K001871905,K,NA,NA,NA,NA,Uncaria gambir (W.Hunter) Roxb.,NA,NA,NA,NA,NA,5338190,Uncaria gambir,Uncaria,gambir,NA,NA,NA,NA,NA,NA,NA,NA,NA,NA,NA,NA,NA,NA,Rubiaceae,NA,NA,NA,NA,NA,NA,NA,NA,NA,NA,NA,NA,NA,NA,NA,NA,NA,NA,NA,NA,NA,NA,NA,NA,NA,NA,NA,NA,NA,NA,NA,NA,NA,NA,NA,NA,NA,NA,NA,NA,NA,NA,https://d2jcv3kl45hlgi.cloudfront.net/86409c3be7fc967c195fef9b97c2233d.jpg,FALSE,ok
HERB_0249,sample_images/HERB_0249.jpg,4979413955,Brookea tomentosa Benth.,"cdc,txmatfuz",bf2a4bf0-5f31-11de-b67e-b8a03c50a862,98e934b0-5f31-11de-b67e-b8a03c50a862,"8e30b684-6a54-4aba-aa73-66201c2c736e,17abcf75-2f1e-46dd-bf75-a5b21dd02655",f6fe707e-cced-4efc-b5dc-be4c91b8180a,98e934b0-5f31-11de-b67e-b8a03c50a862,GB,DWC_ARCHIVE,2026-08-13T16:38:58.088+00:00,2026-08-24T20:21:00.723+00:00,445,PRESERVED_SPECIMEN,PRESENT,3732775,6,7707728,220,408,2420,7332427,3732775,Brookea tomentosa Benth.,Plantae,Tracheophyta,Lamiales,Plantaginaceae,Brookea,SPECIES,ACCEPTED,NA,ASIA,Sarawak,NA,Malay Islands,2024,2,29,2024-02-29,60,60,NA,2026-02-02T12:20:53.000+00:00,2026-08-24T20:21:00.723+00:00,NA,http://creativecommons.org/publicdomain/zero/1.0/legalcode,FALSE,https://data.rbge.org.uk/herb/E01494516,none,none,0237598a-853a-492c-af74-a723fe251799,427c8cd7-4358-4a00-9ef3-2b2676d28d1e,FALSE,Edinburgh (E) Herbarium Specimens,"Wilkie, Peter, Sundue, Michael, Barber, Sadie, Jawa, Rantai & Angkabau, Johnny",NA,HERBARIUM SHEET|Silica-dried,none,Magnoliopsida,MY,none,none,ASIA,Malaysia,EUROPE,NA,https://data.rbge.org.uk/herb/E01494516,S.110683,Large skid trail in highly disturbed lowland mixed dipterocarp forest,https://scientific-collections.gbif.org/institution/0237598a-853a-492c-af74-a723fe251799,445,NA,Kapit Forest Management Unit (FMU),NA,NA,4979413955,NA,E,https://data.rbge.org.uk/herb/E01494516,PhysicalObject,NA,E01494516,RBGE,NA,NA,NA,https://scientific-collections.gbif.org/collection/427c8cd7-4358-4a00-9ef3-2b2676d28d1e,Brookea tomentosa Benth.,NA,NA,1.823772,112.916347,NA,3732775,Brookea tomentosa,Brookea,tomentosa,NA,NA,NA,WGS84,NA,ICBN,NA,NA,NA,NA,NA,NA,E,NA,NA,NA,NA,NA,NA,NA,NA,NA,NA,NA,NA,NA,NA,NA,NA,NA,NA,NA,NA,NA,NA,NA,29th February 2024,NA,NA,NA,NA,NA,NA,NA,NA,NA,NA,NA,CC0,Royal Botanic Garden Edinburgh,1571832,NA,NA,NA,NA,NA,NA,https://iiif.rbge.org.uk/herb/iiif/E01494516/manifest,FALSE,not_image
HERB_0250,sample_images/HERB_0250.jpg,5895916706,Myristica borneensis Warb.,"cdc,cdround,colmafu,inmafu",902c8fe7-8f38-45b0-854e-c324fed36303,f5fc4e61-b7a0-414b-ab68-b41cb23e7fdc,NA,91d2f516-bdfa-458f-bad1-66717101b49f,f5fc4e61-b7a0-414b-ab68-b41cb23e7fdc,RU,EML,2026-08-21T18:06:57.852+00:00,2026-08-21T18:14:29.380+00:00,610,PRESERVED_SPECIMEN,PRESENT,8207889,6,7707728,220,718,2439,3152840,8207889,Myristica borneensis Warb.,Plantae,Tracheophyta,Magnoliales,Myristicaceae,Myristica,SPECIES,ACCEPTED,NA,ASIA,NA,NA,South Asia|South Asia (Asia outside ex-Soviet states and Mongolia)|Brunei,2019,7,5,2019-07-05,186,186,NA,2025-12-18T11:15:51.000+00:00,2026-08-21T18:14:29.380+00:00,https://plant.depo.msu.ru/open/public/item/MW1048523,http://creativecommons.org/licenses/by/4.0/legalcode,FALSE,MW1048523,none,none,df27e63f-82b2-464e-9286-a96163c961c9,acf523b0-8c81-4813-a85d-2361a8b487d4,FALSE,Moscow Digital Herbarium,Nuraliev M.S.,NA,herbarium specimen,none,Magnoliopsida,BN,none,none,ASIA,Brunei Darussalam,EUROPE,Moscow State University,MW1048523,NA,NA,http://grbio.org/institution/moscow-state-university,610,NA,NA,NA,NA,5895916706,en | ru,MW,MW1048523,Physical Object,in collection,MW1048523,Moscow State University,NA,use under CC-BY 4.0,NA,urn:lsid:biocol.org:col:15550,Myristica borneensis Warb.,NA,NA,4.956389,114.85,https://rscf.ru/en/project/21-77-20042/,8207889,Myristica borneensis,Myristica,borneensis,Kollektor,urn:lsid:biocol.org:col:15550:01,common practice of herbarium collecting,WGS84,Myristica borneensis Warb.,"International Code of Nomenclature for algae, fungi, and plants",manual verification,WGS84,no label data,MW1048523,78796144,363043411,MSU,"Seregin A. P. (Ed.). 2026. Specimen MW1048523 from the collection ""Moscow University Herbarium"" // Depository of Live Systems (branch ""Plants""): Electronic resource. – Moscow State University, Moscow. – Available at: https://plant.depo.mitotech.ru/open/public/item/MW1048523 (indicate access date).",Plantae | Tracheophyta | Magnoliopsida | Magnoliales | Myristicaceae | Myristica,Myristica,LC,NA,NA,NA,NA,NA,NA,NA,NA,NA,NA,NA,NA,NA,NA,NA,NA,NA,NA,NA,NA,NA,NA,NA,NA,NA,NA,NA,NA,NA,NA,NA,NA,NA,NA,NA,NA,NA,NA,NA,NA,https://plant.depo.msu.ru/open/public/item/MW1048523/img/0.jpg?gbif,FALSE,ok
HERB_0251,sample_images/HERB_0251.jpg,3312514736,Ribes nigrum L.,cum,bf2a4bf0-5f31-11de-b67e-b8a03c50a862,98e934b0-5f31-11de-b67e-b8a03c50a862,"8e30b684-6a54-4aba-aa73-66201c2c736e,17abcf75-2f1e-46dd-bf75-a5b21dd02655",f6fe707e-cced-4efc-b5dc-be4c91b8180a,98e934b0-5f31-11de-b67e-b8a03c50a862,GB,DWC_ARCHIVE,2026-08-13T16:38:58.088+00:00,2026-08-24T20:20:47.171+00:00,445,PRESERVED_SPECIMEN,PRESENT,2986192,6,7707728,220,7219248,2403,2986095,2986192,Ribes nigrum L.,Plantae,Tracheophyta,Saxifragales,Grossulariaceae,Ribes,SPECIES,ACCEPTED,NA,ASIA,NA,none,Northern Asia,2018,8,8,2018-08-08,220,220,NA,2019-02-11T00:00:00.000+00:00,2026-08-24T20:20:47.171+00:00,NA,http://creativecommons.org/publicdomain/zero/1.0/legalcode,FALSE,https://data.rbge.org.uk/herb/E00947031,none,none,0237598a-853a-492c-af74-a723fe251799,427c8cd7-4358-4a00-9ef3-2b2676d28d1e,FALSE,Edinburgh (E) Herbarium Specimens,"Pamirs Expedition to Central Asia Tajikistan,",NA,HERBARIUM SHEET,none,Magnoliopsida,TL,none,none,ASIA,Timor-Leste,EUROPE,NA,https://data.rbge.org.uk/herb/E00947031,11,"Bush at side of road with roses, in grassy granitic slopes.",https://scientific-collections.gbif.org/institution/0237598a-853a-492c-af74-a723fe251799,445,NA,"Tajikistan:Gorno Badakshan:About 20 km south of Khorog, between Nishop and Andarob up a valley by a stream Bejundara",NA,NA,3312514736,NA,E,https://data.rbge.org.uk/herb/E00947031,PhysicalObject,NA,E00947031,RBGE,NA,NA,2500m,https://scientific-collections.gbif.org/collection/427c8cd7-4358-4a00-9ef3-2b2676d28d1e,Ribes nigrum L.,NA,NA,NA,NA,NA,2986192,Ribes nigrum,Ribes,nigrum,NA,NA,NA,NA,NA,ICBN,NA,NA,NA,NA,NA,NA,E,NA,NA,NA,NA,NA,NA,2500,0,NA,NA,NA,NA,NA,NA,NA,NA,NA,NA,NA,NA,NA,NA,NA,8th August 2018,NA,NA,NA,NA,NA,NA,NA,NA,NA,NA,NA,CC0,Royal Botanic Garden Edinburgh,939048,NA,NA,NA,NA,NA,NA,https://iiif.rbge.org.uk/herb/iiif/E00947031/manifest,FALSE,not_image
HERB_0252,sample_images/HERB_0252.jpg,6450122306,Clematis burmanica Lace,"cdc,cdround,gass84,incomis,inmafu",cd6e21c8-9e8a-493a-8a76-fbf7862069e5,061b4f20-f241-11da-a328-b8a03c50a862,17abcf75-2f1e-46dd-bf75-a5b21dd02655,996e30f8-f762-11e1-a439-00145eb45e9a,061b4f20-f241-11da-a328-b8a03c50a862,GB,DWC_ARCHIVE,2026-08-24T12:51:18.333+00:00,2026-08-24T20:51:23.640+00:00,539,PRESERVED_SPECIMEN,PRESENT,3923458,6,7707728,220,399,2410,3033512,3923458,Clematis burmanica Lace,Plantae,Tracheophyta,Ranunculales,Ranunculaceae,Clematis,SPECIES,ACCEPTED,NA,ASIA,NA,NA,NA,2023,11,25,2023-11-25T00:00,329,329,NA,2026-07-21T12:28:13.723+00:00,2026-08-24T20:51:23.640+00:00,NA,http://creativecommons.org/licenses/by/4.0/legalcode,FALSE,K001934224,none,none,fa252605-26f6-426c-9892-94d071c2c77f,NA,TRUE,NA,"Yooprasert, S.; Tamura, M.N.; Fuse, S.; Tagane, S.; Takahashi, K.; Masuda, R.; Chamchumroon, V.; Suphuntee, N.; Taothong, P.",NA,NA,none,Magnoliopsida,TH,none,none,ASIA,Thailand,EUROPE,NA,K001934224,SY581,NA,NA,539,NA,"Tak, Umphang, , , , Doi Hua Mot ",NA,NA,6450122306,NA,Herbarium,http://specimens.kew.org/herbarium/K001934224,NA,NA,K001934224,K,NA,NA,NA,NA,Clematis burmanica Lace,NA,NA,15.953333,98.8575,NA,3923458,Clematis burmanica,Clematis,burmanica,NA,NA,NA,WGS84,NA,NA,NA,NA,NA,NA,NA,NA,NA,NA,Ranunculaceae,NA,NA,NA,NA,910,NA,NA,NA,NA,NA,NA,NA,NA,NA,NA,NA,NA,NA,NA,NA,NA,NA,NA,NA,NA,NA,NA,NA,NA,NA,NA,NA,NA,NA,NA,NA,NA,NA,NA,NA,NA,NA,https://d2jcv3kl45hlgi.cloudfront.net/9cc554bf7de990fff703442a02e50600.jpg,FALSE,ok
HERB_0253,sample_images/HERB_0253.jpg,4858957921,Iodes cirrhosa Turcz.,"cdc,cdround,gass84,incomis,inmafu",cd6e21c8-9e8a-493a-8a76-fbf7862069e5,061b4f20-f241-11da-a328-b8a03c50a862,17abcf75-2f1e-46dd-bf75-a5b21dd02655,996e30f8-f762-11e1-a439-00145eb45e9a,061b4f20-f241-11da-a328-b8a03c50a862,GB,DWC_ARCHIVE,2026-08-24T12:51:18.333+00:00,2026-08-24T20:50:00.834+00:00,539,PRESERVED_SPECIMEN,PRESENT,5529383,6,7707728,220,7223732,2513,3234373,5529383,Iodes cirrhosa Turcz.,Plantae,Tracheophyta,Icacinales,Icacinaceae,Iodes,SPECIES,ACCEPTED,NA,ASIA,NA,NA,Mueang,2022,6,16,2022-06-16T00:00,167,167,NA,2026-01-25T18:17:20.613+00:00,2026-08-24T20:50:00.834+00:00,NA,http://creativecommons.org/licenses/by/4.0/legalcode,FALSE,K001930419,none,none,fa252605-26f6-426c-9892-94d071c2c77f,NA,TRUE,NA,"Yooprasert, S.; Poopath, M.; Sirimongkol, S.; Krachangyut, P.; Thaothawin, P.",NA,NA,none,Magnoliopsida,TH,none,none,ASIA,Thailand,EUROPE,NA,K001930419,SY 366,NA,NA,539,NA,Trail behind Wat Ban Song Khwae.,NA,NA,4858957921,NA,Herbarium,http://specimens.kew.org/herbarium/K001930419,NA,NA,K001930419,K,NA,NA,NA,NA,Iodes cirrhosa Turcz.,NA,NA,18.863611,100.631111,NA,5529383,Iodes cirrhosa,Iodes,cirrhosa,NA,NA,NA,WGS84,NA,NA,NA,NA,NA,NA,NA,NA,NA,NA,Icacinaceae,NA,NA,NA,NA,NA,NA,NA,NA,NA,NA,NA,NA,Mueang,NA,NA,NA,NA,NA,NA,NA,NA,6 June 2022,NA,NA,NA,NA,NA,NA,NA,NA,NA,NA,NA,NA,NA,NA,NA,NA,NA,NA,NA,NA,https://d2jcv3kl45hlgi.cloudfront.net/61ac6a17ccd33e07f59d322f874579cb.jpg,FALSE,ok
HERB_0254,sample_images/HERB_0254.jpg,5895917221,Lysimachia baviensis C.M.Hu,"cdc,cdround,colmafu,inmafu",902c8fe7-8f38-45b0-854e-c324fed36303,f5fc4e61-b7a0-414b-ab68-b41cb23e7fdc,NA,91d2f516-bdfa-458f-bad1-66717101b49f,f5fc4e61-b7a0-414b-ab68-b41cb23e7fdc,RU,EML,2026-08-21T18:06:57.852+00:00,2026-08-21T18:14:12.076+00:00,610,PRESERVED_SPECIMEN,PRESENT,4006265,6,7707728,220,1353,6674,3169330,4006265,Lysimachia baviensis C.M.Hu,Plantae,Tracheophyta,Ericales,Primulaceae,Lysimachia,SPECIES,ACCEPTED,NA,ASIA,NA,NA,South Asia|South Asia (Asia outside ex-Soviet states and Mongolia)|Vietnam,2024,5,3,2024-05-03,124,124,NA,2025-12-18T11:15:51.000+00:00,2026-08-21T18:14:12.076+00:00,https://plant.depo.msu.ru/open/public/item/MW1048937,http://creativecommons.org/licenses/by/4.0/legalcode,FALSE,MW1048937,none,none,df27e63f-82b2-464e-9286-a96163c961c9,acf523b0-8c81-4813-a85d-2361a8b487d4,FALSE,Moscow Digital Herbarium,Nguyen H.C.,NA,herbarium specimen,none,Magnoliopsida,VN,none,none,ASIA,Viet Nam,EUROPE,Moscow State University,MW1048937,NA,NA,http://grbio.org/institution/moscow-state-university,610,NA,NA,NA,NA,5895917221,en | ru,MW,MW1048937,Physical Object,in collection,MW1048937,Moscow State University,NA,use under CC-BY 4.0,NA,urn:lsid:biocol.org:col:15550,Lysimachia baviensis C.M.Hu,NA,NA,22.429444,105.616111,https://rscf.ru/en/project/21-77-20042/,4006265,Lysimachia baviensis,Lysimachia,baviensis,Kollektor,urn:lsid:biocol.org:col:15550:01,common practice of herbarium collecting,WGS84,Lysimachia baviensis C.M.Hu,"International Code of Nomenclature for algae, fungi, and plants",manual verification,WGS84,no label data,MW1048937,167708662,363042316,MSU,"Seregin A. P. (Ed.). 2026. Specimen MW1048937 from the collection ""Moscow University Herbarium"" // Depository of Live Systems (branch ""Plants""): Electronic resource. – Moscow State University, Moscow. – Available at: https://plant.depo.mitotech.ru/open/public/item/MW1048937 (indicate access date).",Plantae | Tracheophyta | Magnoliopsida | Ericales | Primulaceae | Myrsinoideae | Lysimachia,Lysimachia,NA,Вербейник,NA,NA,NA,NA,NA,NA,NA,NA,NA,NA,NA,NA,NA,NA,NA,NA,NA,NA,NA,NA,NA,NA,NA,NA,NA,NA,NA,NA,NA,NA,NA,NA,NA,NA,NA,NA,NA,NA,NA,https://plant.depo.msu.ru/open/public/item/MW1048937/img/0.jpg?gbif,FALSE,ok
HERB_0255,sample_images/HERB_0255.jpg,4979412309,Cyrtandra penduliflora Kraenzl.,cdc,bf2a4bf0-5f31-11de-b67e-b8a03c50a862,98e934b0-5f31-11de-b67e-b8a03c50a862,"8e30b684-6a54-4aba-aa73-66201c2c736e,17abcf75-2f1e-46dd-bf75-a5b21dd02655",f6fe707e-cced-4efc-b5dc-be4c91b8180a,98e934b0-5f31-11de-b67e-b8a03c50a862,GB,DWC_ARCHIVE,2026-08-13T16:38:58.088+00:00,2026-08-24T20:20:29.180+00:00,445,PRESERVED_SPECIMEN,PRESENT,6365209,6,7707728,220,408,6654,3172659,6365209,Cyrtandra penduliflora Kraenzl.,Plantae,Tracheophyta,Lamiales,Gesneriaceae,Cyrtandra,SPECIES,ACCEPTED,NA,ASIA,Sarawak,NA,Malay Islands,2024,2,28,2024-02-28,59,59,NA,2026-02-02T12:12:37.000+00:00,2026-08-24T20:20:29.180+00:00,NA,http://creativecommons.org/publicdomain/zero/1.0/legalcode,FALSE,https://data.rbge.org.uk/herb/E01494489,none,none,0237598a-853a-492c-af74-a723fe251799,427c8cd7-4358-4a00-9ef3-2b2676d28d1e,FALSE,Edinburgh (E) Herbarium Specimens,"Barber, Sadie, Wilkie, Peter, Sundue, Michael, Jawa, Rantai & Angkabau, Johnny",NA,HERBARIUM SHEET|Silica-dried,none,Magnoliopsida,MY,none,none,ASIA,Malaysia,EUROPE,NA,https://data.rbge.org.uk/herb/E01494489,S.110667,"Lowland mixed dipterocarp forest, SSE slope of ridge; species fairly abundant on this slope, all in bud, no open flowers seen",https://scientific-collections.gbif.org/institution/0237598a-853a-492c-af74-a723fe251799,445,NA,"Kapit Forest Management Unit (FMU), Permanent Sample Plot",NA,NA,4979412309,NA,E,https://data.rbge.org.uk/herb/E01494489,PhysicalObject,NA,E01494489,RBGE,NA,NA,NA,https://scientific-collections.gbif.org/collection/427c8cd7-4358-4a00-9ef3-2b2676d28d1e,Cyrtandra penduliflora Kraenzl.,NA,NA,1.914222,112.932862,NA,6365209,Cyrtandra penduliflora,Cyrtandra,penduliflora,NA,NA,NA,WGS84,NA,ICBN,NA,NA,NA,NA,NA,NA,E,NA,NA,NA,NA,NA,NA,NA,NA,NA,NA,NA,NA,NA,NA,NA,NA,NA,NA,NA,NA,NA,NA,NA,28th February 2024,NA,NA,NA,NA,NA,NA,NA,NA,NA,NA,NA,CC0,Royal Botanic Garden Edinburgh,1571803,NA,NA,NA,NA,NA,NA,https://iiif.rbge.org.uk/herb/iiif/E01494489/manifest,FALSE,not_image
HERB_0256,sample_images/HERB_0256.jpg,4974434785,Scleromitrion brachypodum (DC.) T.C.Hsu,"cdc,cdround,colmafu,inmafu",902c8fe7-8f38-45b0-854e-c324fed36303,f5fc4e61-b7a0-414b-ab68-b41cb23e7fdc,NA,91d2f516-bdfa-458f-bad1-66717101b49f,f5fc4e61-b7a0-414b-ab68-b41cb23e7fdc,RU,EML,2026-08-21T18:06:57.852+00:00,2026-08-21T18:14:11.856+00:00,610,PRESERVED_SPECIMEN,PRESENT,10677851,6,7707728,220,412,8798,7270947,10677851,Scleromitrion brachypodum (DC.) T.C.Hsu,Plantae,Tracheophyta,Gentianales,Rubiaceae,Scleromitrion,SPECIES,ACCEPTED,NA,ASIA,NA,NA,South Asia|South Asia (Asia outside ex-Soviet states and Mongolia)|Malaysia,2024,1,4,2024-01-04,4,4,NA,2024-12-26T12:46:27.000+00:00,2026-08-21T18:14:11.856+00:00,https://plant.depo.msu.ru/open/public/item/MW1047898,http://creativecommons.org/licenses/by/4.0/legalcode,FALSE,MW1047898,none,none,df27e63f-82b2-464e-9286-a96163c961c9,acf523b0-8c81-4813-a85d-2361a8b487d4,FALSE,Moscow Digital Herbarium,A. Efremov,NA,herbarium specimen,none,Magnoliopsida,MY,none,none,ASIA,Malaysia,EUROPE,Moscow State University,MW1047898,NA,NA,http://grbio.org/institution/moscow-state-university,610,NA,NA,NA,NA,4974434785,en | ru,MW,MW1047898,Physical Object,in collection,MW1047898,Moscow State University,NA,use under CC-BY 4.0,NA,urn:lsid:biocol.org:col:15550,Scleromitrion brachypodum (DC.) T.C.Hsu,NA,NA,3.178056,101.706944,https://rscf.ru/en/project/21-77-20042/,10677851,Scleromitrion brachypodum,Scleromitrion,brachypodum,Kollektor,urn:lsid:biocol.org:col:15550:01,common practice of herbarium collecting,WGS84,Scleromitrion brachypodum (DC.) T.C.Hsu,"International Code of Nomenclature for algae, fungi, and plants",manual verification,WGS84,no label data,MW1047898,329853728,329853729,MSU,"Seregin A. P. (Ed.). 2026. Specimen MW1047898 from the collection ""Moscow University Herbarium"" // Depository of Live Systems (branch ""Plants""): Electronic resource. – Moscow State University, Moscow. – Available at: https://plant.depo.mitotech.ru/open/public/item/MW1047898 (indicate access date).",Plantae | Tracheophyta | Magnoliopsida | Gentianales | Rubiaceae | Scleromitrion,Scleromitrion,NA,NA,NA,NA,NA,NA,NA,NA,NA,NA,NA,NA,NA,NA,NA,NA,NA,NA,NA,NA,NA,NA,NA,NA,NA,NA,NA,NA,NA,NA,NA,NA,NA,NA,NA,NA,NA,NA,NA,NA,NA,https://plant.depo.msu.ru/open/public/item/MW1047898/img/0.jpg?gbif,FALSE,ok
HERB_0257,sample_images/HERB_0257.jpg,6196930010,Glochidion rubrum Blume,"colmafu,inmafu",1cbed1d0-f9ac-4b9e-bf3f-a26272bca39e,4fd82480-ea1c-11da-8db4-b8a03c50a862,NA,82d6992a-b20b-4e74-b6ac-6b971b2c485d,4fd82480-ea1c-11da-8db4-b8a03c50a862,JP,EML,2026-07-10T16:35:10.312+00:00,2026-07-18T17:50:43.350+00:00,222,PRESERVED_SPECIMEN,PRESENT,3080882,6,7707728,220,1414,8807,3080069,3080882,Glochidion rubrum Blume,Plantae,Tracheophyta,Malpighiales,Phyllanthaceae,Glochidion,SPECIES,ACCEPTED,NA,ASIA,Kien Giang,NA,Asia|Vietnam|Kien Giang|Kien Luong Dist.|Binh An,2024,5,25,2024-05-25,146,146,NA,2025-10-16T00:00:00.000+00:00,2026-07-18T17:50:43.350+00:00,https://www.museum.kagoshima-u.ac.jp/hyouhonsitu.html,http://creativecommons.org/licenses/by/4.0/legalcode,FALSE,f1280916-b6bf-491f-a7d4-fd78b5d0b323,none,none,7b6590f0-c03f-409b-ae28-f443c1166d23,e9e6df05-e289-4a64-8ace-a4d5dbd168e4,FALSE,NA,NA,NA,NA,none,Magnoliopsida,VN,none,none,ASIA,Viet Nam,ASIA,NA,f1280916-b6bf-491f-a7d4-fd78b5d0b323,N553,NA,NA,232,NA,Binh An,NA,"Vietnam, Kien Giang, Kien Luong Dist., Binh An",6196930010,NA,KAG,f1280916-b6bf-491f-a7d4-fd78b5d0b323,NA,NA,KAG188656,KAG,NA,NA,NA,NA,Glochidion rubrum Blume,NA,NA,10.15577,104.60976,NA,3080882,Glochidion rubrum,Glochidion,rubrum,NA,NA,NA,WGS84,NA,NA,NA,NA,obtained using GPS machine,NA,NA,NA,NA,NA,Plantae|Tracheophyta|Magnoliopsida|Malpighiales|Phyllanthaceae|Glochidion|rubrum,NA,LC,NA,NA,40,NA,NA,NA,NA,NA,NA,NA,NA,NA,NA,NA,NA,NA,Kien Luong Dist.,NA,NA,NA,NA,NA,NA,NA,NA,NA,NA,NA,NA,500,NA,NA,NA,NA,NA,NA,NA,NA,NA,NA,https://dbs.kaum.kagoshima-u.ac.jp/musedb/s_plant/picture/KAG188656/KAG188656.jpg,FALSE,ok
HERB_0258,sample_images/HERB_0258.jpg,3416518307,Garcinia subelliptica Merr.,"cdc,gass84",cb9beff3-a185-486f-975a-732251444158,2853c0e7-c758-4c9c-83a2-7c2d18967fb9,17abcf75-2f1e-46dd-bf75-a5b21dd02655,86c2834b-fcd6-418d-9b32-aca45110a0fe,2cd829bb-b713-433d-99cf-64bef11e5b3e,FR,EML,2026-08-13T15:27:43.165+00:00,2026-08-24T18:08:58.132+00:00,586,PRESERVED_SPECIMEN,PRESENT,3712604,6,7707728,220,1414,6646,3189556,3712604,Garcinia subelliptica Merr.,Plantae,Tracheophyta,Malpighiales,Clusiaceae,Garcinia,SPECIES,ACCEPTED,NA,ASIA,NA,NA,NA,2020,3,26,2020-03-26,86,86,NA,2021-12-17T16:45:48.000+00:00,2026-08-24T18:08:58.132+00:00,NA,http://creativecommons.org/licenses/by/4.0/legalcode,FALSE,http://coldb.mnhn.fr/catalognumber/um/mpu/mpu1400359,none,none,17ff2e84-80c7-4904-81c7-26183b3ce46e,1fddc155-2d5b-4b1d-92cb-1268e22cc2bb,FALSE,NA,"Yao, T.L.|Leong, P.K.F.|Koh, S.L.",Yao,hb,none,Magnoliopsida,SG,none,none,ASIA,Singapore,EUROPE,NA,http://coldb.mnhn.fr/catalognumber/um/mpu/mpu1400359,NA,NA,http://grscicoll.org/institution/université-montpellier-2,634,NA,NA,93,"Singapore Botanic Garden, formal garden",3416518307,NA,MPU,http://coldb.mnhn.fr/catalognumber/um/mpu/mpu1400359,NA,NA,MPU1400359,UM,NA,NA,NA,NA,Garcinia subelliptica Merr.,NA,NA,1.39487,103.81105,NA,3712604,Garcinia subelliptica,Garcinia,subelliptica,NA,NA,NA,WGS84,NA,NA,NA,NA,NA,NA,NA,NA,NA,NA,NA,NA,LC,NA,NA,NA,NA,NA,NA,NA,NA,NA,NA,NA,NA,NA,NA,3348.8504043166813,"Tree tag: 20080665*C. Distribution: Japan, Taiwan, the Philippines. Tree, commonly planted by roadside and indoor. twigs decusately biconvex, alternatively winged and grooved. Wound exudate white. Ramiflorous. Flowers pale cream. Stigma lobes 3",NA,NA,NA,NA,NA,NA,NA,NA,NA,NA,Cultivated,NA,NA,NA,NA,NA,NA,NA,NA,NA,NA,NA,NA,NA,https://mediaphoto.mnhn.fr/media/1639755947946Q0Nx8wS2ctr62vxn,TRUE,error
HERB_0259,sample_images/HERB_0259.jpg,4979413958,Palaquium leiocarpum Boerl.,cdc,bf2a4bf0-5f31-11de-b67e-b8a03c50a862,98e934b0-5f31-11de-b67e-b8a03c50a862,"8e30b684-6a54-4aba-aa73-66201c2c736e,17abcf75-2f1e-46dd-bf75-a5b21dd02655",f6fe707e-cced-4efc-b5dc-be4c91b8180a,98e934b0-5f31-11de-b67e-b8a03c50a862,GB,DWC_ARCHIVE,2026-08-13T16:38:58.088+00:00,2026-08-24T20:20:23.552+00:00,445,PRESERVED_SPECIMEN,PRESENT,2886727,6,7707728,220,1353,8802,2886411,2886727,Palaquium leiocarpum Boerl.,Plantae,Tracheophyta,Ericales,Sapotaceae,Palaquium,SPECIES,ACCEPTED,NA,ASIA,Sarawak,NA,Malay Islands,2024,2,21,2024-02-21,52,52,NA,2026-03-09T11:50:34.000+00:00,2026-08-24T20:20:23.552+00:00,NA,http://creativecommons.org/publicdomain/zero/1.0/legalcode,FALSE,https://data.rbge.org.uk/herb/E01494552,none,none,0237598a-853a-492c-af74-a723fe251799,427c8cd7-4358-4a00-9ef3-2b2676d28d1e,FALSE,Edinburgh (E) Herbarium Specimens,"Wilkie, Peter, Sundue, Michael, Barber, Sadie, Jawa, Rantai & Angkabau, Johnny",NA,HERBARIUM SHEET|Silica-dried,none,Magnoliopsida,MY,none,none,ASIA,Malaysia,EUROPE,NA,https://data.rbge.org.uk/herb/E01494552,S.110609,Lowland mixed dipterocarp forest,https://scientific-collections.gbif.org/institution/0237598a-853a-492c-af74-a723fe251799,445,NA,"Niah National Park, on path towards Bukit Kasut",NA,NA,4979413958,NA,E,https://data.rbge.org.uk/herb/E01494552,PhysicalObject,NA,E01494552,RBGE,NA,NA,NA,https://scientific-collections.gbif.org/collection/427c8cd7-4358-4a00-9ef3-2b2676d28d1e,Palaquium leiocarpum Boerl.,NA,NA,3.820367,113.769908,NA,2886727,Palaquium leiocarpum,Palaquium,leiocarpum,NA,NA,NA,WGS84,NA,ICBN,NA,NA,NA,NA,NA,NA,E,NA,NA,NA,NT,NA,NA,NA,NA,NA,NA,NA,NA,NA,NA,NA,NA,NA,NA,NA,NA,NA,NA,NA,21st February 2024,NA,NA,NA,NA,NA,NA,NA,NA,NA,NA,NA,CC0,Royal Botanic Garden Edinburgh,1571727,NA,NA,NA,NA,NA,NA,https://iiif.rbge.org.uk/herb/iiif/E01494552/manifest,FALSE,not_image
HERB_0260,sample_images/HERB_0260.jpg,2430565500,Tamilnadia uliginosa (Retz.) Tirveng. & Sastre,,b5cdf794-8fa4-4a85-8b26-755d087bf531,2cd829bb-b713-433d-99cf-64bef11e5b3e,17abcf75-2f1e-46dd-bf75-a5b21dd02655,86c2834b-fcd6-418d-9b32-aca45110a0fe,2cd829bb-b713-433d-99cf-64bef11e5b3e,FR,EML,2026-08-13T15:27:43.858+00:00,2026-08-24T16:45:40.961+00:00,606,PRESERVED_SPECIMEN,PRESENT,2891981,6,7707728,220,412,8798,2891980,2891981,Tamilnadia uliginosa (Retz.) Tirveng. & Sastre,Plantae,Tracheophyta,Gentianales,Rubiaceae,Tamilnadia,SPECIES,ACCEPTED,NA,ASIA,mondulkiri,none,NA,2019,1,31,2019-01-31,31,31,NA,2018-01-03T14:53:57.000+00:00,2026-08-24T16:45:40.961+00:00,NA,http://creativecommons.org/licenses/by/4.0/legalcode,FALSE,http://coldb.mnhn.fr/catalognumber/mnhn/p/p00915876,none,none,6a6ac6c5-1b8a-48db-91a2-f8661274ff80,bc3d39fd-a7d4-4763-b951-2bdeddd8a5d2,FALSE,NA,"Hul, S.|Eum, S.|Peou, Y.",Hul,hb,none,Magnoliopsida,KH,none,none,ASIA,Cambodia,EUROPE,NA,http://coldb.mnhn.fr/catalognumber/mnhn/p/p00915876,NA,NA,http://grbio.org/institution/museum-national-dhistoire-naturelle,654,NA,NA,7001,NA,2430565500,NA,P,http://coldb.mnhn.fr/catalognumber/mnhn/p/p00915876,NA,NA,P00915876,MNHN,NA,NA,NA,NA,Tamilnadia uliginosa (Retz.) Tirveng. & Sastre,NA,NA,NA,NA,NA,2891981,Tamilnadia uliginosa,Tamilnadia,uliginosa,NA,NA,NA,NA,NA,NA,NA,NA,NA,NA,NA,NA,NA,NA,NA,NA,LC,NA,NA,NA,NA,NA,NA,NA,NA,NA,NA,NA,NA,NA,NA,NA,"""Arbuste d'env. 4 m de haut ; présence d'épines au sommet du rameau. Feuilles obovales. Fleurs subsessiles ; pétales 5, blancs. Fruit ovoïde, d'env. 5 cm de diamètre""",kéo Seima,Mémang,NA,NA,NA,NA,NA,NA,NA,NA,NA,NA,NA,NA,NA,NA,NA,NA,NA,NA,NA,NA,NA,NA,https://mediaphoto.mnhn.fr/media/1579023241602uGrBV4FUKHqjGQyk,FALSE,error
HERB_0261,sample_images/HERB_0261.jpg,3461937309,Ficus rumphii Blume,,b5cdf794-8fa4-4a85-8b26-755d087bf531,2cd829bb-b713-433d-99cf-64bef11e5b3e,17abcf75-2f1e-46dd-bf75-a5b21dd02655,86c2834b-fcd6-418d-9b32-aca45110a0fe,2cd829bb-b713-433d-99cf-64bef11e5b3e,FR,EML,2026-08-13T15:27:43.858+00:00,2026-08-24T16:46:31.991+00:00,606,PRESERVED_SPECIMEN,PRESENT,5571130,6,7707728,220,691,6640,2984588,5571130,Ficus rumphii Blume,Plantae,Tracheophyta,Rosales,Moraceae,Ficus,SPECIES,ACCEPTED,NA,ASIA,siem réap,none,NA,2021,1,8,2021-01-08,8,8,NA,2022-02-09T10:40:08.000+00:00,2026-08-24T16:46:31.991+00:00,NA,http://creativecommons.org/licenses/by/4.0/legalcode,FALSE,http://coldb.mnhn.fr/catalognumber/mnhn/p/p01190812,none,none,6a6ac6c5-1b8a-48db-91a2-f8661274ff80,bc3d39fd-a7d4-4763-b951-2bdeddd8a5d2,FALSE,NA,"Hul, S.|Peou, Y.|Ratanak, V.",Hul,hb,none,Magnoliopsida,KH,none,none,ASIA,Cambodia,EUROPE,NA,http://coldb.mnhn.fr/catalognumber/mnhn/p/p01190812,NA,NA,http://grbio.org/institution/museum-national-dhistoire-naturelle,654,NA,NA,7203,Sangkat Slorkram,3461937309,NA,P,http://coldb.mnhn.fr/catalognumber/mnhn/p/p01190812,NA,NA,P01190812,MNHN,NA,NA,NA,NA,Ficus rumphii Blume,NA,NA,NA,NA,NA,5571130,Ficus rumphii,Ficus,rumphii,NA,NA,NA,NA,NA,NA,NA,NA,NA,NA,NA,NA,NA,NA,NA,NA,NA,NA,NA,NA,NA,NA,NA,NA,NA,NA,NA,NA,NA,NA,NA,NA,"Arbre pouvant atteindre 15-20 m de hauteur, hémi-épiphyte ou terrestre. Feuilles insérées en spirale , limbe ovale, acuminé au sommet, tronqué ou subcordé à la base. Figues solitaires ou par paires, sessiles, axillaires ou juste sous les feuilles",Phum Daun Pa,NA,NA,NA,NA,NA,NA,NA,NA,NA,NA,NA,NA,NA,NA,NA,NA,NA,NA,NA,NA,NA,NA,NA,https://mediaphoto.mnhn.fr/media/16443996070091mGgnJHvr9I6tJZU,FALSE,error
HERB_0262,sample_images/HERB_0262.jpg,4979411836,Cyrtandra cuprea B.L.Burtt,"cdc,txmathi",bf2a4bf0-5f31-11de-b67e-b8a03c50a862,98e934b0-5f31-11de-b67e-b8a03c50a862,"8e30b684-6a54-4aba-aa73-66201c2c736e,17abcf75-2f1e-46dd-bf75-a5b21dd02655",f6fe707e-cced-4efc-b5dc-be4c91b8180a,98e934b0-5f31-11de-b67e-b8a03c50a862,GB,DWC_ARCHIVE,2026-08-13T16:38:58.088+00:00,2026-08-24T20:20:50.140+00:00,445,PRESERVED_SPECIMEN,PRESENT,5592086,6,7707728,220,408,6654,3172659,5592086,Cyrtandra cuprea B.L.Burtt,Plantae,Tracheophyta,Lamiales,Gesneriaceae,Cyrtandra,SPECIES,ACCEPTED,NA,ASIA,Sarawak,NA,Malay Islands,2024,3,11,2024-03-11,71,71,NA,2026-03-09T11:59:02.000+00:00,2026-08-24T20:20:50.140+00:00,NA,http://creativecommons.org/publicdomain/zero/1.0/legalcode,FALSE,https://data.rbge.org.uk/herb/E01494502,none,none,0237598a-853a-492c-af74-a723fe251799,427c8cd7-4358-4a00-9ef3-2b2676d28d1e,FALSE,Edinburgh (E) Herbarium Specimens,"Wilkie, Peter, Sundue, Michael, Barber, Sadie, Sang, Julia, Chea Yiing, Ling, Jawa, Rantai & Angkabau, Johnny",NA,HERBARIUM SHEET|Silica-dried,none,Magnoliopsida,MY,none,none,ASIA,Malaysia,EUROPE,NA,https://data.rbge.org.uk/herb/E01494502,S.111221,"Down from ridge of mountain, NE slope, just off roadside, semi-shade, sometimes cloaked in cloud",https://scientific-collections.gbif.org/institution/0237598a-853a-492c-af74-a723fe251799,445,NA,"Kubah National Park, Mount Serapi",NA,NA,4979411836,NA,E,https://data.rbge.org.uk/herb/E01494502,PhysicalObject,NA,E01494502,RBGE,NA,NA,NA,https://scientific-collections.gbif.org/collection/427c8cd7-4358-4a00-9ef3-2b2676d28d1e,Cyrtandra cuprea B.L.Burtt,NA,NA,1.587353,110.193368,NA,5592086,Cyrtandra cuprea,Cyrtandra,cuprea,NA,NA,NA,WGS84,NA,ICBN,NA,NA,NA,NA,NA,NA,E,NA,NA,NA,NA,NA,NA,NA,NA,NA,NA,NA,NA,NA,NA,NA,NA,NA,NA,NA,NA,NA,NA,NA,11th March 2024,NA,NA,NA,NA,NA,NA,NA,NA,NA,NA,NA,CC0,Royal Botanic Garden Edinburgh,1572078,NA,NA,NA,NA,NA,NA,https://iiif.rbge.org.uk/herb/iiif/E01494502/manifest,FALSE,not_image
HERB_0263,sample_images/HERB_0263.jpg,6196924921,Ficus microcarpa L.fil.,"colmafu,inmafu",1cbed1d0-f9ac-4b9e-bf3f-a26272bca39e,4fd82480-ea1c-11da-8db4-b8a03c50a862,NA,82d6992a-b20b-4e74-b6ac-6b971b2c485d,4fd82480-ea1c-11da-8db4-b8a03c50a862,JP,EML,2026-07-10T16:35:10.312+00:00,2026-07-18T17:50:18.198+00:00,222,PRESERVED_SPECIMEN,PRESENT,7467639,6,7707728,220,691,6640,2984588,7467639,Ficus microcarpa L.fil.,Plantae,Tracheophyta,Rosales,Moraceae,Ficus,SPECIES,ACCEPTED,NA,ASIA,Khammouan,NA,Asia|Laos|Khammouan|Khounkham|Tad Nam Sanam,2024,3,15,2024-03-15,75,75,NA,2025-10-16T00:00:00.000+00:00,2026-07-18T17:50:18.198+00:00,https://www.museum.kagoshima-u.ac.jp/hyouhonsitu.html,http://creativecommons.org/licenses/by/4.0/legalcode,FALSE,8a01ea75-7b19-46ec-952b-5fd25191cef2,none,none,7b6590f0-c03f-409b-ae28-f443c1166d23,e9e6df05-e289-4a64-8ace-a4d5dbd168e4,FALSE,NA,NA,NA,NA,none,Magnoliopsida,LA,none,none,ASIA,Lao People’s Democratic Republic,ASIA,NA,8a01ea75-7b19-46ec-952b-5fd25191cef2,Z779,NA,NA,232,NA,Tad Nam Sanam,NA,"Laos, Khammouan, Khounkham, Tad Nam Sanam",6196924921,NA,KAG,8a01ea75-7b19-46ec-952b-5fd25191cef2,NA,NA,KAG187195,KAG,NA,NA,NA,NA,Ficus microcarpa L.fil.,NA,NA,18.21775,104.5113,NA,7467639,Ficus microcarpa,Ficus,microcarpa,NA,NA,NA,WGS84,NA,NA,NA,NA,obtained using GPS machine,NA,NA,NA,NA,NA,Plantae|Tracheophyta|Magnoliopsida|Rosales|Moraceae|Ficus|microcarpa,NA,LC,NA,NA,458,NA,NA,NA,NA,NA,NA,NA,NA,NA,NA,NA,NA,NA,Khounkham,NA,NA,NA,NA,NA,NA,NA,NA,NA,NA,NA,NA,500,NA,NA,NA,NA,NA,NA,NA,NA,NA,NA,https://dbs.kaum.kagoshima-u.ac.jp/musedb/s_plant/picture/KAG187195/KAG187195.jpg,FALSE,ok
HERB_0264,sample_images/HERB_0264.jpg,4407749307,Artabotrys suaveolens (Blume) Blume,"cucdmis,gass84",b5cdf794-8fa4-4a85-8b26-755d087bf531,2cd829bb-b713-433d-99cf-64bef11e5b3e,17abcf75-2f1e-46dd-bf75-a5b21dd02655,86c2834b-fcd6-418d-9b32-aca45110a0fe,2cd829bb-b713-433d-99cf-64bef11e5b3e,FR,EML,2026-08-13T15:27:43.858+00:00,2026-08-24T16:46:59.146+00:00,606,PRESERVED_SPECIMEN,PRESENT,3154973,6,7707728,220,718,9291,3154870,3154973,Artabotrys suaveolens (Blume) Blume,Plantae,Tracheophyta,Magnoliales,Annonaceae,Artabotrys,SPECIES,ACCEPTED,NA,NA,NA,none,NA,2020,4,3,2020-04-03,94,94,NA,2023-10-09T17:21:07.000+00:00,2026-08-24T16:46:59.146+00:00,NA,http://creativecommons.org/licenses/by/4.0/legalcode,FALSE,http://coldb.mnhn.fr/catalognumber/mnhn/p/p00877830,none,none,6a6ac6c5-1b8a-48db-91a2-f8661274ff80,bc3d39fd-a7d4-4763-b951-2bdeddd8a5d2,FALSE,NA,"Thomas, D.C.",NA,hb,none,Magnoliopsida,SG,none,none,ASIA,Singapore,EUROPE,NA,http://coldb.mnhn.fr/catalognumber/mnhn/p/p00877830,NA,NA,http://grbio.org/institution/museum-national-dhistoire-naturelle,654,NA,NA,3443,"Central Catchment NR, Woodcutters Trail close to Old Hupper Thompson Road",4407749307,NA,P,http://coldb.mnhn.fr/catalognumber/mnhn/p/p00877830,NA,NA,P00877830,MNHN,NA,NA,NA,NA,Artabotrys suaveolens (Blume) Blume,NA,NA,1.63444,104.35139,NA,3154973,Artabotrys suaveolens,Artabotrys,suaveolens,NA,NA,NA,WGS84,NA,NA,NA,NA,NA,NA,NA,NA,NA,NA,NA,NA,NA,NA,NA,6,NA,NA,NA,NA,NA,NA,NA,NA,NA,NA,NA,NA,NA,NA,NA,NA,NA,NA,NA,NA,NA,NA,NA,NA,NA,NA,NA,NA,NA,NA,NA,NA,NA,NA,NA,NA,NA,https://mediaphoto.mnhn.fr/media/1694095018334nCn26gyHDFElSswL,FALSE,error
HERB_0265,sample_images/HERB_0265.jpg,2515141813,Canavalia papuana Merr. & L.M.Perry,,15f819bd-6612-4447-854b-14d12ee1022d,396d5f30-dea9-11db-8ab4-b8a03c50a862,17abcf75-2f1e-46dd-bf75-a5b21dd02655,65eb93af-41b8-4917-a5fc-cfe2a45aa4bf,396d5f30-dea9-11db-8ab4-b8a03c50a862,NL,DWC_ARCHIVE,2026-06-29T11:53:09.940+00:00,2026-08-24T20:54:57.166+00:00,286,PRESERVED_SPECIMEN,PRESENT,2962167,6,7707728,220,1370,5386,8285917,2962167,Canavalia papuana Merr. & L.M.Perry,Plantae,Tracheophyta,Fabales,Fabaceae,Canavalia,SPECIES,ACCEPTED,NA,ASIA,Dili,NA,NA,2015,5,16,2015-05-16,136,136,NA,NA,2026-08-24T20:54:57.166+00:00,NA,http://creativecommons.org/publicdomain/zero/1.0/legalcode,FALSE,L.3978171@BRAHMS,none,none,0e919a55-08d3-4bd2-aec1-200858fafd92,0add23db-a8f7-4d15-95ad-4ed0c5c8a055,TRUE,NA,Cowie ID; Santana F,NA,NA,none,Magnoliopsida,TL,none,none,ASIA,Timor-Leste,EUROPE,Naturalis Biodiversity Center,L.3978171@BRAHMS,"Cowie, ID; Santana, F 13871",Open patchy vine thicket c 10 m tall; stoney hillslope with outcropping limestone.,https://ror.org/0566bfb96,286,NA,C. 2.9 km NW Beloi.,NA,NA,2515141813,NA,Botany,https://data.biodiversitydata.nl/naturalis/specimen/L.3978171,NA,NA,L.3978171,NA,NA,NA,380.0 m,NA,Canavalia papuana Merr. & L.M.Perry,NA,NA,-8.20111,125.59306,NA,2962167,Canavalia papuana,Canavalia,papuana,NA,NA,NA,WGS84,NA,ICN,NA,NA,NA,NA,NA,NA,NA,NA,Plantae|Fabales|Fabaceae,NA,LC,NA,NA,NA,NA,NA,NA,NA,NA,NA,NA,NA,NA,NA,true,NA,NA,NA,NA,NA,NA,NA,NA,NA,NA,NA,NA,NA,NA,NA,NA,NA,NA,NA,NA,NA,NA,NA,NA,NA,NA,https://medialib.naturalis.nl/file/id/L.3978171/format/large,FALSE,ok
HERB_0266,sample_images/HERB_0266.jpg,5833060241,Medinilla teysmannii Miq.,"cdc,inmafu",defb9a47-c1a7-4fb2-9a0b-2da7c5260cad,c4cbb860-e9c7-11da-8113-b8a03c50a862,"68e8e67a-43e6-44a3-8817-dc0e6b70f973,0479d6b2-a4f4-4307-8346-0b80e8c88c66",ac2ad091-91eb-482d-a73f-061744da5dbf,96710dc8-fecb-440d-ae3e-c34ae8a9616f,US,DWC_ARCHIVE,2026-08-22T14:49:41.590+00:00,2026-08-24T17:20:32.023+00:00,237,PRESERVED_SPECIMEN,PRESENT,7992302,6,7707728,220,690,6683,3188506,7992302,Medinilla teysmannii Miq.,Plantae,Tracheophyta,Myrtales,Melastomataceae,Medinilla,SPECIES,ACCEPTED,NA,ASIA,Dinagat Islands Province,NA,NA,2024,6,24,2024-06-24,176,176,NA,2026-02-18T12:49:40.000+00:00,2026-08-24T17:20:32.023+00:00,https://portal.torcherbaria.org/portal/collections/individual/index.php?occid=34055710,http://creativecommons.org/publicdomain/zero/1.0/legalcode,FALSE,34055710,none,none,a68aaf8c-9bfe-4bec-bab9-70cf5d6cde4a,5a7702f8-a46a-40a0-9eef-26d97ea45b5c,FALSE,NA,"Plants and Lichens of the Southern Philippines Survey; Peter W. Fritsch, Victor B. Amoroso, Fulgent P. Coritico, Darin S. Penneys, Maria Melanie M. Guiang, Vanessa Handley, Noel L. Lagunday, José Ignacio Márquez-Corro, Yvonne L. Cariño, April Joie D. Lagumbay, Noe P. Mendez, Joevina C. Nobleza, Pamela J. O",NA,Pressed herbarium specimen,none,Magnoliopsida,PH,none,none,ASIA,Philippines,NORTH_AMERICA,Botanical Research Institute of Texas,34055710,7219,"Growing in clay in exposed areas near camp. Ultramafic Forest. Ultramafic bedrock. Aspect: NE-facing. Area disturbed by clearing, mining.",NA,237,NA,"Philippines; Dinagat Island; Dinagat Islands Province; Municipality of Loreto; Barangay Esperanza. Mt. Redondo, vicinity of Krominco Inc. office house.",NA,NA,5833060241,English,BRIT,86c84eb4-b97c-4865-b3f5-c297dad697e5,NA,NA,BRIT1151316,BRIT,"Frequent. Additional materials: Photos, DNA. Collections supported by U.S. National Science Foundation grants DEB-1754667 and DEB-1754697. [Multisheet specimen: BRIT1151315,BRIT1151316]; Shrub 2.5 m tall; leaves green adaxially, pale green abaxially; corolla pink; calyx tube pale green with reddish pink at tip; fruits green.",NA,623 m,fea81a47-2365-45cc-bef9-b6bbff7457e6,Medinilla teysmannii Miq.,NA,NA,10.3604,125.63046,NA,7992302,Medinilla teysmannii,Medinilla,teysmannii,NA,NA,NA,WGS84,NA,NA,NA,NA,NA,NA,NA,NA,NA,NA,NA,NA,NA,NA,NA,623,NA,NA,NA,577213,NA,NA,NA,Barangay Esperanza,NA,NA,NA,NA,NA,Municipality of Loreto,NA,NA,24 June 2024,Dinagat,86c84eb4-b97c-4865-b3f5-c297dad697e5,http://creativecommons.org/publicdomain/zero/1.0/,NA,NA,NA,NA,abordelon,NA,NA,NA,NA,NA,NA,NA,NA,NA,NA,NA,NA,https://web.corral.tacc.utexas.edu/brit/BRIT/BRIT1151000/BRIT1151316.jpg,FALSE,error
HERB_0267,sample_images/HERB_0267.jpg,4519457298,Pittosporum ferrugineum W.T.Aiton,"cdc,cdround,gass84,incomis,inmafu",cd6e21c8-9e8a-493a-8a76-fbf7862069e5,061b4f20-f241-11da-a328-b8a03c50a862,17abcf75-2f1e-46dd-bf75-a5b21dd02655,996e30f8-f762-11e1-a439-00145eb45e9a,061b4f20-f241-11da-a328-b8a03c50a862,GB,DWC_ARCHIVE,2026-08-24T12:51:18.333+00:00,2026-08-24T20:50:59.924+00:00,539,PRESERVED_SPECIMEN,PRESENT,7303859,6,7707728,220,1351,6666,7363256,7303859,Pittosporum ferrugineum W.T.Aiton,Plantae,Tracheophyta,Apiales,Pittosporaceae,Pittosporum,SPECIES,ACCEPTED,NA,ASIA,NA,NA,NA,2022,7,12,2022-07-12T00:00,193,193,NA,2026-01-25T18:17:20.613+00:00,2026-08-24T20:50:59.924+00:00,NA,http://creativecommons.org/licenses/by/4.0/legalcode,FALSE,K001767397,none,none,fa252605-26f6-426c-9892-94d071c2c77f,NA,FALSE,NA,"Balslev, H.; Poopath, M.; Karaket, P.; Thaotawin, P.; Kladwong, P.; Rujichaipimon, W.;  Brem Nøhr, N.",NA,NA,none,Magnoliopsida,TH,none,none,ASIA,Thailand,EUROPE,NA,K001767397,10239,NA,NA,539,NA,Road to Huamang Bay.,NA,NA,4519457298,NA,Herbarium,http://specimens.kew.org/herbarium/K001767397,NA,NA,K001767397,K,NA,NA,NA,NA,Pittosporum ferrugineum W.T.Aiton,NA,NA,11.966944,102.422222,NA,7303859,Pittosporum ferrugineum,Pittosporum,ferrugineum,NA,NA,NA,WGS84,NA,NA,NA,NA,NA,NA,NA,NA,NA,NA,Pittosporaceae,NA,LC,NA,NA,30,20,NA,NA,NA,NA,NA,NA,NA,NA,NA,NA,NA,NA,NA,NA,NA,NA,NA,NA,NA,NA,NA,NA,NA,NA,NA,NA,NA,NA,NA,NA,NA,NA,NA,NA,NA,NA,https://d2jcv3kl45hlgi.cloudfront.net/3f4e12067679ad8d3d986eb90869ad65.jpg,FALSE,ok
HERB_0268,sample_images/HERB_0268.jpg,5207120335,Antidesma ghaesembilla Gaertn.,,15f819bd-6612-4447-854b-14d12ee1022d,396d5f30-dea9-11db-8ab4-b8a03c50a862,17abcf75-2f1e-46dd-bf75-a5b21dd02655,65eb93af-41b8-4917-a5fc-cfe2a45aa4bf,396d5f30-dea9-11db-8ab4-b8a03c50a862,NL,DWC_ARCHIVE,2026-06-29T11:53:09.940+00:00,2026-08-24T20:54:43.323+00:00,286,PRESERVED_SPECIMEN,PRESENT,3076438,6,7707728,220,1414,8807,2874170,3076438,Antidesma ghaesembilla Gaertn.,Plantae,Tracheophyta,Malpighiales,Phyllanthaceae,Antidesma,SPECIES,ACCEPTED,2022-03-14T00:00:00,ASIA,NA,none,NA,2021,1,25,2021-01-25,25,25,NA,NA,2026-08-24T20:54:43.323+00:00,NA,http://creativecommons.org/publicdomain/zero/1.0/legalcode,FALSE,L.4578460@BRAHMS,none,none,0e919a55-08d3-4bd2-aec1-200858fafd92,0add23db-a8f7-4d15-95ad-4ed0c5c8a055,FALSE,NA,Cunha T,Welzen PC van,NA,none,Magnoliopsida,TL,none,none,ASIA,Timor-Leste,EUROPE,Naturalis Biodiversity Center,L.4578460@BRAHMS,"Cunha, T 389",NA,https://ror.org/0566bfb96,286,NA,"Makadade, Makili.",NA,NA,5207120335,NA,Botany,https://data.biodiversitydata.nl/naturalis/specimen/L.4578460,NA,NA,L.4578460,NA,NA,NA,NA,NA,Antidesma ghaesembilla Gaertn.,NA,NA,-8.44278,125.92222,NA,3076438,Antidesma ghaesembilla,Antidesma,ghaesembilla,NA,NA,NA,WGS84,NA,ICN,NA,NA,NA,NA,NA,NA,NA,NA,Plantae|Malpighiales|Phyllanthaceae,NA,LC,NA,NA,NA,NA,NA,NA,NA,NA,NA,NA,NA,NA,NA,true,NA,NA,NA,NA,NA,NA,NA,NA,NA,NA,NA,NA,NA,NA,NA,NA,NA,NA,NA,NA,NA,NA,NA,NA,NA,NA,https://medialib.naturalis.nl/file/id/L.4578460/format/large,FALSE,ok
HERB_0269,sample_images/HERB_0269.jpg,2515058816,Medinilla radicans (Blume) Blume,cucdmis,15f819bd-6612-4447-854b-14d12ee1022d,396d5f30-dea9-11db-8ab4-b8a03c50a862,17abcf75-2f1e-46dd-bf75-a5b21dd02655,65eb93af-41b8-4917-a5fc-cfe2a45aa4bf,396d5f30-dea9-11db-8ab4-b8a03c50a862,NL,DWC_ARCHIVE,2026-06-29T11:53:09.940+00:00,2026-08-24T20:55:10.209+00:00,286,PRESERVED_SPECIMEN,PRESENT,3865034,6,7707728,220,690,6683,3188506,3865034,Medinilla radicans (Blume) Blume,Plantae,Tracheophyta,Myrtales,Melastomataceae,Medinilla,SPECIES,ACCEPTED,NA,NA,Dili,none,NA,2015,5,14,2015-05-14,134,134,NA,NA,2026-08-24T20:55:10.209+00:00,NA,http://creativecommons.org/publicdomain/zero/1.0/legalcode,FALSE,L.3978190@BRAHMS,none,none,0e919a55-08d3-4bd2-aec1-200858fafd92,0add23db-a8f7-4d15-95ad-4ed0c5c8a055,FALSE,NA,Cowie ID; Santana F,NA,NA,none,Magnoliopsida,TL,none,none,ASIA,Timor-Leste,EUROPE,Naturalis Biodiversity Center,L.3978190@BRAHMS,"Cowie, ID; Santana, F 13800",Evergreen forest on crest of ridge; shallow clayey soil over volcanics (dacite).,https://ror.org/0566bfb96,286,NA,Crest of ridge near Mt Manucoco.,NA,NA,2515058816,NA,Botany,https://data.biodiversitydata.nl/naturalis/specimen/L.3978190,NA,NA,L.3978190,NA,NA,NA,930.0 m,NA,Medinilla radicans (Blume) Blume,NA,NA,-5.26417,125.57472,NA,3865034,Medinilla radicans,Medinilla,radicans,NA,NA,NA,WGS84,NA,ICN,NA,NA,NA,NA,NA,NA,NA,NA,Plantae|Myrtales|Melastomataceae,NA,NA,NA,NA,NA,NA,NA,NA,NA,NA,NA,NA,NA,NA,NA,true,NA,NA,NA,NA,NA,NA,NA,NA,NA,NA,NA,NA,NA,NA,NA,NA,NA,NA,NA,NA,NA,NA,NA,NA,NA,NA,https://medialib.naturalis.nl/file/id/L.3978190/format/large,FALSE,ok
HERB_0270,sample_images/HERB_0270.jpg,4922206102,Cyrtandra penduliflora Kraenzl.,"cdc,gass84,incomis,inmafu",cd6e21c8-9e8a-493a-8a76-fbf7862069e5,061b4f20-f241-11da-a328-b8a03c50a862,17abcf75-2f1e-46dd-bf75-a5b21dd02655,996e30f8-f762-11e1-a439-00145eb45e9a,061b4f20-f241-11da-a328-b8a03c50a862,GB,DWC_ARCHIVE,2026-08-24T12:51:18.333+00:00,2026-08-24T20:50:12.711+00:00,539,PRESERVED_SPECIMEN,PRESENT,6365209,6,7707728,220,408,6654,3172659,6365209,Cyrtandra penduliflora Kraenzl.,Plantae,Tracheophyta,Lamiales,Gesneriaceae,Cyrtandra,SPECIES,ACCEPTED,NA,ASIA,NA,NA,Belalong,2019,10,23,2019-10-23T00:00,296,296,NA,2026-06-15T17:25:47.153+00:00,2026-08-24T20:50:12.711+00:00,NA,http://creativecommons.org/licenses/by/4.0/legalcode,FALSE,K001893585,none,none,fa252605-26f6-426c-9892-94d071c2c77f,NA,FALSE,NA,"Cicuzza, D.","Atkins, H.J.",NA,none,Magnoliopsida,BN,none,none,ASIA,Brunei Darussalam,EUROPE,NA,K001893585,2618,NA,NA,539,NA,NA,NA,NA,4922206102,NA,Herbarium,http://specimens.kew.org/herbarium/K001893585,NA,NA,K001893585,K,Sheet 1 of 2,NA,NA,NA,Cyrtandra penduliflora Kraenzl.,NA,NA,4.5381,115.1594,NA,6365209,Cyrtandra penduliflora,Cyrtandra,penduliflora,NA,NA,NA,WGS84,NA,NA,NA,NA,NA,NA,NA,NA,NA,NA,Gesneriaceae,NA,NA,NA,NA,150,NA,NA,NA,NA,NA,NA,NA,Belalong,NA,NA,NA,NA,NA,NA,NA,NA,NA,NA,NA,NA,NA,NA,NA,NA,NA,NA,NA,NA,NA,NA,NA,NA,NA,NA,NA,NA,NA,https://d2jcv3kl45hlgi.cloudfront.net/f75bb24b49646e20a624c28ae6f01233.jpg,FALSE,ok
HERB_0271,sample_images/HERB_0271.jpg,3312498163,Salix pycnostachya Andersson,"cdc,cucdmis,cum",bf2a4bf0-5f31-11de-b67e-b8a03c50a862,98e934b0-5f31-11de-b67e-b8a03c50a862,"8e30b684-6a54-4aba-aa73-66201c2c736e,17abcf75-2f1e-46dd-bf75-a5b21dd02655",f6fe707e-cced-4efc-b5dc-be4c91b8180a,98e934b0-5f31-11de-b67e-b8a03c50a862,GB,DWC_ARCHIVE,2026-08-13T16:38:58.088+00:00,2026-08-24T20:20:17.239+00:00,445,PRESERVED_SPECIMEN,PRESENT,7266330,6,7707728,220,1414,6664,3039576,7266330,Salix pycnostachya Andersson,Plantae,Tracheophyta,Malpighiales,Salicaceae,Salix,SPECIES,ACCEPTED,NA,ASIA,NA,NA,Northern Asia,2018,8,13,2018-08-13,225,225,NA,2018-11-19T00:00:00.000+00:00,2026-08-24T20:20:17.239+00:00,NA,http://creativecommons.org/publicdomain/zero/1.0/legalcode,FALSE,https://data.rbge.org.uk/herb/E00898583,none,none,0237598a-853a-492c-af74-a723fe251799,427c8cd7-4358-4a00-9ef3-2b2676d28d1e,FALSE,Edinburgh (E) Herbarium Specimens,"Pamirs Expedition to Central Asia Tajikistan,",NA,HERBARIUM SHEET,none,Magnoliopsida,TL,none,none,ASIA,Timor-Leste,EUROPE,NA,https://data.rbge.org.uk/herb/E00898583,61,"Grove of Salix along the river, grasses underfoot, sandy substrate.;  Vegetation: Grass and geranium, and pedicularis",https://scientific-collections.gbif.org/institution/0237598a-853a-492c-af74-a723fe251799,445,NA,"Tajikistan:Gorno Badakshan:35 km west of Murgab, along the Murgab river valley",NA,NA,3312498163,NA,E,https://data.rbge.org.uk/herb/E00898583,PhysicalObject,NA,E00898583,RBGE,NA,NA,3541m,https://scientific-collections.gbif.org/collection/427c8cd7-4358-4a00-9ef3-2b2676d28d1e,Salix pycnostachya Andersson,NA,NA,38.157222,73.604722,NA,7266330,Salix pycnostachya,Salix,pycnostachya,NA,NA,NA,WGS84,NA,ICBN,NA,NA,NA,NA,NA,NA,E,NA,NA,NA,LC,NA,NA,3541,0,NA,NA,NA,NA,NA,NA,NA,NA,NA,NA,NA,NA,NA,NA,NA,13th August 2018,NA,NA,NA,NA,NA,NA,NA,NA,NA,NA,NA,CC0,Royal Botanic Garden Edinburgh,927456,NA,NA,NA,NA,NA,NA,https://iiif.rbge.org.uk/herb/iiif/E00898583/manifest,FALSE,not_image
HERB_0272,sample_images/HERB_0272.jpg,4907016258,Piper nigrum L.,"gass84,osiic,colmano,inmafu",7bd65a7a-f762-11e1-a439-00145eb45e9a,90fd6680-349f-11d8-aa2d-b8a03c50a862,68e8e67a-43e6-44a3-8817-dc0e6b70f973,c4e134d3-c68f-406d-a116-6a37895602e0,90fd6680-349f-11d8-aa2d-b8a03c50a862,US,EML,2026-07-14T21:52:57.898+00:00,2026-07-18T23:10:47.731+00:00,437,PRESERVED_SPECIMEN,PRESENT,3086357,6,7707728,220,404,6678,3075433,3086357,Piper nigrum L.,Plantae,Tracheophyta,Piperales,Piperaceae,Piper,SPECIES,ACCEPTED,2024-01-01T00:00:00,ASIA,NA,NA,NA,2024,2,NA,2024-02,NA,NA,NA,2024-04-03T11:01:00.000+00:00,2026-07-18T23:10:47.731+00:00,NA,http://creativecommons.org/licenses/by/4.0/legalcode,FALSE,urn:catalog:MO:Tropicos:103511919,none,none,1be3aa67-8f90-4309-92f4-bd55426a8c09,NA,FALSE,Tropicos,Jan Salick,NA,NA,none,Magnoliopsida,VN,none,none,ASIA,Viet Nam,NORTH_AMERICA,Missouri Botanical Garden,urn:catalog:MO:Tropicos:103511919,10276,NA,NA,441,NA,Cho Hoian Market.,2538481,NA,4907016258,NA,Tropicos,urn:catalog:MO:Tropicos:103511919,PhysicalObject,NA,103511919,MO,NA,NA,NA,http://biocol.org/urn:lsid:biocol.org:col:15859,Piper nigrum L.,NA,NA,15.87599,108.326,NA,3086357,Piper nigrum,Piper,nigrum,NA,NA,NA,WGS84,NA,ICNafp,NA,NA,NA,NA,NA,NA,MOBOT,http://www.tropicos.org/Specimen/103511919,NA,NA,NA,NA,1,NA,NA,No opinion,2016-01-28T15:41:27.000Z,25000013,MOBOT,http://digir.net/schema/conceptual/darwin/2003/1.0/darwin2.xsd,15000,NA,NA,NA,NA,NA,NA,NA,NA,NA,NA,NA,NA,NA,NA,NA,NA,NA,NA,NA,NA,NA,NA,NA,NA,NA,NA,NA,NA,NA,NA,https://images.mobot.org/tropicosimages6/detailimages/TropicosImagesVol6/102539000/6CBDFAD5-D1D3-4CF6-A3F1-D834F4E54DB5.jpg,FALSE,ok
HERB_0273,sample_images/HERB_0273.jpg,2430565398,Clerodendrum cochinchinense Dop,,b5cdf794-8fa4-4a85-8b26-755d087bf531,2cd829bb-b713-433d-99cf-64bef11e5b3e,17abcf75-2f1e-46dd-bf75-a5b21dd02655,86c2834b-fcd6-418d-9b32-aca45110a0fe,2cd829bb-b713-433d-99cf-64bef11e5b3e,FR,EML,2026-08-13T15:27:43.858+00:00,2026-08-24T16:47:14.856+00:00,606,PRESERVED_SPECIMEN,PRESENT,3894365,6,7707728,220,408,2497,2925347,3894365,Clerodendrum cochinchinense Dop,Plantae,Tracheophyta,Lamiales,Lamiaceae,Clerodendrum,SPECIES,ACCEPTED,NA,ASIA,mondulkiri,none,NA,2019,2,1,2019-02-01,32,32,NA,2020-01-14T18:34:04.000+00:00,2026-08-24T16:47:14.856+00:00,NA,http://creativecommons.org/licenses/by/4.0/legalcode,FALSE,http://coldb.mnhn.fr/catalognumber/mnhn/p/p00915891,none,none,6a6ac6c5-1b8a-48db-91a2-f8661274ff80,bc3d39fd-a7d4-4763-b951-2bdeddd8a5d2,FALSE,NA,"Hul, S.|Eum, S.|Peou, Y.",Hul,hb,none,Magnoliopsida,KH,none,none,ASIA,Cambodia,EUROPE,NA,http://coldb.mnhn.fr/catalognumber/mnhn/p/p00915891,NA,NA,http://grbio.org/institution/museum-national-dhistoire-naturelle,654,NA,NA,7014,NA,2430565398,NA,P,http://coldb.mnhn.fr/catalognumber/mnhn/p/p00915891,NA,NA,P00915891,MNHN,NA,NA,NA,NA,Clerodendrum cochinchinense Dop,NA,NA,NA,NA,NA,3894365,Clerodendrum cochinchinense,Clerodendrum,cochinchinense,NA,NA,NA,NA,NA,NA,NA,NA,NA,NA,NA,NA,NA,NA,NA,NA,NA,NA,NA,NA,NA,NA,NA,NA,NA,NA,NA,NA,NA,NA,NA,NA,"""Arbrisseau de 1,5-2 m de haut. Feuilles ovales-elliptiques ou elliptiques-oblongues, plus ou moins tronquées à la base, longuement acuminées ou caudées au sommet. Inflorescences en panicules terminales ; fleurs sans bractées ; calice rose ou rouge ; corolle blanche. Baies noires""",kéo Seima,NA,NA,NA,NA,NA,NA,NA,NA,NA,NA,NA,NA,NA,NA,NA,NA,NA,NA,NA,NA,NA,NA,NA,https://mediaphoto.mnhn.fr/media/15790232443794vfWbUz1JMjDjVZK,TRUE,error
HERB_0274,sample_images/HERB_0274.jpg,6196924057,Cyathula prostrata (L.) Blume,"colmafu,inmafu",1cbed1d0-f9ac-4b9e-bf3f-a26272bca39e,4fd82480-ea1c-11da-8db4-b8a03c50a862,NA,82d6992a-b20b-4e74-b6ac-6b971b2c485d,4fd82480-ea1c-11da-8db4-b8a03c50a862,JP,EML,2026-07-10T16:35:10.312+00:00,2026-07-18T17:50:38.754+00:00,222,PRESERVED_SPECIMEN,PRESENT,5384314,6,7707728,220,422,3064,5384313,5384314,Cyathula prostrata (L.) Blume,Plantae,Tracheophyta,Caryophyllales,Amaranthaceae,Cyathula,SPECIES,ACCEPTED,NA,ASIA,Khammouan,NA,Asia|Laos|Khammouan|Khounkham|Tad Nam Sanam,2024,3,15,2024-03-15,75,75,NA,2025-10-16T00:00:00.000+00:00,2026-07-18T17:50:38.754+00:00,https://www.museum.kagoshima-u.ac.jp/hyouhonsitu.html,http://creativecommons.org/licenses/by/4.0/legalcode,FALSE,703a3ceb-c93a-429c-8436-3c4e7e59069e,none,none,7b6590f0-c03f-409b-ae28-f443c1166d23,e9e6df05-e289-4a64-8ace-a4d5dbd168e4,FALSE,NA,NA,NA,NA,none,Magnoliopsida,LA,none,none,ASIA,Lao People’s Democratic Republic,ASIA,NA,703a3ceb-c93a-429c-8436-3c4e7e59069e,Z775,NA,NA,232,NA,Tad Nam Sanam,NA,"Laos, Khammouan, Khounkham, Tad Nam Sanam",6196924057,NA,KAG,703a3ceb-c93a-429c-8436-3c4e7e59069e,NA,NA,KAG187191,KAG,NA,NA,NA,NA,Cyathula prostrata (L.) Blume,NA,NA,18.21775,104.5113,NA,5384314,Cyathula prostrata,Cyathula,prostrata,NA,NA,NA,WGS84,NA,NA,NA,NA,obtained using GPS machine,NA,NA,NA,NA,NA,Plantae|Tracheophyta|Magnoliopsida|Caryophyllales|Amaranthaceae|Cyathula|prostrata,NA,NA,NA,NA,458,NA,NA,NA,NA,NA,NA,NA,NA,NA,NA,NA,NA,NA,Khounkham,NA,NA,NA,NA,NA,NA,NA,NA,NA,NA,NA,NA,500,NA,NA,NA,NA,NA,NA,NA,NA,NA,NA,https://dbs.kaum.kagoshima-u.ac.jp/musedb/s_plant/picture/KAG187191/KAG187191.jpg,FALSE,ok
HERB_0275,sample_images/HERB_0275.jpg,2430565468,Colona auriculata (Desf.) Craib,,b5cdf794-8fa4-4a85-8b26-755d087bf531,2cd829bb-b713-433d-99cf-64bef11e5b3e,17abcf75-2f1e-46dd-bf75-a5b21dd02655,86c2834b-fcd6-418d-9b32-aca45110a0fe,2cd829bb-b713-433d-99cf-64bef11e5b3e,FR,EML,2026-08-13T15:27:43.858+00:00,2026-08-24T16:45:38.432+00:00,606,PRESERVED_SPECIMEN,PRESENT,4261665,6,7707728,220,941,6685,7311196,4261665,Colona auriculata (Desf.) Craib,Plantae,Tracheophyta,Malvales,Malvaceae,Colona,SPECIES,ACCEPTED,NA,ASIA,kompong chhnang,none,NA,2019,2,25,2019-02-25,56,56,NA,2020-01-14T18:34:18.000+00:00,2026-08-24T16:45:38.432+00:00,NA,http://creativecommons.org/licenses/by/4.0/legalcode,FALSE,http://coldb.mnhn.fr/catalognumber/mnhn/p/p00915945,none,none,6a6ac6c5-1b8a-48db-91a2-f8661274ff80,bc3d39fd-a7d4-4763-b951-2bdeddd8a5d2,FALSE,NA,"Hul, S.|Eum, S.|Peou, Y.",Hul,hb,none,Magnoliopsida,KH,none,none,ASIA,Cambodia,EUROPE,NA,http://coldb.mnhn.fr/catalognumber/mnhn/p/p00915945,NA,NA,http://grbio.org/institution/museum-national-dhistoire-naturelle,654,NA,NA,7071,NA,2430565468,NA,P,http://coldb.mnhn.fr/catalognumber/mnhn/p/p00915945,NA,NA,P00915945,MNHN,NA,NA,NA,NA,Colona auriculata (Desf.) Craib,NA,NA,NA,NA,NA,4261665,Colona auriculata,Colona,auriculata,NA,NA,NA,NA,NA,NA,NA,NA,NA,NA,NA,NA,NA,NA,NA,NA,LC,NA,NA,NA,NA,NA,NA,NA,NA,NA,NA,NA,NA,NA,NA,NA,"Arbre de 6 m. Feuilles oblongues ou ovales-oblongues, velues, plus ou moins caudées au sommet, oblique et auriculées à la base, à marge dentée surtout vers le sommet. Inflorescences en cymes. Fruit pubescent, indéhiscent, à 5 côtes",Kompong Trâlach,"Ta Chés, Svay dak kav",NA,NA,NA,NA,NA,NA,NA,NA,NA,NA,NA,NA,NA,NA,NA,NA,NA,NA,NA,NA,NA,NA,https://mediaphoto.mnhn.fr/media/1579023258504Th1t7aLBOT3PDxcK,TRUE,error
HERB_0276,sample_images/HERB_0276.jpg,5833058478,Prunus grisea (Blume ex C.Müll.) Kalkman,"cdc,inmafu",defb9a47-c1a7-4fb2-9a0b-2da7c5260cad,c4cbb860-e9c7-11da-8113-b8a03c50a862,"68e8e67a-43e6-44a3-8817-dc0e6b70f973,0479d6b2-a4f4-4307-8346-0b80e8c88c66",ac2ad091-91eb-482d-a73f-061744da5dbf,96710dc8-fecb-440d-ae3e-c34ae8a9616f,US,DWC_ARCHIVE,2026-08-22T14:49:41.590+00:00,2026-08-24T17:20:15.327+00:00,237,PRESERVED_SPECIMEN,PRESENT,3021789,6,7707728,220,691,5015,3020559,3021789,Prunus grisea (Blume ex C.Müll.) Kalkman,Plantae,Tracheophyta,Rosales,Rosaceae,Prunus,SPECIES,ACCEPTED,NA,ASIA,Bukidnon Province,NA,NA,2024,6,13,2024-06-13,165,165,NA,2026-02-13T16:57:19.000+00:00,2026-08-24T17:20:15.327+00:00,https://portal.torcherbaria.org/portal/collections/individual/index.php?occid=34055303,http://creativecommons.org/publicdomain/zero/1.0/legalcode,FALSE,34055303,none,none,a68aaf8c-9bfe-4bec-bab9-70cf5d6cde4a,5a7702f8-a46a-40a0-9eef-26d97ea45b5c,FALSE,NA,"Plants and Lichens of the Southern Philippines Survey; Peter W. Fritsch, Victor B. Amoroso, Fulgent P. Coritico, Darin S. Penneys, Maria Melanie M. Guiang, Vanessa Handley, Noel L. Lagunday, José Ignacio Márquez-Corro, Yvonne L. Cariño, April Joie D. Lagumbay, Noe P. Mendez, Joevina C. Nobleza, Pamela J. O",NA,Pressed herbarium specimen,none,Magnoliopsida,PH,none,none,ASIA,Philippines,NORTH_AMERICA,Botanical Research Institute of Texas,34055303,7083,"Growing in clay, loam, and humus in partly shaded area of forest. Tropical Lower Montane Rain Forest. Volcanic bedrock. Aspect: NE-facing. Area disturbed by clearing, agriculture.",NA,237,NA,"Mindanao Island; Bukidnon Province; Municipality of Valencia City; Barangay Lilingayon. E edge of Mt. Kalatungan Natural Park, Sitio Tandacol, trail from Tribal Center of BLLUPENTTRAS to Mt. Panagumayon.",NA,NA,5833058478,English,BRIT,b66ebc71-92e9-47cf-a2bf-cace6d97b567,NA,NA,BRIT1150239,BRIT,"Occasional. Additional materials: Photos, DNA. Collections supported by U.S. National Science Foundation grants DEB-1754667 and DEB-1754697.; Tree 8 m tall; leaves dark green adaxially, glaucous abaxially; calyx tube purplish green; corolla white; stamens white; stigma green.",NA,1244 m,fea81a47-2365-45cc-bef9-b6bbff7457e6,Prunus grisea (Blume ex C.Müll.) Kalkman,NA,NA,7.975,124.93173,NA,3021789,Prunus grisea,Prunus,grisea,NA,NA,NA,WGS84,NA,NA,NA,NA,NA,NA,NA,NA,NA,NA,NA,NA,LC,NA,NA,1244,NA,NA,NA,310055,NA,NA,NA,Barangay Lilingayon,NA,NA,NA,NA,NA,Municipality of Valencia City,NA,NA,13-Jun-24,Mindanao,b66ebc71-92e9-47cf-a2bf-cace6d97b567,http://creativecommons.org/publicdomain/zero/1.0/,NA,NA,NA,NA,abordelon,NA,NA,NA,NA,NA,NA,NA,NA,NA,NA,NA,NA,https://web.corral.tacc.utexas.edu/brit/BRIT/BRIT1150000/BRIT1150239.jpg,FALSE,ok
HERB_0277,sample_images/HERB_0277.jpg,6450154317,Maesa indica (Roxb.) Sweet,"cdc,cdround,gass84,incomis,inmafu",cd6e21c8-9e8a-493a-8a76-fbf7862069e5,061b4f20-f241-11da-a328-b8a03c50a862,17abcf75-2f1e-46dd-bf75-a5b21dd02655,996e30f8-f762-11e1-a439-00145eb45e9a,061b4f20-f241-11da-a328-b8a03c50a862,GB,DWC_ARCHIVE,2026-08-24T12:51:18.333+00:00,2026-08-24T20:51:23.911+00:00,539,PRESERVED_SPECIMEN,PRESENT,11074528,6,7707728,220,1353,6674,3169410,7736989,Maesa indica (Roxb.) A.DC.,Plantae,Tracheophyta,Ericales,Primulaceae,Maesa,SPECIES,SYNONYM,NA,ASIA,NA,NA,NA,2023,11,24,2023-11-24T00:00,328,328,NA,2026-07-21T12:28:13.767+00:00,2026-08-24T20:51:23.911+00:00,NA,http://creativecommons.org/licenses/by/4.0/legalcode,FALSE,K001934228,none,none,fa252605-26f6-426c-9892-94d071c2c77f,NA,TRUE,NA,"Yooprasert, S.; Tamura, M.N.; Fuse, S.; Tagane, S.; Takahashi, K.; Masuda, R.; Chamchumroon, V.; Suphuntee, N.; Taothong, P.",NA,NA,none,Magnoliopsida,TH,none,none,ASIA,Thailand,EUROPE,NA,K001934228,SY577,NA,NA,539,NA,"Tak, Umphang, Mo Kro, , , Ancient Forest stop",NA,NA,6450154317,NA,Herbarium,http://specimens.kew.org/herbarium/K001934228,NA,NA,K001934228,K,NA,NA,NA,NA,Maesa indica (Roxb.) Sweet,NA,NA,16.244444,98.999167,NA,7736989,Maesa indica,Maesa,indica,NA,NA,NA,WGS84,NA,NA,NA,NA,NA,NA,NA,NA,NA,NA,Primulaceae,NA,NA,NA,NA,1200,NA,NA,NA,NA,NA,NA,NA,NA,NA,NA,NA,NA,NA,NA,NA,NA,NA,NA,NA,NA,NA,NA,NA,NA,NA,NA,NA,NA,NA,NA,NA,NA,NA,NA,NA,NA,NA,https://d2jcv3kl45hlgi.cloudfront.net/0458d39da6a06264b81e3ecea7f0c2ae.jpg,FALSE,ok
HERB_0278,sample_images/HERB_0278.jpg,6196924392,Drypetes hainanensis Merr.,"colmafu,inmafu",1cbed1d0-f9ac-4b9e-bf3f-a26272bca39e,4fd82480-ea1c-11da-8db4-b8a03c50a862,NA,82d6992a-b20b-4e74-b6ac-6b971b2c485d,4fd82480-ea1c-11da-8db4-b8a03c50a862,JP,EML,2026-07-10T16:35:10.312+00:00,2026-07-18T17:50:17.999+00:00,222,PRESERVED_SPECIMEN,PRESENT,3075844,6,7707728,220,1414,8808,3075615,3075844,Drypetes hainanensis Merr.,Plantae,Tracheophyta,Malpighiales,Putranjivaceae,Drypetes,SPECIES,ACCEPTED,NA,ASIA,Kien Giang,NA,Asia|Vietnam|Kien Giang|Kien Luong Dist.|Mt. Mo So,2024,5,22,2024-05-22,143,143,NA,2025-10-16T00:00:00.000+00:00,2026-07-18T17:50:17.999+00:00,https://www.museum.kagoshima-u.ac.jp/hyouhonsitu.html,http://creativecommons.org/licenses/by/4.0/legalcode,FALSE,e19f30c0-53d2-47c3-83c8-1f167fccfe73,none,none,7b6590f0-c03f-409b-ae28-f443c1166d23,e9e6df05-e289-4a64-8ace-a4d5dbd168e4,FALSE,NA,NA,NA,NA,none,Magnoliopsida,VN,none,none,ASIA,Viet Nam,ASIA,NA,e19f30c0-53d2-47c3-83c8-1f167fccfe73,N474,NA,NA,232,NA,Mt. Mo So,NA,"Vietnam, Kien Giang, Kien Luong Dist., Mt. Mo So",6196924392,NA,KAG,e19f30c0-53d2-47c3-83c8-1f167fccfe73,NA,NA,KAG188577,KAG,NA,NA,NA,NA,Drypetes hainanensis Merr.,NA,NA,10.2277,104.61743,NA,3075844,Drypetes hainanensis,Drypetes,hainanensis,NA,NA,NA,WGS84,NA,NA,NA,NA,obtained using GPS machine,NA,NA,NA,NA,NA,Plantae|Tracheophyta|Magnoliopsida|Malpighiales|Putranjivaceae|Drypetes|hainanensis,NA,LC,NA,NA,70,NA,NA,NA,NA,NA,NA,NA,NA,NA,NA,NA,NA,NA,Kien Luong Dist.,NA,NA,NA,NA,NA,NA,NA,NA,NA,NA,NA,NA,500,NA,NA,NA,NA,NA,NA,NA,NA,NA,NA,https://dbs.kaum.kagoshima-u.ac.jp/musedb/s_plant/picture/KAG188577/KAG188577.jpg,FALSE,ok
HERB_0279,sample_images/HERB_0279.jpg,4607891513,Sindora velutina Baker,"cdc,cdround,gass84,incomis,inmafu",cd6e21c8-9e8a-493a-8a76-fbf7862069e5,061b4f20-f241-11da-a328-b8a03c50a862,17abcf75-2f1e-46dd-bf75-a5b21dd02655,996e30f8-f762-11e1-a439-00145eb45e9a,061b4f20-f241-11da-a328-b8a03c50a862,GB,DWC_ARCHIVE,2026-08-24T12:51:18.333+00:00,2026-08-24T20:49:55.496+00:00,539,PRESERVED_SPECIMEN,PRESENT,2943366,6,7707728,220,1370,5386,2943351,2943366,Sindora velutina Baker,Plantae,Tracheophyta,Fabales,Fabaceae,Sindora,SPECIES,ACCEPTED,NA,ASIA,NA,NA,NA,2022,6,10,2022-06-10T00:00,161,161,NA,2026-01-25T18:17:20.613+00:00,2026-08-24T20:49:55.496+00:00,NA,http://creativecommons.org/licenses/by/4.0/legalcode,FALSE,K001871909,none,none,fa252605-26f6-426c-9892-94d071c2c77f,NA,FALSE,NA,"Choo, L.M.; Tan, P.; Kong, C.",NA,NA,none,Magnoliopsida,SG,none,none,ASIA,Singapore,EUROPE,NA,K001871909,SING 2022-601,NA,NA,539,NA,BTNR Jungle Fall Stream,NA,NA,4607891513,NA,Herbarium,http://specimens.kew.org/herbarium/K001871909,NA,NA,K001871909,K,NA,NA,NA,NA,Sindora velutina Baker,NA,NA,1.356389,103.775278,NA,2943366,Sindora velutina,Sindora,velutina,NA,NA,NA,WGS84,NA,NA,NA,NA,NA,NA,NA,NA,NA,NA,Fabaceae,NA,LC,NA,NA,NA,NA,NA,NA,NA,NA,NA,NA,NA,NA,NA,NA,2976.743587395797,NA,NA,NA,NA,NA,NA,NA,NA,NA,NA,NA,NA,NA,NA,NA,NA,NA,NA,NA,NA,NA,NA,NA,NA,NA,https://d2jcv3kl45hlgi.cloudfront.net/9c31d583ce72f0460373b977f0d74a8e.jpg,FALSE,ok
HERB_0280,sample_images/HERB_0280.jpg,6196923591,Urobotrya siamensis Hiepko,"colmafu,inmafu",1cbed1d0-f9ac-4b9e-bf3f-a26272bca39e,4fd82480-ea1c-11da-8db4-b8a03c50a862,NA,82d6992a-b20b-4e74-b6ac-6b971b2c485d,4fd82480-ea1c-11da-8db4-b8a03c50a862,JP,EML,2026-07-10T16:35:10.312+00:00,2026-07-18T17:50:38.052+00:00,222,PRESERVED_SPECIMEN,PRESENT,3658956,6,7707728,220,934,3232649,7321360,3658956,Urobotrya siamensis Hiepko,Plantae,Tracheophyta,Santalales,Opiliaceae,Urobotrya,SPECIES,ACCEPTED,NA,ASIA,Khammouan,NA,Asia|Laos|Khammouan|Khounkham|Phouphamarn walking trail,2024,3,17,2024-03-17,77,77,NA,2025-10-16T00:00:00.000+00:00,2026-07-18T17:50:38.052+00:00,https://www.museum.kagoshima-u.ac.jp/hyouhonsitu.html,http://creativecommons.org/licenses/by/4.0/legalcode,FALSE,3f95bd95-fec9-44fd-913e-4128c0f9508b,none,none,7b6590f0-c03f-409b-ae28-f443c1166d23,e9e6df05-e289-4a64-8ace-a4d5dbd168e4,FALSE,NA,NA,NA,NA,none,Magnoliopsida,LA,none,none,ASIA,Lao People’s Democratic Republic,ASIA,NA,3f95bd95-fec9-44fd-913e-4128c0f9508b,Z976,NA,NA,232,NA,Phouphamarn walking trail,NA,"Laos, Khammouan, Khounkham, Phouphamarn walking trail",6196923591,NA,KAG,3f95bd95-fec9-44fd-913e-4128c0f9508b,NA,NA,KAG187385,KAG,NA,NA,NA,NA,Urobotrya siamensis Hiepko,NA,NA,18.17655,104.48833,NA,3658956,Urobotrya siamensis,Urobotrya,siamensis,NA,NA,NA,WGS84,NA,NA,NA,NA,obtained using GPS machine,NA,NA,NA,NA,NA,Plantae|Tracheophyta|Magnoliopsida|Santalales|Opiliaceae|Urobotrya|siamensis,NA,LC,NA,NA,435,NA,NA,NA,NA,NA,NA,NA,NA,NA,NA,NA,NA,NA,Khounkham,NA,NA,NA,NA,NA,NA,NA,NA,NA,NA,NA,NA,500,NA,NA,NA,NA,NA,NA,NA,NA,NA,NA,https://dbs.kaum.kagoshima-u.ac.jp/musedb/s_plant/picture/KAG187385/KAG187385.jpg,FALSE,ok
HERB_0281,sample_images/HERB_0281.jpg,3416519307,Garcinia megaphylla Verdc.,"cdc,gass84",cb9beff3-a185-486f-975a-732251444158,2853c0e7-c758-4c9c-83a2-7c2d18967fb9,17abcf75-2f1e-46dd-bf75-a5b21dd02655,86c2834b-fcd6-418d-9b32-aca45110a0fe,2cd829bb-b713-433d-99cf-64bef11e5b3e,FR,EML,2026-08-13T15:27:43.165+00:00,2026-08-24T18:08:57.497+00:00,586,PRESERVED_SPECIMEN,PRESENT,3713777,6,7707728,220,1414,6646,3189556,7727026,Garcinia macrophylla Mart.,Plantae,Tracheophyta,Malpighiales,Clusiaceae,Garcinia,SPECIES,SYNONYM,NA,ASIA,NA,NA,NA,2020,3,25,2020-03-25,85,85,NA,2021-12-17T16:45:47.000+00:00,2026-08-24T18:08:57.497+00:00,NA,http://creativecommons.org/licenses/by/4.0/legalcode,FALSE,http://coldb.mnhn.fr/catalognumber/um/mpu/mpu1400357,none,none,17ff2e84-80c7-4904-81c7-26183b3ce46e,1fddc155-2d5b-4b1d-92cb-1268e22cc2bb,FALSE,NA,"Yao, T.L.|Leong, P.K.F.|Lim, W.H.|Chia, E.J.J.",Yao,hb,none,Magnoliopsida,SG,none,none,ASIA,Singapore,EUROPE,NA,http://coldb.mnhn.fr/catalognumber/um/mpu/mpu1400357,NA,NA,http://grscicoll.org/institution/université-montpellier-2,634,NA,NA,91,Singapore Botanic Garden,3416519307,NA,MPU,http://coldb.mnhn.fr/catalognumber/um/mpu/mpu1400357,NA,NA,MPU1400357,UM,NA,NA,NA,NA,Garcinia megaphylla Verdc.,NA,NA,1.39487,103.81105,NA,7727026,Garcinia macrophylla,Garcinia,megaphylla,NA,NA,NA,WGS84,NA,NA,NA,NA,NA,NA,NA,NA,NA,NA,NA,NA,NA,NA,NA,NA,NA,NA,NA,NA,NA,NA,NA,NA,NA,NA,NA,3348.8504043166813,Tree tag: 70/83/22*A. Distribution: Brazil,NA,NA,NA,NA,NA,NA,NA,NA,NA,NA,Cultivated,NA,NA,NA,NA,NA,NA,NA,NA,NA,NA,NA,NA,NA,https://mediaphoto.mnhn.fr/media/1639755947310RonHSYQAjj0iujcF,FALSE,error
HERB_0282,sample_images/HERB_0282.jpg,4607892498,Acalypha indica L.,"cdc,cdround,gass84,incomis,inmafu",cd6e21c8-9e8a-493a-8a76-fbf7862069e5,061b4f20-f241-11da-a328-b8a03c50a862,17abcf75-2f1e-46dd-bf75-a5b21dd02655,996e30f8-f762-11e1-a439-00145eb45e9a,061b4f20-f241-11da-a328-b8a03c50a862,GB,DWC_ARCHIVE,2026-08-24T12:51:18.333+00:00,2026-08-24T20:51:37.276+00:00,539,PRESERVED_SPECIMEN,PRESENT,3056259,6,7707728,220,1414,4691,3055964,3056259,Acalypha indica L.,Plantae,Tracheophyta,Malpighiales,Euphorbiaceae,Acalypha,SPECIES,ACCEPTED,NA,ASIA,NA,NA,NA,2020,6,19,2020-06-19T00:00,171,171,NA,2026-01-25T18:17:20.613+00:00,2026-08-24T20:51:37.276+00:00,NA,http://creativecommons.org/licenses/by/4.0/legalcode,FALSE,K001871925,none,none,fa252605-26f6-426c-9892-94d071c2c77f,NA,FALSE,NA,"Ho, B.C.",NA,NA,none,Magnoliopsida,SG,none,none,ASIA,Singapore,EUROPE,NA,K001871925,20-240,NA,NA,539,NA,in front of Bkt. Gombak MRT station,NA,NA,4607892498,NA,Herbarium,http://specimens.kew.org/herbarium/K001871925,NA,NA,K001871925,K,NA,NA,NA,NA,Acalypha indica L.,NA,NA,1.358611,103.751667,NA,3056259,Acalypha indica,Acalypha,indica,NA,NA,NA,WGS84,NA,NA,NA,NA,NA,NA,NA,NA,NA,NA,Euphorbiaceae,NA,NA,NA,NA,NA,NA,NA,NA,NA,NA,NA,NA,NA,NA,NA,NA,NA,NA,NA,NA,NA,NA,NA,NA,NA,NA,NA,NA,NA,NA,NA,NA,NA,NA,NA,NA,NA,NA,NA,NA,NA,NA,https://d2jcv3kl45hlgi.cloudfront.net/83dc775ea5feb68aca58e7ece98a1622.jpg,FALSE,ok
HERB_0283,sample_images/HERB_0283.jpg,6196925412,Koilodepas longifolium Hook.f.,"colmafu,inmafu",1cbed1d0-f9ac-4b9e-bf3f-a26272bca39e,4fd82480-ea1c-11da-8db4-b8a03c50a862,NA,82d6992a-b20b-4e74-b6ac-6b971b2c485d,4fd82480-ea1c-11da-8db4-b8a03c50a862,JP,EML,2026-07-10T16:35:10.312+00:00,2026-07-18T17:50:39.711+00:00,222,PRESERVED_SPECIMEN,PRESENT,3072101,6,7707728,220,1414,4691,3072093,3072101,Koilodepas longifolium Hook.f.,Plantae,Tracheophyta,Malpighiales,Euphorbiaceae,Koilodepas,SPECIES,ACCEPTED,NA,ASIA,Khammouan,NA,Asia|Laos|Khammouan|Khounkham|Tad Nam Sanam,2024,3,15,2024-03-15,75,75,NA,2025-10-16T00:00:00.000+00:00,2026-07-18T17:50:39.711+00:00,https://www.museum.kagoshima-u.ac.jp/hyouhonsitu.html,http://creativecommons.org/licenses/by/4.0/legalcode,FALSE,60cd6032-2879-4a4d-9c03-f1f3b58a373d,none,none,7b6590f0-c03f-409b-ae28-f443c1166d23,e9e6df05-e289-4a64-8ace-a4d5dbd168e4,FALSE,NA,NA,NA,NA,none,Magnoliopsida,LA,none,none,ASIA,Lao People’s Democratic Republic,ASIA,NA,60cd6032-2879-4a4d-9c03-f1f3b58a373d,Z800,NA,NA,232,NA,Tad Nam Sanam,NA,"Laos, Khammouan, Khounkham, Tad Nam Sanam",6196925412,NA,KAG,60cd6032-2879-4a4d-9c03-f1f3b58a373d,NA,NA,KAG187216,KAG,NA,NA,NA,NA,Koilodepas longifolium Hook.f.,NA,NA,18.21963,104.50306,NA,3072101,Koilodepas longifolium,Koilodepas,longifolium,NA,NA,NA,WGS84,NA,NA,NA,NA,obtained using GPS machine,NA,NA,NA,NA,NA,Plantae|Tracheophyta|Magnoliopsida|Malpighiales|Euphorbiaceae|Koilodepas|longifolium,NA,LC,NA,NA,458,NA,NA,NA,NA,NA,NA,NA,NA,NA,NA,NA,NA,NA,Khounkham,NA,NA,NA,NA,NA,NA,NA,NA,NA,NA,NA,NA,500,NA,NA,NA,NA,NA,NA,NA,NA,NA,NA,https://dbs.kaum.kagoshima-u.ac.jp/musedb/s_plant/picture/KAG187216/KAG187216.jpg,FALSE,ok
HERB_0284,sample_images/HERB_0284.jpg,4979411363,Fagraea cuspidata Blume,cdc,bf2a4bf0-5f31-11de-b67e-b8a03c50a862,98e934b0-5f31-11de-b67e-b8a03c50a862,"8e30b684-6a54-4aba-aa73-66201c2c736e,17abcf75-2f1e-46dd-bf75-a5b21dd02655",f6fe707e-cced-4efc-b5dc-be4c91b8180a,98e934b0-5f31-11de-b67e-b8a03c50a862,GB,DWC_ARCHIVE,2026-08-13T16:38:58.088+00:00,2026-08-24T20:20:58.504+00:00,445,PRESERVED_SPECIMEN,PRESENT,4020218,6,7707728,220,412,2503,3231086,7697078,"Utania cuspidata (Blume) K.M.Wong, Sugumaran & Sugau",Plantae,Tracheophyta,Gentianales,Gentianaceae,Utania,SPECIES,SYNONYM,NA,ASIA,Sarawak,NA,Malay Islands,2024,2,26,2024-02-26,57,57,NA,2025-12-15T10:47:06.000+00:00,2026-08-24T20:20:58.504+00:00,NA,http://creativecommons.org/publicdomain/zero/1.0/legalcode,FALSE,https://data.rbge.org.uk/herb/E01494559,none,none,0237598a-853a-492c-af74-a723fe251799,427c8cd7-4358-4a00-9ef3-2b2676d28d1e,FALSE,Edinburgh (E) Herbarium Specimens,"Wilkie, Peter, Sundue, Michael, Barber, Sadie, Jawa, Rantai & Angkabau, Johnny",NA,HERBARIUM SHEET|Silica-dried,none,Magnoliopsida,MY,none,none,ASIA,Malaysia,EUROPE,NA,https://data.rbge.org.uk/herb/E01494559,S.110639,Roadside in logged over lowland mixed diterocarp forest,https://scientific-collections.gbif.org/institution/0237598a-853a-492c-af74-a723fe251799,445,NA,"Kapit Forest Management Unit (FMU), roadside of logged over lowland mixed diterocarp forest.",NA,NA,4979411363,NA,E,https://data.rbge.org.uk/herb/E01494559,PhysicalObject,NA,E01494559,RBGE,NA,NA,NA,https://scientific-collections.gbif.org/collection/427c8cd7-4358-4a00-9ef3-2b2676d28d1e,Fagraea cuspidata Blume,NA,NA,1.884867,113.042682,NA,7697078,Utania cuspidata,Fagraea,cuspidata,NA,NA,NA,WGS84,NA,ICBN,NA,NA,NA,NA,NA,NA,E,NA,NA,NA,NA,NA,NA,NA,NA,NA,NA,NA,NA,NA,NA,NA,NA,NA,NA,NA,NA,NA,NA,NA,26th February 2024,NA,NA,NA,NA,NA,NA,NA,NA,NA,NA,NA,CC0,Royal Botanic Garden Edinburgh,1571768,NA,NA,NA,NA,NA,NA,https://iiif.rbge.org.uk/herb/iiif/E01494559/manifest,FALSE,not_image
HERB_0285,sample_images/HERB_0285.jpg,6196925440,Homonoia riparia Lour.,"colmafu,inmafu",1cbed1d0-f9ac-4b9e-bf3f-a26272bca39e,4fd82480-ea1c-11da-8db4-b8a03c50a862,NA,82d6992a-b20b-4e74-b6ac-6b971b2c485d,4fd82480-ea1c-11da-8db4-b8a03c50a862,JP,EML,2026-07-10T16:35:10.312+00:00,2026-07-18T17:50:19.737+00:00,222,PRESERVED_SPECIMEN,PRESENT,3071623,6,7707728,220,1414,4691,3071618,3071623,Homonoia riparia Lour.,Plantae,Tracheophyta,Malpighiales,Euphorbiaceae,Homonoia,SPECIES,ACCEPTED,NA,ASIA,Khammouan,NA,Asia|Laos|Khammouan|Khounkham|Tad Nam Sanam,2024,3,15,2024-03-15,75,75,NA,2025-10-16T00:00:00.000+00:00,2026-07-18T17:50:19.737+00:00,https://www.museum.kagoshima-u.ac.jp/hyouhonsitu.html,http://creativecommons.org/licenses/by/4.0/legalcode,FALSE,b6b8f9a5-da41-43e8-b65c-2b2c7132bb53,none,none,7b6590f0-c03f-409b-ae28-f443c1166d23,e9e6df05-e289-4a64-8ace-a4d5dbd168e4,FALSE,NA,NA,NA,NA,none,Magnoliopsida,LA,none,none,ASIA,Lao People’s Democratic Republic,ASIA,NA,b6b8f9a5-da41-43e8-b65c-2b2c7132bb53,Z767,NA,NA,232,NA,Tad Nam Sanam,NA,"Laos, Khammouan, Khounkham, Tad Nam Sanam",6196925440,NA,KAG,b6b8f9a5-da41-43e8-b65c-2b2c7132bb53,NA,NA,KAG187183,KAG,NA,NA,NA,NA,Homonoia riparia Lour.,NA,NA,18.21749,104.5121,NA,3071623,Homonoia riparia,Homonoia,riparia,NA,NA,NA,WGS84,NA,NA,NA,NA,obtained using GPS machine,NA,NA,NA,NA,NA,Plantae|Tracheophyta|Magnoliopsida|Malpighiales|Euphorbiaceae|Homonoia|riparia,NA,LC,NA,NA,192,NA,NA,NA,NA,NA,NA,NA,NA,NA,NA,NA,NA,NA,Khounkham,NA,NA,NA,NA,NA,NA,NA,NA,NA,NA,NA,NA,500,NA,NA,NA,NA,NA,NA,NA,NA,NA,NA,https://dbs.kaum.kagoshima-u.ac.jp/musedb/s_plant/picture/KAG187183/KAG187183.jpg,FALSE,ok
HERB_0286,sample_images/HERB_0286.jpg,5956352492,Leea sambucina (L.) Willd.,"iddativ,inmano",cfb43618-1423-4031-b3ff-fbd2c264f48b,90cc71b0-055b-11d8-b84e-b8a03c50a862,NA,cf781be7-8343-4a3f-a38f-70d1ea201980,96710dc8-fecb-440d-ae3e-c34ae8a9616f,US,DWC_ARCHIVE,2026-08-25T10:35:24.441+00:00,2026-08-25T10:47:19.016+00:00,32,PRESERVED_SPECIMEN,PRESENT,4160406,6,7707728,220,7222050,6672,7303645,4160336,Leea indica (Burm.fil.) Merr.,Plantae,Tracheophyta,Vitales,Vitaceae,Leea,SPECIES,SYNONYM,NA,NA,NA,none,NA,2025,3,14,2025-03-14,73,73,NotAType,2026-01-10T15:32:31.000+00:00,2026-08-25T10:47:19.016+00:00,https://pacific.symbiota.org/portal/collections/individual/index.php?occid=1365012,http://creativecommons.org/licenses/by-nc/4.0/legalcode,FALSE,1365012,none,none,NA,NA,FALSE,NA,"Hoogeuweif, A.","v. Borssum, W.J.",NA,none,Magnoliopsida,ID,none,none,ASIA,Indonesia,NORTH_AMERICA,Bernice Puahi Bishop Museum,1365012,25,Along and on marshy meadow,NA,32,NA,"Udjong Kulon. Tjiharang, W coast",NA,NA,5956352492,NA,NA,442806,NA,in collection,442806,BISH,NA,"<a href=""http://www.vertnet.org/resources/norms.html"">http://www.vertnet.org/resources/norms.html</a",NA,a1eacc23-81c2-4e52-9234-1d9b727e7a5b,Leea sambucina (L.) Willd.,NA,NA,NA,NA,NA,4160336,Leea indica,Leea,sambucina,NA,NA,NA,NA,NA,NA,NA,NA,NA,NA,NA,NA,BPBM,NA,NA,NA,NA,NA,NA,NA,NA,NA,NA,258319,NA,NA,NA,NA,NA,NA,NA,NA,NA,NA,NA,BISH1215282,14-Mar-25,Java,060ddea8-afa8-43c1-a0bb-ea8765731f2c,https://creativecommons.org/licenses/by-nc/4.0/,NA,NA,NA,NA,NA,NA,NA,NA,NA,NA,NA,NA,NA,NA,NA,NA,NA,https://editedimages.s3-accelerate.amazonaws.com/BISH1215282.webp,FALSE,not_image
HERB_0287,sample_images/HERB_0287.jpg,4979413011,Cyrtandra scutifolia B.L.Burtt,cdc,bf2a4bf0-5f31-11de-b67e-b8a03c50a862,98e934b0-5f31-11de-b67e-b8a03c50a862,"8e30b684-6a54-4aba-aa73-66201c2c736e,17abcf75-2f1e-46dd-bf75-a5b21dd02655",f6fe707e-cced-4efc-b5dc-be4c91b8180a,98e934b0-5f31-11de-b67e-b8a03c50a862,GB,DWC_ARCHIVE,2026-08-13T16:38:58.088+00:00,2026-08-24T20:21:02.808+00:00,445,PRESERVED_SPECIMEN,PRESENT,5588760,6,7707728,220,408,6654,3172659,5588760,Cyrtandra scutifolia B.L.Burtt,Plantae,Tracheophyta,Lamiales,Gesneriaceae,Cyrtandra,SPECIES,ACCEPTED,NA,ASIA,Sarawak,NA,Malay Islands,2024,3,3,2024-03-03,63,63,NA,2025-12-15T11:35:28.000+00:00,2026-08-24T20:21:02.808+00:00,NA,http://creativecommons.org/publicdomain/zero/1.0/legalcode,FALSE,https://data.rbge.org.uk/herb/E01494507,none,none,0237598a-853a-492c-af74-a723fe251799,427c8cd7-4358-4a00-9ef3-2b2676d28d1e,FALSE,Edinburgh (E) Herbarium Specimens,"Barber, Sadie, Wilkie, Peter, Sundue, Michael, Chea Yiing, Ling, Jawa, Rantai & Angkabau, Johnny",NA,HERBARIUM SHEET|Silica-dried,none,Magnoliopsida,MY,none,none,ASIA,Malaysia,EUROPE,NA,https://data.rbge.org.uk/herb/E01494507,S.110694,"On rocky slope near waterfall, very humid, dappled shade",https://scientific-collections.gbif.org/institution/0237598a-853a-492c-af74-a723fe251799,445,NA,"Tunoh, path towards Sungai Mabong",NA,NA,4979413011,NA,E,https://data.rbge.org.uk/herb/E01494507,PhysicalObject,NA,E01494507,RBGE,NA,NA,NA,https://scientific-collections.gbif.org/collection/427c8cd7-4358-4a00-9ef3-2b2676d28d1e,Cyrtandra scutifolia B.L.Burtt,NA,NA,2.063653,113.67598,NA,5588760,Cyrtandra scutifolia,Cyrtandra,scutifolia,NA,NA,NA,WGS84,NA,ICBN,NA,NA,NA,NA,NA,NA,E,NA,NA,NA,NA,NA,NA,NA,NA,NA,NA,NA,NA,NA,NA,NA,NA,NA,NA,NA,NA,NA,NA,NA,3rd March 2024,NA,NA,NA,NA,NA,NA,NA,NA,NA,NA,NA,CC0,Royal Botanic Garden Edinburgh,1571842,NA,NA,NA,NA,NA,NA,https://iiif.rbge.org.uk/herb/iiif/E01494507/manifest,FALSE,not_image
HERB_0288,sample_images/HERB_0288.jpg,4519431336,Triomma malaccensis Hook.fil.,"incomis,inmafu",cd6e21c8-9e8a-493a-8a76-fbf7862069e5,061b4f20-f241-11da-a328-b8a03c50a862,17abcf75-2f1e-46dd-bf75-a5b21dd02655,996e30f8-f762-11e1-a439-00145eb45e9a,061b4f20-f241-11da-a328-b8a03c50a862,GB,DWC_ARCHIVE,2026-08-24T12:51:18.333+00:00,2026-08-24T20:49:55.357+00:00,539,PRESERVED_SPECIMEN,PRESENT,3994141,6,7707728,220,933,6659,7286894,3994141,Triomma malaccensis Hook.fil.,Plantae,Tracheophyta,Sapindales,Burseraceae,Triomma,SPECIES,ACCEPTED,NA,ASIA,NA,none,NA,2021,5,5,2021-05-05T00:00,125,125,NA,2025-11-09T07:07:33.707+00:00,2026-08-24T20:49:55.357+00:00,NA,http://creativecommons.org/licenses/by/4.0/legalcode,FALSE,K001528768,none,none,fa252605-26f6-426c-9892-94d071c2c77f,NA,FALSE,NA,"Seah, W.W.; Siddik Hasman; Han, L.; et al.",NA,NA,none,Magnoliopsida,SG,none,none,ASIA,Singapore,EUROPE,NA,K001528768,SING 2021-258,NA,NA,539,NA,NA,NA,NA,4519431336,NA,Herbarium,http://specimens.kew.org/herbarium/K001528768,NA,NA,K001528768,K,NA,NA,NA,NA,Triomma malaccensis Hook.fil.,NA,NA,NA,NA,NA,3994141,Triomma malaccensis,Triomma,malaccensis,NA,NA,NA,NA,NA,NA,NA,NA,NA,NA,NA,NA,NA,NA,Burseraceae,NA,LC,NA,NA,NA,NA,NA,NA,NA,NA,NA,NA,NA,NA,NA,NA,NA,NA,NA,NA,NA,NA,NA,NA,NA,NA,NA,NA,NA,NA,NA,NA,NA,NA,NA,NA,NA,NA,NA,NA,NA,NA,https://d2jcv3kl45hlgi.cloudfront.net/0ea102af769ba796046c831cc4df01fa.jpg,FALSE,ok
HERB_0289,sample_images/HERB_0289.jpg,6196924449,Saraca declinata (Jack) Miq.,"colmafu,inmafu",1cbed1d0-f9ac-4b9e-bf3f-a26272bca39e,4fd82480-ea1c-11da-8db4-b8a03c50a862,NA,82d6992a-b20b-4e74-b6ac-6b971b2c485d,4fd82480-ea1c-11da-8db4-b8a03c50a862,JP,EML,2026-07-10T16:35:10.312+00:00,2026-07-18T17:50:17.261+00:00,222,PRESERVED_SPECIMEN,PRESENT,5359533,6,7707728,220,1370,5386,2974323,5359533,Saraca declinata (Jack) Miq.,Plantae,Tracheophyta,Fabales,Fabaceae,Saraca,SPECIES,ACCEPTED,NA,ASIA,Bolikhamxai,NA,Asia|Laos|Bolikhamxai|Pakkading|near Ban Naphong; Nam Kading NPA,2024,3,18,2024-03-18,78,78,NA,2025-10-16T00:00:00.000+00:00,2026-07-18T17:50:17.261+00:00,https://www.museum.kagoshima-u.ac.jp/hyouhonsitu.html,http://creativecommons.org/licenses/by/4.0/legalcode,FALSE,3ea72501-c0d8-4bed-bc33-2ec48863dc69,none,none,7b6590f0-c03f-409b-ae28-f443c1166d23,e9e6df05-e289-4a64-8ace-a4d5dbd168e4,FALSE,NA,NA,NA,NA,none,Magnoliopsida,LA,none,none,ASIA,Lao People’s Democratic Republic,ASIA,NA,3ea72501-c0d8-4bed-bc33-2ec48863dc69,Z1181,NA,NA,232,NA,near Ban Naphong; Nam Kading NPA,NA,"Laos, Bolikhamxai, Pakkading, near Ban Naphong; Nam Kading NPA",6196924449,NA,KAG,3ea72501-c0d8-4bed-bc33-2ec48863dc69,NA,NA,KAG187582,KAG,NA,NA,NA,NA,Saraca declinata (Jack) Miq.,NA,NA,18.21482,104.38088,NA,5359533,Saraca declinata,Saraca,declinata,NA,NA,NA,WGS84,NA,NA,NA,NA,obtained using GPS machine,NA,NA,NA,NA,NA,Plantae|Tracheophyta|Magnoliopsida|Fabales|Fabaceae|Saraca|declinata,NA,LC,NA,NA,280,NA,NA,NA,NA,NA,NA,NA,NA,NA,NA,NA,NA,NA,Pakkading,NA,NA,NA,NA,NA,NA,NA,NA,NA,NA,NA,NA,500,NA,NA,NA,NA,NA,NA,NA,NA,NA,NA,https://dbs.kaum.kagoshima-u.ac.jp/musedb/s_plant/picture/KAG187582/KAG187582.jpg,FALSE,ok
HERB_0290,sample_images/HERB_0290.jpg,4607889555,Labisia pumila (Blume) Fern.-Vill.,"cdc,cdround,gass84,incomis,inmafu",cd6e21c8-9e8a-493a-8a76-fbf7862069e5,061b4f20-f241-11da-a328-b8a03c50a862,17abcf75-2f1e-46dd-bf75-a5b21dd02655,996e30f8-f762-11e1-a439-00145eb45e9a,061b4f20-f241-11da-a328-b8a03c50a862,GB,DWC_ARCHIVE,2026-08-24T12:51:18.333+00:00,2026-08-24T20:49:55.285+00:00,539,PRESERVED_SPECIMEN,PRESENT,7330960,6,7707728,220,1353,6674,7330947,7330960,Labisia pumila (Blume) Fern.-Vill.,Plantae,Tracheophyta,Ericales,Primulaceae,Labisia,SPECIES,ACCEPTED,NA,ASIA,NA,NA,NA,2019,11,7,2019-11-07T00:00,311,311,NA,2025-12-30T01:41:10.303+00:00,2026-08-24T20:49:55.285+00:00,NA,http://creativecommons.org/licenses/by/4.0/legalcode,FALSE,K001925085,none,none,fa252605-26f6-426c-9892-94d071c2c77f,NA,FALSE,NA,"Lim, W.H.; Bazilah, I.; Watu, A.; Janagrun, E.; Azlan, P.; Clayton, J.",NA,NA,none,Magnoliopsida,BN,none,none,ASIA,Brunei Darussalam,EUROPE,NA,K001925085,LWH 42,NA,NA,539,NA,"Tutong, Rambai, Ulu Sg. Kiapat. ",NA,NA,4607889555,NA,Herbarium,http://specimens.kew.org/herbarium/K001925085,NA,NA,K001925085,K,NA,NA,NA,NA,Labisia pumila (Blume) Fern.-Vill.,NA,NA,4.549444,114.749444,NA,7330960,Labisia pumila,Labisia,pumila,NA,NA,NA,WGS84,NA,NA,NA,NA,NA,NA,NA,NA,NA,NA,Primulaceae,NA,NA,NA,NA,NA,NA,NA,NA,NA,NA,NA,NA,NA,NA,NA,NA,NA,NA,NA,NA,NA,NA,NA,NA,NA,NA,NA,NA,NA,NA,NA,NA,NA,NA,NA,NA,NA,NA,NA,NA,NA,NA,https://d2jcv3kl45hlgi.cloudfront.net/62a48044e75575121e5b35e6faaa0ce2.jpg,FALSE,ok
HERB_0291,sample_images/HERB_0291.jpg,4979412546,Cyrtandra splendens C.B.Clarke,cdc,bf2a4bf0-5f31-11de-b67e-b8a03c50a862,98e934b0-5f31-11de-b67e-b8a03c50a862,"8e30b684-6a54-4aba-aa73-66201c2c736e,17abcf75-2f1e-46dd-bf75-a5b21dd02655",f6fe707e-cced-4efc-b5dc-be4c91b8180a,98e934b0-5f31-11de-b67e-b8a03c50a862,GB,DWC_ARCHIVE,2026-08-13T16:38:58.088+00:00,2026-08-24T20:21:03.790+00:00,445,PRESERVED_SPECIMEN,PRESENT,5592200,6,7707728,220,408,6654,3172659,5592200,Cyrtandra splendens C.B.Clarke,Plantae,Tracheophyta,Lamiales,Gesneriaceae,Cyrtandra,SPECIES,ACCEPTED,NA,ASIA,Sarawak,NA,Malay Islands,2024,3,11,2024-03-11,71,71,NA,2026-02-02T14:10:56.000+00:00,2026-08-24T20:21:03.790+00:00,NA,http://creativecommons.org/publicdomain/zero/1.0/legalcode,FALSE,https://data.rbge.org.uk/herb/E01494505,none,none,0237598a-853a-492c-af74-a723fe251799,427c8cd7-4358-4a00-9ef3-2b2676d28d1e,FALSE,Edinburgh (E) Herbarium Specimens,"Barber, Sadie, Wilkie, Peter, Sundue, Michael, Sang, Julia, Jawa, Rantai & Angkabau, Johnny",NA,HERBARIUM SHEET|Silica-dried,none,Magnoliopsida,MY,none,none,ASIA,Malaysia,EUROPE,NA,https://data.rbge.org.uk/herb/E01494505,S.111222,"Down from ridge of mountain, NE slope, just off roadside, semi-shade, sometimes cloaked in cloud, this species is reasonably common at locality",https://scientific-collections.gbif.org/institution/0237598a-853a-492c-af74-a723fe251799,445,NA,"Kubah National Park, Mount Serapi",NA,NA,4979412546,NA,E,https://data.rbge.org.uk/herb/E01494505,PhysicalObject,NA,E01494505,RBGE,NA,NA,NA,https://scientific-collections.gbif.org/collection/427c8cd7-4358-4a00-9ef3-2b2676d28d1e,Cyrtandra splendens C.B.Clarke,NA,NA,1.587353,110.193368,NA,5592200,Cyrtandra splendens,Cyrtandra,splendens,NA,NA,NA,WGS84,NA,ICBN,NA,NA,NA,NA,NA,NA,E,NA,NA,NA,NA,NA,NA,NA,NA,NA,NA,NA,NA,NA,NA,NA,NA,NA,NA,NA,NA,NA,NA,NA,11th March 2024,NA,NA,NA,NA,NA,NA,NA,NA,NA,NA,NA,CC0,Royal Botanic Garden Edinburgh,1572079,NA,NA,NA,NA,NA,NA,https://iiif.rbge.org.uk/herb/iiif/E01494505/manifest,FALSE,not_image
HERB_0292,sample_images/HERB_0292.jpg,6196923459,Oxyceros bispinosus (Griff.) Tirveng.,"colmafu,inmafu",1cbed1d0-f9ac-4b9e-bf3f-a26272bca39e,4fd82480-ea1c-11da-8db4-b8a03c50a862,NA,82d6992a-b20b-4e74-b6ac-6b971b2c485d,4fd82480-ea1c-11da-8db4-b8a03c50a862,JP,EML,2026-07-10T16:35:10.312+00:00,2026-07-18T17:50:37.907+00:00,222,PRESERVED_SPECIMEN,PRESENT,2904170,6,7707728,220,412,8798,2904145,2904170,Oxyceros bispinosus (Griff.) Tirveng.,Plantae,Tracheophyta,Gentianales,Rubiaceae,Oxyceros,SPECIES,ACCEPTED,NA,ASIA,Khammouan,NA,Asia|Laos|Khammouan|Khounkham|near Ban Nong Kok,2024,3,16,2024-03-16,76,76,NA,2025-10-16T00:00:00.000+00:00,2026-07-18T17:50:37.907+00:00,https://www.museum.kagoshima-u.ac.jp/hyouhonsitu.html,http://creativecommons.org/licenses/by/4.0/legalcode,FALSE,d636e576-1515-4a6a-9bca-b816a799b5f7,none,none,7b6590f0-c03f-409b-ae28-f443c1166d23,e9e6df05-e289-4a64-8ace-a4d5dbd168e4,FALSE,NA,NA,NA,NA,none,Magnoliopsida,LA,none,none,ASIA,Lao People’s Democratic Republic,ASIA,NA,d636e576-1515-4a6a-9bca-b816a799b5f7,Z946,NA,NA,232,NA,near Ban Nong Kok,NA,"Laos, Khammouan, Khounkham, near Ban Nong Kok",6196923459,NA,KAG,d636e576-1515-4a6a-9bca-b816a799b5f7,NA,NA,KAG187356,KAG,NA,NA,NA,NA,Oxyceros bispinosus (Griff.) Tirveng.,NA,NA,18.20473,104.584,NA,2904170,Oxyceros bispinosus,Oxyceros,bispinosus,NA,NA,NA,WGS84,NA,NA,NA,NA,obtained using GPS machine,NA,NA,NA,NA,NA,Plantae|Tracheophyta|Magnoliopsida|Gentianales|Rubiaceae|Oxyceros|bispinosus,NA,NA,NA,NA,709,NA,NA,NA,NA,NA,NA,NA,NA,NA,NA,NA,NA,NA,Khounkham,NA,NA,NA,NA,NA,NA,NA,NA,NA,NA,NA,NA,500,NA,NA,NA,NA,NA,NA,NA,NA,NA,NA,https://dbs.kaum.kagoshima-u.ac.jp/musedb/s_plant/picture/KAG187356/KAG187356.jpg,FALSE,ok
HERB_0293,sample_images/HERB_0293.jpg,6367021354,Iodocephalopsis eberhardtii (Gagnep.) Bunwong & H.Rob.,"incomis,inmafu",cd6e21c8-9e8a-493a-8a76-fbf7862069e5,061b4f20-f241-11da-a328-b8a03c50a862,17abcf75-2f1e-46dd-bf75-a5b21dd02655,996e30f8-f762-11e1-a439-00145eb45e9a,061b4f20-f241-11da-a328-b8a03c50a862,GB,DWC_ARCHIVE,2026-08-24T12:51:18.333+00:00,2026-08-24T20:50:35.926+00:00,539,PRESERVED_SPECIMEN,PRESENT,8405381,6,7707728,220,414,3065,4933519,8405381,Iodocephalopsis eberhardtii (Gagnep.) Bunwong & H.Rob.,Plantae,Tracheophyta,Asterales,Asteraceae,Iodocephalopsis,SPECIES,ACCEPTED,NA,ASIA,NA,none,NA,2023,8,31,2023-08-31T00:00,243,243,NA,2026-06-03T12:08:57.793+00:00,2026-08-24T20:50:35.926+00:00,NA,http://creativecommons.org/licenses/by/4.0/legalcode,FALSE,K001993274,none,none,fa252605-26f6-426c-9892-94d071c2c77f,NA,FALSE,NA,"Yooprasert, S.; Tamura, M. N.; Fuse, S.; Takahashi, K.; Masuda, R.; Taothong, P.; Saengbuapuean, A.",NA,NA,none,Magnoliopsida,TH,none,none,ASIA,Thailand,EUROPE,NA,K001993274,SY 539,NA,NA,539,NA,"Phu Ruea, Phu Luang WS, Trail to Paek Dam.",NA,NA,6367021354,NA,Herbarium,http://specimens.kew.org/herbarium/K001993274,NA,NA,K001993274,K,NA,NA,NA,NA,Iodocephalopsis eberhardtii (Gagnep.) Bunwong & H.Rob.,NA,NA,NA,NA,NA,8405381,Iodocephalopsis eberhardtii,Iodocephalopsis,eberhardtii,NA,NA,NA,NA,NA,NA,NA,NA,NA,NA,NA,NA,NA,NA,Asteraceae,NA,NA,NA,NA,NA,NA,NA,NA,NA,NA,NA,NA,NA,NA,NA,NA,NA,NA,NA,NA,NA,NA,NA,NA,NA,NA,NA,NA,NA,NA,NA,NA,NA,NA,NA,NA,NA,NA,NA,NA,NA,NA,https://d2jcv3kl45hlgi.cloudfront.net/e63ca62b8efa5e5435136da92df64512.jpg,FALSE,ok
HERB_0294,sample_images/HERB_0294.jpg,6196928628,Euphorbia hirta L.,"colmafu,inmafu",1cbed1d0-f9ac-4b9e-bf3f-a26272bca39e,4fd82480-ea1c-11da-8db4-b8a03c50a862,NA,82d6992a-b20b-4e74-b6ac-6b971b2c485d,4fd82480-ea1c-11da-8db4-b8a03c50a862,JP,EML,2026-07-10T16:35:10.312+00:00,2026-07-18T17:50:24.515+00:00,222,PRESERVED_SPECIMEN,PRESENT,3068937,6,7707728,220,1414,4691,11397237,3068937,Euphorbia hirta L.,Plantae,Tracheophyta,Malpighiales,Euphorbiaceae,Euphorbia,SPECIES,ACCEPTED,NA,ASIA,Kien Giang,NA,Asia|Vietnam|Kien Giang|Kien Luong Dist.|Binh An,2024,5,23,2024-05-23,144,144,NA,2025-10-16T00:00:00.000+00:00,2026-07-18T17:50:24.515+00:00,https://www.museum.kagoshima-u.ac.jp/hyouhonsitu.html,http://creativecommons.org/licenses/by/4.0/legalcode,FALSE,1246e50d-d502-4ba5-9f5a-ff622c6c9f4f,none,none,7b6590f0-c03f-409b-ae28-f443c1166d23,e9e6df05-e289-4a64-8ace-a4d5dbd168e4,FALSE,NA,NA,NA,NA,none,Magnoliopsida,VN,none,none,ASIA,Viet Nam,ASIA,NA,1246e50d-d502-4ba5-9f5a-ff622c6c9f4f,N514,NA,NA,232,NA,Binh An,NA,"Vietnam, Kien Giang, Kien Luong Dist., Binh An",6196928628,NA,KAG,1246e50d-d502-4ba5-9f5a-ff622c6c9f4f,NA,NA,KAG188617,KAG,NA,NA,NA,NA,Euphorbia hirta L.,NA,NA,10.15577,104.60976,NA,3068937,Euphorbia hirta,Euphorbia,hirta,NA,NA,NA,WGS84,NA,NA,NA,NA,obtained using GPS machine,NA,NA,NA,NA,NA,Plantae|Tracheophyta|Magnoliopsida|Malpighiales|Euphorbiaceae|Euphorbia|hirta,NA,NA,NA,NA,40,NA,NA,NA,NA,NA,NA,NA,NA,NA,NA,NA,NA,NA,Kien Luong Dist.,NA,NA,NA,NA,NA,NA,NA,NA,NA,NA,NA,NA,500,NA,NA,NA,NA,NA,NA,NA,NA,NA,NA,https://dbs.kaum.kagoshima-u.ac.jp/musedb/s_plant/picture/KAG188617/KAG188617.jpg,FALSE,ok
HERB_0295,sample_images/HERB_0295.jpg,2430565404,Butea monosperma (Lam.) Taubert,,b5cdf794-8fa4-4a85-8b26-755d087bf531,2cd829bb-b713-433d-99cf-64bef11e5b3e,17abcf75-2f1e-46dd-bf75-a5b21dd02655,86c2834b-fcd6-418d-9b32-aca45110a0fe,2cd829bb-b713-433d-99cf-64bef11e5b3e,FR,EML,2026-08-13T15:27:43.858+00:00,2026-08-24T16:45:42.128+00:00,606,PRESERVED_SPECIMEN,PRESENT,2940416,6,7707728,220,1370,5386,2940412,8234570,Butea monosperma (Lam.) Kuntze,Plantae,Tracheophyta,Fabales,Fabaceae,Butea,SPECIES,SYNONYM,NA,ASIA,stung trèng,none,NA,2019,2,7,2019-02-07,38,38,NA,2020-01-14T18:34:14.000+00:00,2026-08-24T16:45:42.128+00:00,NA,http://creativecommons.org/licenses/by/4.0/legalcode,FALSE,http://coldb.mnhn.fr/catalognumber/mnhn/p/p00915925,none,none,6a6ac6c5-1b8a-48db-91a2-f8661274ff80,bc3d39fd-a7d4-4763-b951-2bdeddd8a5d2,FALSE,NA,"Hul, S.|Eum, S.|Peou, Y.",Hul,hb,none,Magnoliopsida,KH,none,none,ASIA,Cambodia,EUROPE,NA,http://coldb.mnhn.fr/catalognumber/mnhn/p/p00915925,NA,NA,http://grbio.org/institution/museum-national-dhistoire-naturelle,654,NA,NA,7049,NA,2430565404,NA,P,http://coldb.mnhn.fr/catalognumber/mnhn/p/p00915925,NA,NA,P00915925,MNHN,NA,NA,NA,NA,Butea monosperma (Lam.) Taubert,NA,NA,NA,NA,NA,8234570,Butea monosperma,Butea,monosperma,NA,NA,NA,NA,NA,NA,NA,NA,NA,NA,NA,NA,NA,NA,NA,NA,NA,NA,NA,NA,NA,NA,NA,NA,NA,NA,NA,NA,NA,NA,NA,NA,"""Arbre de 10 m. Feuilles 3-foliolées ; folioles rhomboïdales ou orbiculaires, obtuses à la base et au sommet, tomenteuses en dessous, pubescentes en dessus. Inflorescences en longues panicules tomenteuses ; pédicelles tomenteux ; fleurs rouges ; calice tomenteux à 4 lobes ; corolle courbe et velue ; ovaire velu, recourbé""",Siem Pang,Prék Méas,NA,NA,NA,NA,NA,NA,NA,NA,NA,NA,NA,NA,NA,NA,NA,NA,NA,NA,NA,NA,NA,NA,https://mediaphoto.mnhn.fr/media/1579023253920mTW7xiJMjlY5drwH,TRUE,error
HERB_0296,sample_images/HERB_0296.jpg,6196924839,Bombycidendron grewiifolium (Hassk.) Zoll. & Moritzi,"colmafu,inmafu",1cbed1d0-f9ac-4b9e-bf3f-a26272bca39e,4fd82480-ea1c-11da-8db4-b8a03c50a862,NA,82d6992a-b20b-4e74-b6ac-6b971b2c485d,4fd82480-ea1c-11da-8db4-b8a03c50a862,JP,EML,2026-07-10T16:35:10.312+00:00,2026-07-18T17:50:18.113+00:00,222,PRESERVED_SPECIMEN,PRESENT,3938831,6,7707728,220,941,6685,3152542,3936967,Hibiscus grewiifolius Hassk.,Plantae,Tracheophyta,Malvales,Malvaceae,Hibiscus,SPECIES,SYNONYM,NA,ASIA,Khammouan,NA,Asia|Laos|Khammouan|Khounkham|near Ban Nong Kok,2024,3,16,2024-03-16,76,76,NA,2025-10-16T00:00:00.000+00:00,2026-07-18T17:50:18.113+00:00,https://www.museum.kagoshima-u.ac.jp/hyouhonsitu.html,http://creativecommons.org/licenses/by/4.0/legalcode,FALSE,167ad367-00cb-4572-998c-0667dc6a2ba1,none,none,7b6590f0-c03f-409b-ae28-f443c1166d23,e9e6df05-e289-4a64-8ace-a4d5dbd168e4,FALSE,NA,NA,NA,NA,none,Magnoliopsida,LA,none,none,ASIA,Lao People’s Democratic Republic,ASIA,NA,167ad367-00cb-4572-998c-0667dc6a2ba1,Z953,NA,NA,232,NA,near Ban Nong Kok,NA,"Laos, Khammouan, Khounkham, near Ban Nong Kok",6196924839,NA,KAG,167ad367-00cb-4572-998c-0667dc6a2ba1,NA,NA,KAG187363,KAG,NA,NA,NA,NA,Bombycidendron grewiifolium (Hassk.) Zoll. & Moritzi,NA,NA,18.20576,104.58072,NA,3936967,Hibiscus grewiifolius,Bombycidendron,grewiifolium,NA,NA,NA,WGS84,NA,NA,NA,NA,obtained using GPS machine,NA,NA,NA,NA,NA,Plantae|Tracheophyta|Magnoliopsida|Malvales|Malvaceae|Bombycidendron|grewiifolium,NA,NA,NA,NA,720,NA,NA,NA,NA,NA,NA,NA,NA,NA,NA,NA,NA,NA,Khounkham,NA,NA,NA,NA,NA,NA,NA,NA,NA,NA,NA,NA,500,NA,NA,NA,NA,NA,NA,NA,NA,NA,NA,https://dbs.kaum.kagoshima-u.ac.jp/musedb/s_plant/picture/KAG187363/KAG187363.jpg,FALSE,ok
HERB_0297,sample_images/HERB_0297.jpg,3312498210,Aconitum rotundifolium Kar. & Kir.,"cdc,cucdmis,cum",bf2a4bf0-5f31-11de-b67e-b8a03c50a862,98e934b0-5f31-11de-b67e-b8a03c50a862,"8e30b684-6a54-4aba-aa73-66201c2c736e,17abcf75-2f1e-46dd-bf75-a5b21dd02655",f6fe707e-cced-4efc-b5dc-be4c91b8180a,98e934b0-5f31-11de-b67e-b8a03c50a862,GB,DWC_ARCHIVE,2026-08-13T16:38:58.088+00:00,2026-08-24T20:20:23.060+00:00,445,PRESERVED_SPECIMEN,PRESENT,3921228,6,7707728,220,399,2410,3033663,3921228,Aconitum rotundifolium Kar. & Kir.,Plantae,Tracheophyta,Ranunculales,Ranunculaceae,Aconitum,SPECIES,ACCEPTED,NA,ASIA,NA,NA,Northern Asia,2018,8,14,2018-08-14,226,226,NA,2018-11-19T00:00:00.000+00:00,2026-08-24T20:20:23.060+00:00,NA,http://creativecommons.org/publicdomain/zero/1.0/legalcode,FALSE,https://data.rbge.org.uk/herb/E00898594,none,none,0237598a-853a-492c-af74-a723fe251799,427c8cd7-4358-4a00-9ef3-2b2676d28d1e,FALSE,Edinburgh (E) Herbarium Specimens,"Pamirs Expedition to Central Asia Tajikistan,",NA,HERBARIUM SHEET,none,Magnoliopsida,TL,none,none,ASIA,Timor-Leste,EUROPE,NA,https://data.rbge.org.uk/herb/E00898594,71,"West facing rocky scree very steep, ;  Vegetation: Delphinium",https://scientific-collections.gbif.org/institution/0237598a-853a-492c-af74-a723fe251799,445,NA,Tajikistan:Gorno Badakshan: 17 km east of Jilandy on main road M41,NA,NA,3312498210,NA,E,https://data.rbge.org.uk/herb/E00898594,PhysicalObject,NA,E00898594,RBGE,NA,NA,4305m,https://scientific-collections.gbif.org/collection/427c8cd7-4358-4a00-9ef3-2b2676d28d1e,Aconitum rotundifolium Kar. & Kir.,NA,NA,37.484167,72.758611,NA,3921228,Aconitum rotundifolium,Aconitum,rotundifolium,NA,NA,NA,WGS84,NA,ICBN,NA,NA,NA,NA,NA,NA,E,NA,NA,NA,NA,NA,NA,4305,0,NA,NA,NA,NA,NA,NA,NA,NA,NA,NA,NA,NA,NA,NA,NA,14th August 2018,NA,NA,NA,NA,NA,NA,NA,NA,NA,NA,NA,CC0,Royal Botanic Garden Edinburgh,927482,NA,NA,NA,NA,NA,NA,https://iiif.rbge.org.uk/herb/iiif/E00898594/manifest,FALSE,not_image
HERB_0298,sample_images/HERB_0298.jpg,6196926007,Wrightia pubescens R.Br.,"colmafu,inmafu",1cbed1d0-f9ac-4b9e-bf3f-a26272bca39e,4fd82480-ea1c-11da-8db4-b8a03c50a862,NA,82d6992a-b20b-4e74-b6ac-6b971b2c485d,4fd82480-ea1c-11da-8db4-b8a03c50a862,JP,EML,2026-07-10T16:35:10.312+00:00,2026-07-18T17:50:20.726+00:00,222,PRESERVED_SPECIMEN,PRESENT,7908508,6,7707728,220,412,6701,3230933,7908508,Wrightia pubescens R.Br.,Plantae,Tracheophyta,Gentianales,Apocynaceae,Wrightia,SPECIES,ACCEPTED,NA,ASIA,Kien Giang,NA,Asia|Vietnam|Kien Giang|Kien Luong Dist.|Binh An,2024,5,24,2024-05-24,145,145,NA,2025-10-16T00:00:00.000+00:00,2026-07-18T17:50:20.726+00:00,https://www.museum.kagoshima-u.ac.jp/hyouhonsitu.html,http://creativecommons.org/licenses/by/4.0/legalcode,FALSE,d350a31e-89ea-4d9b-9275-8a1117b2a1f7,none,none,7b6590f0-c03f-409b-ae28-f443c1166d23,e9e6df05-e289-4a64-8ace-a4d5dbd168e4,FALSE,NA,NA,NA,NA,none,Magnoliopsida,VN,none,none,ASIA,Viet Nam,ASIA,NA,d350a31e-89ea-4d9b-9275-8a1117b2a1f7,N538,NA,NA,232,NA,Binh An,NA,"Vietnam, Kien Giang, Kien Luong Dist., Binh An",6196926007,NA,KAG,d350a31e-89ea-4d9b-9275-8a1117b2a1f7,NA,NA,KAG188641,KAG,NA,NA,NA,NA,Wrightia pubescens R.Br.,NA,NA,10.15577,104.60976,NA,7908508,Wrightia pubescens,Wrightia,pubescens,NA,NA,NA,WGS84,NA,NA,NA,NA,obtained using GPS machine,NA,NA,NA,NA,NA,Plantae|Tracheophyta|Magnoliopsida|Gentianales|Apocynaceae|Wrightia|pubescens,NA,LC,NA,NA,40,NA,NA,NA,NA,NA,NA,NA,NA,NA,NA,NA,NA,NA,Kien Luong Dist.,NA,NA,NA,NA,NA,NA,NA,NA,NA,NA,NA,NA,500,NA,NA,NA,NA,NA,NA,NA,NA,NA,NA,https://dbs.kaum.kagoshima-u.ac.jp/musedb/s_plant/picture/KAG188641/KAG188641.jpg,FALSE,ok
HERB_0299,sample_images/HERB_0299.jpg,5895915767,Deutzianthus tonkinensis Gagnep.,"cdc,colmafu,inmafu",902c8fe7-8f38-45b0-854e-c324fed36303,f5fc4e61-b7a0-414b-ab68-b41cb23e7fdc,NA,91d2f516-bdfa-458f-bad1-66717101b49f,f5fc4e61-b7a0-414b-ab68-b41cb23e7fdc,RU,EML,2026-08-21T18:06:57.852+00:00,2026-08-21T18:14:11.875+00:00,610,PRESERVED_SPECIMEN,PRESENT,3073836,6,7707728,220,1414,4691,3073833,3073836,Deutzianthus tonkinensis Gagnep.,Plantae,Tracheophyta,Malpighiales,Euphorbiaceae,Deutzianthus,SPECIES,ACCEPTED,NA,ASIA,NA,NA,South Asia|South Asia (Asia outside ex-Soviet states and Mongolia)|Vietnam,2024,4,26,2024-04-26,117,117,NA,2025-12-18T11:15:51.000+00:00,2026-08-21T18:14:11.875+00:00,https://plant.depo.msu.ru/open/public/item/MW1048745,http://creativecommons.org/licenses/by/4.0/legalcode,FALSE,MW1048745,none,none,df27e63f-82b2-464e-9286-a96163c961c9,acf523b0-8c81-4813-a85d-2361a8b487d4,FALSE,Moscow Digital Herbarium,Nguyen H.C.,NA,herbarium specimen,none,Magnoliopsida,VN,none,none,ASIA,Viet Nam,EUROPE,Moscow State University,MW1048745,NA,NA,http://grbio.org/institution/moscow-state-university,610,NA,NA,NA,NA,5895915767,en | ru,MW,MW1048745,Physical Object,in collection,MW1048745,Moscow State University,NA,use under CC-BY 4.0,NA,urn:lsid:biocol.org:col:15550,Deutzianthus tonkinensis Gagnep.,NA,NA,22.46,105.655,https://rscf.ru/en/project/21-77-20042/,3073836,Deutzianthus tonkinensis,Deutzianthus,tonkinensis,Kollektor,urn:lsid:biocol.org:col:15550:01,common practice of herbarium collecting,WGS84,Deutzianthus tonkinensis Gagnep.,"International Code of Nomenclature for algae, fungi, and plants",manual verification,WGS84,no label data,MW1048745,363097047,363097048,MSU,"Seregin A. P. (Ed.). 2026. Specimen MW1048745 from the collection ""Moscow University Herbarium"" // Depository of Live Systems (branch ""Plants""): Electronic resource. – Moscow State University, Moscow. – Available at: https://plant.depo.mitotech.ru/open/public/item/MW1048745 (indicate access date).",Plantae | Tracheophyta | Magnoliopsida | Malpighiales | Euphorbiaceae | Crotonoideae | Deutzianthus,Deutzianthus,LC,NA,NA,NA,NA,NA,NA,NA,NA,NA,NA,NA,NA,NA,NA,NA,NA,NA,NA,NA,NA,NA,NA,NA,NA,NA,NA,NA,NA,NA,NA,NA,NA,NA,NA,NA,NA,NA,NA,NA,NA,https://plant.depo.msu.ru/open/public/item/MW1048745/img/0.jpg?gbif,FALSE,ok
HERB_0300,sample_images/HERB_0300.jpg,6450132305,Gomphostemma strobilinum Wall. ex Benth.,"cdc,cdround,gass84,incomis,inmafu",cd6e21c8-9e8a-493a-8a76-fbf7862069e5,061b4f20-f241-11da-a328-b8a03c50a862,17abcf75-2f1e-46dd-bf75-a5b21dd02655,996e30f8-f762-11e1-a439-00145eb45e9a,061b4f20-f241-11da-a328-b8a03c50a862,GB,DWC_ARCHIVE,2026-08-24T12:51:18.333+00:00,2026-08-24T20:52:06.662+00:00,539,PRESERVED_SPECIMEN,PRESENT,8208178,6,7707728,220,408,2497,7307622,8208178,Gomphostemma strobilinum Wall. ex Benth.,Plantae,Tracheophyta,Lamiales,Lamiaceae,Gomphostemma,SPECIES,ACCEPTED,NA,ASIA,NA,NA,NA,2023,11,24,2023-11-24T00:00,328,328,NA,2026-07-21T12:28:13.813+00:00,2026-08-24T20:52:06.662+00:00,NA,http://creativecommons.org/licenses/by/4.0/legalcode,FALSE,K001934231,none,none,fa252605-26f6-426c-9892-94d071c2c77f,NA,FALSE,NA,"Yooprasert, S.; Tamura, M.N.; Fuse, S.; Tagane, S.; Takahashi, K.; Masuda, R.; Chamchumroon, V.; Suphuntee, N.; Taothong, P.",NA,NA,none,Magnoliopsida,TH,none,none,ASIA,Thailand,EUROPE,NA,K001934231,SY570,NA,NA,539,NA,"Tak, Phop Phra, , Namtok Pha Cha roen NP, ,,",NA,NA,6450132305,NA,Herbarium,http://specimens.kew.org/herbarium/K001934231,NA,NA,K001934231,K,NA,NA,NA,NA,Gomphostemma strobilinum Wall. ex Benth.,NA,NA,16.501111,98.753611,NA,8208178,Gomphostemma strobilinum,Gomphostemma,strobilinum,NA,NA,NA,WGS84,NA,NA,NA,NA,NA,NA,NA,NA,NA,NA,Lamiaceae,NA,NA,NA,NA,690,NA,NA,NA,NA,NA,NA,NA,NA,NA,NA,NA,NA,NA,NA,NA,NA,NA,NA,NA,NA,NA,NA,NA,NA,NA,NA,NA,NA,NA,NA,NA,NA,NA,NA,NA,NA,NA,https://d2jcv3kl45hlgi.cloudfront.net/e2f8a7d0e78cf93aadddc090100d10cb.jpg,FALSE,ok
HERB_0301,sample_images/HERB_0301.jpg,6450214303,Peristrophe lanceolaria (Roxb.) Nees,"cdc,cdround,gass84,incomis,inmafu",cd6e21c8-9e8a-493a-8a76-fbf7862069e5,061b4f20-f241-11da-a328-b8a03c50a862,17abcf75-2f1e-46dd-bf75-a5b21dd02655,996e30f8-f762-11e1-a439-00145eb45e9a,061b4f20-f241-11da-a328-b8a03c50a862,GB,DWC_ARCHIVE,2026-08-24T12:51:18.333+00:00,2026-08-24T20:50:36.088+00:00,539,PRESERVED_SPECIMEN,PRESENT,3777344,6,7707728,220,408,2393,5415359,8098378,Dicliptera lanceolaria (Roxb.) Karthik. & Moorthy,Plantae,Tracheophyta,Lamiales,Acanthaceae,Dicliptera,SPECIES,SYNONYM,NA,ASIA,NA,NA,NA,2023,11,26,2023-11-26T00:00,330,330,NA,2026-07-21T12:28:13.613+00:00,2026-08-24T20:50:36.088+00:00,NA,http://creativecommons.org/licenses/by/4.0/legalcode,FALSE,K001934211,none,none,fa252605-26f6-426c-9892-94d071c2c77f,NA,FALSE,NA,"Yooprasert, S.; Tamura, M.N.; Fuse, S.; Tagane, S.; Takahashi, K.; Masuda, R.; Chamchumroon, V.; Suphuntee, N.; Taothong, P.",NA,NA,none,Magnoliopsida,TH,none,none,ASIA,Thailand,EUROPE,NA,K001934211,SY609,NA,NA,539,NA,"Tak, Umphang, , , , Hermit route.",NA,NA,6450214303,NA,Herbarium,http://specimens.kew.org/herbarium/K001934211,NA,NA,K001934211,K,NA,NA,NA,NA,Peristrophe lanceolaria (Roxb.) Nees,NA,NA,15.811944,98.883889,NA,8098378,Dicliptera lanceolaria,Peristrophe,lanceolaria,NA,NA,NA,WGS84,NA,NA,NA,NA,NA,NA,NA,NA,NA,NA,Acanthaceae,NA,NA,NA,NA,640,NA,NA,NA,NA,NA,NA,NA,NA,NA,NA,NA,NA,NA,NA,NA,NA,NA,NA,NA,NA,NA,NA,NA,NA,NA,NA,NA,NA,NA,NA,NA,NA,NA,NA,NA,NA,NA,https://d2jcv3kl45hlgi.cloudfront.net/109739ed5839fa0ad4e7b3a185b14294.jpg,FALSE,ok
HERB_0302,sample_images/HERB_0302.jpg,4858964977,Acacia confusa Merr.,"cdc,cdround,gass84,incomis,inmafu",cd6e21c8-9e8a-493a-8a76-fbf7862069e5,061b4f20-f241-11da-a328-b8a03c50a862,17abcf75-2f1e-46dd-bf75-a5b21dd02655,996e30f8-f762-11e1-a439-00145eb45e9a,061b4f20-f241-11da-a328-b8a03c50a862,GB,DWC_ARCHIVE,2026-08-24T12:51:18.333+00:00,2026-08-24T20:50:56.577+00:00,539,PRESERVED_SPECIMEN,PRESENT,2978466,6,7707728,220,1370,5386,2978223,2978466,Acacia confusa Merr.,Plantae,Tracheophyta,Fabales,Fabaceae,Acacia,SPECIES,ACCEPTED,NA,ASIA,NA,NA,Fang,2022,6,14,2022-06-14T00:00,165,165,NA,2026-01-25T18:17:20.613+00:00,2026-08-24T20:50:56.577+00:00,NA,http://creativecommons.org/licenses/by/4.0/legalcode,FALSE,K001930403,none,none,fa252605-26f6-426c-9892-94d071c2c77f,NA,FALSE,NA,"Yooprasert, S.; Poopath, M.; Sirimongkol, S.; Krachangyut, P.; Thaothawin, P.",NA,NA,none,Magnoliopsida,TH,none,none,ASIA,Thailand,EUROPE,NA,K001930403,SY 351,NA,NA,539,NA,Trail behind Wat Ban Kum.,NA,NA,4858964977,NA,Herbarium,http://specimens.kew.org/herbarium/K001930403,NA,NA,K001930403,K,NA,NA,NA,NA,Acacia confusa Merr.,NA,NA,19.898056,99.041389,NA,2978466,Acacia confusa,Acacia,confusa,NA,NA,NA,WGS84,NA,NA,NA,NA,NA,NA,NA,NA,NA,NA,Fabaceae,NA,LC,NA,NA,1440,NA,NA,NA,NA,NA,NA,NA,Fang,NA,NA,NA,NA,NA,NA,NA,NA,14 June 2022,NA,NA,NA,NA,NA,NA,NA,NA,NA,NA,NA,NA,NA,NA,NA,NA,NA,NA,NA,NA,https://d2jcv3kl45hlgi.cloudfront.net/b1f4a93d1b0aeb74f325a128abed23b9.jpg,FALSE,ok
HERB_0303,sample_images/HERB_0303.jpg,6450127310,Gomphostemma strobilinum Wall. ex Benth.,"cdc,cdround,gass84,incomis,inmafu",cd6e21c8-9e8a-493a-8a76-fbf7862069e5,061b4f20-f241-11da-a328-b8a03c50a862,17abcf75-2f1e-46dd-bf75-a5b21dd02655,996e30f8-f762-11e1-a439-00145eb45e9a,061b4f20-f241-11da-a328-b8a03c50a862,GB,DWC_ARCHIVE,2026-08-24T12:51:18.333+00:00,2026-08-24T20:51:25.441+00:00,539,PRESERVED_SPECIMEN,PRESENT,8208178,6,7707728,220,408,2497,7307622,8208178,Gomphostemma strobilinum Wall. ex Benth.,Plantae,Tracheophyta,Lamiales,Lamiaceae,Gomphostemma,SPECIES,ACCEPTED,NA,ASIA,NA,NA,NA,2023,11,26,2023-11-26T00:00,330,330,NA,2026-07-21T12:28:13.660+00:00,2026-08-24T20:51:25.441+00:00,NA,http://creativecommons.org/licenses/by/4.0/legalcode,FALSE,K001934217,none,none,fa252605-26f6-426c-9892-94d071c2c77f,NA,FALSE,NA,"Yooprasert, S.; Tamura, M.N.; Fuse, S.; Tagane, S.; Takahashi, K.; Masuda, R.; Chamchumroon, V.; Suphuntee, N.; Taothong, P.",NA,NA,none,Magnoliopsida,TH,none,none,ASIA,Thailand,EUROPE,NA,K001934217,SY598,NA,NA,539,NA,"Tak, Umphang, , , , Pa La Tha Waterfall",NA,NA,6450127310,NA,Herbarium,http://specimens.kew.org/herbarium/K001934217,NA,NA,K001934217,K,NA,NA,NA,NA,Gomphostemma strobilinum Wall. ex Benth.,NA,NA,15.819167,98.858889,NA,8208178,Gomphostemma strobilinum,Gomphostemma,strobilinum,NA,NA,NA,WGS84,NA,NA,NA,NA,NA,NA,NA,NA,NA,NA,Lamiaceae,NA,NA,NA,NA,460,NA,NA,NA,NA,NA,NA,NA,NA,NA,NA,NA,NA,NA,NA,NA,NA,NA,NA,NA,NA,NA,NA,NA,NA,NA,NA,NA,NA,NA,NA,NA,NA,NA,NA,NA,NA,NA,https://d2jcv3kl45hlgi.cloudfront.net/e177261cb888c38e836008b3c2a69ce2.jpg,FALSE,ok
HERB_0304,sample_images/HERB_0304.jpg,4938758974,Ardisia complanata Wall.,"cdc,cdround,gass84,incomis,inmafu",cd6e21c8-9e8a-493a-8a76-fbf7862069e5,061b4f20-f241-11da-a328-b8a03c50a862,17abcf75-2f1e-46dd-bf75-a5b21dd02655,996e30f8-f762-11e1-a439-00145eb45e9a,061b4f20-f241-11da-a328-b8a03c50a862,GB,DWC_ARCHIVE,2026-08-24T12:51:18.333+00:00,2026-08-24T20:51:01.578+00:00,539,PRESERVED_SPECIMEN,PRESENT,5557215,6,7707728,220,1353,6674,3169458,5557215,Ardisia complanata Wall.,Plantae,Tracheophyta,Ericales,Primulaceae,Ardisia,SPECIES,ACCEPTED,NA,ASIA,NA,NA,Hkamti District,2019,3,28,2019-03-28T00:00,87,87,NA,2025-12-29T02:56:00.430+00:00,2026-08-24T20:51:01.578+00:00,NA,http://creativecommons.org/licenses/by/4.0/legalcode,FALSE,K001927983,none,none,fa252605-26f6-426c-9892-94d071c2c77f,NA,TRUE,NA,"Armstrong, K.; Thet, Y.N.; Wah, W.L.; Phoe, L.P.; Myint, O.; Han, S..; Maung, N.; Kyan, K.; Than, N.; Maung, M.; Tote, K.",NA,NA,none,Magnoliopsida,MM,none,none,ASIA,Myanmar,EUROPE,NA,K001927983,4654,NA,NA,539,NA,"Nam Khwe Ddaing stream, camp 1",NA,NA,4938758974,NA,Herbarium,http://specimens.kew.org/herbarium/K001927983,NA,NA,K001927983,K,NA,NA,NA,NA,Ardisia complanata Wall.,NA,NA,25.19125,95.298528,NA,5557215,Ardisia complanata,Ardisia,complanata,NA,NA,NA,WGS84,NA,NA,NA,NA,NA,NA,NA,NA,NA,NA,Primulaceae,NA,NA,NA,NA,265,NA,NA,NA,NA,NA,NA,NA,Hkamti District,NA,NA,NA,NA,NA,NA,NA,NA,NA,NA,NA,NA,NA,NA,NA,NA,NA,NA,NA,NA,NA,NA,NA,NA,NA,NA,NA,NA,NA,https://d2jcv3kl45hlgi.cloudfront.net/f1a1754a1151e0ebda2d2dda98732fcc.jpg,FALSE,ok
HERB_0305,sample_images/HERB_0305.jpg,3312522060,Scutellaria orientalis L.,"cdc,cucdmis,cum",bf2a4bf0-5f31-11de-b67e-b8a03c50a862,98e934b0-5f31-11de-b67e-b8a03c50a862,"8e30b684-6a54-4aba-aa73-66201c2c736e,17abcf75-2f1e-46dd-bf75-a5b21dd02655",f6fe707e-cced-4efc-b5dc-be4c91b8180a,98e934b0-5f31-11de-b67e-b8a03c50a862,GB,DWC_ARCHIVE,2026-08-13T16:38:58.088+00:00,2026-08-24T20:20:23.710+00:00,445,PRESERVED_SPECIMEN,PRESENT,7308451,6,7707728,220,408,2497,2926730,7308451,Scutellaria orientalis L.,Plantae,Tracheophyta,Lamiales,Lamiaceae,Scutellaria,SPECIES,ACCEPTED,NA,ASIA,NA,NA,Northern Asia,2016,5,2,2016-05-02,123,123,NA,2023-12-19T14:54:00.000+00:00,2026-08-24T20:20:23.710+00:00,NA,http://creativecommons.org/publicdomain/zero/1.0/legalcode,FALSE,https://data.rbge.org.uk/herb/E00955219,none,none,0237598a-853a-492c-af74-a723fe251799,427c8cd7-4358-4a00-9ef3-2b2676d28d1e,FALSE,Edinburgh (E) Herbarium Specimens,"Kew Edinburgh Expedition with Kulob to Tajikistan,",NA,HERBARIUM SHEET,none,Magnoliopsida,TL,none,none,ASIA,Timor-Leste,EUROPE,NA,https://data.rbge.org.uk/herb/E00955219,59,"Rocky gravelly steep slope, plants growing in granite gravel, south facing.Granite rock at surface.;  Vegetation: Scutellaria orientalis",https://scientific-collections.gbif.org/institution/0237598a-853a-492c-af74-a723fe251799,445,NA,Tajikistan:Districts of Republican Subordination:Varzob District:Road towards Takob in the Hissar Range,NA,NA,3312522060,NA,E,https://data.rbge.org.uk/herb/E00955219,PhysicalObject,NA,E00955219,RBGE,NA,NA,1313m,https://scientific-collections.gbif.org/collection/427c8cd7-4358-4a00-9ef3-2b2676d28d1e,Scutellaria orientalis L.,NA,NA,38.832222,68.87,NA,7308451,Scutellaria orientalis,Scutellaria,orientalis,NA,NA,NA,WGS84,NA,ICBN,NA,NA,NA,NA,NA,NA,E,NA,NA,NA,NA,NA,NA,1313,0,NA,NA,NA,NA,NA,NA,NA,NA,NA,NA,NA,NA,NA,NA,NA,2nd May 2016,NA,NA,NA,NA,NA,NA,NA,NA,NA,NA,NA,CC0,Royal Botanic Garden Edinburgh,955428,NA,NA,NA,NA,NA,NA,https://iiif.rbge.org.uk/herb/iiif/E00955219/manifest,FALSE,not_image
HERB_0306,sample_images/HERB_0306.jpg,4876571901,Dodonaea viscosa (L.) Jacq.,"incomis,inmafu",cd6e21c8-9e8a-493a-8a76-fbf7862069e5,061b4f20-f241-11da-a328-b8a03c50a862,17abcf75-2f1e-46dd-bf75-a5b21dd02655,996e30f8-f762-11e1-a439-00145eb45e9a,061b4f20-f241-11da-a328-b8a03c50a862,GB,DWC_ARCHIVE,2026-08-24T12:51:18.333+00:00,2026-08-24T20:50:02.527+00:00,539,PRESERVED_SPECIMEN,PRESENT,5421144,6,7707728,220,933,6657,3190017,5421144,Dodonaea viscosa (L.) Jacq.,Plantae,Tracheophyta,Sapindales,Sapindaceae,Dodonaea,SPECIES,ACCEPTED,NA,ASIA,NA,none,NA,2020,3,2,2020-03-02T00:00,62,62,NA,2025-12-02T07:58:19.700+00:00,2026-08-24T20:50:02.527+00:00,NA,http://creativecommons.org/licenses/by/4.0/legalcode,FALSE,K004757013,none,none,fa252605-26f6-426c-9892-94d071c2c77f,NA,FALSE,NA,"Lua, H.K.; Ng, X.Y.; Saifuddin, S.; Boo, C.M.",NA,NA,none,Magnoliopsida,SG,none,none,ASIA,Singapore,EUROPE,NA,K004757013,NA,NA,NA,539,NA,"Tuas South, Reclaimed land",NA,NA,4876571901,NA,Herbarium,http://specimens.kew.org/herbarium/K004757013,NA,NA,K004757013,K,NA,NA,NA,NA,Dodonaea viscosa (L.) Jacq.,NA,NA,NA,NA,NA,5421144,Dodonaea viscosa,Dodonaea,viscosa,NA,NA,NA,NA,NA,NA,NA,NA,NA,NA,NA,NA,NA,NA,Sapindaceae,NA,LC,NA,NA,NA,NA,NA,NA,NA,NA,NA,NA,NA,NA,NA,NA,NA,NA,NA,NA,NA,NA,NA,NA,NA,NA,NA,NA,NA,NA,NA,NA,NA,NA,NA,NA,NA,NA,NA,NA,NA,NA,https://d2jcv3kl45hlgi.cloudfront.net/efc9d44baeeddec39d28adab1d1e3f1a.jpg,FALSE,ok
HERB_0307,sample_images/HERB_0307.jpg,4979412782,Begonia kachak K.G.Pearce,cdc,bf2a4bf0-5f31-11de-b67e-b8a03c50a862,98e934b0-5f31-11de-b67e-b8a03c50a862,"8e30b684-6a54-4aba-aa73-66201c2c736e,17abcf75-2f1e-46dd-bf75-a5b21dd02655",f6fe707e-cced-4efc-b5dc-be4c91b8180a,98e934b0-5f31-11de-b67e-b8a03c50a862,GB,DWC_ARCHIVE,2026-08-13T16:38:58.088+00:00,2026-08-24T20:20:07.468+00:00,445,PRESERVED_SPECIMEN,PRESENT,4158331,6,7707728,220,7224005,6638,2874710,4158331,Begonia kachak K.G.Pearce,Plantae,Tracheophyta,Cucurbitales,Begoniaceae,Begonia,SPECIES,ACCEPTED,NA,ASIA,Sarawak,NA,Malay Islands,2024,2,22,2024-02-22,53,53,NA,2026-02-17T14:52:36.000+00:00,2026-08-24T20:20:07.468+00:00,NA,http://creativecommons.org/publicdomain/zero/1.0/legalcode,FALSE,https://data.rbge.org.uk/herb/E01494539,none,none,0237598a-853a-492c-af74-a723fe251799,427c8cd7-4358-4a00-9ef3-2b2676d28d1e,FALSE,Edinburgh (E) Herbarium Specimens,"Barber, Sadie, Wilkie, Peter, Sundue, Michael, Jawa, Rantai & Angkabau, Johnny",NA,HERBARIUM SHEET|Silica-dried,none,Magnoliopsida,MY,none,none,ASIA,Malaysia,EUROPE,NA,https://data.rbge.org.uk/herb/E01494539,S.110612,"Limestone cave, cave mouth, on boulder, diffused light; abundant at location; associated with Epithema, ferns, Aracaeae",https://scientific-collections.gbif.org/institution/0237598a-853a-492c-af74-a723fe251799,445,NA,"Niah National Park, Great Cave",NA,NA,4979412782,NA,E,https://data.rbge.org.uk/herb/E01494539,PhysicalObject,NA,E01494539,RBGE,NA,NA,NA,https://scientific-collections.gbif.org/collection/427c8cd7-4358-4a00-9ef3-2b2676d28d1e,Begonia kachak K.G.Pearce,NA,NA,3.823447,113.761782,NA,4158331,Begonia kachak,Begonia,kachak,NA,NA,NA,WGS84,NA,ICBN,NA,NA,NA,NA,NA,NA,E,NA,NA,NA,NA,NA,NA,NA,NA,NA,NA,NA,NA,NA,NA,NA,NA,NA,NA,NA,NA,NA,NA,NA,22nd February 2024,NA,NA,NA,NA,NA,NA,NA,NA,NA,NA,NA,CC0,Royal Botanic Garden Edinburgh,1571731,NA,NA,NA,NA,NA,NA,https://iiif.rbge.org.uk/herb/iiif/E01494539/manifest,FALSE,not_image
HERB_0308,sample_images/HERB_0308.jpg,3898397066,Nelsonia canescens (Lam.) Spreng.,mdativ,d415c253-4d61-4459-9d25-4015b9084fb0,ae447c50-b8a8-11d8-92a4-b8a03c50a862,68e8e67a-43e6-44a3-8817-dc0e6b70f973,17017c2c-036b-45d9-b045-606d21b00771,ae447c50-b8a8-11d8-92a4-b8a03c50a862,US,EML,2026-08-25T10:47:46.724+00:00,2026-08-25T11:21:33.290+00:00,531,PRESERVED_SPECIMEN,PRESENT,5415356,6,7707728,220,408,2393,3172939,5415356,Nelsonia canescens (Lam.) Spreng.,Plantae,Tracheophyta,Lamiales,Acanthaceae,Nelsonia,SPECIES,ACCEPTED,NA,ASIA,Chin,none,NA,2022,3,13,2022-03-13,72,72,NA,NA,2026-08-25T11:21:33.290+00:00,http://sweetgum.nybg.org/science/vh/specimen_details.php?irn=4743847,http://creativecommons.org/publicdomain/zero/1.0/legalcode,FALSE,74dd34dc-38e7-4205-aa7a-8b5b3874c0e3,none,none,ab83e5ab-f4f7-4c9b-a1d5-eb779dfb9377,b2190553-4505-4fdd-8fff-065c8ca26f72,FALSE,Vascular plants,J. Murata,NA,sheet,none,Magnoliopsida,MM,none,none,ASIA,Myanmar,NORTH_AMERICA,The New York Botanical Garden,74dd34dc-38e7-4205-aa7a-8b5b3874c0e3,022106,NA,http://biocol.org/urn:lsid:biocol.org:col:15556,532,NA,"Saw village, on the foot of Mt. Victoria, Natmataung National Park, Western Myanmar",NA,NA,3898397066,en,NY,74dd34dc-38e7-4205-aa7a-8b5b3874c0e3,PhysicalObject,NA,04354198,NY,NA,NA,1640-3576 ft,http://biocol.org/urn:lsid:biocol.org:col:15556,Nelsonia canescens (Lam.) Spreng.,NA,NA,NA,NA,NA,5415356,Nelsonia canescens,Nelsonia,canescens,NA,NA,NA,NA,NA,ICN,NA,NA,NA,NA,NA,NA,NA,NA,NA,NA,LC,NA,NA,795,295,NA,NA,NA,NA,NA,NA,NA,NA,NA,NA,NA,NA,NA,[Tropical Asia],NA,13 Mar 2022,NA,NA,NA,NA,NA,NA,NA,NA,NA,NA,NA,NA,NA,NA,NA,NA,NA,NA,NA,NA,http://sweetgum.nybg.org/images3/3962/848/04354198.jpg,FALSE,error
HERB_0309,sample_images/HERB_0309.jpg,3004103373,Ardisia elliptica Thunb.,"cdc,cdround,colmafu,inmafu",902c8fe7-8f38-45b0-854e-c324fed36303,f5fc4e61-b7a0-414b-ab68-b41cb23e7fdc,NA,91d2f516-bdfa-458f-bad1-66717101b49f,f5fc4e61-b7a0-414b-ab68-b41cb23e7fdc,RU,EML,2026-08-21T18:06:57.852+00:00,2026-08-21T18:14:10.226+00:00,610,PRESERVED_SPECIMEN,PRESENT,5414375,6,7707728,220,1353,6674,3169458,5414375,Ardisia elliptica Thunb.,Plantae,Tracheophyta,Ericales,Primulaceae,Ardisia,SPECIES,ACCEPTED,NA,ASIA,NA,NA,South Asia|South Asia (Asia outside ex-Soviet states and Mongolia)|Brunei,2019,7,5,2019-07-05,186,186,NA,2023-01-22T19:52:59.000+00:00,2026-08-21T18:14:10.226+00:00,https://plant.depo.msu.ru/open/public/item/MW0757545,http://creativecommons.org/licenses/by/4.0/legalcode,FALSE,MW0757545,none,none,df27e63f-82b2-464e-9286-a96163c961c9,acf523b0-8c81-4813-a85d-2361a8b487d4,FALSE,Moscow Digital Herbarium,Nuraliev M.S.|Savinov I.A.,NA,herbarium specimen,none,Magnoliopsida,BN,none,none,ASIA,Brunei Darussalam,EUROPE,Moscow State University,MW0757545,NA,NA,http://grbio.org/institution/moscow-state-university,610,NA,NA,NA,NA,3004103373,en | ru,MW,MW0757545,Physical Object,in collection,MW0757545,Moscow State University,NA,use under CC-BY 4.0,NA,urn:lsid:biocol.org:col:15550,Ardisia elliptica Thunb.,NA,NA,4.954167,114.85555600000001,https://rscf.ru/en/project/21-77-20042/,5414375,Ardisia elliptica,Ardisia,elliptica,Kollektor,urn:lsid:biocol.org:col:15550:01,common practice of herbarium collecting,WGS84,Ardisia elliptica Thunb.,"International Code of Nomenclature for algae, fungi, and plants",manual verification,WGS84,no label data,MW0757545,168641502,168647269,MSU,"Seregin A. P. (Ed.). 2026. Specimen MW0757545 from the collection ""Moscow University Herbarium"" // Depository of Live Systems (branch ""Plants""): Electronic resource. – Moscow State University, Moscow. – Available at: https://plant.depo.mitotech.ru/open/public/item/MW0757545 (indicate access date).",Plantae | Tracheophyta | Magnoliopsida | Ericales | Primulaceae | Myrsinoideae | Ardisia,Ardisia,VU,Ардизия,NA,NA,NA,NA,NA,NA,NA,NA,NA,NA,NA,NA,NA,NA,NA,NA,NA,NA,NA,NA,NA,NA,NA,NA,NA,NA,NA,NA,NA,NA,NA,NA,NA,NA,NA,NA,NA,NA,NA,https://plant.depo.msu.ru/open/public/item/MW0757545/img/0.jpg?gbif,FALSE,ok
HERB_0310,sample_images/HERB_0310.jpg,3344465043,Ficus religiosa L.,"cdc,inmafu",0fd9d08c-63c4-4b9a-8d0f-15a6202d88e2,a56a5876-198a-4fc0-89be-df951637a0e2,"68e8e67a-43e6-44a3-8817-dc0e6b70f973,0479d6b2-a4f4-4307-8346-0b80e8c88c66",ac2ad091-91eb-482d-a73f-061744da5dbf,96710dc8-fecb-440d-ae3e-c34ae8a9616f,US,DWC_ARCHIVE,2026-08-23T02:27:55.747+00:00,2026-08-24T17:44:29.768+00:00,269,PRESERVED_SPECIMEN,PRESENT,5361935,6,7707728,220,691,6640,2984588,5361935,Ficus religiosa L.,Plantae,Tracheophyta,Rosales,Moraceae,Ficus,SPECIES,ACCEPTED,NA,ASIA,Java,NA,NA,2019,4,17,2019-04-17,107,107,NA,2025-04-23T02:12:04.000+00:00,2026-08-24T17:44:29.768+00:00,https://sernecportal.org/portal/collections/individual/index.php?occid=21925429,http://creativecommons.org/licenses/by-nc/4.0/legalcode,FALSE,21925429,none,none,d01ed098-8de5-4db3-9a5c-d303c5663380,74354c9d-328c-4698-8b3d-6e2db8bc824f,FALSE,NA,"Damrel, D.Z.; Damrel, D.W.","Damrel, D.Z.",NA,none,Magnoliopsida,ID,none,none,ASIA,Indonesia,NORTH_AMERICA,NA,21925429,6967,Garden.,NA,269,NA,"Candi Borobudur, 40 kilometers (25 mi.) NW of Yogyakarta, Central Java (Java Tengah). Tree planted on the W side of the base of the stupa.",NA,NA,3344465043,en,NA,e392e4d4-c4f5-410e-948e-02696940e4ab,NA,NA,CLEMS0074676,CLEMS,"Bodhi Tree. Single leaf, already fallen, from tree in full canopy.",NA,NA,81b5c57b-5f26-423f-93b6-d4dc434fe707,Ficus religiosa L.,NA,vegetative,-7.608054,110.203106,NA,5361935,Ficus religiosa,Ficus,religiosa,ddamrel (2022-07-31 11:06:34),NA,NA,WGS84,NA,NA,NA,NA,NA,NA,NA,NA,NA,NA,NA,NA,LC,NA,NA,NA,NA,NA,NA,34265,NA,NA,NA,Yogyakarta,NA,NA,NA,NA,NA,Java Tengah,NA,92049,NA,NA,e392e4d4-c4f5-410e-948e-02696940e4ab,https://creativecommons.org/licenses/by-nc/4.0/,NA,NA,NA,NA,ddamrel,NA,301,georef batch tool 2022-07-31; GeoLocate,NA,NA,NA,NA,NA,NA,NA,NA,NA,https://media01.symbiota.org/media/seinet/sernec/CLEMS/CLEMS0074/CLEMS0074676.jpg,FALSE,error
HERB_0311,sample_images/HERB_0311.jpg,6196923577,Ficus glaberrima Blume,"colmafu,inmafu",1cbed1d0-f9ac-4b9e-bf3f-a26272bca39e,4fd82480-ea1c-11da-8db4-b8a03c50a862,NA,82d6992a-b20b-4e74-b6ac-6b971b2c485d,4fd82480-ea1c-11da-8db4-b8a03c50a862,JP,EML,2026-07-10T16:35:10.312+00:00,2026-07-18T17:50:37.961+00:00,222,PRESERVED_SPECIMEN,PRESENT,7733052,6,7707728,220,691,6640,2984588,7733052,Ficus glaberrima Blume,Plantae,Tracheophyta,Rosales,Moraceae,Ficus,SPECIES,ACCEPTED,NA,ASIA,Khammouan,NA,Asia|Laos|Khammouan|Khounkham|Tad Nam Sanam,2024,3,15,2024-03-15,75,75,NA,2025-10-16T00:00:00.000+00:00,2026-07-18T17:50:37.961+00:00,https://www.museum.kagoshima-u.ac.jp/hyouhonsitu.html,http://creativecommons.org/licenses/by/4.0/legalcode,FALSE,863415f6-3ae8-4ecb-91ce-236e765b1fef,none,none,7b6590f0-c03f-409b-ae28-f443c1166d23,e9e6df05-e289-4a64-8ace-a4d5dbd168e4,FALSE,NA,NA,NA,NA,none,Magnoliopsida,LA,none,none,ASIA,Lao People’s Democratic Republic,ASIA,NA,863415f6-3ae8-4ecb-91ce-236e765b1fef,Z763,NA,NA,232,NA,Tad Nam Sanam,NA,"Laos, Khammouan, Khounkham, Tad Nam Sanam",6196923577,NA,KAG,863415f6-3ae8-4ecb-91ce-236e765b1fef,NA,NA,KAG187179,KAG,NA,NA,NA,NA,Ficus glaberrima Blume,NA,NA,18.21749,104.5121,NA,7733052,Ficus glaberrima,Ficus,glaberrima,NA,NA,NA,WGS84,NA,NA,NA,NA,obtained using GPS machine,NA,NA,NA,NA,NA,Plantae|Tracheophyta|Magnoliopsida|Rosales|Moraceae|Ficus|glaberrima,NA,LC,NA,NA,192,NA,NA,NA,NA,NA,NA,NA,NA,NA,NA,NA,NA,NA,Khounkham,NA,NA,NA,NA,NA,NA,NA,NA,NA,NA,NA,NA,500,NA,NA,NA,NA,NA,NA,NA,NA,NA,NA,https://dbs.kaum.kagoshima-u.ac.jp/musedb/s_plant/picture/KAG187179/KAG187179.jpg,FALSE,ok
HERB_0312,sample_images/HERB_0312.jpg,4928991722,Begonia labiensis (Sands) S.Julia,"cdc,cdround,gass84,incomis,inmafu",cd6e21c8-9e8a-493a-8a76-fbf7862069e5,061b4f20-f241-11da-a328-b8a03c50a862,17abcf75-2f1e-46dd-bf75-a5b21dd02655,996e30f8-f762-11e1-a439-00145eb45e9a,061b4f20-f241-11da-a328-b8a03c50a862,GB,DWC_ARCHIVE,2026-08-24T12:51:18.333+00:00,2026-08-24T20:50:13.123+00:00,539,PRESERVED_SPECIMEN,PRESENT,8852073,6,7707728,220,7224005,6638,2874710,8852073,Begonia labiensis (Sands) S.Julia,Plantae,Tracheophyta,Cucurbitales,Begoniaceae,Begonia,SPECIES,ACCEPTED,NA,ASIA,NA,NA,Rambai,2019,11,8,2019-11-08T00:00,312,312,NA,2025-12-29T02:56:00.430+00:00,2026-08-24T20:50:13.123+00:00,NA,http://creativecommons.org/licenses/by/4.0/legalcode,FALSE,K001935667,none,none,fa252605-26f6-426c-9892-94d071c2c77f,NA,FALSE,NA,"Lim, W.H.; Bazilah, I.; Watu, A.; Janagrun, E.; Azlan, P.; Clayton, J.","Yuan, H.",NA,none,Magnoliopsida,BN,none,none,ASIA,Brunei Darussalam,EUROPE,NA,K001935667,LWH 58,NA,NA,539,NA,NA,NA,NA,4928991722,NA,Herbarium,http://specimens.kew.org/herbarium/K001935667,NA,NA,K001935667,K,NA,NA,NA,NA,Begonia labiensis (Sands) S.Julia,NA,NA,4.535278,114.765833,NA,8852073,Begonia labiensis,Begonia,labiensis,NA,NA,NA,WGS84,NA,NA,NA,NA,NA,NA,NA,NA,NA,NA,Begoniaceae,NA,NA,NA,NA,NA,NA,NA,NA,NA,NA,NA,NA,Rambai,NA,NA,NA,NA,NA,NA,NA,NA,NA,NA,NA,NA,NA,NA,NA,NA,NA,NA,NA,NA,NA,NA,NA,NA,NA,NA,NA,NA,NA,https://d2jcv3kl45hlgi.cloudfront.net/255e6eb010be305cba2be0cbb2ce751b.jpg,FALSE,ok
HERB_0313,sample_images/HERB_0313.jpg,4519457299,Ficus chartacea (Wall. ex Kurz) Wall. ex King,"cdc,cdround,gass84,incomis,inmafu",cd6e21c8-9e8a-493a-8a76-fbf7862069e5,061b4f20-f241-11da-a328-b8a03c50a862,17abcf75-2f1e-46dd-bf75-a5b21dd02655,996e30f8-f762-11e1-a439-00145eb45e9a,061b4f20-f241-11da-a328-b8a03c50a862,GB,DWC_ARCHIVE,2026-08-24T12:51:18.333+00:00,2026-08-24T20:49:51.298+00:00,539,PRESERVED_SPECIMEN,PRESENT,7707684,6,7707728,220,691,6640,2984588,7707684,Ficus chartacea (Wall. ex Kurz) Wall. ex King,Plantae,Tracheophyta,Rosales,Moraceae,Ficus,SPECIES,ACCEPTED,NA,ASIA,NA,NA,NA,2022,7,9,2022-07-09T00:00,190,190,NA,2026-07-21T12:28:09.637+00:00,2026-08-24T20:49:51.298+00:00,NA,http://creativecommons.org/licenses/by/4.0/legalcode,FALSE,K001767405,none,none,fa252605-26f6-426c-9892-94d071c2c77f,NA,FALSE,NA,"Balslev, H.; Poopath, M.; Karaket, P.; Thaotawin, P.; Kladwong, P.; Rujichaipimon, W.;  Brem Nøhr, N.",NA,NA,none,Magnoliopsida,TH,none,none,ASIA,Thailand,EUROPE,NA,K001767405,10179,NA,NA,539,NA,Along perimeter road on north side. Than Ma Yom waterfall.,NA,NA,4519457299,NA,Herbarium,http://specimens.kew.org/herbarium/K001767405,NA,NA,K001767405,K,NA,NA,NA,NA,Ficus chartacea (Wall. ex Kurz) Wall. ex King,NA,NA,12.079722,102.366944,NA,7707684,Ficus chartacea,Ficus,chartacea,NA,NA,NA,WGS84,NA,NA,NA,NA,NA,NA,NA,NA,NA,NA,Moraceae,NA,LC,NA,NA,20,NA,NA,NA,NA,NA,NA,NA,NA,NA,NA,NA,NA,NA,NA,NA,NA,NA,NA,NA,NA,NA,NA,NA,NA,NA,NA,NA,NA,NA,NA,NA,NA,NA,NA,NA,NA,NA,https://d2seqvvyy3b8p2.cloudfront.net/d7267e31841a66a1e0e564fbb289e694.jpg,FALSE,ok
HERB_0314,sample_images/HERB_0314.jpg,4858980367,Cipadessa baccifera (Roxb. ex Roth) Miq.,"cdc,cdround,gass84,incomis,inmafu",cd6e21c8-9e8a-493a-8a76-fbf7862069e5,061b4f20-f241-11da-a328-b8a03c50a862,17abcf75-2f1e-46dd-bf75-a5b21dd02655,996e30f8-f762-11e1-a439-00145eb45e9a,061b4f20-f241-11da-a328-b8a03c50a862,GB,DWC_ARCHIVE,2026-08-24T12:51:18.333+00:00,2026-08-24T20:51:07.538+00:00,539,PRESERVED_SPECIMEN,PRESENT,3851819,6,7707728,220,933,2397,7271425,3851819,Cipadessa baccifera (Roxb. ex Roth) Miq.,Plantae,Tracheophyta,Sapindales,Meliaceae,Cipadessa,SPECIES,ACCEPTED,NA,ASIA,NA,NA,Fang,2022,6,14,2022-06-14T00:00,165,165,NA,2026-01-25T18:17:20.613+00:00,2026-08-24T20:51:07.538+00:00,NA,http://creativecommons.org/licenses/by/4.0/legalcode,FALSE,K001930406,none,none,fa252605-26f6-426c-9892-94d071c2c77f,NA,FALSE,NA,"Yooprasert, S.; Poopath, M.; Sirimongkol, S.; Krachangyut, P.; Thaothawin, P.",NA,NA,none,Magnoliopsida,TH,none,none,ASIA,Thailand,EUROPE,NA,K001930406,SY 347,NA,NA,539,NA,NA,NA,NA,4858980367,NA,Herbarium,http://specimens.kew.org/herbarium/K001930406,NA,NA,K001930406,K,NA,NA,NA,NA,Cipadessa baccifera (Roxb. ex Roth) Miq.,NA,NA,19.902778,99.040833,NA,3851819,Cipadessa baccifera,Cipadessa,baccifera,NA,NA,NA,WGS84,NA,NA,NA,NA,NA,NA,NA,NA,NA,NA,Meliaceae,NA,LC,NA,NA,1440,NA,NA,NA,NA,NA,NA,NA,Fang,NA,NA,NA,NA,NA,NA,NA,NA,14 June 2022,NA,NA,NA,NA,NA,NA,NA,NA,NA,NA,NA,NA,NA,NA,NA,NA,NA,NA,NA,NA,https://d2jcv3kl45hlgi.cloudfront.net/6e771cef4d7db6e5549b6847d2f79572.jpg,FALSE,ok
HERB_0315,sample_images/HERB_0315.jpg,5839680762,Ipomoea obscura (L.) Ker Gawl.,"colmafu,inmafu",7e380070-f762-11e1-a439-00145eb45e9a,19456090-b49a-11d8-abeb-b8a03c50a862,"17abcf75-2f1e-46dd-bf75-a5b21dd02655,99d66b6c-9087-452f-a9d4-f15f2c2d0e7e",60277b56-f762-11e1-a439-00145eb45e9a,19456090-b49a-11d8-abeb-b8a03c50a862,GB,DWC_ARCHIVE,2026-08-13T15:58:06.296+00:00,2026-08-24T17:23:01.742+00:00,498,PRESERVED_SPECIMEN,PRESENT,2928565,6,7707728,220,1176,2389,2928509,2928565,Ipomoea obscura (L.) Ker Gawl.,Plantae,Tracheophyta,Solanales,Convolvulaceae,Ipomoea,SPECIES,ACCEPTED,NA,ASIA,NA,none,Asia; Singapore,2022,2,4,2022-02-04,35,35,NA,2026-06-29T18:00:02.000+00:00,2026-08-24T17:23:01.742+00:00,NA,http://creativecommons.org/publicdomain/zero/1.0/legalcode,FALSE,11524108,none,none,1d808a7c-1f9e-4379-9616-edb749ecf10e,8bb3763f-955c-4791-8777-44de1996b378,FALSE,NA,Boon-Chuan Ho,NA,NA,none,Magnoliopsida,SG,none,none,ASIA,Singapore,EUROPE,NA,11524108,22-006,NA,NA,500,"{""subDepartment"": ""Gen Herb"", ""created"": ""2025-07-17T11:08:09+00:00"", ""determinationNames"": ""Ipomoea obscura (L.) Ker Gawl."", ""gbifID"": null, ""gbifIssue"": null, ""associatedMediaCount"": 1, ""barcode"": null, ""preservative"": null, ""determinationFiledAs"": ""Yes"", ""project"": ""Digital Services"", ""donorName"": ""Mei Lyn Serena Lee"", ""collectionKind"": ""Sheet"", ""registrationCode"": null, ""chronostratigraphy"": null, ""kindOfCollection"": null, ""kindOfObject"": null, ""lithostratigraphy"": null, ""catalogueDescription"": null, ""expedition"": null, ""collectionName"": null, ""plantDescription"": null, ""vessel"": null, ""clutchSize"": null, ""exsiccata"": null, ""setMark"": null, ""exsiccataNumber"": null, ""currentScientificName"": null, ""suborder"": null, ""superfamily"": null, ""subfamily"": null, ""partType"": null, ""populationCode"": null, ""observedWeight"": null, ""preparationType"": null, ""resuspendedIn"": null, ""extractionMethod"": null, ""totalVolume"": null, ""mine"": null, ""mineralComplex"": null}",NA,22-006,NA,5839680762,NA,BOT,1120811e-5d77-4dca-9333-71a824da7b42,NA,NA,BM015723229,NHMUK,NA,NA,NA,NA,Ipomoea obscura (L.) Ker Gawl.,NA,NA,NA,NA,NA,2928565,Ipomoea obscura,Ipomoea,obscura,NA,NA,NA,NA,NA,NA,NA,NA,NA,NA,NA,NA,NA,NA,Magnoliophyta; Solanales; Convolvulaceae,NA,NA,NA,NA,NA,NA,NA,NA,NA,NHMUK,http://bnhm.berkeley.edu/DwC/bnhm_dc2_schema.xsd,10000,NA,NA,NA,NA,NA,NA,NA,NA,NHMUK:ecatalogue:11524108,NA,NA,NA,NA,NA,NA,NA,NA,NA,NA,15.01,NA,NA,NA,NA,NA,NA,NA,NA,NA,NA,https://data.nhm.ac.uk/media/87a2fe97-7ee3-45d5-a75e-ca52dfe163e6,FALSE,error
HERB_0316,sample_images/HERB_0316.jpg,6196925189,Suregada multiflora (A.Juss.) Baill.,"colmafu,inmafu",1cbed1d0-f9ac-4b9e-bf3f-a26272bca39e,4fd82480-ea1c-11da-8db4-b8a03c50a862,NA,82d6992a-b20b-4e74-b6ac-6b971b2c485d,4fd82480-ea1c-11da-8db4-b8a03c50a862,JP,EML,2026-07-10T16:35:10.312+00:00,2026-07-18T17:50:19.107+00:00,222,PRESERVED_SPECIMEN,PRESENT,3054898,6,7707728,220,1414,4691,3054853,3054898,Suregada multiflora (A.Juss.) Baill.,Plantae,Tracheophyta,Malpighiales,Euphorbiaceae,Suregada,SPECIES,ACCEPTED,NA,ASIA,Kien Giang,NA,Asia|Vietnam|Kien Giang|Kien Luong Dist.|Mt. Mo So,2024,5,23,2024-05-23,144,144,NA,2025-10-16T00:00:00.000+00:00,2026-07-18T17:50:19.107+00:00,https://www.museum.kagoshima-u.ac.jp/hyouhonsitu.html,http://creativecommons.org/licenses/by/4.0/legalcode,FALSE,0e2a5964-af0b-4dc3-8a1f-a4f3fee0b621,none,none,7b6590f0-c03f-409b-ae28-f443c1166d23,e9e6df05-e289-4a64-8ace-a4d5dbd168e4,FALSE,NA,NA,NA,NA,none,Magnoliopsida,VN,none,none,ASIA,Viet Nam,ASIA,NA,0e2a5964-af0b-4dc3-8a1f-a4f3fee0b621,N505,NA,NA,232,NA,Mt. Mo So,NA,"Vietnam, Kien Giang, Kien Luong Dist., Mt. Mo So",6196925189,NA,KAG,0e2a5964-af0b-4dc3-8a1f-a4f3fee0b621,NA,NA,KAG188608,KAG,NA,NA,NA,NA,Suregada multiflora (A.Juss.) Baill.,NA,NA,10.22661,104.61757,NA,3054898,Suregada multiflora,Suregada,multiflora,NA,NA,NA,WGS84,NA,NA,NA,NA,obtained using GPS machine,NA,NA,NA,NA,NA,Plantae|Tracheophyta|Magnoliopsida|Malpighiales|Euphorbiaceae|Suregada|multiflora,NA,LC,NA,NA,50,NA,NA,NA,NA,NA,NA,NA,NA,NA,NA,NA,NA,NA,Kien Luong Dist.,NA,NA,NA,NA,NA,NA,NA,NA,NA,NA,NA,NA,500,NA,NA,NA,NA,NA,NA,NA,NA,NA,NA,https://dbs.kaum.kagoshima-u.ac.jp/musedb/s_plant/picture/KAG188608/KAG188608.jpg,FALSE,ok
HERB_0317,sample_images/HERB_0317.jpg,2514987764,Argyreia reinwardtiana (Blume) Miq.,,15f819bd-6612-4447-854b-14d12ee1022d,396d5f30-dea9-11db-8ab4-b8a03c50a862,17abcf75-2f1e-46dd-bf75-a5b21dd02655,65eb93af-41b8-4917-a5fc-cfe2a45aa4bf,396d5f30-dea9-11db-8ab4-b8a03c50a862,NL,DWC_ARCHIVE,2026-06-29T11:53:09.940+00:00,2026-08-24T20:55:08.155+00:00,286,PRESERVED_SPECIMEN,PRESENT,3678124,6,7707728,220,1176,2389,2928690,3678124,Argyreia reinwardtiana (Blume) Miq.,Plantae,Tracheophyta,Solanales,Convolvulaceae,Argyreia,SPECIES,ACCEPTED,NA,ASIA,Dili,NA,NA,2015,5,19,2015-05-19,139,139,NA,NA,2026-08-24T20:55:08.155+00:00,NA,http://creativecommons.org/publicdomain/zero/1.0/legalcode,FALSE,L.3978091@BRAHMS,none,none,0e919a55-08d3-4bd2-aec1-200858fafd92,0add23db-a8f7-4d15-95ad-4ed0c5c8a055,FALSE,NA,Cowie ID; Santana F,NA,NA,none,Magnoliopsida,TL,none,none,ASIA,Timor-Leste,EUROPE,Naturalis Biodiversity Center,L.3978091@BRAHMS,"Cowie, ID; Santana, F 13912",Forest remnant beside garden; rocky hillside; limestone.,https://ror.org/0566bfb96,286,NA,C. 1.6 km NE Anartutu.,NA,NA,2514987764,NA,Botany,https://data.biodiversitydata.nl/naturalis/specimen/L.3978091,NA,NA,L.3978091,NA,NA,NA,600.0 m,NA,Argyreia reinwardtiana (Blume) Miq.,NA,NA,-8.25139,125.56111,NA,3678124,Argyreia reinwardtiana,Argyreia,reinwardtiana,NA,NA,NA,WGS84,NA,ICN,NA,NA,NA,NA,NA,NA,NA,NA,Plantae|Solanales|Convolvulaceae,NA,NA,NA,NA,NA,NA,NA,NA,NA,NA,NA,NA,NA,NA,NA,true,NA,NA,NA,NA,NA,NA,NA,NA,NA,NA,NA,NA,NA,NA,NA,NA,NA,NA,NA,NA,NA,NA,NA,NA,NA,NA,https://medialib.naturalis.nl/file/id/L.3978091/format/large,FALSE,ok
HERB_0318,sample_images/HERB_0318.jpg,2430565547,Miliusa velutina (Dunal) Hook.f. & Thomson,,b5cdf794-8fa4-4a85-8b26-755d087bf531,2cd829bb-b713-433d-99cf-64bef11e5b3e,17abcf75-2f1e-46dd-bf75-a5b21dd02655,86c2834b-fcd6-418d-9b32-aca45110a0fe,2cd829bb-b713-433d-99cf-64bef11e5b3e,FR,EML,2026-08-13T15:27:43.858+00:00,2026-08-24T16:45:41.787+00:00,606,PRESERVED_SPECIMEN,PRESENT,3156618,6,7707728,220,718,9291,3156567,3156618,Miliusa velutina (Dunal) Hook.f. & Thomson,Plantae,Tracheophyta,Magnoliales,Annonaceae,Miliusa,SPECIES,ACCEPTED,NA,ASIA,mondulkiri,none,NA,2019,1,31,2019-01-31,31,31,NA,2020-01-14T18:34:02.000+00:00,2026-08-24T16:45:41.787+00:00,NA,http://creativecommons.org/licenses/by/4.0/legalcode,FALSE,http://coldb.mnhn.fr/catalognumber/mnhn/p/p00915878,none,none,6a6ac6c5-1b8a-48db-91a2-f8661274ff80,bc3d39fd-a7d4-4763-b951-2bdeddd8a5d2,FALSE,NA,"Hul, S.|Eum, S.|Peou, Y.",Hul,hb,none,Magnoliopsida,KH,none,none,ASIA,Cambodia,EUROPE,NA,http://coldb.mnhn.fr/catalognumber/mnhn/p/p00915878,NA,NA,http://grbio.org/institution/museum-national-dhistoire-naturelle,654,NA,NA,7003,NA,2430565547,NA,P,http://coldb.mnhn.fr/catalognumber/mnhn/p/p00915878,NA,NA,P00915878,MNHN,NA,NA,NA,NA,Miliusa velutina (Dunal) Hook.f. & Thomson,NA,NA,NA,NA,NA,3156618,Miliusa velutina,Miliusa,velutina,NA,NA,NA,NA,NA,NA,NA,NA,NA,NA,NA,NA,NA,NA,NA,NA,LC,NA,NA,NA,NA,NA,NA,NA,NA,NA,NA,NA,NA,NA,NA,NA,"""Arbre d'env. 7 m de haut. Feuilles velues. Fleurs pédicellées ; pédicelle velu-tomenteux; sépales triangulaires, tomenteux sur les 2 faces ; pétales intérieurs 3-4, tomenteux en dehors, glabres en dedans ; étamines courtes ; carpelles velus""",kéo Seima,Mémang,NA,NA,NA,NA,NA,NA,NA,NA,NA,NA,NA,NA,NA,NA,NA,NA,NA,NA,NA,NA,NA,NA,https://mediaphoto.mnhn.fr/media/1579023241799PajP0m0w6hFpeGuP,FALSE,error
HERB_0319,sample_images/HERB_0319.jpg,3416545304,Garcinia atroviridis Griff. ex T.Anderson,"cdc,gass84",cb9beff3-a185-486f-975a-732251444158,2853c0e7-c758-4c9c-83a2-7c2d18967fb9,17abcf75-2f1e-46dd-bf75-a5b21dd02655,86c2834b-fcd6-418d-9b32-aca45110a0fe,2cd829bb-b713-433d-99cf-64bef11e5b3e,FR,EML,2026-08-13T15:27:43.165+00:00,2026-08-24T18:08:47.051+00:00,586,PRESERVED_SPECIMEN,PRESENT,3711121,6,7707728,220,1414,6646,3189556,3711121,Garcinia atroviridis Griff. ex T.Anderson,Plantae,Tracheophyta,Malpighiales,Clusiaceae,Garcinia,SPECIES,ACCEPTED,NA,ASIA,NA,NA,NA,2020,3,25,2020-03-25,85,85,NA,2021-12-17T16:45:45.000+00:00,2026-08-24T18:08:47.051+00:00,NA,http://creativecommons.org/licenses/by/4.0/legalcode,FALSE,http://coldb.mnhn.fr/catalognumber/um/mpu/mpu1400349,none,none,17ff2e84-80c7-4904-81c7-26183b3ce46e,1fddc155-2d5b-4b1d-92cb-1268e22cc2bb,FALSE,NA,"Yao, T.L.|Leong, P.K.F.|Lim, W.H.|Chia, E.J.J.",Yao,hb,none,Magnoliopsida,SG,none,none,ASIA,Singapore,EUROPE,NA,http://coldb.mnhn.fr/catalognumber/um/mpu/mpu1400349,NA,NA,http://grscicoll.org/institution/université-montpellier-2,634,NA,NA,83,Singapore Botanic Garden,3416545304,NA,MPU,http://coldb.mnhn.fr/catalognumber/um/mpu/mpu1400349,NA,NA,MPU1400349,UM,NA,NA,NA,NA,Garcinia atroviridis Griff. ex T.Anderson,NA,NA,1.39487,103.81105,NA,3711121,Garcinia atroviridis,Garcinia,atroviridis,NA,NA,NA,WGS84,NA,NA,NA,NA,NA,NA,NA,NA,NA,NA,NA,NA,LC,NA,NA,NA,NA,NA,NA,NA,NA,NA,NA,NA,NA,NA,NA,3348.8504043166813,"Tree tag: 20152850*C. Distribution: Myanmar, Malaya. Wound exudate clear. Young petioles red",NA,NA,NA,NA,NA,NA,NA,NA,NA,NA,"Cultivated, rather open",NA,NA,NA,NA,NA,NA,NA,NA,NA,NA,NA,NA,NA,https://mediaphoto.mnhn.fr/media/1639755944740XnLig0tNgC9Ek4mP,FALSE,error
HERB_0320,sample_images/HERB_0320.jpg,3461950308,Streblus asper Lour.,,b5cdf794-8fa4-4a85-8b26-755d087bf531,2cd829bb-b713-433d-99cf-64bef11e5b3e,17abcf75-2f1e-46dd-bf75-a5b21dd02655,86c2834b-fcd6-418d-9b32-aca45110a0fe,2cd829bb-b713-433d-99cf-64bef11e5b3e,FR,EML,2026-08-13T15:27:43.858+00:00,2026-08-24T16:47:02.419+00:00,606,PRESERVED_SPECIMEN,PRESENT,10242935,6,7707728,220,691,6640,2984634,10242935,Streblus asper Lour.,Plantae,Tracheophyta,Rosales,Moraceae,Streblus,SPECIES,ACCEPTED,NA,ASIA,siem réap,none,NA,2021,1,7,2021-01-07,7,7,NA,2022-02-09T10:39:16.000+00:00,2026-08-24T16:47:02.419+00:00,NA,http://creativecommons.org/licenses/by/4.0/legalcode,FALSE,http://coldb.mnhn.fr/catalognumber/mnhn/p/p01190788,none,none,6a6ac6c5-1b8a-48db-91a2-f8661274ff80,bc3d39fd-a7d4-4763-b951-2bdeddd8a5d2,FALSE,NA,"Hul, S.|Peou, Y.|Ratanak, V.",Hul,hb,none,Magnoliopsida,KH,none,none,ASIA,Cambodia,EUROPE,NA,http://coldb.mnhn.fr/catalognumber/mnhn/p/p01190788,NA,NA,http://grbio.org/institution/museum-national-dhistoire-naturelle,654,NA,NA,7179,Sangkat Slorkram,3461950308,NA,P,http://coldb.mnhn.fr/catalognumber/mnhn/p/p01190788,NA,NA,P01190788,MNHN,NA,NA,NA,NA,Streblus asper Lour.,NA,NA,NA,NA,NA,10242935,Streblus asper,Streblus,asper,NA,NA,NA,NA,NA,NA,NA,NA,NA,NA,NA,NA,NA,NA,NA,NA,LC,NA,NA,NA,NA,NA,NA,NA,NA,NA,NA,NA,NA,NA,NA,NA,"Arbuste ou petit arbre, 4-12 m de haut. Feuilles alternes, distiques, ovales ou obovales, coriaces, aiguës, acuminées au sommet, crénelées-dentées sur la marge, pubérulentes et scabres sur les deux faces. Inflorescences souvent dioïques. Fruit : drupe jaune-orange à maturité",Phum Daun Pa,NA,NA,NA,NA,NA,NA,NA,NA,NA,NA,NA,NA,NA,NA,NA,NA,NA,NA,NA,NA,NA,NA,NA,https://mediaphoto.mnhn.fr/media/1644399554035AAceE2L0QkdjCpVr,TRUE,error
HERB_0321,sample_images/HERB_0321.jpg,6184366624,Homalanthus populneus (Geiseler) Pax,,f934f8e2-32ca-46a7-b2f8-b032a4740454,66522820-055c-11d8-b84e-b8a03c50a862,"68e8e67a-43e6-44a3-8817-dc0e6b70f973,8e30b684-6a54-4aba-aa73-66201c2c736e",a43950ae-eb88-4ef4-bfff-43bcf12885ad,66522820-055c-11d8-b84e-b8a03c50a862,US,EML,2026-08-25T10:35:23.874+00:00,2026-08-25T11:15:36.420+00:00,794,PRESERVED_SPECIMEN,PRESENT,3072674,6,7707728,220,1414,4691,3072604,3072674,Homalanthus populneus (Geiseler) Pax,Plantae,Tracheophyta,Malpighiales,Euphorbiaceae,Homalanthus,SPECIES,ACCEPTED,NA,ASIA,Province of Bukidnon,NA,"Asia, Philippines",2024,5,6,2024-05-06,127,127,NA,2026-01-20T11:28:34.000+00:00,2026-08-25T11:15:36.420+00:00,NA,http://creativecommons.org/publicdomain/zero/1.0/legalcode,FALSE,urn:catalog:CAS:BOT-BC:1418037,none,none,d2a27206-87ab-47ea-b5fc-d2e57054b688,b70854fa-d05f-4512-a3ef-c103567657d4,FALSE,NA,"Plants and Lichens of the Southern Philippines Survey; Fritsch, Peter W.; Amoroso, Victor B.; Coritico, Fulgent P.; Penneys, Darin S.; Guiang, Maria Melanie M.; Handley, Vanessa; Lagunday, Noel E.; Marquez-Corro, José Ignacio; Cariño, Yvonne  L.; Lagumbay, April  Joie D.; Mendez, Noe P.; Nobleza, Joevina  C.; Orias, Pamela J.; Salolog, Marycor S.; Briones, Niko N. G.; Sumunig, Jether; Lagria, Lynette; Caylan, Grisielou; Adlaon, Ivy; Escobio, Lordeth Christelle  V.",NA,NA,none,Magnoliopsida,PH,none,none,ASIA,Philippines,NORTH_AMERICA,NA,urn:catalog:CAS:BOT-BC:1418037,5980,"Growing in loam in exposed places. Tropical Upper Montane rain Forest. Volcanic, mafic bedrock. Aspect: N-facing. Area disturbed by clearing.",http://grscicoll.org/institution/california-academy-sciences,794,NA,"Municipality of Manolo Fortich. Barangay Dahilayan. N edge of Mt. Kitanglad Natural Park, trail from Dahilayan Indigenous People Eco Prk & Resort to Mt. Lungkayapan.",NA,NA,6184366624,en,BOT-BC,urn:catalog:CAS:BOT-BC:1418037,Physical Object,NA,1418037,CAS,"Shrub 3 m tall; leaves pale green and slightly glossy adaxially, glaucous abaxially; inflorescence buds green; fruit green. .",NA,1849.0000000000 m,http://grscicoll.org/institutional-collection/botany,Homalanthus populneus (Geiseler) Pax,NA,NA,8.17012,124.86476,NA,3072674,Homalanthus populneus,Homalanthus,populneus,NA,NA,NA,WGS84,NA,ICBN,NA,NA,NA,NA,NA,NA,NA,NA,"Plantae, Streptophyta, Embryophyta, Spermatophyta, Angiospermae, Magnoliopsida, Rosidae, Euphorbiales, Euphorbiaceae",NA,LC,NA,NA,1849,NA,NA,NA,NA,NA,NA,NA,NA,NA,NA,NA,NA,NA,NA,NA,NA,05 June 2024,NA,NA,NA,NA,NA,NA,NA,NA,NA,NA,NA,NA,NA,NA,NA,NA,NA,NA,NA,NA,https://ibss-images.calacademy.org/static/botany/originals/ee/cf/eecfd577-47c0-4936-9be6-71926e2959bb.JPG,TRUE,error
HERB_0322,sample_images/HERB_0322.jpg,6196927389,Sonneratia ovata Backer,"colmafu,inmafu",1cbed1d0-f9ac-4b9e-bf3f-a26272bca39e,4fd82480-ea1c-11da-8db4-b8a03c50a862,NA,82d6992a-b20b-4e74-b6ac-6b971b2c485d,4fd82480-ea1c-11da-8db4-b8a03c50a862,JP,EML,2026-07-10T16:35:10.312+00:00,2026-07-18T17:50:41.237+00:00,222,PRESERVED_SPECIMEN,PRESENT,5635568,6,7707728,220,690,6684,7940865,5635568,Sonneratia ovata Backer,Plantae,Tracheophyta,Myrtales,Lythraceae,Sonneratia,SPECIES,ACCEPTED,NA,ASIA,Kien Giang,NA,Asia|Vietnam|Kien Giang|Kien Luong Dist.|Binh An,2024,5,24,2024-05-24,145,145,NA,2025-10-16T00:00:00.000+00:00,2026-07-18T17:50:41.237+00:00,https://www.museum.kagoshima-u.ac.jp/hyouhonsitu.html,http://creativecommons.org/licenses/by/4.0/legalcode,FALSE,291939d2-8cc3-4ac2-b8e0-532a1f8f7c5b,none,none,7b6590f0-c03f-409b-ae28-f443c1166d23,e9e6df05-e289-4a64-8ace-a4d5dbd168e4,FALSE,NA,NA,NA,NA,none,Magnoliopsida,VN,none,none,ASIA,Viet Nam,ASIA,NA,291939d2-8cc3-4ac2-b8e0-532a1f8f7c5b,N541,NA,NA,232,NA,Binh An,NA,"Vietnam, Kien Giang, Kien Luong Dist., Binh An",6196927389,NA,KAG,291939d2-8cc3-4ac2-b8e0-532a1f8f7c5b,NA,NA,KAG188644,KAG,NA,NA,NA,NA,Sonneratia ovata Backer,NA,NA,10.15577,104.60976,NA,5635568,Sonneratia ovata,Sonneratia,ovata,NA,NA,NA,WGS84,NA,NA,NA,NA,obtained using GPS machine,NA,NA,NA,NA,NA,Plantae|Tracheophyta|Magnoliopsida|Myrtales|Lythraceae|Sonneratia|ovata,NA,NT,NA,NA,40,NA,NA,NA,NA,NA,NA,NA,NA,NA,NA,NA,NA,NA,Kien Luong Dist.,NA,NA,NA,NA,NA,NA,NA,NA,NA,NA,NA,NA,500,NA,NA,NA,NA,NA,NA,NA,NA,NA,NA,https://dbs.kaum.kagoshima-u.ac.jp/musedb/s_plant/picture/KAG188644/KAG188644.jpg,FALSE,ok
HERB_0323,sample_images/HERB_0323.jpg,3416523305,Garcinia celebica L.,"cdc,gass84",cb9beff3-a185-486f-975a-732251444158,2853c0e7-c758-4c9c-83a2-7c2d18967fb9,17abcf75-2f1e-46dd-bf75-a5b21dd02655,86c2834b-fcd6-418d-9b32-aca45110a0fe,2cd829bb-b713-433d-99cf-64bef11e5b3e,FR,EML,2026-08-13T15:27:43.165+00:00,2026-08-24T18:08:56.369+00:00,586,PRESERVED_SPECIMEN,PRESENT,8200518,6,7707728,220,1414,6646,3189556,8200518,Garcinia celebica L.,Plantae,Tracheophyta,Malpighiales,Clusiaceae,Garcinia,SPECIES,ACCEPTED,NA,ASIA,NA,NA,NA,2020,3,16,2020-03-16,76,76,NA,2021-12-17T16:45:40.000+00:00,2026-08-24T18:08:56.369+00:00,NA,http://creativecommons.org/licenses/by/4.0/legalcode,FALSE,http://coldb.mnhn.fr/catalognumber/um/mpu/mpu1400337,none,none,17ff2e84-80c7-4904-81c7-26183b3ce46e,1fddc155-2d5b-4b1d-92cb-1268e22cc2bb,FALSE,NA,"Yao, T.L.|Ngo, K.M.|Lim, J.Y.",Yao,hb,none,Magnoliopsida,SG,none,none,ASIA,Singapore,EUROPE,NA,http://coldb.mnhn.fr/catalognumber/um/mpu/mpu1400337,NA,NA,http://grscicoll.org/institution/université-montpellier-2,634,NA,NA,71,"Bukit Timah Nature Reserve, 2-ha Plot, Primary",3416523305,NA,MPU,http://coldb.mnhn.fr/catalognumber/um/mpu/mpu1400337,NA,NA,MPU1400337,UM,NA,NA,NA,NA,Garcinia celebica L.,NA,NA,1.35471,103.7785,NA,8200518,Garcinia celebica,Garcinia,celebica,NA,NA,NA,WGS84,NA,NA,NA,NA,NA,NA,NA,NA,NA,NA,NA,NA,LC,NA,NA,NA,NA,NA,NA,NA,NA,NA,NA,NA,NA,NA,NA,2733.6741798966546,"""Tree. DBH 3.1 cm, ht. c. 4 m. Exudate white. Tree tag 2261; quadrat C2, gx: 50.2, gy: 36.0""",NA,NA,NA,NA,NA,NA,NA,NA,NA,NA,"Primary lowland rainforest, Slope",NA,NA,NA,NA,NA,NA,NA,NA,NA,NA,NA,NA,NA,https://mediaphoto.mnhn.fr/media/16397559400857A9jwVAAydEPUiX6,FALSE,error
HERB_0324,sample_images/HERB_0324.jpg,6367029321,Jasminum craibianum Kerr,"cdc,cdround,gass84,incomis,inmafu",cd6e21c8-9e8a-493a-8a76-fbf7862069e5,061b4f20-f241-11da-a328-b8a03c50a862,17abcf75-2f1e-46dd-bf75-a5b21dd02655,996e30f8-f762-11e1-a439-00145eb45e9a,061b4f20-f241-11da-a328-b8a03c50a862,GB,DWC_ARCHIVE,2026-08-24T12:51:18.333+00:00,2026-08-24T20:50:44.550+00:00,539,PRESERVED_SPECIMEN,PRESENT,3682071,6,7707728,220,408,6652,3172260,3682071,Jasminum craibianum Kerr,Plantae,Tracheophyta,Lamiales,Oleaceae,Jasminum,SPECIES,ACCEPTED,NA,ASIA,NA,NA,NA,2023,9,1,2023-09-01T00:00,244,244,NA,2026-06-03T12:08:57.833+00:00,2026-08-24T20:50:44.550+00:00,NA,http://creativecommons.org/licenses/by/4.0/legalcode,FALSE,K001993269,none,none,fa252605-26f6-426c-9892-94d071c2c77f,NA,FALSE,NA,"Yooprasert, S.; Tamura, M. N.; Fuse, S.; Takahashi, K.; Masuda, R.; Taothong, P.; Saengbuapuean, A.",NA,NA,none,Magnoliopsida,TH,none,none,ASIA,Thailand,EUROPE,NA,K001993269,SY 552,NA,NA,539,NA,"Phu Ruea NP, Nature trail.",NA,NA,6367029321,NA,Herbarium,http://specimens.kew.org/herbarium/K001993269,NA,NA,K001993269,K,NA,NA,NA,NA,Jasminum craibianum Kerr,NA,NA,17.487778,101.349167,NA,3682071,Jasminum craibianum,Jasminum,craibianum,NA,NA,NA,WGS84,NA,NA,NA,NA,NA,NA,NA,NA,NA,NA,Oleaceae,NA,NA,NA,NA,1030,NA,NA,NA,NA,NA,NA,NA,NA,NA,NA,NA,NA,NA,NA,NA,NA,NA,NA,NA,NA,NA,NA,NA,NA,NA,NA,NA,NA,NA,NA,NA,NA,NA,NA,NA,NA,NA,https://d2jcv3kl45hlgi.cloudfront.net/b233f3a162a10f5ebe6387a6f227e58b.jpg,FALSE,ok
HERB_0325,sample_images/HERB_0325.jpg,4974430718,Torenia crustacea (L.) Cham. & Schltdl.,"cdc,cdround,colmafu,inmafu",902c8fe7-8f38-45b0-854e-c324fed36303,f5fc4e61-b7a0-414b-ab68-b41cb23e7fdc,NA,91d2f516-bdfa-458f-bad1-66717101b49f,f5fc4e61-b7a0-414b-ab68-b41cb23e7fdc,RU,EML,2026-08-21T18:06:57.852+00:00,2026-08-21T18:14:11.482+00:00,610,PRESERVED_SPECIMEN,PRESENT,3171892,6,7707728,220,408,4160847,3172202,3171892,Torenia crustacea (L.) Cham. & Schltdl.,Plantae,Tracheophyta,Lamiales,Linderniaceae,Torenia,SPECIES,ACCEPTED,NA,ASIA,NA,NA,South Asia|South Asia (Asia outside ex-Soviet states and Mongolia)|Indonesia,2023,12,28,2023-12-28,362,362,NA,2024-12-26T12:46:27.000+00:00,2026-08-21T18:14:11.482+00:00,https://plant.depo.msu.ru/open/public/item/MW1047858,http://creativecommons.org/licenses/by/4.0/legalcode,FALSE,MW1047858,none,none,df27e63f-82b2-464e-9286-a96163c961c9,acf523b0-8c81-4813-a85d-2361a8b487d4,FALSE,Moscow Digital Herbarium,A. Efremov,NA,herbarium specimen,none,Magnoliopsida,ID,none,none,ASIA,Indonesia,EUROPE,Moscow State University,MW1047858,NA,NA,http://grbio.org/institution/moscow-state-university,610,NA,NA,NA,NA,4974430718,en | ru,MW,MW1047858,Physical Object,in collection,MW1047858,Moscow State University,NA,use under CC-BY 4.0,NA,urn:lsid:biocol.org:col:15550,Torenia crustacea (L.) Cham. & Schltdl.,NA,NA,-8.339428,116.217197,https://rscf.ru/en/project/21-77-20042/,3171892,Torenia crustacea,Torenia,crustacea,Kollektor,urn:lsid:biocol.org:col:15550:01,common practice of herbarium collecting,WGS84,Torenia crustacea (L.) Cham. & Schltdl.,"International Code of Nomenclature for algae, fungi, and plants",manual verification,WGS84,no label data,MW1047858,73535868,78743688,MSU,"Seregin A. P. (Ed.). 2026. Specimen MW1047858 from the collection ""Moscow University Herbarium"" // Depository of Live Systems (branch ""Plants""): Electronic resource. – Moscow State University, Moscow. – Available at: https://plant.depo.mitotech.ru/open/public/item/MW1047858 (indicate access date).",Plantae | Tracheophyta | Magnoliopsida | Lamiales | Linderniaceae | Torenia,Torenia,LC,NA,NA,NA,NA,NA,NA,NA,NA,NA,NA,NA,NA,NA,NA,NA,NA,NA,NA,NA,NA,NA,NA,NA,NA,NA,NA,NA,NA,NA,NA,NA,NA,NA,NA,NA,NA,NA,NA,NA,NA,https://plant.depo.msu.ru/open/public/item/MW1047858/img/0.jpg?gbif,FALSE,ok
HERB_0326,sample_images/HERB_0326.jpg,3312498248,Clematis orientalis var. robusta Grey-Wilson,"cdc,cucdmis,cum",bf2a4bf0-5f31-11de-b67e-b8a03c50a862,98e934b0-5f31-11de-b67e-b8a03c50a862,"8e30b684-6a54-4aba-aa73-66201c2c736e,17abcf75-2f1e-46dd-bf75-a5b21dd02655",f6fe707e-cced-4efc-b5dc-be4c91b8180a,98e934b0-5f31-11de-b67e-b8a03c50a862,GB,DWC_ARCHIVE,2026-08-13T16:38:58.088+00:00,2026-08-24T20:20:05.099+00:00,445,PRESERVED_SPECIMEN,PRESENT,7679794,6,7707728,220,399,2410,3033512,3033532,Clematis orientalis L.,Plantae,Tracheophyta,Ranunculales,Ranunculaceae,Clematis,VARIETY,SYNONYM,NA,ASIA,NA,NA,Northern Asia,2018,8,9,2018-08-09,221,221,NA,2018-11-19T00:00:00.000+00:00,2026-08-24T20:20:05.099+00:00,NA,http://creativecommons.org/publicdomain/zero/1.0/legalcode,FALSE,https://data.rbge.org.uk/herb/E00898604,none,none,0237598a-853a-492c-af74-a723fe251799,427c8cd7-4358-4a00-9ef3-2b2676d28d1e,FALSE,Edinburgh (E) Herbarium Specimens,"Pamirs Expedition to Central Asia Tajikistan,",NA,HERBARIUM SHEET,none,Magnoliopsida,TL,none,none,ASIA,Timor-Leste,EUROPE,NA,https://data.rbge.org.uk/herb/E00898604,16,"Dry granitic sand, south facing with river washed granitic stones;  Vegetation: Echinops clematis and other steppe vegetation",https://scientific-collections.gbif.org/institution/0237598a-853a-492c-af74-a723fe251799,445,NA,Tajikistan:Gorno Badakshan:Wahkan Corridor about 30 kms from Ishkashim heading east.,NA,NA,3312498248,NA,E,https://data.rbge.org.uk/herb/E00898604,PhysicalObject,NA,E00898604,RBGE,NA,NA,2625m,https://scientific-collections.gbif.org/collection/427c8cd7-4358-4a00-9ef3-2b2676d28d1e,Clematis orientalis var. robusta Grey-Wilson,NA,NA,36.720833,71.889722,NA,3033532,Clematis orientalis,Clematis,orientalis,NA,NA,NA,WGS84,NA,ICBN,NA,NA,NA,NA,NA,NA,E,NA,NA,NA,NA,NA,NA,2625,0,NA,NA,NA,NA,NA,NA,NA,robusta,NA,NA,NA,NA,NA,NA,NA,9th August 2018,NA,NA,NA,NA,NA,NA,NA,NA,NA,NA,NA,CC0,Royal Botanic Garden Edinburgh,927509,NA,NA,NA,NA,NA,NA,https://iiif.rbge.org.uk/herb/iiif/E00898604/manifest,FALSE,not_image
HERB_0327,sample_images/HERB_0327.jpg,4607888515,Boerhavia repens L.,"incomis,inmafu",cd6e21c8-9e8a-493a-8a76-fbf7862069e5,061b4f20-f241-11da-a328-b8a03c50a862,17abcf75-2f1e-46dd-bf75-a5b21dd02655,996e30f8-f762-11e1-a439-00145eb45e9a,061b4f20-f241-11da-a328-b8a03c50a862,GB,DWC_ARCHIVE,2026-08-24T12:51:18.333+00:00,2026-08-24T20:49:58.131+00:00,539,PRESERVED_SPECIMEN,PRESENT,3086288,6,7707728,220,422,6718,3086275,3086288,Boerhavia repens L.,Plantae,Tracheophyta,Caryophyllales,Nyctaginaceae,Boerhavia,SPECIES,ACCEPTED,NA,ASIA,NA,none,NA,2021,6,25,2021-06-25T00:00,176,176,NA,2026-01-25T18:17:20.613+00:00,2026-08-24T20:49:58.131+00:00,NA,http://creativecommons.org/licenses/by/4.0/legalcode,FALSE,K001871937,none,none,fa252605-26f6-426c-9892-94d071c2c77f,NA,FALSE,NA,"Choo, L.M.",NA,NA,none,Magnoliopsida,SG,none,none,ASIA,Singapore,EUROPE,NA,K001871937,LCMJ 2021-028,NA,NA,539,NA,33 Jalan Haji Salam,NA,NA,4607888515,NA,Herbarium,http://specimens.kew.org/herbarium/K001871937,NA,NA,K001871937,K,NA,NA,NA,NA,Boerhavia repens L.,NA,NA,NA,NA,NA,3086288,Boerhavia repens,Boerhavia,repens,NA,NA,NA,NA,NA,NA,NA,NA,NA,NA,NA,NA,NA,NA,Nyctaginaceae,NA,NA,NA,NA,NA,NA,NA,NA,NA,NA,NA,NA,NA,NA,NA,NA,NA,NA,NA,NA,NA,NA,NA,NA,NA,NA,NA,NA,NA,NA,NA,NA,NA,NA,NA,NA,NA,NA,NA,NA,NA,NA,https://d2jcv3kl45hlgi.cloudfront.net/7d51ea38a007a4663b0aa50fda1c1670.jpg,FALSE,ok
HERB_0328,sample_images/HERB_0328.jpg,5106375564,Kadsura coccinea (Lem.) A.C.Sm.,,bf2a4bf0-5f31-11de-b67e-b8a03c50a862,98e934b0-5f31-11de-b67e-b8a03c50a862,"8e30b684-6a54-4aba-aa73-66201c2c736e,17abcf75-2f1e-46dd-bf75-a5b21dd02655",f6fe707e-cced-4efc-b5dc-be4c91b8180a,98e934b0-5f31-11de-b67e-b8a03c50a862,GB,DWC_ARCHIVE,2026-08-13T16:38:58.088+00:00,2026-08-24T20:20:25.292+00:00,445,PRESERVED_SPECIMEN,PRESENT,7335142,6,7707728,220,7221318,6691,7335127,7335142,Kadsura coccinea (Lem.) A.C.Sm.,Plantae,Tracheophyta,Austrobaileyales,Schisandraceae,Kadsura,SPECIES,ACCEPTED,NA,ASIA,Sagaing,none,Myanmar (Burma),2019,3,16,2019-03-16,75,75,NA,2025-04-07T15:14:20.000+00:00,2026-08-24T20:20:25.292+00:00,NA,http://creativecommons.org/publicdomain/zero/1.0/legalcode,FALSE,https://data.rbge.org.uk/herb/E01537098,none,none,0237598a-853a-492c-af74-a723fe251799,427c8cd7-4358-4a00-9ef3-2b2676d28d1e,FALSE,Edinburgh (E) Herbarium Specimens,"Armstrong, Kathleen Ellen, Nwe, Thet Yu, Kramer, Marshall, Linn, Wah Wah, Khaing, Myo, Myint, Thar, Pyae, Phoe La, Kyi, Aung, Nyo, Kyi, Myint, Han Sein & Nge, Maung",NA,HERBARIUM SHEET,none,Magnoliopsida,MM,none,none,ASIA,Myanmar,EUROPE,NA,https://data.rbge.org.uk/herb/E01537098,4451,Growing in primary forest.,https://scientific-collections.gbif.org/institution/0237598a-853a-492c-af74-a723fe251799,445,NA,"Htamanthi Wildlife Sanctuary. Nam Phi Lin stream, camp 1",NA,NA,5106375564,NA,E,https://data.rbge.org.uk/herb/E01537098,PhysicalObject,NA,E01537098,RBGE,NA,NA,NA,https://scientific-collections.gbif.org/collection/427c8cd7-4358-4a00-9ef3-2b2676d28d1e,Kadsura coccinea (Lem.) A.C.Sm.,NA,NA,NA,NA,NA,7335142,Kadsura coccinea,Kadsura,coccinea,NA,NA,NA,NA,NA,ICBN,NA,NA,NA,NA,NA,NA,E,NA,NA,NA,NA,NA,NA,NA,NA,NA,NA,NA,NA,NA,NA,NA,NA,NA,NA,NA,NA,Hkamti,NA,NA,16th March 2019,NA,NA,NA,NA,NA,NA,NA,NA,NA,NA,NA,CC0,Royal Botanic Garden Edinburgh,1755244,NA,NA,NA,NA,NA,NA,https://iiif.rbge.org.uk/herb/iiif/E01537098/manifest,FALSE,not_image
HERB_0329,sample_images/HERB_0329.jpg,2515058815,Homalanthus novoguineensis (Warb.) K.Schum.,,15f819bd-6612-4447-854b-14d12ee1022d,396d5f30-dea9-11db-8ab4-b8a03c50a862,17abcf75-2f1e-46dd-bf75-a5b21dd02655,65eb93af-41b8-4917-a5fc-cfe2a45aa4bf,396d5f30-dea9-11db-8ab4-b8a03c50a862,NL,DWC_ARCHIVE,2026-06-29T11:53:09.940+00:00,2026-08-24T20:54:57.630+00:00,286,PRESERVED_SPECIMEN,PRESENT,3072633,6,7707728,220,1414,4691,3072604,3072633,Homalanthus novoguineensis (Warb.) K.Schum.,Plantae,Tracheophyta,Malpighiales,Euphorbiaceae,Homalanthus,SPECIES,ACCEPTED,NA,ASIA,Dili,NA,NA,2015,5,13,2015-05-13,133,133,NA,NA,2026-08-24T20:54:57.630+00:00,NA,http://creativecommons.org/publicdomain/zero/1.0/legalcode,FALSE,L.3978107@BRAHMS,none,none,0e919a55-08d3-4bd2-aec1-200858fafd92,0add23db-a8f7-4d15-95ad-4ed0c5c8a055,FALSE,NA,Cowie ID; Santana F,NA,NA,none,Magnoliopsida,TL,none,none,ASIA,Timor-Leste,EUROPE,Naturalis Biodiversity Center,L.3978107@BRAHMS,"Cowie, ID; Santana, F 13770",In evergreen forest; cleyey soil with outcropping volcanic rock (dacite).,https://ror.org/0566bfb96,286,NA,"Eastern slopes of Mt. Manucoco, Lulo.",NA,NA,2515058815,NA,Botany,https://data.biodiversitydata.nl/naturalis/specimen/L.3978107,NA,NA,L.3978107,NA,NA,NA,670.0 m,NA,Homalanthus novoguineensis (Warb.) K.Schum.,NA,NA,-8.27333,125.57861,NA,3072633,Homalanthus novoguineensis,Homalanthus,novoguineensis,NA,NA,NA,WGS84,NA,ICN,NA,NA,NA,NA,NA,NA,NA,NA,Plantae|Malpighiales|Euphorbiaceae,NA,LC,NA,NA,NA,NA,NA,NA,NA,NA,NA,NA,NA,NA,NA,true,NA,NA,NA,NA,NA,NA,NA,NA,NA,NA,NA,NA,NA,NA,NA,NA,NA,NA,NA,NA,NA,NA,NA,NA,NA,NA,https://medialib.naturalis.nl/file/id/L.3978107/format/large,FALSE,ok
HERB_0330,sample_images/HERB_0330.jpg,6367031345,Ardisia villosa Roxb.,"cdc,cdround,gass84,incomis,inmafu",cd6e21c8-9e8a-493a-8a76-fbf7862069e5,061b4f20-f241-11da-a328-b8a03c50a862,17abcf75-2f1e-46dd-bf75-a5b21dd02655,996e30f8-f762-11e1-a439-00145eb45e9a,061b4f20-f241-11da-a328-b8a03c50a862,GB,DWC_ARCHIVE,2026-08-24T12:51:18.333+00:00,2026-08-24T20:50:35.987+00:00,539,PRESERVED_SPECIMEN,PRESENT,7331183,6,7707728,220,1353,6674,3169458,7331183,Ardisia villosa Roxb.,Plantae,Tracheophyta,Ericales,Primulaceae,Ardisia,SPECIES,ACCEPTED,NA,ASIA,NA,NA,NA,2023,8,30,2023-08-30T00:00,242,242,NA,2026-06-03T12:08:57.767+00:00,2026-08-24T20:50:35.987+00:00,NA,http://creativecommons.org/licenses/by/4.0/legalcode,FALSE,K001993277,none,none,fa252605-26f6-426c-9892-94d071c2c77f,NA,FALSE,NA,"Yooprasert, S.; Tamura, M. N.; Fuse, S.; Takahashi, K.; Masuda, R.; Taothong, P.; Saengbuapuean, A.",NA,NA,none,Magnoliopsida,TH,none,none,ASIA,Thailand,EUROPE,NA,K001993277,SY 531,NA,NA,539,NA,"Phu Ruea, Phu Luang WS, Trail to Pha Taloen, Pha Chang Do to Pha Somdet.",NA,NA,6367031345,NA,Herbarium,http://specimens.kew.org/herbarium/K001993277,NA,NA,K001993277,K,NA,NA,NA,NA,Ardisia villosa Roxb.,NA,NA,17.280833,101.523889,NA,7331183,Ardisia villosa,Ardisia,villosa,NA,NA,NA,WGS84,NA,NA,NA,NA,NA,NA,NA,NA,NA,NA,Primulaceae,NA,NA,NA,NA,1510,NA,NA,NA,NA,NA,NA,NA,NA,NA,NA,NA,NA,NA,NA,NA,NA,NA,NA,NA,NA,NA,NA,NA,NA,NA,NA,NA,NA,NA,NA,NA,NA,NA,NA,NA,NA,NA,https://d2jcv3kl45hlgi.cloudfront.net/1f21e2d4c5cb4c330a5327889e8040a0.jpg,FALSE,ok
HERB_0331,sample_images/HERB_0331.jpg,5070350306,Nymphoides hastata (Dop) Kerr,,b5cdf794-8fa4-4a85-8b26-755d087bf531,2cd829bb-b713-433d-99cf-64bef11e5b3e,17abcf75-2f1e-46dd-bf75-a5b21dd02655,86c2834b-fcd6-418d-9b32-aca45110a0fe,2cd829bb-b713-433d-99cf-64bef11e5b3e,FR,EML,2026-08-13T15:27:43.858+00:00,2026-08-24T16:46:09.086+00:00,606,PRESERVED_SPECIMEN,PRESENT,5592309,6,7707728,220,414,2386,7785713,5592309,Nymphoides hastata (Dop) Kerr,Plantae,Tracheophyta,Asterales,Menyanthaceae,Nymphoides,SPECIES,ACCEPTED,NA,ASIA,stung tréng,none,NA,2023,10,20,2023-10-20,293,293,NA,2023-04-19T12:43:27.000+00:00,2026-08-24T16:46:09.086+00:00,NA,http://creativecommons.org/licenses/by/4.0/legalcode,FALSE,http://coldb.mnhn.fr/catalognumber/mnhn/p/p00917677,none,none,6a6ac6c5-1b8a-48db-91a2-f8661274ff80,bc3d39fd-a7d4-4763-b951-2bdeddd8a5d2,FALSE,NA,"Eang, S.|Legrand, R.",Hul,hb,none,Magnoliopsida,KH,none,none,ASIA,Cambodia,EUROPE,NA,http://coldb.mnhn.fr/catalognumber/mnhn/p/p00917677,NA,NA,http://grbio.org/institution/museum-national-dhistoire-naturelle,654,NA,NA,NA,NA,5070350306,NA,P,http://coldb.mnhn.fr/catalognumber/mnhn/p/p00917677,NA,NA,P00917677,MNHN,NA,NA,NA,NA,Nymphoides hastata (Dop) Kerr,NA,NA,NA,NA,NA,5592309,Nymphoides hastata,Nymphoides,hastata,NA,NA,NA,NA,NA,NA,NA,NA,NA,NA,NA,NA,NA,NA,NA,NA,NA,NA,NA,NA,NA,NA,NA,NA,NA,NA,NA,NA,NA,NA,NA,NA,"""Herbe de marais. Tige grêle, filiforme. Feuilles caulinaires flottantes, ovales en fer de lance ou profondément cordées, 2-3 x 1,5-2,5 cm, membraneuses, portant des points noirs glanduleux. Pétiole long de 10-20 cm, pubérulent, portant quelques points noirs glanduleux. Inflorescences axillaires, en fascicules. Fleurs blanc jaunâtre, 4-5mères, à pédicelles longs de 4-10 mm ; sépales 4, libres ; pétales 4, fimbriés sur les bords, étamines 4, insérées sur le tube de la corolle ; ovaire ovoïde, style court. Fruit : capsule indéhiscente, ovoïde, longue de 5-6 mm, surmonté du style persistant. Graines nombreuses, subglobuleuses""",SiemPang,NA,NA,NA,NA,NA,NA,NA,NA,NA,NA,NA,NA,NA,NA,NA,NA,NA,NA,NA,NA,NA,NA,NA,https://mediaphoto.mnhn.fr/media/1740656582918V2jiylikJLOAySWp,TRUE,error
HERB_0332,sample_images/HERB_0332.jpg,5895917567,Meliosma simplicifolia (Roxb.) Walp.,"cdc,cdround,colmafu,inmafu",902c8fe7-8f38-45b0-854e-c324fed36303,f5fc4e61-b7a0-414b-ab68-b41cb23e7fdc,NA,91d2f516-bdfa-458f-bad1-66717101b49f,f5fc4e61-b7a0-414b-ab68-b41cb23e7fdc,RU,EML,2026-08-21T18:06:57.852+00:00,2026-08-21T18:14:27.998+00:00,610,PRESERVED_SPECIMEN,PRESENT,7269667,6,7707728,220,400,2409,3033959,7269667,Meliosma simplicifolia (Roxb.) Walp.,Plantae,Tracheophyta,Proteales,Sabiaceae,Meliosma,SPECIES,ACCEPTED,NA,ASIA,NA,NA,South Asia|South Asia (Asia outside ex-Soviet states and Mongolia)|Vietnam,2024,3,18,2024-03-18,78,78,NA,2025-12-18T11:15:51.000+00:00,2026-08-21T18:14:27.998+00:00,https://plant.depo.msu.ru/open/public/item/MW1048784,http://creativecommons.org/licenses/by/4.0/legalcode,FALSE,MW1048784,none,none,df27e63f-82b2-464e-9286-a96163c961c9,acf523b0-8c81-4813-a85d-2361a8b487d4,FALSE,Moscow Digital Herbarium,Nguyen H.C.,NA,herbarium specimen,none,Magnoliopsida,VN,none,none,ASIA,Viet Nam,EUROPE,Moscow State University,MW1048784,NA,NA,http://grbio.org/institution/moscow-state-university,610,NA,NA,NA,NA,5895917567,en | ru,MW,MW1048784,Physical Object,in collection,MW1048784,Moscow State University,NA,use under CC-BY 4.0,NA,urn:lsid:biocol.org:col:15550,Meliosma simplicifolia (Roxb.) Walp.,NA,NA,21.757778,104.573889,https://rscf.ru/en/project/21-77-20042/,7269667,Meliosma simplicifolia,Meliosma,simplicifolia,Kollektor,urn:lsid:biocol.org:col:15550:01,common practice of herbarium collecting,WGS84,Meliosma simplicifolia (Roxb.) Walp.,"International Code of Nomenclature for algae, fungi, and plants",manual verification,WGS84,no label data,MW1048784,329908982,363090440,MSU,"Seregin A. P. (Ed.). 2026. Specimen MW1048784 from the collection ""Moscow University Herbarium"" // Depository of Live Systems (branch ""Plants""): Electronic resource. – Moscow State University, Moscow. – Available at: https://plant.depo.mitotech.ru/open/public/item/MW1048784 (indicate access date).",Plantae | Tracheophyta | Magnoliopsida | Proteales | Sabiaceae | Meliosmoideae | Meliosma,Meliosma,NA,NA,NA,NA,NA,NA,NA,NA,NA,NA,NA,NA,NA,NA,NA,NA,NA,NA,NA,NA,NA,NA,NA,NA,NA,NA,NA,NA,NA,NA,NA,NA,NA,NA,NA,NA,NA,NA,NA,NA,NA,https://plant.depo.msu.ru/open/public/item/MW1048784/img/0.jpg?gbif,FALSE,ok
HERB_0333,sample_images/HERB_0333.jpg,4945330796,Ventilago denticulata Willd.,"cdc,cdround,gass84,incomis,inmafu",cd6e21c8-9e8a-493a-8a76-fbf7862069e5,061b4f20-f241-11da-a328-b8a03c50a862,17abcf75-2f1e-46dd-bf75-a5b21dd02655,996e30f8-f762-11e1-a439-00145eb45e9a,061b4f20-f241-11da-a328-b8a03c50a862,GB,DWC_ARCHIVE,2026-08-24T12:51:18.333+00:00,2026-08-24T20:51:43.454+00:00,539,PRESERVED_SPECIMEN,PRESENT,7273609,6,7707728,220,691,2407,7273602,7273609,Ventilago denticulata Willd.,Plantae,Tracheophyta,Rosales,Rhamnaceae,Ventilago,SPECIES,ACCEPTED,NA,ASIA,NA,NA,Hkamti District,2019,3,21,2019-03-21T00:00,80,80,NA,2025-12-23T16:18:30.913+00:00,2026-08-24T20:51:43.454+00:00,NA,http://creativecommons.org/licenses/by/4.0/legalcode,FALSE,K001928045,none,none,fa252605-26f6-426c-9892-94d071c2c77f,NA,TRUE,NA,"Armstrong, K.; Thet, Y.N.; Kramer, M.; Wah, W.L.; Myo, K.; Thar, M.; Phoe, L.P.; Aung, K.; Kyee, N.; Han, S.M.; Maung, N.; Myint, O.",NA,NA,none,Magnoliopsida,MM,none,none,ASIA,Myanmar,EUROPE,NA,K001928045,4572,NA,NA,539,NA,"Na Phi Lin stream, camp 1",NA,NA,4945330796,NA,Herbarium,http://specimens.kew.org/herbarium/K001928045,NA,NA,K001928045,K,NA,NA,NA,NA,Ventilago denticulata Willd.,NA,NA,25.689417,95.536889,NA,7273609,Ventilago denticulata,Ventilago,denticulata,NA,NA,NA,WGS84,NA,NA,NA,NA,NA,NA,NA,NA,NA,NA,Rhamnaceae,NA,NA,NA,NA,154,NA,NA,NA,NA,NA,NA,NA,Hkamti District,NA,NA,NA,NA,NA,NA,NA,NA,NA,NA,NA,NA,NA,NA,NA,NA,NA,NA,NA,NA,NA,NA,NA,NA,NA,NA,NA,NA,NA,https://d2jcv3kl45hlgi.cloudfront.net/25e0510d8a1f19b6be6921fcd9b67a88.jpg,FALSE,ok
HERB_0334,sample_images/HERB_0334.jpg,4459009824,Terminalia citrina (Gaertn.) Roxb. ex Fleming,,15f819bd-6612-4447-854b-14d12ee1022d,396d5f30-dea9-11db-8ab4-b8a03c50a862,17abcf75-2f1e-46dd-bf75-a5b21dd02655,65eb93af-41b8-4917-a5fc-cfe2a45aa4bf,396d5f30-dea9-11db-8ab4-b8a03c50a862,NL,DWC_ARCHIVE,2026-06-29T11:53:09.940+00:00,2026-08-24T20:54:42.944+00:00,286,PRESERVED_SPECIMEN,PRESENT,3698427,6,7707728,220,690,2431,3189387,3698427,Terminalia citrina (Gaertn.) Roxb. ex Fleming,Plantae,Tracheophyta,Myrtales,Combretaceae,Terminalia,SPECIES,ACCEPTED,2020-03-16T00:00:00,ASIA,NA,NA,NA,2020,3,4,2020-03-04,64,64,NA,NA,2026-08-24T20:54:42.944+00:00,NA,http://creativecommons.org/publicdomain/zero/1.0/legalcode,FALSE,L.4482924@BRAHMS,none,none,0e919a55-08d3-4bd2-aec1-200858fafd92,0add23db-a8f7-4d15-95ad-4ed0c5c8a055,TRUE,NA,Niisalo MA; et al.,Leong P,NA,none,Magnoliopsida,SG,none,none,ASIA,Singapore,EUROPE,Naturalis Biodiversity Center,L.4482924@BRAHMS,"Niisalo, MA; et al. 2020- 204",NA,https://ror.org/0566bfb96,286,NA,"Bkt. Timah NR, Tiup-Tiup path.",NA,NA,4459009824,NA,Botany,https://data.biodiversitydata.nl/naturalis/specimen/L.4482924,NA,NA,L.4482924,NA,NA,NA,37.0 m,NA,Terminalia citrina (Gaertn.) Roxb. ex Fleming,NA,NA,1.35472,103.77833,NA,3698427,Terminalia citrina,Terminalia,citrina,NA,NA,NA,WGS84,NA,ICN,NA,NA,NA,NA,NA,NA,NA,NA,Plantae|Myrtales|Combretaceae,NA,LC,NA,NA,NA,NA,NA,NA,NA,NA,NA,NA,NA,NA,NA,true,2749.7172229035173,NA,NA,NA,NA,NA,NA,NA,NA,NA,NA,NA,NA,NA,NA,NA,NA,NA,NA,NA,NA,NA,NA,NA,NA,NA,https://medialib.naturalis.nl/file/id/L.4482924/format/large,FALSE,ok
HERB_0335,sample_images/HERB_0335.jpg,5060841456,Polyspora singaporeana (Wall. ex Ridl.) Niissalo & L.M.Choo,"cdc,cdround,gass84,incomis,inmafu",cd6e21c8-9e8a-493a-8a76-fbf7862069e5,061b4f20-f241-11da-a328-b8a03c50a862,17abcf75-2f1e-46dd-bf75-a5b21dd02655,996e30f8-f762-11e1-a439-00145eb45e9a,061b4f20-f241-11da-a328-b8a03c50a862,GB,DWC_ARCHIVE,2026-08-24T12:51:18.333+00:00,2026-08-24T20:50:19.196+00:00,539,PRESERVED_SPECIMEN,PRESENT,11220048,6,7707728,220,1353,3189597,8068073,11220048,Polyspora singaporeana (Wall. ex Ridl.) Niissalo & L.M.Choo,Plantae,Tracheophyta,Ericales,Theaceae,Polyspora,SPECIES,ACCEPTED,NA,ASIA,NA,NA,NA,2020,1,22,2020-01-22T00:00,22,22,NA,2025-12-21T03:47:27.683+00:00,2026-08-24T20:50:19.196+00:00,NA,http://creativecommons.org/licenses/by/4.0/legalcode,FALSE,K006420760,none,none,fa252605-26f6-426c-9892-94d071c2c77f,NA,FALSE,NA,"Niissalo, M.A.; Lim, W.H.; Choo, L.M.; Teo, L.; Yap; Hean, E.; et al.",NA,NA,none,Magnoliopsida,SG,none,none,ASIA,Singapore,EUROPE,NA,K006420760,SING2020-030,NA,NA,539,NA,"Bkt. Timah NR, BTT 6667. Catchment Pond, at the edge of the swamp forest, in primary forest",NA,NA,5060841456,NA,Herbarium,http://specimens.kew.org/herbarium/K006420760,NA,NA,K006420760,K,NA,NA,NA,NA,Polyspora singaporeana (Wall. ex Ridl.) Niissalo & L.M.Choo,NA,NA,1.356111,103.781389,NA,11220048,Polyspora singaporeana,Polyspora,singaporeana,NA,NA,NA,WGS84,NA,NA,NA,NA,NA,NA,NA,NA,NA,NA,Theaceae,NA,VU,NA,NA,59,NA,NA,NA,NA,NA,NA,NA,NA,NA,NA,NA,2377.4248252668817,NA,NA,NA,NA,NA,NA,NA,NA,NA,NA,NA,NA,NA,NA,NA,NA,NA,NA,NA,NA,NA,NA,NA,NA,NA,https://d2jcv3kl45hlgi.cloudfront.net/9a560f383a1dd7a07799db707720249c.jpg,FALSE,ok
HERB_0336,sample_images/HERB_0336.jpg,3461926309,Capsicum annuum var. annuum,,b5cdf794-8fa4-4a85-8b26-755d087bf531,2cd829bb-b713-433d-99cf-64bef11e5b3e,17abcf75-2f1e-46dd-bf75-a5b21dd02655,86c2834b-fcd6-418d-9b32-aca45110a0fe,2cd829bb-b713-433d-99cf-64bef11e5b3e,FR,EML,2026-08-13T15:27:43.858+00:00,2026-08-24T16:46:31.614+00:00,606,PRESERVED_SPECIMEN,PRESENT,7258980,6,7707728,220,1176,7717,2932937,7258980,Capsicum annuum var. annuum,Plantae,Tracheophyta,Solanales,Solanaceae,Capsicum,VARIETY,ACCEPTED,NA,ASIA,siem réap,none,NA,2021,1,8,2021-01-08,8,8,NA,1997-01-21T11:33:40.000+00:00,2026-08-24T16:46:31.614+00:00,NA,http://creativecommons.org/licenses/by/4.0/legalcode,FALSE,http://coldb.mnhn.fr/catalognumber/mnhn/p/p01190827,none,none,6a6ac6c5-1b8a-48db-91a2-f8661274ff80,bc3d39fd-a7d4-4763-b951-2bdeddd8a5d2,FALSE,NA,"Hul, S.|Peou, Y.|Ratanak, V.",Aguilar-Meléndez,hb,none,Magnoliopsida,KH,none,none,ASIA,Cambodia,EUROPE,NA,http://coldb.mnhn.fr/catalognumber/mnhn/p/p01190827,NA,NA,http://grbio.org/institution/museum-national-dhistoire-naturelle,654,NA,NA,7218,Sangkat Slorkram,3461926309,NA,P,http://coldb.mnhn.fr/catalognumber/mnhn/p/p01190827,NA,NA,P01190827,MNHN,NA,NA,NA,NA,Capsicum annuum var. annuum,NA,NA,NA,NA,NA,2932944,Capsicum annuum,Capsicum,annuum,NA,NA,NA,NA,NA,NA,NA,NA,NA,NA,NA,NA,NA,NA,NA,NA,NA,NA,NA,NA,NA,NA,NA,NA,NA,NA,NA,NA,annuum,NA,NA,NA,"Arbrisseau, de 0,5-1 m de haut. Feuilles simples, alternes, acuminées au somet. Inflorescences pauciflores à uniflores , fleurs pentamères. Fruits : baies globuleuses, ovoïdes ou coniques. Graines nombreuses, discoïdes. Espèce originaire d'Amérique centrale et d'Amérique du Sud, actuellement cultivée partout comme plante alimentaire, condimentaire",Phum Daun Pa,NA,NA,NA,NA,NA,NA,NA,NA,NA,NA,NA,NA,NA,NA,NA,NA,NA,NA,NA,NA,NA,NA,NA,https://mediaphoto.mnhn.fr/media/1648795042654PdkLCxMxjBotR8m6,TRUE,error
HERB_0337,sample_images/HERB_0337.jpg,4979412550,Palaquium beccarianum (Pierre) P.Royen,cdc,bf2a4bf0-5f31-11de-b67e-b8a03c50a862,98e934b0-5f31-11de-b67e-b8a03c50a862,"8e30b684-6a54-4aba-aa73-66201c2c736e,17abcf75-2f1e-46dd-bf75-a5b21dd02655",f6fe707e-cced-4efc-b5dc-be4c91b8180a,98e934b0-5f31-11de-b67e-b8a03c50a862,GB,DWC_ARCHIVE,2026-08-13T16:38:58.088+00:00,2026-08-24T20:20:40.380+00:00,445,PRESERVED_SPECIMEN,PRESENT,2886716,6,7707728,220,1353,8802,2886411,2886716,Palaquium beccarianum (Pierre) P.Royen,Plantae,Tracheophyta,Ericales,Sapotaceae,Palaquium,SPECIES,ACCEPTED,NA,ASIA,Sarawak,NA,Malay Islands,2024,2,21,2024-02-21,52,52,NA,2026-03-09T11:46:35.000+00:00,2026-08-24T20:20:40.380+00:00,NA,http://creativecommons.org/publicdomain/zero/1.0/legalcode,FALSE,https://data.rbge.org.uk/herb/E01494556,none,none,0237598a-853a-492c-af74-a723fe251799,427c8cd7-4358-4a00-9ef3-2b2676d28d1e,FALSE,Edinburgh (E) Herbarium Specimens,"Wilkie, Peter, Sundue, Michael, Barber, Sadie, Jawa, Rantai & Angkabau, Johnny",NA,HERBARIUM SHEET|Silica-dried,none,Magnoliopsida,MY,none,none,ASIA,Malaysia,EUROPE,NA,https://data.rbge.org.uk/herb/E01494556,S.110601,Lowland mixed dipterocarp forest,https://scientific-collections.gbif.org/institution/0237598a-853a-492c-af74-a723fe251799,445,NA,"Niah National Park, 200m from jetty along concrete path to cave",NA,NA,4979412550,NA,E,https://data.rbge.org.uk/herb/E01494556,PhysicalObject,NA,E01494556,RBGE,NA,NA,NA,https://scientific-collections.gbif.org/collection/427c8cd7-4358-4a00-9ef3-2b2676d28d1e,Palaquium beccarianum (Pierre) P.Royen,NA,NA,3.822053,113.764342,NA,2886716,Palaquium beccarianum,Palaquium,beccarianum,NA,NA,NA,WGS84,NA,ICBN,NA,NA,NA,NA,NA,NA,E,NA,NA,NA,LC,NA,NA,NA,NA,NA,NA,NA,NA,NA,NA,NA,NA,NA,NA,NA,NA,NA,NA,NA,21st February 2024,NA,NA,NA,NA,NA,NA,NA,NA,NA,NA,NA,CC0,Royal Botanic Garden Edinburgh,1571714,NA,NA,NA,NA,NA,NA,https://iiif.rbge.org.uk/herb/iiif/E01494556/manifest,FALSE,not_image
HERB_0338,sample_images/HERB_0338.jpg,4519435766,Cnestis palala (Lour.) Merr.,"incomis,inmafu",cd6e21c8-9e8a-493a-8a76-fbf7862069e5,061b4f20-f241-11da-a328-b8a03c50a862,17abcf75-2f1e-46dd-bf75-a5b21dd02655,996e30f8-f762-11e1-a439-00145eb45e9a,061b4f20-f241-11da-a328-b8a03c50a862,GB,DWC_ARCHIVE,2026-08-24T12:51:18.333+00:00,2026-08-24T20:49:50.942+00:00,539,PRESERVED_SPECIMEN,PRESENT,7326564,6,7707728,220,7224021,6669,7326563,7326564,Cnestis palala (Lour.) Merr.,Plantae,Tracheophyta,Oxalidales,Connaraceae,Cnestis,SPECIES,ACCEPTED,NA,ASIA,NA,none,NA,2021,3,17,2021-03-17T00:00,76,76,NA,2025-11-09T07:07:33.707+00:00,2026-08-24T20:49:50.942+00:00,NA,http://creativecommons.org/licenses/by/4.0/legalcode,FALSE,K001561499,none,none,fa252605-26f6-426c-9892-94d071c2c77f,NA,FALSE,NA,"Leong-Skornickova, J.; Niissalo, M.A.; Lim, Q.S.",NA,NA,none,Magnoliopsida,SG,none,none,ASIA,Singapore,EUROPE,NA,K001561499,SING 2021-067,NA,NA,539,NA,NA,NA,NA,4519435766,NA,Herbarium,http://specimens.kew.org/herbarium/K001561499,NA,NA,K001561499,K,NA,NA,NA,NA,Cnestis palala (Lour.) Merr.,NA,NA,NA,NA,NA,7326564,Cnestis palala,Cnestis,palala,NA,NA,NA,NA,NA,NA,NA,NA,NA,NA,NA,NA,NA,NA,Connaraceae,NA,LC,NA,NA,NA,NA,NA,NA,NA,NA,NA,NA,NA,NA,NA,NA,NA,NA,NA,NA,NA,NA,NA,NA,NA,NA,NA,NA,NA,NA,NA,NA,NA,NA,NA,NA,NA,NA,NA,NA,NA,NA,https://d2jcv3kl45hlgi.cloudfront.net/4032bb398ecad7a7234950c784636a73.jpg,FALSE,ok
HERB_0339,sample_images/HERB_0339.jpg,4938754986,Strombosia ceylanica Gardner,"cdc,cdround,gass84,incomis,inmafu",cd6e21c8-9e8a-493a-8a76-fbf7862069e5,061b4f20-f241-11da-a328-b8a03c50a862,17abcf75-2f1e-46dd-bf75-a5b21dd02655,996e30f8-f762-11e1-a439-00145eb45e9a,061b4f20-f241-11da-a328-b8a03c50a862,GB,DWC_ARCHIVE,2026-08-24T12:51:18.333+00:00,2026-08-24T20:50:07.678+00:00,539,PRESERVED_SPECIMEN,PRESENT,3685749,6,7707728,220,934,4940327,7326448,3685749,Strombosia ceylanica Gardner,Plantae,Tracheophyta,Santalales,Strombosiaceae,Strombosia,SPECIES,ACCEPTED,NA,ASIA,NA,NA,NA,2019,11,9,2019-11-09T00:00,313,313,NA,2026-01-25T18:17:20.613+00:00,2026-08-24T20:50:07.678+00:00,NA,http://creativecommons.org/licenses/by/4.0/legalcode,FALSE,K001893885,none,none,fa252605-26f6-426c-9892-94d071c2c77f,NA,FALSE,NA,"Lim, W.H.; Bazilah, I.; Watu, A.; Janagrun, E.; Azlan, P.; Clayton, J.",G. Flanagan,NA,none,Magnoliopsida,BN,none,none,ASIA,Brunei Darussalam,EUROPE,NA,K001893885,LWH 99,NA,NA,539,NA,"Rambia, Ulu Sg. Kiapat, Across the bank from the campsite.",NA,NA,4938754986,NA,Herbarium,http://specimens.kew.org/herbarium/K001893885,NA,NA,K001893885,K,NA,NA,NA,NA,Strombosia ceylanica Gardner,NA,NA,4.545278,114.749444,NA,3685749,Strombosia ceylanica,Strombosia,ceylanica,NA,NA,NA,WGS84,NA,NA,NA,NA,NA,NA,NA,NA,NA,NA,Olacaceae,NA,LC,NA,NA,NA,NA,NA,NA,NA,NA,NA,NA,NA,NA,NA,NA,NA,NA,NA,NA,NA,NA,NA,NA,NA,NA,NA,NA,NA,NA,NA,NA,NA,NA,NA,NA,NA,NA,NA,NA,NA,NA,https://d2jcv3kl45hlgi.cloudfront.net/4a504942291724182061f58cf73c7691.jpg,FALSE,ok
HERB_0340,sample_images/HERB_0340.jpg,4947575239,Ziziphus rubiginosa D.G.Long & Rae,"cdc,cdround,gass84,incomis,inmafu",cd6e21c8-9e8a-493a-8a76-fbf7862069e5,061b4f20-f241-11da-a328-b8a03c50a862,17abcf75-2f1e-46dd-bf75-a5b21dd02655,996e30f8-f762-11e1-a439-00145eb45e9a,061b4f20-f241-11da-a328-b8a03c50a862,GB,DWC_ARCHIVE,2026-08-24T12:51:18.333+00:00,2026-08-24T20:51:45.551+00:00,539,PRESERVED_SPECIMEN,PRESENT,3874911,6,7707728,220,691,2407,3039411,3874911,Ziziphus rubiginosa D.G.Long & Rae,Plantae,Tracheophyta,Rosales,Rhamnaceae,Ziziphus,SPECIES,ACCEPTED,NA,ASIA,NA,NA,Hkamti District,2019,3,15,2019-03-15T00:00,74,74,NA,2025-12-23T16:18:30.913+00:00,2026-08-24T20:51:45.551+00:00,NA,http://creativecommons.org/licenses/by/4.0/legalcode,FALSE,K001928061,none,none,fa252605-26f6-426c-9892-94d071c2c77f,NA,TRUE,NA,"Armstrong, K.; Thet, Y.N.; Kramer, M.; Wah, W.L.; Myo, K.; Thar, M.; Phoe, L.P.; Aung, K.; Kyee, N.; Han, S.M.; Maung, N.; Myint, O.",NA,NA,none,Magnoliopsida,MM,none,none,ASIA,Myanmar,EUROPE,NA,K001928061,4444,NA,NA,539,NA,Nam Phi,NA,NA,4947575239,NA,Herbarium,http://specimens.kew.org/herbarium/K001928061,NA,NA,K001928061,K,NA,NA,NA,NA,Ziziphus rubiginosa D.G.Long & Rae,NA,NA,25.714333,95.490472,NA,3874911,Ziziphus rubiginosa,Ziziphus,rubiginosa,NA,NA,NA,WGS84,NA,NA,NA,NA,NA,NA,NA,NA,NA,NA,Rhamnaceae,NA,NA,NA,NA,139,NA,NA,NA,NA,NA,NA,NA,Hkamti District,NA,NA,NA,NA,NA,NA,NA,NA,NA,NA,NA,NA,NA,NA,NA,NA,NA,NA,NA,NA,NA,NA,NA,NA,NA,NA,NA,NA,NA,https://d2jcv3kl45hlgi.cloudfront.net/57694df663dd1a0ed7a9724c6d86efc2.jpg,FALSE,ok
HERB_0341,sample_images/HERB_0341.jpg,2430565386,Sterculia lanceolata var. coccinea (Jack) Phengklai,,b5cdf794-8fa4-4a85-8b26-755d087bf531,2cd829bb-b713-433d-99cf-64bef11e5b3e,17abcf75-2f1e-46dd-bf75-a5b21dd02655,86c2834b-fcd6-418d-9b32-aca45110a0fe,2cd829bb-b713-433d-99cf-64bef11e5b3e,FR,EML,2026-08-13T15:27:43.858+00:00,2026-08-24T16:45:39.698+00:00,606,PRESERVED_SPECIMEN,PRESENT,7917997,6,7707728,220,941,6685,3152129,7917997,Sterculia lanceolata var. coccinea (Jack) Phengklai,Plantae,Tracheophyta,Malvales,Malvaceae,Sterculia,VARIETY,ACCEPTED,NA,ASIA,mondulkiri,none,NA,2019,2,1,2019-02-01,32,32,NA,2020-01-14T18:34:03.000+00:00,2026-08-24T16:45:39.698+00:00,NA,http://creativecommons.org/licenses/by/4.0/legalcode,FALSE,http://coldb.mnhn.fr/catalognumber/mnhn/p/p00915884,none,none,6a6ac6c5-1b8a-48db-91a2-f8661274ff80,bc3d39fd-a7d4-4763-b951-2bdeddd8a5d2,FALSE,NA,"Hul, S.|Eum, S.|Peou, Y.",Hul,hb,none,Magnoliopsida,KH,none,none,ASIA,Cambodia,EUROPE,NA,http://coldb.mnhn.fr/catalognumber/mnhn/p/p00915884,NA,NA,http://grbio.org/institution/museum-national-dhistoire-naturelle,654,NA,NA,7009,NA,2430565386,NA,P,http://coldb.mnhn.fr/catalognumber/mnhn/p/p00915884,NA,NA,P00915884,MNHN,NA,NA,NA,NA,Sterculia lanceolata var. coccinea (Jack) Phengklai,NA,NA,NA,NA,NA,6029583,Sterculia lanceolata,Sterculia,lanceolata,NA,NA,NA,NA,NA,NA,NA,NA,NA,NA,NA,NA,NA,NA,NA,NA,LC,NA,NA,NA,NA,NA,NA,NA,NA,NA,NA,NA,coccinea,NA,NA,NA,"""Arbuste de 4-5 m de haut. Feuilles oblongues ou elliptiques-oblongues. Fleurs unisexuées ; calice à 5 sépales, libres, pubescents sur les 2 surfaces""",kéo Seima,NA,NA,NA,NA,NA,NA,NA,NA,NA,NA,NA,NA,NA,NA,NA,NA,NA,NA,NA,NA,NA,NA,NA,https://mediaphoto.mnhn.fr/media/1579023243208deePcbT0tLkzdyA6,FALSE,error
HERB_0342,sample_images/HERB_0342.jpg,2430565461,Micromelum minutum (G.Forst.) Wight & Arn.,,b5cdf794-8fa4-4a85-8b26-755d087bf531,2cd829bb-b713-433d-99cf-64bef11e5b3e,17abcf75-2f1e-46dd-bf75-a5b21dd02655,86c2834b-fcd6-418d-9b32-aca45110a0fe,2cd829bb-b713-433d-99cf-64bef11e5b3e,FR,EML,2026-08-13T15:27:43.858+00:00,2026-08-24T16:45:41.839+00:00,606,PRESERVED_SPECIMEN,PRESENT,7269555,6,7707728,220,933,2396,3832255,7269555,Micromelum minutum (G.Forst.) Wight & Arn.,Plantae,Tracheophyta,Sapindales,Rutaceae,Micromelum,SPECIES,ACCEPTED,NA,ASIA,kompong chhnang,none,NA,2019,2,25,2019-02-25,56,56,NA,2020-01-14T18:34:18.000+00:00,2026-08-24T16:45:41.839+00:00,NA,http://creativecommons.org/licenses/by/4.0/legalcode,FALSE,http://coldb.mnhn.fr/catalognumber/mnhn/p/p00915943,none,none,6a6ac6c5-1b8a-48db-91a2-f8661274ff80,bc3d39fd-a7d4-4763-b951-2bdeddd8a5d2,FALSE,NA,"Hul, S.|Eum, S.|Peou, Y.",Hul,hb,none,Magnoliopsida,KH,none,none,ASIA,Cambodia,EUROPE,NA,http://coldb.mnhn.fr/catalognumber/mnhn/p/p00915943,NA,NA,http://grbio.org/institution/museum-national-dhistoire-naturelle,654,NA,NA,7069,NA,2430565461,NA,P,http://coldb.mnhn.fr/catalognumber/mnhn/p/p00915943,NA,NA,P00915943,MNHN,NA,NA,NA,NA,Micromelum minutum (G.Forst.) Wight & Arn.,NA,NA,NA,NA,NA,7269555,Micromelum minutum,Micromelum,minutum,NA,NA,NA,NA,NA,NA,NA,NA,NA,NA,NA,NA,NA,NA,NA,NA,LC,NA,NA,NA,NA,NA,NA,NA,NA,NA,NA,NA,NA,NA,NA,NA,"""Arbuste de 4 m de haut, rameaux pubescents à glabrescents. Feuilles composées, imparipennées ; folioles alternes. Inflorescences terminales, pubescentes, en panicules très denses, corymbiformes ; calice velu à 5 petites dents ; pétales 5, glabrescents ; étamines 10 ; disque cannelé ; ovaire ovoïde, velu. Fruit ellipsoïde, glabre""",Kompong Trâlach,"Ta Chés, Svay dak kav",NA,NA,NA,NA,NA,NA,NA,NA,NA,NA,NA,NA,NA,NA,NA,NA,NA,NA,NA,NA,NA,NA,https://mediaphoto.mnhn.fr/media/1579023258050d5vHzdSg2ZzGiaFG,TRUE,error
HERB_0343,sample_images/HERB_0343.jpg,4858967610,Pittosporopsis kerrii Craib,"cdc,cdround,gass84,incomis,inmafu",cd6e21c8-9e8a-493a-8a76-fbf7862069e5,061b4f20-f241-11da-a328-b8a03c50a862,17abcf75-2f1e-46dd-bf75-a5b21dd02655,996e30f8-f762-11e1-a439-00145eb45e9a,061b4f20-f241-11da-a328-b8a03c50a862,GB,DWC_ARCHIVE,2026-08-24T12:51:18.333+00:00,2026-08-24T20:50:00.971+00:00,539,PRESERVED_SPECIMEN,PRESENT,3597097,6,7707728,220,7561687,4898632,7314420,3597097,Pittosporopsis kerrii Craib,Plantae,Tracheophyta,Metteniusales,Metteniusaceae,Pittosporopsis,SPECIES,ACCEPTED,NA,ASIA,NA,NA,Mueang,2022,6,16,2022-06-16T00:00,167,167,NA,2026-07-21T11:56:09.117+00:00,2026-08-24T20:50:00.971+00:00,NA,http://creativecommons.org/licenses/by/4.0/legalcode,FALSE,K001930421,none,none,fa252605-26f6-426c-9892-94d071c2c77f,NA,FALSE,NA,"Yooprasert, S.; Poopath, M.; Sirimongkol, S.; Krachangyut, P.; Thaothawin, P.",NA,NA,none,Magnoliopsida,TH,none,none,ASIA,Thailand,EUROPE,NA,K001930421,SY 363,NA,NA,539,NA,Trail behind Wat Ban Song Khwae.,NA,NA,4858967610,NA,Herbarium,http://specimens.kew.org/herbarium/K001930421,NA,NA,K001930421,K,NA,NA,NA,NA,Pittosporopsis kerrii Craib,NA,NA,18.863611,100.631111,NA,3597097,Pittosporopsis kerrii,Pittosporopsis,kerrii,NA,NA,NA,WGS84,NA,NA,NA,NA,NA,NA,NA,NA,NA,NA,Icacinaceae,NA,LC,NA,NA,NA,NA,NA,NA,NA,NA,NA,NA,Mueang,NA,NA,NA,NA,NA,NA,NA,NA,16 June 2022,NA,NA,NA,NA,NA,NA,NA,NA,NA,NA,NA,NA,NA,NA,NA,NA,NA,NA,NA,NA,https://d2jcv3kl45hlgi.cloudfront.net/25028ed8e779c5d94222a450a75d8b7e.jpg,FALSE,ok
HERB_0344,sample_images/HERB_0344.jpg,3461920306,Ficus racemosa L.,,b5cdf794-8fa4-4a85-8b26-755d087bf531,2cd829bb-b713-433d-99cf-64bef11e5b3e,17abcf75-2f1e-46dd-bf75-a5b21dd02655,86c2834b-fcd6-418d-9b32-aca45110a0fe,2cd829bb-b713-433d-99cf-64bef11e5b3e,FR,EML,2026-08-13T15:27:43.858+00:00,2026-08-24T16:46:35.618+00:00,606,PRESERVED_SPECIMEN,PRESENT,5361904,6,7707728,220,691,6640,2984588,5361904,Ficus racemosa L.,Plantae,Tracheophyta,Rosales,Moraceae,Ficus,SPECIES,ACCEPTED,NA,ASIA,siem réap,none,NA,2021,1,7,2021-01-07,7,7,NA,2022-02-09T10:39:29.000+00:00,2026-08-24T16:46:35.618+00:00,NA,http://creativecommons.org/licenses/by/4.0/legalcode,FALSE,http://coldb.mnhn.fr/catalognumber/mnhn/p/p01190793,none,none,6a6ac6c5-1b8a-48db-91a2-f8661274ff80,bc3d39fd-a7d4-4763-b951-2bdeddd8a5d2,FALSE,NA,"Hul, S.|Peou, Y.|Ratanak, V.",Hul,hb,none,Magnoliopsida,KH,none,none,ASIA,Cambodia,EUROPE,NA,http://coldb.mnhn.fr/catalognumber/mnhn/p/p01190793,NA,NA,http://grbio.org/institution/museum-national-dhistoire-naturelle,654,NA,NA,7184,Sangkat Slorkram,3461920306,NA,P,http://coldb.mnhn.fr/catalognumber/mnhn/p/p01190793,NA,NA,P01190793,MNHN,NA,NA,NA,NA,Ficus racemosa L.,NA,NA,NA,NA,NA,5361904,Ficus racemosa,Ficus,racemosa,NA,NA,NA,NA,NA,NA,NA,NA,NA,NA,NA,NA,NA,NA,NA,NA,LC,NA,NA,NA,NA,NA,NA,NA,NA,NA,NA,NA,NA,NA,NA,NA,"Arbre pouvant atteindre 15-20 m de hauteur , latex blanc. Plante monoïques. Feuilles insérées en spirale, subdistiques , limbe oblong, coriace, acuminé au sommet , stipule long de 0,5 cm. Figues groupées le long des rameaux sans feuilles",Phum Daun Pa,NA,NA,NA,NA,NA,NA,NA,NA,NA,NA,NA,NA,NA,NA,NA,NA,NA,NA,NA,NA,NA,NA,NA,https://mediaphoto.mnhn.fr/media/1644399566611Dfym7dlzwDXXturB,FALSE,error
HERB_0345,sample_images/HERB_0345.jpg,4938759887,Callicarpa involucrata Merr.,"cdc,cdround,gass84,incomis,inmafu",cd6e21c8-9e8a-493a-8a76-fbf7862069e5,061b4f20-f241-11da-a328-b8a03c50a862,17abcf75-2f1e-46dd-bf75-a5b21dd02655,996e30f8-f762-11e1-a439-00145eb45e9a,061b4f20-f241-11da-a328-b8a03c50a862,GB,DWC_ARCHIVE,2026-08-24T12:51:18.333+00:00,2026-08-24T20:50:07.539+00:00,539,PRESERVED_SPECIMEN,PRESENT,5609626,6,7707728,220,408,2497,2925549,5609626,Callicarpa involucrata Merr.,Plantae,Tracheophyta,Lamiales,Lamiaceae,Callicarpa,SPECIES,ACCEPTED,NA,ASIA,NA,NA,NA,2019,11,10,2019-11-10T00:00,314,314,NA,2026-01-25T18:17:20.613+00:00,2026-08-24T20:50:07.539+00:00,NA,http://creativecommons.org/licenses/by/4.0/legalcode,FALSE,K001893907,none,none,fa252605-26f6-426c-9892-94d071c2c77f,NA,TRUE,NA,"Lim, W.H.; Bazilah, I.; Watu, A.; Janagrun, E.; Azlan, P.; Clayton, J.",NA,NA,none,Magnoliopsida,BN,none,none,ASIA,Brunei Darussalam,EUROPE,NA,K001893907,LWH 120,NA,NA,539,NA,"Rambai, Kpg Belabau",NA,NA,4938759887,NA,Herbarium,http://specimens.kew.org/herbarium/K001893907,NA,NA,K001893907,K,NA,NA,NA,NA,Callicarpa involucrata Merr.,NA,NA,4.474722,114.794444,NA,5609626,Callicarpa involucrata,Callicarpa,involucrata,NA,NA,NA,WGS84,NA,NA,NA,NA,NA,NA,NA,NA,NA,NA,Lamiaceae,NA,LC,NA,NA,NA,NA,NA,NA,NA,NA,NA,NA,NA,NA,NA,NA,NA,NA,NA,NA,NA,NA,NA,NA,NA,NA,NA,NA,NA,NA,NA,NA,NA,NA,NA,NA,NA,NA,NA,NA,NA,NA,https://d2jcv3kl45hlgi.cloudfront.net/94354c5a0a088d1eeada157ecb61395a.jpg,FALSE,ok
HERB_0346,sample_images/HERB_0346.jpg,1622342614,Paraquilegia caespitosa (Boiss. & Hohen.) Drumm. & Hutch.,"cdc,cucdmis,cum",bf2a4bf0-5f31-11de-b67e-b8a03c50a862,98e934b0-5f31-11de-b67e-b8a03c50a862,"8e30b684-6a54-4aba-aa73-66201c2c736e,17abcf75-2f1e-46dd-bf75-a5b21dd02655",f6fe707e-cced-4efc-b5dc-be4c91b8180a,98e934b0-5f31-11de-b67e-b8a03c50a862,GB,DWC_ARCHIVE,2026-08-13T16:38:58.088+00:00,2026-08-24T20:20:57.508+00:00,445,PRESERVED_SPECIMEN,PRESENT,3930303,6,7707728,220,399,2410,7278147,3930303,Paraquilegia caespitosa (Boiss. & Hohen.) Drumm. & Hutch.,Plantae,Tracheophyta,Ranunculales,Ranunculaceae,Paraquilegia,SPECIES,ACCEPTED,NA,ASIA,NA,NA,Northern Asia,2017,5,15,2017-05-15,135,135,NA,2023-12-19T14:57:36.000+00:00,2026-08-24T20:20:57.508+00:00,NA,http://creativecommons.org/publicdomain/zero/1.0/legalcode,FALSE,https://data.rbge.org.uk/herb/E00844227,none,none,0237598a-853a-492c-af74-a723fe251799,427c8cd7-4358-4a00-9ef3-2b2676d28d1e,FALSE,Edinburgh (E) Herbarium Specimens,"RBGE Expedition with Kulob Bot Garden to Tajikistan (2017),",NA,HERBARIUM SHEET,none,Magnoliopsida,TL,none,none,ASIA,Timor-Leste,EUROPE,NA,https://data.rbge.org.uk/herb/E00844227,3,Growing in turf meadow by snow melt north facing in good loam;  Vegetation: Small meadow grasses,https://scientific-collections.gbif.org/institution/0237598a-853a-492c-af74-a723fe251799,445,NA,Tajikistan:Dorvoz:north of Kala-i-khum Sagirdasht pass 5km from top of pass towards Tavildara,NA,NA,1622342614,NA,E,https://data.rbge.org.uk/herb/E00844227,PhysicalObject,NA,E00844227,RBGE,NA,NA,3243m,https://scientific-collections.gbif.org/collection/427c8cd7-4358-4a00-9ef3-2b2676d28d1e,Paraquilegia caespitosa (Boiss. & Hohen.) Drumm. & Hutch.,NA,NA,38.633333,70.702222,NA,3930303,Paraquilegia caespitosa,Paraquilegia,caespitosa,NA,NA,NA,WGS84,NA,ICBN,NA,NA,NA,NA,NA,NA,E,NA,NA,NA,NA,NA,NA,3243,0,NA,NA,NA,NA,NA,NA,NA,NA,NA,NA,NA,NA,NA,NA,NA,15th May 2017,NA,NA,NA,NA,NA,NA,NA,NA,NA,NA,NA,CC0,Royal Botanic Garden Edinburgh,853495,NA,NA,NA,NA,NA,NA,https://iiif.rbge.org.uk/herb/iiif/E00844227/manifest,FALSE,not_image
HERB_0347,sample_images/HERB_0347.jpg,2430565508,Psychotria adenophylla Wall.,,b5cdf794-8fa4-4a85-8b26-755d087bf531,2cd829bb-b713-433d-99cf-64bef11e5b3e,17abcf75-2f1e-46dd-bf75-a5b21dd02655,86c2834b-fcd6-418d-9b32-aca45110a0fe,2cd829bb-b713-433d-99cf-64bef11e5b3e,FR,EML,2026-08-13T15:27:43.858+00:00,2026-08-24T16:46:24.635+00:00,606,PRESERVED_SPECIMEN,PRESENT,2923698,6,7707728,220,412,8798,2919963,2923698,Psychotria adenophylla Wall.,Plantae,Tracheophyta,Gentianales,Rubiaceae,Psychotria,SPECIES,ACCEPTED,NA,ASIA,mondulkiri,none,NA,2019,2,3,2019-02-03,34,34,NA,2020-01-14T18:34:09.000+00:00,2026-08-24T16:46:24.635+00:00,NA,http://creativecommons.org/licenses/by/4.0/legalcode,FALSE,http://coldb.mnhn.fr/catalognumber/mnhn/p/p00915908,none,none,6a6ac6c5-1b8a-48db-91a2-f8661274ff80,bc3d39fd-a7d4-4763-b951-2bdeddd8a5d2,FALSE,NA,"Hul, S.|Eum, S.|Peou, Y.",Hul,hb,none,Magnoliopsida,KH,none,none,ASIA,Cambodia,EUROPE,NA,http://coldb.mnhn.fr/catalognumber/mnhn/p/p00915908,NA,NA,http://grbio.org/institution/museum-national-dhistoire-naturelle,654,NA,NA,7033,NA,2430565508,NA,P,http://coldb.mnhn.fr/catalognumber/mnhn/p/p00915908,NA,NA,P00915908,MNHN,NA,NA,NA,NA,Psychotria adenophylla Wall.,NA,NA,NA,NA,NA,2923698,Psychotria adenophylla,Psychotria,adenophylla,NA,NA,NA,NA,NA,NA,NA,NA,NA,NA,NA,NA,NA,NA,NA,NA,LC,NA,NA,NA,NA,NA,NA,NA,NA,NA,NA,NA,NA,NA,NA,NA,"Arbuste de 1-2 m. Feuilles elliptiques. Inflorescences terminales, en grappes de cymes. Fruits charnus : drupes violettes, carénées dorsalement",O Réaing,Sen Monorom,NA,NA,NA,NA,NA,NA,NA,NA,NA,NA,NA,NA,NA,NA,NA,NA,NA,NA,NA,NA,NA,NA,https://mediaphoto.mnhn.fr/media/1579023248432SWBpVNpKmDts3h5a,TRUE,error
HERB_0348,sample_images/HERB_0348.jpg,2430565428,Lepidagathis incurva Buch.-Ham. ex D.Don,,b5cdf794-8fa4-4a85-8b26-755d087bf531,2cd829bb-b713-433d-99cf-64bef11e5b3e,17abcf75-2f1e-46dd-bf75-a5b21dd02655,86c2834b-fcd6-418d-9b32-aca45110a0fe,2cd829bb-b713-433d-99cf-64bef11e5b3e,FR,EML,2026-08-13T15:27:43.858+00:00,2026-08-24T16:45:38.216+00:00,606,PRESERVED_SPECIMEN,PRESENT,7263961,6,7707728,220,408,2393,6360058,7263961,Lepidagathis incurva Buch.-Ham. ex D.Don,Plantae,Tracheophyta,Lamiales,Acanthaceae,Lepidagathis,SPECIES,ACCEPTED,NA,ASIA,mondulkiri,none,NA,2019,2,1,2019-02-01,32,32,NA,2020-01-14T18:34:02.000+00:00,2026-08-24T16:45:38.216+00:00,NA,http://creativecommons.org/licenses/by/4.0/legalcode,FALSE,http://coldb.mnhn.fr/catalognumber/mnhn/p/p00915880,none,none,6a6ac6c5-1b8a-48db-91a2-f8661274ff80,bc3d39fd-a7d4-4763-b951-2bdeddd8a5d2,FALSE,NA,"Hul, S.|Eum, S.|Peou, Y.",Hul,hb,none,Magnoliopsida,KH,none,none,ASIA,Cambodia,EUROPE,NA,http://coldb.mnhn.fr/catalognumber/mnhn/p/p00915880,NA,NA,http://grbio.org/institution/museum-national-dhistoire-naturelle,654,NA,NA,7006,NA,2430565428,NA,P,http://coldb.mnhn.fr/catalognumber/mnhn/p/p00915880,NA,NA,P00915880,MNHN,NA,NA,NA,NA,Lepidagathis incurva Buch.-Ham. ex D.Don,NA,NA,NA,NA,NA,7263961,Lepidagathis incurva,Lepidagathis,incurva,NA,NA,NA,NA,NA,NA,NA,NA,NA,NA,NA,NA,NA,NA,NA,NA,NA,NA,NA,NA,NA,NA,NA,NA,NA,NA,NA,NA,NA,NA,NA,NA,"Plante herbacée, de 0,5-1 m de haut. Feuilles ovales ou elliptiques. Inflorescences axillaires ou terminales, pubescentes, en épis. Fleurs blanches, soutenues par de longues bractées",kéo Seima,NA,NA,NA,NA,NA,NA,NA,NA,NA,NA,NA,NA,NA,NA,NA,NA,NA,NA,NA,NA,NA,NA,NA,https://mediaphoto.mnhn.fr/media/1579023242246K9ckQCsCbjHd0j9P,TRUE,error
HERB_0349,sample_images/HERB_0349.jpg,5833059134,Sambucus javanica Reinw. ex Blume,"cdc,inmafu",defb9a47-c1a7-4fb2-9a0b-2da7c5260cad,c4cbb860-e9c7-11da-8113-b8a03c50a862,"68e8e67a-43e6-44a3-8817-dc0e6b70f973,0479d6b2-a4f4-4307-8346-0b80e8c88c66",ac2ad091-91eb-482d-a73f-061744da5dbf,96710dc8-fecb-440d-ae3e-c34ae8a9616f,US,DWC_ARCHIVE,2026-08-22T14:49:41.590+00:00,2026-08-24T17:20:30.432+00:00,237,PRESERVED_SPECIMEN,PRESENT,3856236,6,7707728,220,946,4924416,2888721,3856236,Sambucus javanica Reinw. ex Blume,Plantae,Tracheophyta,Dipsacales,Viburnaceae,Sambucus,SPECIES,ACCEPTED,NA,ASIA,Bukidnon Province,NA,NA,2024,6,6,2024-06-06,158,158,NA,2026-02-13T16:57:19.000+00:00,2026-08-24T17:20:30.432+00:00,https://portal.torcherbaria.org/portal/collections/individual/index.php?occid=34055531,http://creativecommons.org/publicdomain/zero/1.0/legalcode,FALSE,34055531,none,none,a68aaf8c-9bfe-4bec-bab9-70cf5d6cde4a,5a7702f8-a46a-40a0-9eef-26d97ea45b5c,FALSE,NA,"Plants and Lichens of the Southern Philippines Survey; Peter W. Fritsch, Victor B. Amoroso, Fulgent P. Coritico, Darin S. Penneys, Maria Melanie M. Guiang, Vanessa Handley, Noel L. Lagunday, José Ignacio Márquez-Corro, Yvonne L. Cariño, April Joie D. Lagumbay, Noe P. Mendez, Joevina C. Nobleza, Pamela J. O",NA,Pressed herbarium specimen,none,Magnoliopsida,PH,none,none,ASIA,Philippines,NORTH_AMERICA,Botanical Research Institute of Texas,34055531,6684,"Growing on live bark in partial shade of forest. Tropical Lower Montane Rain Forest. Volcanic, mafic bedrock. Aspect: N-facing. No disturbance in area.",NA,237,NA,"Mindanao Island; Bukidnon Province; Municipality of Manolo Fortich; Barangay Dahilayan. N edge of Mt. Kitanglad Natural Park, trail from Dahilayan Indigenous People Eco Park & Resort to Sitio Kumakay.",NA,NA,5833059134,English,BRIT,7214eda6-09ce-4991-9b39-7b3c792f2c84,NA,NA,BRIT1149192,BRIT,"Occasional. Additional materials: Photos, DNA. Collections supported by U.S. National Science Foundation grants DEB-1754667 and DEB-1754697.; Shrub with spreading crown, ca. 4 m tall; fruit green turning orange, with longitudinal ribs.",NA,1430 m,fea81a47-2365-45cc-bef9-b6bbff7457e6,Sambucus javanica Reinw. ex Blume,NA,NA,8.18288,124.87252,NA,3856236,Sambucus javanica,Sambucus,javanica,NA,NA,NA,WGS84,NA,NA,NA,NA,NA,NA,NA,NA,NA,NA,NA,NA,LC,NA,NA,1430,NA,NA,NA,172712,NA,NA,NA,Barangay Dahilayan,NA,NA,NA,NA,NA,Municipality of Manolo Fortich,NA,NA,6-Jun-24,Mindanao,7214eda6-09ce-4991-9b39-7b3c792f2c84,http://creativecommons.org/publicdomain/zero/1.0/,NA,NA,NA,NA,abordelon,NA,NA,NA,NA,NA,NA,NA,NA,NA,NA,NA,NA,https://web.corral.tacc.utexas.edu/brit/BRIT/BRIT1149000/BRIT1149192.jpg,FALSE,error
HERB_0350,sample_images/HERB_0350.jpg,5106375565,Piper sylvaticum Roxb.,,bf2a4bf0-5f31-11de-b67e-b8a03c50a862,98e934b0-5f31-11de-b67e-b8a03c50a862,"8e30b684-6a54-4aba-aa73-66201c2c736e,17abcf75-2f1e-46dd-bf75-a5b21dd02655",f6fe707e-cced-4efc-b5dc-be4c91b8180a,98e934b0-5f31-11de-b67e-b8a03c50a862,GB,DWC_ARCHIVE,2026-08-13T16:38:58.088+00:00,2026-08-24T20:21:04.838+00:00,445,PRESERVED_SPECIMEN,PRESENT,4185269,6,7707728,220,404,6678,3075433,4185269,Piper sylvaticum Roxb.,Plantae,Tracheophyta,Piperales,Piperaceae,Piper,SPECIES,ACCEPTED,NA,ASIA,Sagaing,none,Myanmar (Burma),2019,3,21,2019-03-21,80,80,NA,2025-04-07T15:21:40.000+00:00,2026-08-24T20:21:04.838+00:00,NA,http://creativecommons.org/publicdomain/zero/1.0/legalcode,FALSE,https://data.rbge.org.uk/herb/E01537101,none,none,0237598a-853a-492c-af74-a723fe251799,427c8cd7-4358-4a00-9ef3-2b2676d28d1e,FALSE,Edinburgh (E) Herbarium Specimens,"Armstrong, Kathleen Ellen, Nwe, Thet Yu, Kramer, Marshall, Linn, Wah Wah, Khaing, Myo, Myint, Thar, Pyae, Phoe La, Kyi, Aung, Nyo, Kyi, Myint, Han Sein, Nge, Maung & Oo, Myint",NA,HERBARIUM SHEET,none,Magnoliopsida,MM,none,none,ASIA,Myanmar,EUROPE,NA,https://data.rbge.org.uk/herb/E01537101,4573,Growing in primary forest.,https://scientific-collections.gbif.org/institution/0237598a-853a-492c-af74-a723fe251799,445,NA,"Htamanthi Wildlife Sanctuary. Nam Phi Lin stream, camp 1",NA,NA,5106375565,NA,E,https://data.rbge.org.uk/herb/E01537101,PhysicalObject,NA,E01537101,RBGE,NA,NA,NA,https://scientific-collections.gbif.org/collection/427c8cd7-4358-4a00-9ef3-2b2676d28d1e,Piper sylvaticum Roxb.,NA,NA,NA,NA,NA,4185269,Piper sylvaticum,Piper,sylvaticum,NA,NA,NA,NA,NA,ICBN,NA,NA,NA,NA,NA,NA,E,NA,NA,NA,NA,NA,NA,NA,NA,NA,NA,NA,NA,NA,NA,NA,NA,NA,NA,NA,NA,Hkamti,NA,NA,21st March 2019,NA,NA,NA,NA,NA,NA,NA,NA,NA,NA,NA,CC0,Royal Botanic Garden Edinburgh,1752146,NA,NA,NA,NA,NA,NA,https://iiif.rbge.org.uk/herb/iiif/E01537101/manifest,FALSE,not_image
HERB_0351,sample_images/HERB_0351.jpg,3312498151,Clematis orientalis L.,"cdc,cucdmis,cum",bf2a4bf0-5f31-11de-b67e-b8a03c50a862,98e934b0-5f31-11de-b67e-b8a03c50a862,"8e30b684-6a54-4aba-aa73-66201c2c736e,17abcf75-2f1e-46dd-bf75-a5b21dd02655",f6fe707e-cced-4efc-b5dc-be4c91b8180a,98e934b0-5f31-11de-b67e-b8a03c50a862,GB,DWC_ARCHIVE,2026-08-13T16:38:58.088+00:00,2026-08-24T20:20:02.164+00:00,445,PRESERVED_SPECIMEN,PRESENT,3033532,6,7707728,220,399,2410,3033512,3033532,Clematis orientalis L.,Plantae,Tracheophyta,Ranunculales,Ranunculaceae,Clematis,SPECIES,ACCEPTED,NA,ASIA,NA,NA,Northern Asia,2018,8,13,2018-08-13,225,225,NA,2018-11-19T00:00:00.000+00:00,2026-08-24T20:20:02.164+00:00,NA,http://creativecommons.org/publicdomain/zero/1.0/legalcode,FALSE,https://data.rbge.org.uk/herb/E00898580,none,none,0237598a-853a-492c-af74-a723fe251799,427c8cd7-4358-4a00-9ef3-2b2676d28d1e,FALSE,Edinburgh (E) Herbarium Specimens,"Pamirs Expedition to Central Asia Tajikistan,",NA,HERBARIUM SHEET,none,Magnoliopsida,TL,none,none,ASIA,Timor-Leste,EUROPE,NA,https://data.rbge.org.uk/herb/E00898580,64,"Along small stream in grass, forming a low clump ;  Vegetation: Artemisia",https://scientific-collections.gbif.org/institution/0237598a-853a-492c-af74-a723fe251799,445,NA,"Tajikistan:Gorno Badakshan:35 km west of Murgab, along the Murgab river valley",NA,NA,3312498151,NA,E,https://data.rbge.org.uk/herb/E00898580,PhysicalObject,NA,E00898580,RBGE,NA,NA,3541m,https://scientific-collections.gbif.org/collection/427c8cd7-4358-4a00-9ef3-2b2676d28d1e,Clematis orientalis L.,NA,NA,38.157222,74.604722,NA,3033532,Clematis orientalis,Clematis,orientalis,NA,NA,NA,WGS84,NA,ICBN,NA,NA,NA,NA,NA,NA,E,NA,NA,NA,NA,NA,NA,3541,0,NA,NA,NA,NA,NA,NA,NA,NA,NA,NA,NA,NA,NA,NA,NA,13th August 2018,NA,NA,NA,NA,NA,NA,NA,NA,NA,NA,NA,CC0,Royal Botanic Garden Edinburgh,927453,NA,NA,NA,NA,NA,NA,https://iiif.rbge.org.uk/herb/iiif/E00898580/manifest,FALSE,not_image
HERB_0352,sample_images/HERB_0352.jpg,4979413244,Begonia chlorosticta Sands,"cdc,txmatfuz",bf2a4bf0-5f31-11de-b67e-b8a03c50a862,98e934b0-5f31-11de-b67e-b8a03c50a862,"8e30b684-6a54-4aba-aa73-66201c2c736e,17abcf75-2f1e-46dd-bf75-a5b21dd02655",f6fe707e-cced-4efc-b5dc-be4c91b8180a,98e934b0-5f31-11de-b67e-b8a03c50a862,GB,DWC_ARCHIVE,2026-08-13T16:38:58.088+00:00,2026-08-24T20:20:29.253+00:00,445,PRESERVED_SPECIMEN,PRESENT,4159103,6,7707728,220,7224005,6638,2874710,4159103,Begonia chlorosticta Sands,Plantae,Tracheophyta,Cucurbitales,Begoniaceae,Begonia,SPECIES,ACCEPTED,NA,ASIA,Sarawak,NA,Malay Islands,2024,3,3,2024-03-03,63,63,NA,2026-02-02T12:22:58.000+00:00,2026-08-24T20:20:29.253+00:00,NA,http://creativecommons.org/publicdomain/zero/1.0/legalcode,FALSE,https://data.rbge.org.uk/herb/E01494527,none,none,0237598a-853a-492c-af74-a723fe251799,427c8cd7-4358-4a00-9ef3-2b2676d28d1e,FALSE,Edinburgh (E) Herbarium Specimens,"Wilkie, Peter, Sundue, Michael, Barber, Sadie, Chea Yiing, Ling, Jawa, Rantai & Angkabau, Johnny",NA,HERBARIUM SHEET|Silica-dried,none,Magnoliopsida,MY,none,none,ASIA,Malaysia,EUROPE,NA,https://data.rbge.org.uk/herb/E01494527,S.110697,On boulder in fast flowing stream,https://scientific-collections.gbif.org/institution/0237598a-853a-492c-af74-a723fe251799,445,NA,"Tunoh, path towards Sungai Mabong",NA,NA,4979413244,NA,E,https://data.rbge.org.uk/herb/E01494527,PhysicalObject,NA,E01494527,RBGE,NA,NA,NA,https://scientific-collections.gbif.org/collection/427c8cd7-4358-4a00-9ef3-2b2676d28d1e,Begonia chlorosticta Sands,NA,NA,2.064787,113.67534,NA,4159103,Begonia chlorosticta,Begonia,chlorosticta,NA,NA,NA,WGS84,NA,ICBN,NA,NA,NA,NA,NA,NA,E,NA,NA,NA,NA,NA,NA,NA,NA,NA,NA,NA,NA,NA,NA,NA,NA,NA,NA,NA,NA,NA,NA,NA,3rd March 2024,NA,NA,NA,NA,NA,NA,NA,NA,NA,NA,NA,CC0,Royal Botanic Garden Edinburgh,1571845,NA,NA,NA,NA,NA,NA,https://iiif.rbge.org.uk/herb/iiif/E01494527/manifest,FALSE,not_image
HERB_0353,sample_images/HERB_0353.jpg,4929025335,Gardenia beamanii Y.W.Low,"cdc,cdround,gass84,incomis,inmafu",cd6e21c8-9e8a-493a-8a76-fbf7862069e5,061b4f20-f241-11da-a328-b8a03c50a862,17abcf75-2f1e-46dd-bf75-a5b21dd02655,996e30f8-f762-11e1-a439-00145eb45e9a,061b4f20-f241-11da-a328-b8a03c50a862,GB,DWC_ARCHIVE,2026-08-24T12:51:18.333+00:00,2026-08-24T20:50:13.418+00:00,539,PRESERVED_SPECIMEN,PRESENT,5597151,6,7707728,220,412,8798,2894320,5597151,Gardenia beamanii Y.W.Low,Plantae,Tracheophyta,Gentianales,Rubiaceae,Gardenia,SPECIES,ACCEPTED,NA,ASIA,NA,NA,Liang,2019,11,13,2019-11-13T00:00,317,317,NA,2026-01-25T18:17:20.613+00:00,2026-08-24T20:50:13.418+00:00,NA,http://creativecommons.org/licenses/by/4.0/legalcode,FALSE,K001935690,none,none,fa252605-26f6-426c-9892-94d071c2c77f,NA,TRUE,NA,"Lim, W.H.; Bazilah, I.; Azlan, P.; Clayton, J.",NA,NA,none,Magnoliopsida,BN,none,none,ASIA,Brunei Darussalam,EUROPE,NA,K001935690,LWH 135,NA,NA,539,NA,NA,NA,NA,4929025335,NA,Herbarium,http://specimens.kew.org/herbarium/K001935690,NA,NA,K001935690,K,NA,NA,NA,NA,Gardenia beamanii Y.W.Low,NA,NA,4.650278,114.516111,NA,5597151,Gardenia beamanii,Gardenia,beamanii,NA,NA,NA,WGS84,NA,NA,NA,NA,NA,NA,NA,NA,NA,NA,Rubiaceae,NA,EN,NA,NA,NA,NA,NA,NA,NA,NA,NA,NA,Liang,NA,NA,NA,NA,NA,NA,NA,NA,NA,NA,NA,NA,NA,NA,NA,NA,NA,NA,NA,NA,NA,NA,NA,NA,NA,NA,NA,NA,NA,https://d2jcv3kl45hlgi.cloudfront.net/1f3ee9e27f813902c2e478e9ba95cfc9.jpg,FALSE,ok
HERB_0354,sample_images/HERB_0354.jpg,6367019301,Salomonia cantoniensis Lour.,"cdc,cdround,gass84,incomis,inmafu",cd6e21c8-9e8a-493a-8a76-fbf7862069e5,061b4f20-f241-11da-a328-b8a03c50a862,17abcf75-2f1e-46dd-bf75-a5b21dd02655,996e30f8-f762-11e1-a439-00145eb45e9a,061b4f20-f241-11da-a328-b8a03c50a862,GB,DWC_ARCHIVE,2026-08-24T12:51:18.333+00:00,2026-08-24T20:52:06.157+00:00,539,PRESERVED_SPECIMEN,PRESENT,5421447,6,7707728,220,1370,2417,3191478,5421447,Salomonia cantoniensis Lour.,Plantae,Tracheophyta,Fabales,Polygalaceae,Salomonia,SPECIES,ACCEPTED,NA,ASIA,NA,NA,NA,2023,9,1,2023-09-01T00:00,244,244,NA,2026-06-03T12:08:57.957+00:00,2026-08-24T20:52:06.157+00:00,NA,http://creativecommons.org/licenses/by/4.0/legalcode,FALSE,K001993259,none,none,fa252605-26f6-426c-9892-94d071c2c77f,NA,TRUE,NA,"Yooprasert, S.; Tamura, M. N.; Fuse, S.; Takahashi, K.; Masuda, R.; Taothong, P.; Saengbuapuean, A.",NA,NA,none,Magnoliopsida,TH,none,none,ASIA,Thailand,EUROPE,NA,K001993259,SY 567,NA,NA,539,NA,"Phu Ruea NP, Phali Rock Garden.",NA,NA,6367019301,NA,Herbarium,http://specimens.kew.org/herbarium/K001993259,NA,NA,K001993259,K,NA,NA,NA,NA,Salomonia cantoniensis Lour.,NA,NA,17.4975,101.341944,NA,5421447,Salomonia cantoniensis,Salomonia,cantoniensis,NA,NA,NA,WGS84,NA,NA,NA,NA,NA,NA,NA,NA,NA,NA,Polygalaceae,NA,NA,NA,NA,1160,NA,NA,NA,NA,NA,NA,NA,NA,NA,NA,NA,NA,NA,NA,NA,NA,NA,NA,NA,NA,NA,NA,NA,NA,NA,NA,NA,NA,NA,NA,NA,NA,NA,NA,NA,NA,NA,https://d2jcv3kl45hlgi.cloudfront.net/b40e104989df0f87788eb018ca28a9b4.jpg,FALSE,ok
HERB_0355,sample_images/HERB_0355.jpg,3312498206,Dracocephalum origanoides Stephan ex Willd.,"cdc,cucdmis,cum",bf2a4bf0-5f31-11de-b67e-b8a03c50a862,98e934b0-5f31-11de-b67e-b8a03c50a862,"8e30b684-6a54-4aba-aa73-66201c2c736e,17abcf75-2f1e-46dd-bf75-a5b21dd02655",f6fe707e-cced-4efc-b5dc-be4c91b8180a,98e934b0-5f31-11de-b67e-b8a03c50a862,GB,DWC_ARCHIVE,2026-08-13T16:38:58.088+00:00,2026-08-24T20:20:33.649+00:00,445,PRESERVED_SPECIMEN,PRESENT,7309166,6,7707728,220,408,2497,2927219,7309166,Dracocephalum origanoides Stephan ex Willd.,Plantae,Tracheophyta,Lamiales,Lamiaceae,Dracocephalum,SPECIES,ACCEPTED,NA,ASIA,NA,NA,Northern Asia,2018,8,14,2018-08-14,226,226,NA,2019-06-10T01:00:00.000+00:00,2026-08-24T20:20:33.649+00:00,NA,http://creativecommons.org/publicdomain/zero/1.0/legalcode,FALSE,https://data.rbge.org.uk/herb/E00898593,none,none,0237598a-853a-492c-af74-a723fe251799,427c8cd7-4358-4a00-9ef3-2b2676d28d1e,FALSE,Edinburgh (E) Herbarium Specimens,"Pamirs Expedition to Central Asia Tajikistan,",NA,HERBARIUM SHEET,none,Magnoliopsida,TL,none,none,ASIA,Timor-Leste,EUROPE,NA,https://data.rbge.org.uk/herb/E00898593,69,"South facing gentle sloping alpine steppe, with large stones, in thick stoney loam.;  Vegetation: Acantholimon, Draba, Cerastium and small Artemisia",https://scientific-collections.gbif.org/institution/0237598a-853a-492c-af74-a723fe251799,445,NA,Tajikistan:Gorno Badakshan:17 km east of Jilandy on main road M41,NA,NA,3312498206,NA,E,https://data.rbge.org.uk/herb/E00898593,PhysicalObject,NA,E00898593,RBGE,NA,NA,4269m,https://scientific-collections.gbif.org/collection/427c8cd7-4358-4a00-9ef3-2b2676d28d1e,Dracocephalum origanoides Stephan ex Willd.,NA,NA,37.484167,72.758611,NA,7309166,Dracocephalum origanoides,Dracocephalum,origanoides,NA,NA,NA,WGS84,NA,ICBN,NA,NA,NA,NA,NA,NA,E,NA,NA,NA,NA,NA,NA,4269,0,NA,NA,NA,NA,NA,NA,NA,NA,NA,NA,NA,NA,NA,NA,NA,14th August 2018,NA,NA,NA,NA,NA,NA,NA,NA,NA,NA,NA,CC0,Royal Botanic Garden Edinburgh,927480,NA,NA,NA,NA,NA,NA,https://iiif.rbge.org.uk/herb/iiif/E00898593/manifest,FALSE,not_image
HERB_0356,sample_images/HERB_0356.jpg,6196923638,Maesa ramentacea (Roxb.) A.DC.,"colmafu,inmafu",1cbed1d0-f9ac-4b9e-bf3f-a26272bca39e,4fd82480-ea1c-11da-8db4-b8a03c50a862,NA,82d6992a-b20b-4e74-b6ac-6b971b2c485d,4fd82480-ea1c-11da-8db4-b8a03c50a862,JP,EML,2026-07-10T16:35:10.312+00:00,2026-07-18T17:50:38.465+00:00,222,PRESERVED_SPECIMEN,PRESENT,7368771,6,7707728,220,1353,6674,3169410,7368771,Maesa ramentacea (Roxb.) A.DC.,Plantae,Tracheophyta,Ericales,Primulaceae,Maesa,SPECIES,ACCEPTED,NA,ASIA,Bolikhamxai,NA,Asia|Laos|Bolikhamxai|Pakkading|near Ban Naphong; Nam Kading NPA,2024,3,18,2024-03-18,78,78,NA,2025-10-16T00:00:00.000+00:00,2026-07-18T17:50:38.465+00:00,https://www.museum.kagoshima-u.ac.jp/hyouhonsitu.html,http://creativecommons.org/licenses/by/4.0/legalcode,FALSE,ed168724-fc93-4b1b-baee-efc16f62148c,none,none,7b6590f0-c03f-409b-ae28-f443c1166d23,e9e6df05-e289-4a64-8ace-a4d5dbd168e4,FALSE,NA,NA,NA,NA,none,Magnoliopsida,LA,none,none,ASIA,Lao People’s Democratic Republic,ASIA,NA,ed168724-fc93-4b1b-baee-efc16f62148c,Z1125,NA,NA,232,NA,near Ban Naphong; Nam Kading NPA,NA,"Laos, Bolikhamxai, Pakkading, near Ban Naphong; Nam Kading NPA",6196923638,NA,KAG,ed168724-fc93-4b1b-baee-efc16f62148c,NA,NA,KAG187530,KAG,NA,NA,NA,NA,Maesa ramentacea (Roxb.) A.DC.,NA,NA,18.21803,104.38163,NA,7368771,Maesa ramentacea,Maesa,ramentacea,NA,NA,NA,WGS84,NA,NA,NA,NA,obtained using GPS machine,NA,NA,NA,NA,NA,Plantae|Tracheophyta|Magnoliopsida|Ericales|Primulaceae|Maesa|ramentacea,NA,LC,NA,NA,416,NA,NA,NA,NA,NA,NA,NA,NA,NA,NA,NA,NA,NA,Pakkading,NA,NA,NA,NA,NA,NA,NA,NA,NA,NA,NA,NA,500,NA,NA,NA,NA,NA,NA,NA,NA,NA,NA,https://dbs.kaum.kagoshima-u.ac.jp/musedb/s_plant/picture/KAG187530/KAG187530.jpg,FALSE,ok
HERB_0357,sample_images/HERB_0357.jpg,6367073354,Mitracarpus hirtus (L.) DC.,"cdc,cdround,gass84,incomis,inmafu",cd6e21c8-9e8a-493a-8a76-fbf7862069e5,061b4f20-f241-11da-a328-b8a03c50a862,17abcf75-2f1e-46dd-bf75-a5b21dd02655,996e30f8-f762-11e1-a439-00145eb45e9a,061b4f20-f241-11da-a328-b8a03c50a862,GB,DWC_ARCHIVE,2026-08-24T12:51:18.333+00:00,2026-08-24T20:51:22.905+00:00,539,PRESERVED_SPECIMEN,PRESENT,2912993,6,7707728,220,412,8798,2912897,2912993,Mitracarpus hirtus (L.) DC.,Plantae,Tracheophyta,Gentianales,Rubiaceae,Mitracarpus,SPECIES,ACCEPTED,NA,ASIA,NA,NA,NA,2023,9,1,2023-09-01T00:00,244,244,NA,2026-06-03T12:08:57.927+00:00,2026-08-24T20:51:22.905+00:00,NA,http://creativecommons.org/licenses/by/4.0/legalcode,FALSE,K001993261,none,none,fa252605-26f6-426c-9892-94d071c2c77f,NA,FALSE,NA,"Yooprasert, S.; Tamura, M. N.; Fuse, S.; Takahashi, K.; Masuda, R.; Taothong, P.; Saengbuapuean, A.",NA,NA,none,Magnoliopsida,TH,none,none,ASIA,Thailand,EUROPE,NA,K001993261,SY 561,NA,NA,539,NA,"Phu Ruea NP, Nature trail.",NA,NA,6367073354,NA,Herbarium,http://specimens.kew.org/herbarium/K001993261,NA,NA,K001993261,K,NA,NA,NA,NA,Mitracarpus hirtus (L.) DC.,NA,NA,17.487778,101.349167,NA,2912993,Mitracarpus hirtus,Mitracarpus,hirtus,NA,NA,NA,WGS84,NA,NA,NA,NA,NA,NA,NA,NA,NA,NA,Rubiaceae,NA,NA,NA,NA,1030,NA,NA,NA,NA,NA,NA,NA,NA,NA,NA,NA,NA,NA,NA,NA,NA,NA,NA,NA,NA,NA,NA,NA,NA,NA,NA,NA,NA,NA,NA,NA,NA,NA,NA,NA,NA,NA,https://d2jcv3kl45hlgi.cloudfront.net/40d196718f89d83c1b4552cabe9edbad.jpg,FALSE,ok
HERB_0358,sample_images/HERB_0358.jpg,2430565381,Antidesma ghaesembilla Gaertn.,,b5cdf794-8fa4-4a85-8b26-755d087bf531,2cd829bb-b713-433d-99cf-64bef11e5b3e,17abcf75-2f1e-46dd-bf75-a5b21dd02655,86c2834b-fcd6-418d-9b32-aca45110a0fe,2cd829bb-b713-433d-99cf-64bef11e5b3e,FR,EML,2026-08-13T15:27:43.858+00:00,2026-08-24T16:45:38.560+00:00,606,PRESERVED_SPECIMEN,PRESENT,3076438,6,7707728,220,1414,8807,2874170,3076438,Antidesma ghaesembilla Gaertn.,Plantae,Tracheophyta,Malpighiales,Phyllanthaceae,Antidesma,SPECIES,ACCEPTED,NA,ASIA,kompong chhnang,none,NA,2019,2,25,2019-02-25,56,56,NA,2020-01-14T18:34:19.000+00:00,2026-08-24T16:45:38.560+00:00,NA,http://creativecommons.org/licenses/by/4.0/legalcode,FALSE,http://coldb.mnhn.fr/catalognumber/mnhn/p/p00915948,none,none,6a6ac6c5-1b8a-48db-91a2-f8661274ff80,bc3d39fd-a7d4-4763-b951-2bdeddd8a5d2,FALSE,NA,"Hul, S.|Eum, S.|Peou, Y.",Hul,hb,none,Magnoliopsida,KH,none,none,ASIA,Cambodia,EUROPE,NA,http://coldb.mnhn.fr/catalognumber/mnhn/p/p00915948,NA,NA,http://grbio.org/institution/museum-national-dhistoire-naturelle,654,NA,NA,7074,NA,2430565381,NA,P,http://coldb.mnhn.fr/catalognumber/mnhn/p/p00915948,NA,NA,P00915948,MNHN,NA,NA,NA,NA,Antidesma ghaesembilla Gaertn.,NA,NA,NA,NA,NA,3076438,Antidesma ghaesembilla,Antidesma,ghaesembilla,NA,NA,NA,NA,NA,NA,NA,NA,NA,NA,NA,NA,NA,NA,NA,NA,LC,NA,NA,NA,NA,NA,NA,NA,NA,NA,NA,NA,NA,NA,NA,NA,"""Arbre d'env. 8 m, dioïque, rameaux velus-fauves à glabrescents. Feuilles ovales, obovales ou oblongues, arrondies à la base et au sommet. Inflorescences pubescentes, terminales et axillaires, en panicules multiflores ; fleurs mâles sessiles, à 5 étamines""",Kompong Trâlach,"Ta Chés, Svay dak kav",NA,NA,NA,NA,NA,NA,NA,NA,NA,NA,NA,NA,NA,NA,NA,NA,NA,NA,NA,NA,NA,NA,https://mediaphoto.mnhn.fr/media/15790232591376voI2oqgpFKzwoLJ,TRUE,error
HERB_0359,sample_images/HERB_0359.jpg,4607892497,Sindora wallichii Benth.,"cdc,cdround,gass84,incomis,inmafu",cd6e21c8-9e8a-493a-8a76-fbf7862069e5,061b4f20-f241-11da-a328-b8a03c50a862,17abcf75-2f1e-46dd-bf75-a5b21dd02655,996e30f8-f762-11e1-a439-00145eb45e9a,061b4f20-f241-11da-a328-b8a03c50a862,GB,DWC_ARCHIVE,2026-08-24T12:51:18.333+00:00,2026-08-24T20:51:37.289+00:00,539,PRESERVED_SPECIMEN,PRESENT,2943387,6,7707728,220,1370,5386,2943351,2943387,Sindora wallichii Benth.,Plantae,Tracheophyta,Fabales,Fabaceae,Sindora,SPECIES,ACCEPTED,NA,ASIA,NA,NA,NA,2022,3,25,2022-03-25T00:00,84,84,NA,2026-01-25T18:17:20.613+00:00,2026-08-24T20:51:37.289+00:00,NA,http://creativecommons.org/licenses/by/4.0/legalcode,FALSE,K001871910,none,none,fa252605-26f6-426c-9892-94d071c2c77f,NA,FALSE,NA,"Tan, P.",NA,NA,none,Magnoliopsida,SG,none,none,ASIA,Singapore,EUROPE,NA,K001871910,SING 2022-353,NA,NA,539,NA,SBG,NA,NA,4607892497,NA,Herbarium,http://specimens.kew.org/herbarium/K001871910,NA,NA,K001871910,K,NA,NA,NA,NA,Sindora wallichii Benth.,NA,NA,1.314167,103.816667,NA,2943387,Sindora wallichii,Sindora,wallichii,NA,NA,NA,WGS84,NA,NA,NA,NA,NA,NA,NA,NA,NA,NA,Fabaceae,NA,LC,NA,NA,NA,NA,NA,NA,NA,NA,NA,NA,NA,NA,NA,NA,4185.461315554249,NA,NA,NA,NA,NA,NA,NA,NA,NA,NA,NA,NA,NA,NA,NA,NA,NA,NA,NA,NA,NA,NA,NA,NA,NA,https://d2jcv3kl45hlgi.cloudfront.net/6b9bbe4d01ac4edbf8533650c3d449e4.jpg,FALSE,ok
HERB_0360,sample_images/HERB_0360.jpg,6196924877,Helicia hainanensis Hayata,"colmafu,inmafu",1cbed1d0-f9ac-4b9e-bf3f-a26272bca39e,4fd82480-ea1c-11da-8db4-b8a03c50a862,NA,82d6992a-b20b-4e74-b6ac-6b971b2c485d,4fd82480-ea1c-11da-8db4-b8a03c50a862,JP,EML,2026-07-10T16:35:10.312+00:00,2026-07-18T17:50:18.713+00:00,222,PRESERVED_SPECIMEN,PRESENT,5637512,6,7707728,220,400,2414,3232527,5637512,Helicia hainanensis Hayata,Plantae,Tracheophyta,Proteales,Proteaceae,Helicia,SPECIES,ACCEPTED,NA,ASIA,Bolikhamxai,NA,Asia|Laos|Bolikhamxai|Pakkading|near Ban Naphong; Nam Kading NPA,2024,3,18,2024-03-18,78,78,NA,2025-10-16T00:00:00.000+00:00,2026-07-18T17:50:18.713+00:00,https://www.museum.kagoshima-u.ac.jp/hyouhonsitu.html,http://creativecommons.org/licenses/by/4.0/legalcode,FALSE,c1eed8db-596c-4e93-b142-e489cce20796,none,none,7b6590f0-c03f-409b-ae28-f443c1166d23,e9e6df05-e289-4a64-8ace-a4d5dbd168e4,FALSE,NA,NA,NA,NA,none,Magnoliopsida,LA,none,none,ASIA,Lao People’s Democratic Republic,ASIA,NA,c1eed8db-596c-4e93-b142-e489cce20796,Z1161,NA,NA,232,NA,near Ban Naphong; Nam Kading NPA,NA,"Laos, Bolikhamxai, Pakkading, near Ban Naphong; Nam Kading NPA",6196924877,NA,KAG,c1eed8db-596c-4e93-b142-e489cce20796,NA,NA,KAG187563,KAG,NA,NA,NA,NA,Helicia hainanensis Hayata,NA,NA,18.21978,104.38402,NA,5637512,Helicia hainanensis,Helicia,hainanensis,NA,NA,NA,WGS84,NA,NA,NA,NA,obtained using GPS machine,NA,NA,NA,NA,NA,Plantae|Tracheophyta|Magnoliopsida|Proteales|Proteaceae|Helicia|hainanensis,NA,LC,NA,NA,620,NA,NA,NA,NA,NA,NA,NA,NA,NA,NA,NA,NA,NA,Pakkading,NA,NA,NA,NA,NA,NA,NA,NA,NA,NA,NA,NA,500,NA,NA,NA,NA,NA,NA,NA,NA,NA,NA,https://dbs.kaum.kagoshima-u.ac.jp/musedb/s_plant/picture/KAG187563/KAG187563.jpg,FALSE,ok
HERB_0361,sample_images/HERB_0361.jpg,4866482085,Impatiens suksathanii Ruchis. & Triboun,"cdc,cdround,gass84,incomis,inmafu",cd6e21c8-9e8a-493a-8a76-fbf7862069e5,061b4f20-f241-11da-a328-b8a03c50a862,17abcf75-2f1e-46dd-bf75-a5b21dd02655,996e30f8-f762-11e1-a439-00145eb45e9a,061b4f20-f241-11da-a328-b8a03c50a862,GB,DWC_ARCHIVE,2026-08-24T12:51:18.333+00:00,2026-08-24T20:50:01.205+00:00,539,PRESERVED_SPECIMEN,PRESENT,8336286,6,7707728,220,1353,6699,2891766,8336286,Impatiens suksathanii Ruchis. & Triboun,Plantae,Tracheophyta,Ericales,Balsaminaceae,Impatiens,SPECIES,ACCEPTED,NA,ASIA,NA,NA,Thong Pha Phum,2022,1,28,2022-01-28T00:00,28,28,NA,2026-07-21T11:56:09.657+00:00,2026-08-24T20:50:01.205+00:00,NA,http://creativecommons.org/licenses/by/4.0/legalcode,FALSE,K001930473,none,none,fa252605-26f6-426c-9892-94d071c2c77f,NA,FALSE,NA,"Pooma, R.; Pattharahirantricin, N.; Yooprasert, S.",NA,NA,none,Magnoliopsida,TH,none,none,ASIA,Thailand,EUROPE,NA,K001930473,8114,NA,NA,539,NA,summit of Phra Phutthachedi Khiri.,NA,NA,4866482085,NA,Herbarium,http://specimens.kew.org/herbarium/K001930473,NA,NA,K001930473,K,NA,NA,NA,NA,Impatiens suksathanii Ruchis. & Triboun,NA,NA,14.743611,98.6375,NA,8336286,Impatiens suksathanii,Impatiens,suksathanii,NA,NA,NA,WGS84,NA,NA,NA,NA,NA,NA,NA,NA,NA,NA,Balsaminaceae,NA,NA,NA,NA,135,NA,NA,NA,NA,NA,NA,NA,Thong Pha Phum,NA,NA,NA,NA,NA,NA,NA,NA,28 August 2022,NA,NA,NA,NA,NA,NA,NA,NA,NA,NA,NA,NA,NA,NA,NA,NA,NA,NA,NA,NA,https://d2jcv3kl45hlgi.cloudfront.net/89bd4eb41e97e1b3c79bb82dbfbd4a1f.jpg,FALSE,ok
HERB_0362,sample_images/HERB_0362.jpg,6196924600,Syzygium obtusum Merr. & L.M.Perry,"colmafu,inmafu",1cbed1d0-f9ac-4b9e-bf3f-a26272bca39e,4fd82480-ea1c-11da-8db4-b8a03c50a862,NA,82d6992a-b20b-4e74-b6ac-6b971b2c485d,4fd82480-ea1c-11da-8db4-b8a03c50a862,JP,EML,2026-07-10T16:35:10.312+00:00,2026-07-18T17:50:38.914+00:00,222,PRESERVED_SPECIMEN,PRESENT,3184461,6,7707728,220,690,5014,3029010,8210123,Syzygium effusum (A.Gray) C.Muell.,Plantae,Tracheophyta,Myrtales,Myrtaceae,Syzygium,SPECIES,SYNONYM,NA,ASIA,Khammouan,NA,Asia|Laos|Khammouan|Khounkham|near Ban Nong Kok,2024,3,16,2024-03-16,76,76,NA,2025-10-16T00:00:00.000+00:00,2026-07-18T17:50:38.914+00:00,https://www.museum.kagoshima-u.ac.jp/hyouhonsitu.html,http://creativecommons.org/licenses/by/4.0/legalcode,FALSE,3092b76b-4130-47ff-9949-9bd1ab5b77d6,none,none,7b6590f0-c03f-409b-ae28-f443c1166d23,e9e6df05-e289-4a64-8ace-a4d5dbd168e4,FALSE,NA,NA,NA,NA,none,Magnoliopsida,LA,none,none,ASIA,Lao People’s Democratic Republic,ASIA,NA,3092b76b-4130-47ff-9949-9bd1ab5b77d6,Z965,NA,NA,232,NA,near Ban Nong Kok,NA,"Laos, Khammouan, Khounkham, near Ban Nong Kok",6196924600,NA,KAG,3092b76b-4130-47ff-9949-9bd1ab5b77d6,NA,NA,KAG187374,KAG,NA,NA,NA,NA,Syzygium obtusum Merr. & L.M.Perry,NA,NA,18.20466,104.58437,NA,8210123,Syzygium effusum,Syzygium,obtusum,NA,NA,NA,WGS84,NA,NA,NA,NA,obtained using GPS machine,NA,NA,NA,NA,NA,Plantae|Tracheophyta|Magnoliopsida|Myrtales|Myrtaceae|Syzygium|obtusum,NA,NA,NA,NA,706,NA,NA,NA,NA,NA,NA,NA,NA,NA,NA,NA,NA,NA,Khounkham,NA,NA,NA,NA,NA,NA,NA,NA,NA,NA,NA,NA,500,NA,NA,NA,NA,NA,NA,NA,NA,NA,NA,https://dbs.kaum.kagoshima-u.ac.jp/musedb/s_plant/picture/KAG187374/KAG187374.jpg,FALSE,ok
HERB_0363,sample_images/HERB_0363.jpg,2515076282,Alysicarpus bupleurifolius (L.) DC.,,15f819bd-6612-4447-854b-14d12ee1022d,396d5f30-dea9-11db-8ab4-b8a03c50a862,17abcf75-2f1e-46dd-bf75-a5b21dd02655,65eb93af-41b8-4917-a5fc-cfe2a45aa4bf,396d5f30-dea9-11db-8ab4-b8a03c50a862,NL,DWC_ARCHIVE,2026-06-29T11:53:09.940+00:00,2026-08-24T20:55:29.286+00:00,286,PRESERVED_SPECIMEN,PRESENT,2948656,6,7707728,220,1370,5386,2948588,2948656,Alysicarpus bupleurifolius (L.) DC.,Plantae,Tracheophyta,Fabales,Fabaceae,Alysicarpus,SPECIES,ACCEPTED,NA,ASIA,Dili,NA,NA,2015,5,19,2015-05-19,139,139,NA,NA,2026-08-24T20:55:29.286+00:00,NA,http://creativecommons.org/publicdomain/zero/1.0/legalcode,FALSE,L.3978113@BRAHMS,none,none,0e919a55-08d3-4bd2-aec1-200858fafd92,0add23db-a8f7-4d15-95ad-4ed0c5c8a055,FALSE,NA,Cowie ID; Santana F,NA,NA,none,Magnoliopsida,TL,none,none,ASIA,Timor-Leste,EUROPE,Naturalis Biodiversity Center,L.3978113@BRAHMS,"Cowie, ID; Santana, F 13906",In Euc alba open woodland; on volcanics.,https://ror.org/0566bfb96,286,NA,C. 1.2 km NNW Beloi.,NA,NA,2515076282,NA,Botany,https://data.biodiversitydata.nl/naturalis/specimen/L.3978113,NA,NA,L.3978113,NA,NA,NA,300.0 - 500.0 m,NA,Alysicarpus bupleurifolius (L.) DC.,NA,NA,-8.20944,125.60611,NA,2948656,Alysicarpus bupleurifolius,Alysicarpus,bupleurifolius,NA,NA,NA,WGS84,NA,ICN,NA,NA,NA,NA,NA,NA,NA,NA,Plantae|Fabales|Fabaceae,NA,LC,NA,NA,NA,NA,NA,NA,NA,NA,NA,NA,NA,NA,NA,true,NA,NA,NA,NA,NA,NA,NA,NA,NA,NA,NA,NA,NA,NA,NA,NA,NA,NA,NA,NA,NA,NA,NA,NA,NA,NA,https://medialib.naturalis.nl/file/id/L.3978113/format/large,FALSE,ok
HERB_0364,sample_images/HERB_0364.jpg,6196929019,Lagerstroemia cochinchinensis Laness.,"colmafu,inmafu",1cbed1d0-f9ac-4b9e-bf3f-a26272bca39e,4fd82480-ea1c-11da-8db4-b8a03c50a862,NA,82d6992a-b20b-4e74-b6ac-6b971b2c485d,4fd82480-ea1c-11da-8db4-b8a03c50a862,JP,EML,2026-07-10T16:35:10.312+00:00,2026-07-18T17:50:42.439+00:00,222,PRESERVED_SPECIMEN,PRESENT,8126728,6,7707728,220,690,6684,3188723,8126728,Lagerstroemia cochinchinensis Laness.,Plantae,Tracheophyta,Myrtales,Lythraceae,Lagerstroemia,SPECIES,PROVISIONALLY_ACCEPTED,NA,ASIA,Kien Giang,NA,Asia|Vietnam|Kien Giang|Kien Luong Dist.|Binh An,2024,5,24,2024-05-24,145,145,NA,2025-10-16T00:00:00.000+00:00,2026-07-18T17:50:42.439+00:00,https://www.museum.kagoshima-u.ac.jp/hyouhonsitu.html,http://creativecommons.org/licenses/by/4.0/legalcode,FALSE,5eb33ba9-3576-4d27-9e65-0a553c3f81b2,none,none,7b6590f0-c03f-409b-ae28-f443c1166d23,e9e6df05-e289-4a64-8ace-a4d5dbd168e4,FALSE,NA,NA,NA,NA,none,Magnoliopsida,VN,none,none,ASIA,Viet Nam,ASIA,NA,5eb33ba9-3576-4d27-9e65-0a553c3f81b2,N548,NA,NA,232,NA,Binh An,NA,"Vietnam, Kien Giang, Kien Luong Dist., Binh An",6196929019,NA,KAG,5eb33ba9-3576-4d27-9e65-0a553c3f81b2,NA,NA,KAG188651,KAG,NA,NA,NA,NA,Lagerstroemia cochinchinensis Laness.,NA,NA,10.15577,104.60976,NA,8126728,Lagerstroemia cochinchinensis,Lagerstroemia,cochinchinensis,NA,NA,NA,WGS84,NA,NA,NA,NA,obtained using GPS machine,NA,NA,NA,NA,NA,Plantae|Tracheophyta|Magnoliopsida|Myrtales|Lythraceae|Lagerstroemia|cochinchinensis,NA,NA,NA,NA,40,NA,NA,NA,NA,NA,NA,NA,NA,NA,NA,NA,NA,NA,Kien Luong Dist.,NA,NA,NA,NA,NA,NA,NA,NA,NA,NA,NA,NA,500,NA,NA,NA,NA,NA,NA,NA,NA,NA,NA,https://dbs.kaum.kagoshima-u.ac.jp/musedb/s_plant/picture/KAG188651/KAG188651.jpg,FALSE,ok
HERB_0365,sample_images/HERB_0365.jpg,1933395603,Nepeta podostachys Benth.,"cdc,cucdmis,cum",bf2a4bf0-5f31-11de-b67e-b8a03c50a862,98e934b0-5f31-11de-b67e-b8a03c50a862,"8e30b684-6a54-4aba-aa73-66201c2c736e,17abcf75-2f1e-46dd-bf75-a5b21dd02655",f6fe707e-cced-4efc-b5dc-be4c91b8180a,98e934b0-5f31-11de-b67e-b8a03c50a862,GB,DWC_ARCHIVE,2026-08-13T16:38:58.088+00:00,2026-08-24T20:20:15.951+00:00,445,PRESERVED_SPECIMEN,PRESENT,7308996,6,7707728,220,408,2497,2927325,7308996,Nepeta podostachys Benth.,Plantae,Tracheophyta,Lamiales,Lamiaceae,Nepeta,SPECIES,ACCEPTED,NA,ASIA,NA,NA,Northern Asia,2018,8,10,2018-08-10,222,222,NA,2018-10-31T00:00:00.000+00:00,2026-08-24T20:20:15.951+00:00,NA,http://creativecommons.org/publicdomain/zero/1.0/legalcode,FALSE,https://data.rbge.org.uk/herb/E00850184,none,none,0237598a-853a-492c-af74-a723fe251799,427c8cd7-4358-4a00-9ef3-2b2676d28d1e,FALSE,Edinburgh (E) Herbarium Specimens,"Pamirs Expedition to Central Asia Tajikistan,",NA,HERBARIUM SHEET,none,Magnoliopsida,TL,none,none,ASIA,Timor-Leste,EUROPE,NA,https://data.rbge.org.uk/herb/E00850184,26,"South facing gentle slope, rocky mixed ignious rock, irrigation stream running through it. ;  Vegetation: Ziziphora, acantholimon, astragalus, and nepeta,",https://scientific-collections.gbif.org/institution/0237598a-853a-492c-af74-a723fe251799,445,NA,"Tajikistan:Gorno Badakshan:8 kms north of Langar, end of Wahkan valley",NA,NA,1933395603,NA,E,https://data.rbge.org.uk/herb/E00850184,PhysicalObject,NA,E00850184,RBGE,NA,NA,3185m,https://scientific-collections.gbif.org/collection/427c8cd7-4358-4a00-9ef3-2b2676d28d1e,Nepeta podostachys Benth.,NA,NA,37.096111,72.708889,NA,7308996,Nepeta podostachys,Nepeta,podostachys,NA,NA,NA,WGS84,NA,ICBN,NA,NA,NA,NA,NA,NA,E,NA,NA,NA,NA,NA,NA,3185,0,NA,NA,NA,NA,NA,NA,NA,NA,NA,NA,NA,NA,NA,NA,NA,10th August 2018,NA,NA,NA,NA,NA,NA,NA,NA,NA,NA,NA,CC0,Royal Botanic Garden Edinburgh,926302,NA,NA,NA,NA,NA,NA,https://iiif.rbge.org.uk/herb/iiif/E00850184/manifest,FALSE,not_image
HERB_0366,sample_images/HERB_0366.jpg,2430565417,Butea monosperma (Lam.) Taubert,,b5cdf794-8fa4-4a85-8b26-755d087bf531,2cd829bb-b713-433d-99cf-64bef11e5b3e,17abcf75-2f1e-46dd-bf75-a5b21dd02655,86c2834b-fcd6-418d-9b32-aca45110a0fe,2cd829bb-b713-433d-99cf-64bef11e5b3e,FR,EML,2026-08-13T15:27:43.858+00:00,2026-08-24T16:45:39.701+00:00,606,PRESERVED_SPECIMEN,PRESENT,2940416,6,7707728,220,1370,5386,2940412,8234570,Butea monosperma (Lam.) Kuntze,Plantae,Tracheophyta,Fabales,Fabaceae,Butea,SPECIES,SYNONYM,NA,ASIA,stung trèng,none,NA,2019,2,7,2019-02-07,38,38,NA,2020-01-14T18:34:13.000+00:00,2026-08-24T16:45:39.701+00:00,NA,http://creativecommons.org/licenses/by/4.0/legalcode,FALSE,http://coldb.mnhn.fr/catalognumber/mnhn/p/p00915924,none,none,6a6ac6c5-1b8a-48db-91a2-f8661274ff80,bc3d39fd-a7d4-4763-b951-2bdeddd8a5d2,FALSE,NA,"Hul, S.|Eum, S.|Peou, Y.",Hul,hb,none,Magnoliopsida,KH,none,none,ASIA,Cambodia,EUROPE,NA,http://coldb.mnhn.fr/catalognumber/mnhn/p/p00915924,NA,NA,http://grbio.org/institution/museum-national-dhistoire-naturelle,654,NA,NA,7049,NA,2430565417,NA,P,http://coldb.mnhn.fr/catalognumber/mnhn/p/p00915924,NA,NA,P00915924,MNHN,NA,NA,NA,NA,Butea monosperma (Lam.) Taubert,NA,NA,NA,NA,NA,8234570,Butea monosperma,Butea,monosperma,NA,NA,NA,NA,NA,NA,NA,NA,NA,NA,NA,NA,NA,NA,NA,NA,NA,NA,NA,NA,NA,NA,NA,NA,NA,NA,NA,NA,NA,NA,NA,NA,"""Arbre de 10 m. Feuilles 3-foliolées ; folioles rhomboïdales ou orbiculaires, obtuses à la base et au sommet, tomenteuses en dessous, pubescentes en dessus. Inflorescences en longues panicules tomenteuses ; pédicelles tomenteux ; fleurs rouges ; calice tomenteux à 4 lobes ; corolle courbe et velue ; ovaire velu, recourbé""",Siem Pang,Prék Méas,NA,NA,NA,NA,NA,NA,NA,NA,NA,NA,NA,NA,NA,NA,NA,NA,NA,NA,NA,NA,NA,NA,https://mediaphoto.mnhn.fr/media/1579023253709qPu1iqVpFi4sEnl7,TRUE,error
HERB_0367,sample_images/HERB_0367.jpg,4601915957,Duabanga moluccana Blume,"cdc,cdround,gass84,incomis,inmafu",cd6e21c8-9e8a-493a-8a76-fbf7862069e5,061b4f20-f241-11da-a328-b8a03c50a862,17abcf75-2f1e-46dd-bf75-a5b21dd02655,996e30f8-f762-11e1-a439-00145eb45e9a,061b4f20-f241-11da-a328-b8a03c50a862,GB,DWC_ARCHIVE,2026-08-24T12:51:18.333+00:00,2026-08-24T20:50:51.158+00:00,539,PRESERVED_SPECIMEN,PRESENT,3989316,6,7707728,220,690,6684,7286226,3989316,Duabanga moluccana Blume,Plantae,Tracheophyta,Myrtales,Lythraceae,Duabanga,SPECIES,ACCEPTED,NA,OCEANIA,NA,NA,Kab. Maybrat,2019,3,3,2019-03-03T00:00,62,62,NA,2026-01-25T18:17:20.613+00:00,2026-08-24T20:50:51.158+00:00,NA,http://creativecommons.org/licenses/by/4.0/legalcode,FALSE,K001905773,none,none,fa252605-26f6-426c-9892-94d071c2c77f,NA,FALSE,NA,"Lucas, E.J.; Low, Y.W.; Wanma, J.F.; Wader, J.H.; Wambrauw, K.; Nassa, K.; Wuesan, F.F.; Susim, B.",NA,NA,none,Magnoliopsida,ID,none,none,ASIA,Indonesia,EUROPE,NA,K001905773,EL 1263,NA,NA,539,NA,NA,NA,NA,4601915957,NA,Herbarium,http://specimens.kew.org/herbarium/K001905773,NA,NA,K001905773,K,NA,NA,NA,NA,Duabanga moluccana Blume,NA,NA,-1.250833,132.164444,NA,3989316,Duabanga moluccana,Duabanga,moluccana,NA,NA,NA,WGS84,NA,NA,NA,NA,NA,NA,NA,NA,NA,NA,Lythraceae,NA,LC,NA,NA,NA,NA,NA,NA,NA,NA,NA,NA,Kab. Maybrat,NA,NA,NA,NA,NA,NA,NA,NA,NA,NA,NA,NA,NA,NA,NA,NA,NA,NA,NA,NA,NA,NA,NA,NA,NA,NA,NA,NA,NA,https://d2jcv3kl45hlgi.cloudfront.net/e52374e7e28f2292c72c9c0ff31553a1.jpg,FALSE,ok
HERB_0368,sample_images/HERB_0368.jpg,4519431340,Kunstleria ridleyi Prain,"incomis,inmafu",cd6e21c8-9e8a-493a-8a76-fbf7862069e5,061b4f20-f241-11da-a328-b8a03c50a862,17abcf75-2f1e-46dd-bf75-a5b21dd02655,996e30f8-f762-11e1-a439-00145eb45e9a,061b4f20-f241-11da-a328-b8a03c50a862,GB,DWC_ARCHIVE,2026-08-24T12:51:18.333+00:00,2026-08-24T20:49:51.046+00:00,539,PRESERVED_SPECIMEN,PRESENT,5354473,6,7707728,220,1370,5386,2958161,5354473,Kunstleria ridleyi Prain,Plantae,Tracheophyta,Fabales,Fabaceae,Kunstleria,SPECIES,ACCEPTED,NA,ASIA,NA,none,NA,2021,6,1,2021-06-01T00:00,152,152,NA,2025-11-09T07:07:33.707+00:00,2026-08-24T20:49:51.046+00:00,NA,http://creativecommons.org/licenses/by/4.0/legalcode,FALSE,K001528803,none,none,fa252605-26f6-426c-9892-94d071c2c77f,NA,FALSE,NA,"Ng, X.Y.; Lim, R.C.J.",NA,NA,none,Magnoliopsida,SG,none,none,ASIA,Singapore,EUROPE,NA,K001528803,SING 2021-414,NA,NA,539,NA,NA,NA,NA,4519431340,NA,Herbarium,http://specimens.kew.org/herbarium/K001528803,NA,NA,K001528803,K,NA,NA,NA,NA,Kunstleria ridleyi Prain,NA,NA,NA,NA,NA,5354473,Kunstleria ridleyi,Kunstleria,ridleyi,NA,NA,NA,NA,NA,NA,NA,NA,NA,NA,NA,NA,NA,NA,Fabaceae,NA,NA,NA,NA,NA,NA,NA,NA,NA,NA,NA,NA,NA,NA,NA,NA,NA,NA,NA,NA,NA,NA,NA,NA,NA,NA,NA,NA,NA,NA,NA,NA,NA,NA,NA,NA,NA,NA,NA,NA,NA,NA,https://d2jcv3kl45hlgi.cloudfront.net/160fb9781d5f07cc4337330cee0889d9.jpg,FALSE,ok
HERB_0369,sample_images/HERB_0369.jpg,5207160335,Leonotis nepetifolia (L.) R.Br.,,15f819bd-6612-4447-854b-14d12ee1022d,396d5f30-dea9-11db-8ab4-b8a03c50a862,17abcf75-2f1e-46dd-bf75-a5b21dd02655,65eb93af-41b8-4917-a5fc-cfe2a45aa4bf,396d5f30-dea9-11db-8ab4-b8a03c50a862,NL,DWC_ARCHIVE,2026-06-29T11:53:09.940+00:00,2026-08-24T20:54:52.090+00:00,286,PRESERVED_SPECIMEN,PRESENT,4924659,6,7707728,220,408,2497,2926904,4924659,Leonotis nepetifolia (L.) R.Br.,Plantae,Tracheophyta,Lamiales,Lamiaceae,Leonotis,SPECIES,ACCEPTED,2022-11-03T00:00:00,ASIA,NA,NA,NA,2018,7,21,2018-07-21,202,202,NA,NA,2026-08-24T20:54:52.090+00:00,NA,http://creativecommons.org/publicdomain/zero/1.0/legalcode,FALSE,L.4578445@BRAHMS,none,none,0e919a55-08d3-4bd2-aec1-200858fafd92,0add23db-a8f7-4d15-95ad-4ed0c5c8a055,FALSE,NA,Cunha T,Welzen PC van,NA,none,Magnoliopsida,TL,none,none,ASIA,Timor-Leste,EUROPE,Naturalis Biodiversity Center,L.4578445@BRAHMS,"Cunha, T 127",NA,https://ror.org/0566bfb96,286,NA,"Liquiça, Tibar, Dili.",NA,NA,5207160335,NA,Botany,https://data.biodiversitydata.nl/naturalis/specimen/L.4578445,NA,NA,L.4578445,NA,NA,NA,NA,NA,Leonotis nepetifolia (L.) R.Br.,NA,NA,-8.97833,125.82194,NA,4924659,Leonotis nepetifolia,Leonotis,nepetifolia,NA,NA,NA,WGS84,NA,ICN,NA,NA,NA,NA,NA,NA,NA,NA,Plantae|Lamiales|Lamiaceae,NA,NA,NA,NA,NA,NA,NA,NA,NA,NA,NA,NA,NA,NA,NA,true,NA,NA,NA,NA,NA,NA,NA,NA,NA,NA,NA,NA,NA,NA,NA,NA,NA,NA,NA,NA,NA,NA,NA,NA,NA,NA,https://medialib.naturalis.nl/file/id/L.4578445/format/large,FALSE,ok
HERB_0370,sample_images/HERB_0370.jpg,5207151334,Pluchea indica (L.) Less.,,15f819bd-6612-4447-854b-14d12ee1022d,396d5f30-dea9-11db-8ab4-b8a03c50a862,17abcf75-2f1e-46dd-bf75-a5b21dd02655,65eb93af-41b8-4917-a5fc-cfe2a45aa4bf,396d5f30-dea9-11db-8ab4-b8a03c50a862,NL,DWC_ARCHIVE,2026-06-29T11:53:09.940+00:00,2026-08-24T20:55:34.270+00:00,286,PRESERVED_SPECIMEN,PRESENT,3132728,6,7707728,220,414,3065,3132596,3132728,Pluchea indica (L.) Less.,Plantae,Tracheophyta,Asterales,Asteraceae,Pluchea,SPECIES,ACCEPTED,2022-11-02T00:00:00,ASIA,NA,NA,NA,2017,7,7,2017-07-07,188,188,NA,NA,2026-08-24T20:55:34.270+00:00,NA,http://creativecommons.org/publicdomain/zero/1.0/legalcode,FALSE,L.4578461@BRAHMS,none,none,0e919a55-08d3-4bd2-aec1-200858fafd92,0add23db-a8f7-4d15-95ad-4ed0c5c8a055,FALSE,NA,Cunha T,Welzen PC van,NA,none,Magnoliopsida,TL,none,none,ASIA,Timor-Leste,EUROPE,Naturalis Biodiversity Center,L.4578461@BRAHMS,"Cunha, T 64",NA,https://ror.org/0566bfb96,286,NA,"Liquiça, Maubara.",NA,NA,5207151334,NA,Botany,https://data.biodiversitydata.nl/naturalis/specimen/L.4578461,NA,NA,L.4578461,NA,NA,NA,NA,NA,Pluchea indica (L.) Less.,NA,NA,-9.02472,125.35139,NA,3132728,Pluchea indica,Pluchea,indica,NA,NA,NA,WGS84,NA,ICN,NA,NA,NA,NA,NA,NA,NA,NA,Plantae|Asterales|Asteraceae,NA,NA,NA,NA,NA,NA,NA,NA,NA,NA,NA,NA,NA,NA,NA,true,NA,NA,NA,NA,NA,NA,NA,NA,NA,NA,NA,NA,NA,NA,NA,NA,NA,NA,NA,NA,NA,NA,NA,NA,NA,NA,https://medialib.naturalis.nl/file/id/L.4578461/format/large,FALSE,ok
HERB_0371,sample_images/HERB_0371.jpg,4858974969,Dysolobium grande (Wall. ex Benth.) Prain,"cdc,cdround,gass84,incomis,inmafu",cd6e21c8-9e8a-493a-8a76-fbf7862069e5,061b4f20-f241-11da-a328-b8a03c50a862,17abcf75-2f1e-46dd-bf75-a5b21dd02655,996e30f8-f762-11e1-a439-00145eb45e9a,061b4f20-f241-11da-a328-b8a03c50a862,GB,DWC_ARCHIVE,2026-08-24T12:51:18.333+00:00,2026-08-24T20:50:08.040+00:00,539,PRESERVED_SPECIMEN,PRESENT,2963397,6,7707728,220,1370,5386,2963383,2963397,Dysolobium grande (Wall. ex Benth.) Prain,Plantae,Tracheophyta,Fabales,Fabaceae,Dysolobium,SPECIES,ACCEPTED,NA,ASIA,NA,NA,Ban Rai,2022,5,1,2022-05-01T00:00,121,121,NA,2026-07-21T11:56:09.260+00:00,2026-08-24T20:50:08.040+00:00,NA,http://creativecommons.org/licenses/by/4.0/legalcode,FALSE,K001930441,none,none,fa252605-26f6-426c-9892-94d071c2c77f,NA,TRUE,NA,"Yooprasert, S.; Somngam, S.; Jirakon, S.",NA,NA,none,Magnoliopsida,TH,none,none,ASIA,Thailand,EUROPE,NA,K001930441,SY 2022-185,NA,NA,539,NA,Beside the road No. 3011 in I-mat I-sai Village.,NA,NA,4858974969,NA,Herbarium,http://specimens.kew.org/herbarium/K001930441,NA,NA,K001930441,K,NA,NA,NA,NA,Dysolobium grande (Wall. ex Benth.) Prain,NA,NA,15.128889,99.376944,NA,2963397,Dysolobium grande,Dysolobium,grande,NA,NA,NA,WGS84,NA,NA,NA,NA,NA,NA,NA,NA,NA,NA,Fabaceae,NA,NA,NA,NA,NA,NA,NA,NA,NA,NA,NA,NA,Ban Rai,NA,NA,NA,NA,NA,NA,NA,NA,1 May 2022,NA,NA,NA,NA,NA,NA,NA,NA,NA,NA,NA,NA,NA,NA,NA,NA,NA,NA,NA,NA,https://d2jcv3kl45hlgi.cloudfront.net/10f060671124e46a835dfff464ac8545.jpg,FALSE,ok
HERB_0372,sample_images/HERB_0372.jpg,2430565446,Parinari anamensis Hance,,b5cdf794-8fa4-4a85-8b26-755d087bf531,2cd829bb-b713-433d-99cf-64bef11e5b3e,17abcf75-2f1e-46dd-bf75-a5b21dd02655,86c2834b-fcd6-418d-9b32-aca45110a0fe,2cd829bb-b713-433d-99cf-64bef11e5b3e,FR,EML,2026-08-13T15:27:43.858+00:00,2026-08-24T16:46:32.202+00:00,606,PRESERVED_SPECIMEN,PRESENT,2984952,6,7707728,220,1414,9111,2984937,2984952,Parinari anamensis Hance,Plantae,Tracheophyta,Malpighiales,Chrysobalanaceae,Parinari,SPECIES,ACCEPTED,NA,ASIA,mondulkiri,none,NA,2019,2,3,2019-02-03,34,34,NA,2020-01-14T18:34:08.000+00:00,2026-08-24T16:46:32.202+00:00,NA,http://creativecommons.org/licenses/by/4.0/legalcode,FALSE,http://coldb.mnhn.fr/catalognumber/mnhn/p/p00915905,none,none,6a6ac6c5-1b8a-48db-91a2-f8661274ff80,bc3d39fd-a7d4-4763-b951-2bdeddd8a5d2,FALSE,NA,"Hul, S.|Eum, S.|Peou, Y.",Hul,hb,none,Magnoliopsida,KH,none,none,ASIA,Cambodia,EUROPE,NA,http://coldb.mnhn.fr/catalognumber/mnhn/p/p00915905,NA,NA,http://grbio.org/institution/museum-national-dhistoire-naturelle,654,NA,NA,7030,NA,2430565446,NA,P,http://coldb.mnhn.fr/catalognumber/mnhn/p/p00915905,NA,NA,P00915905,MNHN,NA,NA,NA,NA,Parinari anamensis Hance,NA,NA,NA,NA,NA,2984952,Parinari anamensis,Parinari,anamensis,NA,NA,NA,NA,NA,NA,NA,NA,NA,NA,NA,NA,NA,NA,NA,NA,LC,NA,NA,NA,NA,NA,NA,NA,NA,NA,NA,NA,NA,NA,NA,NA,"""Arbre de 15 m. Feuilles ovales ou elliptiques, obtuses au sommet, tomenteuses en dessous. Inflorescences en panicules terminales, tomenteuses ; fleurs sessiles, blanches ; sépales tomenteux ; pétales dépassant à peine les sépales ; ovaire velu. Drupe ovoïde""",O Réaing,Sen Monorom,NA,NA,NA,NA,NA,NA,NA,NA,NA,NA,NA,NA,NA,NA,NA,NA,NA,NA,NA,NA,NA,NA,https://mediaphoto.mnhn.fr/media/1579023247807kBU7DVymhzayO49g,TRUE,error
HERB_0373,sample_images/HERB_0373.jpg,5895917540,Lysimachia chapaensis Merr.,"cdc,cdround,colmafu,inmafu",902c8fe7-8f38-45b0-854e-c324fed36303,f5fc4e61-b7a0-414b-ab68-b41cb23e7fdc,NA,91d2f516-bdfa-458f-bad1-66717101b49f,f5fc4e61-b7a0-414b-ab68-b41cb23e7fdc,RU,EML,2026-08-21T18:06:57.852+00:00,2026-08-21T18:14:14.746+00:00,610,PRESERVED_SPECIMEN,PRESENT,4005851,6,7707728,220,1353,6674,3169330,4005851,Lysimachia chapaensis Merr.,Plantae,Tracheophyta,Ericales,Primulaceae,Lysimachia,SPECIES,ACCEPTED,NA,ASIA,NA,NA,South Asia|South Asia (Asia outside ex-Soviet states and Mongolia)|Vietnam,2024,3,18,2024-03-18,78,78,NA,2025-12-18T11:15:51.000+00:00,2026-08-21T18:14:14.746+00:00,https://plant.depo.msu.ru/open/public/item/MW1048938,http://creativecommons.org/licenses/by/4.0/legalcode,FALSE,MW1048938,none,none,df27e63f-82b2-464e-9286-a96163c961c9,acf523b0-8c81-4813-a85d-2361a8b487d4,FALSE,Moscow Digital Herbarium,Nguyen H.C.,NA,herbarium specimen,none,Magnoliopsida,VN,none,none,ASIA,Viet Nam,EUROPE,Moscow State University,MW1048938,NA,NA,http://grbio.org/institution/moscow-state-university,610,NA,NA,NA,NA,5895917540,en | ru,MW,MW1048938,Physical Object,in collection,MW1048938,Moscow State University,NA,use under CC-BY 4.0,NA,urn:lsid:biocol.org:col:15550,Lysimachia chapaensis Merr.,NA,NA,21.757778,104.573889,https://rscf.ru/en/project/21-77-20042/,4005851,Lysimachia chapaensis,Lysimachia,chapaensis,Kollektor,urn:lsid:biocol.org:col:15550:01,common practice of herbarium collecting,WGS84,Lysimachia chapaensis Merr.,"International Code of Nomenclature for algae, fungi, and plants",manual verification,WGS84,no label data,MW1048938,167708662,363046046,MSU,"Seregin A. P. (Ed.). 2026. Specimen MW1048938 from the collection ""Moscow University Herbarium"" // Depository of Live Systems (branch ""Plants""): Electronic resource. – Moscow State University, Moscow. – Available at: https://plant.depo.mitotech.ru/open/public/item/MW1048938 (indicate access date).",Plantae | Tracheophyta | Magnoliopsida | Ericales | Primulaceae | Myrsinoideae | Lysimachia,Lysimachia,NA,Вербейник,NA,NA,NA,NA,NA,NA,NA,NA,NA,NA,NA,NA,NA,NA,NA,NA,NA,NA,NA,NA,NA,NA,NA,NA,NA,NA,NA,NA,NA,NA,NA,NA,NA,NA,NA,NA,NA,NA,NA,https://plant.depo.msu.ru/open/public/item/MW1048938/img/0.jpg?gbif,FALSE,ok
HERB_0374,sample_images/HERB_0374.jpg,6196923729,Cleistanthus hirsutulus Hook.f.,"colmafu,inmafu",1cbed1d0-f9ac-4b9e-bf3f-a26272bca39e,4fd82480-ea1c-11da-8db4-b8a03c50a862,NA,82d6992a-b20b-4e74-b6ac-6b971b2c485d,4fd82480-ea1c-11da-8db4-b8a03c50a862,JP,EML,2026-07-10T16:35:10.312+00:00,2026-07-18T17:50:38.149+00:00,222,PRESERVED_SPECIMEN,PRESENT,3081768,6,7707728,220,1414,8807,3081487,3081768,Cleistanthus hirsutulus Hook.f.,Plantae,Tracheophyta,Malpighiales,Phyllanthaceae,Cleistanthus,SPECIES,ACCEPTED,NA,ASIA,Bolikhamxai,NA,Asia|Laos|Bolikhamxai|Pakkading|near Ban Naphong; Nam Kading NPA,2024,3,18,2024-03-18,78,78,NA,2025-10-16T00:00:00.000+00:00,2026-07-18T17:50:38.149+00:00,https://www.museum.kagoshima-u.ac.jp/hyouhonsitu.html,http://creativecommons.org/licenses/by/4.0/legalcode,FALSE,4751423f-feb1-4c3b-9f2a-51813ac01a81,none,none,7b6590f0-c03f-409b-ae28-f443c1166d23,e9e6df05-e289-4a64-8ace-a4d5dbd168e4,FALSE,NA,NA,NA,NA,none,Magnoliopsida,LA,none,none,ASIA,Lao People’s Democratic Republic,ASIA,NA,4751423f-feb1-4c3b-9f2a-51813ac01a81,Z1163,NA,NA,232,NA,near Ban Naphong; Nam Kading NPA,NA,"Laos, Bolikhamxai, Pakkading, near Ban Naphong; Nam Kading NPA",6196923729,NA,KAG,4751423f-feb1-4c3b-9f2a-51813ac01a81,NA,NA,KAG187565,KAG,NA,NA,NA,NA,Cleistanthus hirsutulus Hook.f.,NA,NA,18.21978,104.38402,NA,3081768,Cleistanthus hirsutulus,Cleistanthus,hirsutulus,NA,NA,NA,WGS84,NA,NA,NA,NA,obtained using GPS machine,NA,NA,NA,NA,NA,Plantae|Tracheophyta|Magnoliopsida|Malpighiales|Phyllanthaceae|Cleistanthus|hirsutulus,NA,LC,NA,NA,620,NA,NA,NA,NA,NA,NA,NA,NA,NA,NA,NA,NA,NA,Pakkading,NA,NA,NA,NA,NA,NA,NA,NA,NA,NA,NA,NA,500,NA,NA,NA,NA,NA,NA,NA,NA,NA,NA,https://dbs.kaum.kagoshima-u.ac.jp/musedb/s_plant/picture/KAG187565/KAG187565.jpg,FALSE,ok
HERB_0375,sample_images/HERB_0375.jpg,3461938308,Diospyros sylvatica Roxb.,,b5cdf794-8fa4-4a85-8b26-755d087bf531,2cd829bb-b713-433d-99cf-64bef11e5b3e,17abcf75-2f1e-46dd-bf75-a5b21dd02655,86c2834b-fcd6-418d-9b32-aca45110a0fe,2cd829bb-b713-433d-99cf-64bef11e5b3e,FR,EML,2026-08-13T15:27:43.858+00:00,2026-08-24T16:46:25.882+00:00,606,PRESERVED_SPECIMEN,PRESENT,8321948,6,7707728,220,1353,6709,3030169,8321948,Diospyros sylvatica Roxb.,Plantae,Tracheophyta,Ericales,Ebenaceae,Diospyros,SPECIES,ACCEPTED,NA,ASIA,siem réap,none,NA,2021,1,8,2021-01-08,8,8,NA,2022-02-09T10:40:15.000+00:00,2026-08-24T16:46:25.882+00:00,NA,http://creativecommons.org/licenses/by/4.0/legalcode,FALSE,http://coldb.mnhn.fr/catalognumber/mnhn/p/p01190816,none,none,6a6ac6c5-1b8a-48db-91a2-f8661274ff80,bc3d39fd-a7d4-4763-b951-2bdeddd8a5d2,FALSE,NA,"Hul, S.|Peou, Y.|Ratanak, V.",Hul,hb,none,Magnoliopsida,KH,none,none,ASIA,Cambodia,EUROPE,NA,http://coldb.mnhn.fr/catalognumber/mnhn/p/p01190816,NA,NA,http://grbio.org/institution/museum-national-dhistoire-naturelle,654,NA,NA,7207,Sangkat Slorkram,3461938308,NA,P,http://coldb.mnhn.fr/catalognumber/mnhn/p/p01190816,NA,NA,P01190816,MNHN,NA,NA,NA,NA,Diospyros sylvatica Roxb.,NA,NA,NA,NA,NA,8321948,Diospyros sylvatica,Diospyros,sylvatica,NA,NA,NA,NA,NA,NA,NA,NA,NA,NA,NA,NA,NA,NA,NA,NA,LC,NA,NA,NA,NA,NA,NA,NA,NA,NA,NA,NA,NA,NA,NA,NA,"Arbre pouvant atteindre 10 m de haut , branches étalées. Feuilles alternes, elliptiques-oblongues, atténuées à la base, subacuminées au sommet, 10-17 x 2-5 cm",Phum Daun Pa,NA,NA,NA,NA,NA,NA,NA,NA,NA,NA,NA,NA,NA,NA,NA,NA,NA,NA,NA,NA,NA,NA,NA,https://mediaphoto.mnhn.fr/media/1644399613534VD1q9FAIglHV8NVF,FALSE,error
HERB_0376,sample_images/HERB_0376.jpg,6196924289,Combretum pilosum Roxb. ex G.Don,"colmafu,inmafu",1cbed1d0-f9ac-4b9e-bf3f-a26272bca39e,4fd82480-ea1c-11da-8db4-b8a03c50a862,NA,82d6992a-b20b-4e74-b6ac-6b971b2c485d,4fd82480-ea1c-11da-8db4-b8a03c50a862,JP,EML,2026-07-10T16:35:10.312+00:00,2026-07-18T17:50:16.767+00:00,222,PRESERVED_SPECIMEN,PRESENT,8408594,6,7707728,220,690,2431,2986357,8408594,Combretum pilosum Roxb. ex G.Don,Plantae,Tracheophyta,Myrtales,Combretaceae,Combretum,SPECIES,PROVISIONALLY_ACCEPTED,NA,ASIA,Khammouan,NA,Asia|Laos|Khammouan|Khounkham|near Ban Nong Kok,2024,3,16,2024-03-16,76,76,NA,2025-10-16T00:00:00.000+00:00,2026-07-18T17:50:16.767+00:00,https://www.museum.kagoshima-u.ac.jp/hyouhonsitu.html,http://creativecommons.org/licenses/by/4.0/legalcode,FALSE,0d75c8a5-3e56-4580-aa2d-4934b3bacce1,none,none,7b6590f0-c03f-409b-ae28-f443c1166d23,e9e6df05-e289-4a64-8ace-a4d5dbd168e4,FALSE,NA,NA,NA,NA,none,Magnoliopsida,LA,none,none,ASIA,Lao People’s Democratic Republic,ASIA,NA,0d75c8a5-3e56-4580-aa2d-4934b3bacce1,Z947,NA,NA,232,NA,near Ban Nong Kok,NA,"Laos, Khammouan, Khounkham, near Ban Nong Kok",6196924289,NA,KAG,0d75c8a5-3e56-4580-aa2d-4934b3bacce1,NA,NA,KAG187357,KAG,NA,NA,NA,NA,Combretum pilosum Roxb. ex G.Don,NA,NA,18.20473,104.584,NA,8408594,Combretum pilosum,Combretum,pilosum,NA,NA,NA,WGS84,NA,NA,NA,NA,obtained using GPS machine,NA,NA,NA,NA,NA,Plantae|Tracheophyta|Magnoliopsida|Myrtales|Combretaceae|Combretum|pilosum,NA,NA,NA,NA,709,NA,NA,NA,NA,NA,NA,NA,NA,NA,NA,NA,NA,NA,Khounkham,NA,NA,NA,NA,NA,NA,NA,NA,NA,NA,NA,NA,500,NA,NA,NA,NA,NA,NA,NA,NA,NA,NA,https://dbs.kaum.kagoshima-u.ac.jp/musedb/s_plant/picture/KAG187357/KAG187357.jpg,FALSE,ok
HERB_0377,sample_images/HERB_0377.jpg,4926517464,Elaeocarpus mutabilis Weibel,"cdc,cdround,gass84,incomis,inmafu",cd6e21c8-9e8a-493a-8a76-fbf7862069e5,061b4f20-f241-11da-a328-b8a03c50a862,17abcf75-2f1e-46dd-bf75-a5b21dd02655,996e30f8-f762-11e1-a439-00145eb45e9a,061b4f20-f241-11da-a328-b8a03c50a862,GB,DWC_ARCHIVE,2026-08-24T12:51:18.333+00:00,2026-08-24T20:50:12.841+00:00,539,PRESERVED_SPECIMEN,PRESENT,4032227,6,7707728,220,7224021,2435,3152094,4032227,Elaeocarpus mutabilis Weibel,Plantae,Tracheophyta,Oxalidales,Elaeocarpaceae,Elaeocarpus,SPECIES,ACCEPTED,NA,ASIA,NA,NA,Andulau FR,2019,11,13,2019-11-13T00:00,317,317,NA,2026-01-25T18:17:20.613+00:00,2026-08-24T20:50:12.841+00:00,NA,http://creativecommons.org/licenses/by/4.0/legalcode,FALSE,K001935622,none,none,fa252605-26f6-426c-9892-94d071c2c77f,NA,TRUE,NA,"Lim, W.H.; Bazilah, I.; Azlan, P.; Clayton, J.",NA,NA,none,Magnoliopsida,BN,none,none,ASIA,Brunei Darussalam,EUROPE,NA,K001935622,LWH 134,NA,NA,539,NA,"Near entrance to the reserves, by the path.",NA,NA,4926517464,NA,Herbarium,http://specimens.kew.org/herbarium/K001935622,NA,NA,K001935622,K,NA,NA,NA,NA,Elaeocarpus mutabilis Weibel,NA,NA,4.650556,114.512222,NA,4032227,Elaeocarpus mutabilis,Elaeocarpus,mutabilis,NA,NA,NA,WGS84,NA,NA,NA,NA,NA,NA,NA,NA,NA,NA,Elaeocarpaceae,NA,LC,NA,NA,NA,NA,NA,NA,NA,NA,NA,NA,Andulau FR,NA,NA,NA,NA,NA,NA,NA,NA,NA,NA,NA,NA,NA,NA,NA,NA,NA,NA,NA,NA,NA,NA,NA,NA,NA,NA,NA,NA,NA,https://d2jcv3kl45hlgi.cloudfront.net/5d7300f8aa54654f5d6c9a12bb757df8.jpg,FALSE,ok
HERB_0378,sample_images/HERB_0378.jpg,4519440226,Cryptocarya ferrea Blume,"incomis,inmafu",cd6e21c8-9e8a-493a-8a76-fbf7862069e5,061b4f20-f241-11da-a328-b8a03c50a862,17abcf75-2f1e-46dd-bf75-a5b21dd02655,996e30f8-f762-11e1-a439-00145eb45e9a,061b4f20-f241-11da-a328-b8a03c50a862,GB,DWC_ARCHIVE,2026-08-24T12:51:18.333+00:00,2026-08-24T20:50:49.013+00:00,539,PRESERVED_SPECIMEN,PRESENT,7304213,6,7707728,220,407,6688,3011993,7304213,Cryptocarya ferrea Blume,Plantae,Tracheophyta,Laurales,Lauraceae,Cryptocarya,SPECIES,ACCEPTED,NA,ASIA,NA,none,NA,2018,3,5,2018-03-05T00:00,64,64,NA,2025-11-18T07:37:09.183+00:00,2026-08-24T20:50:49.013+00:00,NA,http://creativecommons.org/licenses/by/4.0/legalcode,FALSE,K001574296,none,none,fa252605-26f6-426c-9892-94d071c2c77f,NA,FALSE,NA,"Bazilah, I.; Low, Y.W.; Lim, W.H.; Mhd Ariffin, A.K.; Azlan, P.; Watu, A.; Mhd Wafiuddin; Irwani, S.; Shariwal, D.","de Kok, R.",NA,none,Magnoliopsida,BN,none,none,ASIA,Brunei Darussalam,EUROPE,NA,K001574296,B118,NA,NA,539,NA,NA,NA,NA,4519440226,NA,Herbarium,http://specimens.kew.org/herbarium/K001574296,NA,NA,K001574296,K,NA,NA,NA,NA,Cryptocarya ferrea Blume,NA,NA,NA,NA,NA,7304213,Cryptocarya ferrea,Cryptocarya,ferrea,NA,NA,NA,NA,NA,NA,NA,NA,NA,NA,NA,NA,NA,NA,Lauraceae,NA,EN,NA,NA,NA,NA,NA,NA,NA,NA,NA,NA,NA,NA,NA,NA,NA,NA,NA,NA,NA,NA,NA,NA,NA,NA,NA,NA,NA,NA,NA,NA,NA,NA,NA,NA,NA,NA,NA,NA,NA,NA,https://d2jcv3kl45hlgi.cloudfront.net/315afb01989952c091d6b3ba9e37825b.jpg,FALSE,ok
HERB_0379,sample_images/HERB_0379.jpg,2430565409,Gmelina asiatica L.,,b5cdf794-8fa4-4a85-8b26-755d087bf531,2cd829bb-b713-433d-99cf-64bef11e5b3e,17abcf75-2f1e-46dd-bf75-a5b21dd02655,86c2834b-fcd6-418d-9b32-aca45110a0fe,2cd829bb-b713-433d-99cf-64bef11e5b3e,FR,EML,2026-08-13T15:27:43.858+00:00,2026-08-24T16:46:34.628+00:00,606,PRESERVED_SPECIMEN,PRESENT,5341168,6,7707728,220,408,2497,2925650,5341168,Gmelina asiatica L.,Plantae,Tracheophyta,Lamiales,Lamiaceae,Gmelina,SPECIES,ACCEPTED,NA,ASIA,stung trèng,none,NA,2019,2,7,2019-02-07,38,38,NA,2020-01-14T18:34:10.000+00:00,2026-08-24T16:46:34.628+00:00,NA,http://creativecommons.org/licenses/by/4.0/legalcode,FALSE,http://coldb.mnhn.fr/catalognumber/mnhn/p/p00915912,none,none,6a6ac6c5-1b8a-48db-91a2-f8661274ff80,bc3d39fd-a7d4-4763-b951-2bdeddd8a5d2,FALSE,NA,"Hul, S.|Eum, S.|Peou, Y.",Hul,hb,none,Magnoliopsida,KH,none,none,ASIA,Cambodia,EUROPE,NA,http://coldb.mnhn.fr/catalognumber/mnhn/p/p00915912,NA,NA,http://grbio.org/institution/museum-national-dhistoire-naturelle,654,NA,NA,7037,NA,2430565409,NA,P,http://coldb.mnhn.fr/catalognumber/mnhn/p/p00915912,NA,NA,P00915912,MNHN,NA,NA,NA,NA,Gmelina asiatica L.,NA,NA,NA,NA,NA,5341168,Gmelina asiatica,Gmelina,asiatica,NA,NA,NA,NA,NA,NA,NA,NA,NA,NA,NA,NA,NA,NA,NA,NA,LC,NA,NA,NA,NA,NA,NA,NA,NA,NA,NA,NA,NA,NA,NA,NA,"""Arbuste grimpant, épineux, de 5 m de haut. Feuilles ovales, deltoïdes, ou elliptiques, glandulaires en dessous. Inflorescences terminales, en grappes tomenteuses ; fleurs jaune vif. Fruit : drupe subglobuleuse, jaune à maturité""",Siem Pang,Prék Méas,NA,NA,NA,NA,NA,NA,NA,NA,NA,NA,NA,NA,NA,NA,NA,NA,NA,NA,NA,NA,NA,NA,https://mediaphoto.mnhn.fr/media/1579023250100hRO6m0N2k7zN1eDM,TRUE,error
HERB_0380,sample_images/HERB_0380.jpg,4519440418,Litsea firma (Blume) Hook.fil.,"incomis,inmafu",cd6e21c8-9e8a-493a-8a76-fbf7862069e5,061b4f20-f241-11da-a328-b8a03c50a862,17abcf75-2f1e-46dd-bf75-a5b21dd02655,996e30f8-f762-11e1-a439-00145eb45e9a,061b4f20-f241-11da-a328-b8a03c50a862,GB,DWC_ARCHIVE,2026-08-24T12:51:18.333+00:00,2026-08-24T20:49:51.139+00:00,539,PRESERVED_SPECIMEN,PRESENT,4176665,6,7707728,220,407,6688,3033976,4176665,Litsea firma (Blume) Hook.fil.,Plantae,Tracheophyta,Laurales,Lauraceae,Litsea,SPECIES,ACCEPTED,NA,ASIA,NA,none,NA,2021,5,11,2021-05-11T00:00,131,131,NA,2025-11-09T07:07:33.707+00:00,2026-08-24T20:49:51.139+00:00,NA,http://creativecommons.org/licenses/by/4.0/legalcode,FALSE,K001528799,none,none,fa252605-26f6-426c-9892-94d071c2c77f,NA,FALSE,NA,"Ng, X.Y.; Lim, R.C.J.",NA,NA,none,Magnoliopsida,SG,none,none,ASIA,Singapore,EUROPE,NA,K001528799,SING 2021-305,NA,NA,539,NA,NA,NA,NA,4519440418,NA,Herbarium,http://specimens.kew.org/herbarium/K001528799,NA,NA,K001528799,K,NA,NA,NA,NA,Litsea firma (Blume) Hook.fil.,NA,NA,NA,NA,NA,4176665,Litsea firma,Litsea,firma,NA,NA,NA,NA,NA,NA,NA,NA,NA,NA,NA,NA,NA,NA,Lauraceae,NA,NA,NA,NA,NA,NA,NA,NA,NA,NA,NA,NA,NA,NA,NA,NA,NA,NA,NA,NA,NA,NA,NA,NA,NA,NA,NA,NA,NA,NA,NA,NA,NA,NA,NA,NA,NA,NA,NA,NA,NA,NA,https://d2jcv3kl45hlgi.cloudfront.net/385d5c5094e41a0f1ea3727404ba1ebd.jpg,FALSE,ok
HERB_0381,sample_images/HERB_0381.jpg,5895915542,Styrax tonkinensis (Pierre) Craib ex Hartwich,"cdc,colmafu,inmafu",902c8fe7-8f38-45b0-854e-c324fed36303,f5fc4e61-b7a0-414b-ab68-b41cb23e7fdc,NA,91d2f516-bdfa-458f-bad1-66717101b49f,f5fc4e61-b7a0-414b-ab68-b41cb23e7fdc,RU,EML,2026-08-21T18:06:57.852+00:00,2026-08-21T18:14:16.199+00:00,610,PRESERVED_SPECIMEN,PRESENT,5371676,6,7707728,220,1353,2507,3032925,5371676,Styrax tonkinensis (Pierre) Craib ex Hartwich,Plantae,Tracheophyta,Ericales,Styracaceae,Styrax,SPECIES,ACCEPTED,NA,ASIA,NA,NA,South Asia|South Asia (Asia outside ex-Soviet states and Mongolia)|Vietnam,2024,4,25,2024-04-25,116,116,NA,2025-12-18T11:15:51.000+00:00,2026-08-21T18:14:16.199+00:00,https://plant.depo.msu.ru/open/public/item/MW1048953,http://creativecommons.org/licenses/by/4.0/legalcode,FALSE,MW1048953,none,none,df27e63f-82b2-464e-9286-a96163c961c9,acf523b0-8c81-4813-a85d-2361a8b487d4,FALSE,Moscow Digital Herbarium,Nguyen H.C.,NA,herbarium specimen,none,Magnoliopsida,VN,none,none,ASIA,Viet Nam,EUROPE,Moscow State University,MW1048953,NA,NA,http://grbio.org/institution/moscow-state-university,610,NA,NA,NA,NA,5895915542,en | ru,MW,MW1048953,Physical Object,in collection,MW1048953,Moscow State University,NA,use under CC-BY 4.0,NA,urn:lsid:biocol.org:col:15550,Styrax tonkinensis (Pierre) Craib ex Hartwich,NA,NA,22.46,105.655,https://rscf.ru/en/project/21-77-20042/,5371676,Styrax tonkinensis,Styrax,tonkinensis,Kollektor,urn:lsid:biocol.org:col:15550:01,common practice of herbarium collecting,WGS84,Styrax tonkinensis (Pierre) Craib ex Hartwich,"International Code of Nomenclature for algae, fungi, and plants",manual verification,WGS84,no label data,MW1048953,73410320,363097240,MSU,"Seregin A. P. (Ed.). 2026. Specimen MW1048953 from the collection ""Moscow University Herbarium"" // Depository of Live Systems (branch ""Plants""): Electronic resource. – Moscow State University, Moscow. – Available at: https://plant.depo.mitotech.ru/open/public/item/MW1048953 (indicate access date).",Plantae | Tracheophyta | Magnoliopsida | Ericales | Styracaceae | Styrax,Styrax,LC,NA,NA,NA,NA,NA,NA,NA,NA,NA,NA,NA,NA,NA,NA,NA,NA,NA,NA,NA,NA,NA,NA,NA,NA,NA,NA,NA,NA,NA,NA,NA,NA,NA,NA,NA,NA,NA,NA,NA,NA,https://plant.depo.msu.ru/open/public/item/MW1048953/img/0.jpg?gbif,FALSE,ok
HERB_0382,sample_images/HERB_0382.jpg,2430565399,Sphaeranthus africanus L.,,b5cdf794-8fa4-4a85-8b26-755d087bf531,2cd829bb-b713-433d-99cf-64bef11e5b3e,17abcf75-2f1e-46dd-bf75-a5b21dd02655,86c2834b-fcd6-418d-9b32-aca45110a0fe,2cd829bb-b713-433d-99cf-64bef11e5b3e,FR,EML,2026-08-13T15:27:43.858+00:00,2026-08-24T16:46:29.656+00:00,606,PRESERVED_SPECIMEN,PRESENT,7729020,6,7707728,220,414,3065,3094647,7729020,Sphaeranthus africanus L.,Plantae,Tracheophyta,Asterales,Asteraceae,Sphaeranthus,SPECIES,ACCEPTED,NA,ASIA,kompong chhnang,none,NA,2019,2,24,2019-02-24,55,55,NA,2020-01-14T18:34:16.000+00:00,2026-08-24T16:46:29.656+00:00,NA,http://creativecommons.org/licenses/by/4.0/legalcode,FALSE,http://coldb.mnhn.fr/catalognumber/mnhn/p/p00915933,none,none,6a6ac6c5-1b8a-48db-91a2-f8661274ff80,bc3d39fd-a7d4-4763-b951-2bdeddd8a5d2,FALSE,NA,"Hul, S.|Eum, S.|Peou, Y.",Hul,hb,none,Magnoliopsida,KH,none,none,ASIA,Cambodia,EUROPE,NA,http://coldb.mnhn.fr/catalognumber/mnhn/p/p00915933,NA,NA,http://grbio.org/institution/museum-national-dhistoire-naturelle,654,NA,NA,7059,NA,2430565399,NA,P,http://coldb.mnhn.fr/catalognumber/mnhn/p/p00915933,NA,NA,P00915933,MNHN,NA,NA,NA,NA,Sphaeranthus africanus L.,NA,NA,NA,NA,NA,7729020,Sphaeranthus africanus,Sphaeranthus,africanus,NA,NA,NA,NA,NA,NA,NA,NA,NA,NA,NA,NA,NA,NA,NA,NA,LC,NA,NA,NA,NA,NA,NA,NA,NA,NA,NA,NA,NA,NA,NA,NA,"Plante herbacée, de 0,5 cm de haut, pubescente, à tige et rameaux ailés. Feuilles obovales ou oblongues, pubescentes, à marge finement dentée. Inflorescences en capitules composés, plus ou moins ovoïdes, rose violacé",Roléa Ph'éa,"Kang Méas, Kok Bantéay",NA,NA,NA,NA,NA,NA,NA,NA,NA,NA,NA,NA,NA,NA,NA,NA,NA,NA,NA,NA,NA,NA,https://mediaphoto.mnhn.fr/media/1579023255977nBRY0wwn2zEgj2JP,TRUE,error
HERB_0383,sample_images/HERB_0383.jpg,6196923561,Taxotrophis ilicifolia (Kurz) S.Vidal,"colmafu,inmafu",1cbed1d0-f9ac-4b9e-bf3f-a26272bca39e,4fd82480-ea1c-11da-8db4-b8a03c50a862,NA,82d6992a-b20b-4e74-b6ac-6b971b2c485d,4fd82480-ea1c-11da-8db4-b8a03c50a862,JP,EML,2026-07-10T16:35:10.312+00:00,2026-07-18T17:50:37.908+00:00,222,PRESERVED_SPECIMEN,PRESENT,3767205,6,7707728,220,691,6640,7262858,3767205,Taxotrophis ilicifolia (Kurz) S.Vidal,Plantae,Tracheophyta,Rosales,Moraceae,Taxotrophis,SPECIES,ACCEPTED,NA,ASIA,Kien Giang,NA,Asia|Vietnam|Kien Giang|Kien Luong Dist.|Mt. Mo So,2024,5,22,2024-05-22,143,143,NA,2025-10-16T00:00:00.000+00:00,2026-07-18T17:50:37.908+00:00,https://www.museum.kagoshima-u.ac.jp/hyouhonsitu.html,http://creativecommons.org/licenses/by/4.0/legalcode,FALSE,17bb49fd-ff35-4ef5-8f78-0665e8a76bee,none,none,7b6590f0-c03f-409b-ae28-f443c1166d23,e9e6df05-e289-4a64-8ace-a4d5dbd168e4,FALSE,NA,NA,NA,NA,none,Magnoliopsida,VN,none,none,ASIA,Viet Nam,ASIA,NA,17bb49fd-ff35-4ef5-8f78-0665e8a76bee,N479,NA,NA,232,NA,Mt. Mo So,NA,"Vietnam, Kien Giang, Kien Luong Dist., Mt. Mo So",6196923561,NA,KAG,17bb49fd-ff35-4ef5-8f78-0665e8a76bee,NA,NA,KAG188582,KAG,NA,NA,NA,NA,Taxotrophis ilicifolia (Kurz) S.Vidal,NA,NA,10.2277,104.61743,NA,3767205,Taxotrophis ilicifolia,Taxotrophis,ilicifolia,NA,NA,NA,WGS84,NA,NA,NA,NA,obtained using GPS machine,NA,NA,NA,NA,NA,Plantae|Tracheophyta|Magnoliopsida|Rosales|Moraceae|Taxotrophis|ilicifolia,NA,LC,NA,NA,70,NA,NA,NA,NA,NA,NA,NA,NA,NA,NA,NA,NA,NA,Kien Luong Dist.,NA,NA,NA,NA,NA,NA,NA,NA,NA,NA,NA,NA,500,NA,NA,NA,NA,NA,NA,NA,NA,NA,NA,https://dbs.kaum.kagoshima-u.ac.jp/musedb/s_plant/picture/KAG188582/KAG188582.jpg,FALSE,ok
HERB_0384,sample_images/HERB_0384.jpg,3461936311,Alstonia scholaris (L.) R.Br.,,b5cdf794-8fa4-4a85-8b26-755d087bf531,2cd829bb-b713-433d-99cf-64bef11e5b3e,17abcf75-2f1e-46dd-bf75-a5b21dd02655,86c2834b-fcd6-418d-9b32-aca45110a0fe,2cd829bb-b713-433d-99cf-64bef11e5b3e,FR,EML,2026-08-13T15:27:43.858+00:00,2026-08-24T16:46:32.001+00:00,606,PRESERVED_SPECIMEN,PRESENT,5414410,6,7707728,220,412,6701,8412045,5414410,Alstonia scholaris (L.) R.Br.,Plantae,Tracheophyta,Gentianales,Apocynaceae,Alstonia,SPECIES,ACCEPTED,NA,ASIA,siem réap,none,NA,2021,1,8,2021-01-08,8,8,NA,2022-02-09T10:40:05.000+00:00,2026-08-24T16:46:32.001+00:00,NA,http://creativecommons.org/licenses/by/4.0/legalcode,FALSE,http://coldb.mnhn.fr/catalognumber/mnhn/p/p01190810,none,none,6a6ac6c5-1b8a-48db-91a2-f8661274ff80,bc3d39fd-a7d4-4763-b951-2bdeddd8a5d2,FALSE,NA,"Hul, S.|Peou, Y.|Ratanak, V.",Hul,hb,none,Magnoliopsida,KH,none,none,ASIA,Cambodia,EUROPE,NA,http://coldb.mnhn.fr/catalognumber/mnhn/p/p01190810,NA,NA,http://grbio.org/institution/museum-national-dhistoire-naturelle,654,NA,NA,7201,Sangkat Slorkram,3461936311,NA,P,http://coldb.mnhn.fr/catalognumber/mnhn/p/p01190810,NA,NA,P01190810,MNHN,NA,NA,NA,NA,Alstonia scholaris (L.) R.Br.,NA,NA,NA,NA,NA,5414410,Alstonia scholaris,Alstonia,scholaris,NA,NA,NA,NA,NA,NA,NA,NA,NA,NA,NA,NA,NA,NA,NA,NA,LC,NA,NA,NA,NA,NA,NA,NA,NA,NA,NA,NA,NA,NA,NA,NA,"Arbre de 10-20(-40) m de hauteur , des contreforts vers la base du trpnc. Feuilles 4-8, insérées en verticille , limbe elliptique à obovale, obtus et légèrement acuminé au sommet, base cunéée ou décurente sur le pétiole , présence de stipule intrapétiolaire. Inflorescences multiflores terminales ou axillaires. Fruits: une paire de follicules",Phum Daun Pa,NA,NA,NA,NA,NA,NA,NA,NA,NA,NA,NA,NA,NA,NA,NA,NA,NA,NA,NA,NA,NA,NA,NA,https://mediaphoto.mnhn.fr/media/1644399603582ztl4ruSnIKnRDFbg,TRUE,error
HERB_0385,sample_images/HERB_0385.jpg,4519463766,Iodes cirrhosa Turcz.,"cdc,cdround,gass84,incomis,inmafu",cd6e21c8-9e8a-493a-8a76-fbf7862069e5,061b4f20-f241-11da-a328-b8a03c50a862,17abcf75-2f1e-46dd-bf75-a5b21dd02655,996e30f8-f762-11e1-a439-00145eb45e9a,061b4f20-f241-11da-a328-b8a03c50a862,GB,DWC_ARCHIVE,2026-08-24T12:51:18.333+00:00,2026-08-24T20:49:53.611+00:00,539,PRESERVED_SPECIMEN,PRESENT,5529383,6,7707728,220,7223732,2513,3234373,5529383,Iodes cirrhosa Turcz.,Plantae,Tracheophyta,Icacinales,Icacinaceae,Iodes,SPECIES,ACCEPTED,NA,ASIA,NA,NA,Hkamti District,2019,3,27,2019-03-27T00:00,86,86,NA,2025-12-21T03:47:27.683+00:00,2026-08-24T20:49:53.611+00:00,NA,http://creativecommons.org/licenses/by/4.0/legalcode,FALSE,K001635263,none,none,fa252605-26f6-426c-9892-94d071c2c77f,NA,TRUE,NA,"Armstrong, K.; Thet Yu Nwe; Wah Wah Linn; Phoe La Pyae; Myint Oo; Han Sein Myint; Maung Nge; Kyan Kyaung; Than Nyo; Maung Maung; Tote Kyi",NA,NA,none,Magnoliopsida,MM,none,none,ASIA,Myanmar,EUROPE,NA,K001635263,4620,NA,NA,539,NA,"Homalin Township, Htamanthi Wildlife Sanctuary. Nam Khwe Daing stream, camp 1",NA,NA,4519463766,NA,Herbarium,http://specimens.kew.org/herbarium/K001635263,NA,NA,K001635263,K,NA,NA,NA,NA,Iodes cirrhosa Turcz.,NA,NA,25.196444,95.2925,NA,5529383,Iodes cirrhosa,Iodes,cirrhosa,NA,NA,NA,WGS84,NA,NA,NA,NA,NA,NA,NA,NA,NA,NA,Icacinaceae,NA,NA,NA,NA,146,NA,NA,NA,NA,NA,NA,NA,Hkamti District,NA,NA,NA,NA,NA,NA,NA,NA,NA,NA,NA,NA,NA,NA,NA,NA,NA,NA,NA,NA,NA,NA,NA,NA,NA,NA,NA,NA,NA,https://d2jcv3kl45hlgi.cloudfront.net/ea8d6305ad1ee35aeeee097ec82bd4a5.jpg,FALSE,ok
HERB_0386,sample_images/HERB_0386.jpg,4607890502,Boerhavia repens L.,"incomis,inmafu",cd6e21c8-9e8a-493a-8a76-fbf7862069e5,061b4f20-f241-11da-a328-b8a03c50a862,17abcf75-2f1e-46dd-bf75-a5b21dd02655,996e30f8-f762-11e1-a439-00145eb45e9a,061b4f20-f241-11da-a328-b8a03c50a862,GB,DWC_ARCHIVE,2026-08-24T12:51:18.333+00:00,2026-08-24T20:49:57.964+00:00,539,PRESERVED_SPECIMEN,PRESENT,3086288,6,7707728,220,422,6718,3086275,3086288,Boerhavia repens L.,Plantae,Tracheophyta,Caryophyllales,Nyctaginaceae,Boerhavia,SPECIES,ACCEPTED,NA,ASIA,NA,none,NA,2021,4,3,2021-04-03T00:00,93,93,NA,2026-01-25T18:17:20.613+00:00,2026-08-24T20:49:57.964+00:00,NA,http://creativecommons.org/licenses/by/4.0/legalcode,FALSE,K001871933,none,none,fa252605-26f6-426c-9892-94d071c2c77f,NA,FALSE,NA,"Choo, L.M.",NA,NA,none,Magnoliopsida,SG,none,none,ASIA,Singapore,EUROPE,NA,K001871933,LCMJ 2021-024,NA,NA,539,NA,"Outside Block 105, Pasir Ris Street 12",NA,NA,4607890502,NA,Herbarium,http://specimens.kew.org/herbarium/K001871933,NA,NA,K001871933,K,NA,NA,NA,NA,Boerhavia repens L.,NA,NA,NA,NA,NA,3086288,Boerhavia repens,Boerhavia,repens,NA,NA,NA,NA,NA,NA,NA,NA,NA,NA,NA,NA,NA,NA,Nyctaginaceae,NA,NA,NA,NA,NA,NA,NA,NA,NA,NA,NA,NA,NA,NA,NA,NA,NA,NA,NA,NA,NA,NA,NA,NA,NA,NA,NA,NA,NA,NA,NA,NA,NA,NA,NA,NA,NA,NA,NA,NA,NA,NA,https://d2jcv3kl45hlgi.cloudfront.net/a284228060c87036f6dbfd41f2f24ac7.jpg,FALSE,ok
HERB_0387,sample_images/HERB_0387.jpg,4979413240,Cyrtandra disparoides B.L.Burtt,cdc,bf2a4bf0-5f31-11de-b67e-b8a03c50a862,98e934b0-5f31-11de-b67e-b8a03c50a862,"8e30b684-6a54-4aba-aa73-66201c2c736e,17abcf75-2f1e-46dd-bf75-a5b21dd02655",f6fe707e-cced-4efc-b5dc-be4c91b8180a,98e934b0-5f31-11de-b67e-b8a03c50a862,GB,DWC_ARCHIVE,2026-08-13T16:38:58.088+00:00,2026-08-24T20:20:24.782+00:00,445,PRESERVED_SPECIMEN,PRESENT,6365810,6,7707728,220,408,6654,3172659,6365810,Cyrtandra disparoides B.L.Burtt,Plantae,Tracheophyta,Lamiales,Gesneriaceae,Cyrtandra,SPECIES,ACCEPTED,NA,ASIA,Sarawak,NA,Malay Islands,2024,2,28,2024-02-28,59,59,NA,2026-02-02T12:13:51.000+00:00,2026-08-24T20:20:24.782+00:00,NA,http://creativecommons.org/publicdomain/zero/1.0/legalcode,FALSE,https://data.rbge.org.uk/herb/E01494482,none,none,0237598a-853a-492c-af74-a723fe251799,427c8cd7-4358-4a00-9ef3-2b2676d28d1e,FALSE,Edinburgh (E) Herbarium Specimens,"Barber, Sadie, Wilkie, Peter, Sundue, Michael, Jawa, Rantai & Angkabau, Johnny",NA,HERBARIUM SHEET|Silica-dried|Spirit,none,Magnoliopsida,MY,none,none,ASIA,Malaysia,EUROPE,NA,https://data.rbge.org.uk/herb/E01494482,S.110669,"Lowland mixed dipterocarp forest, SSE slope of ridge",https://scientific-collections.gbif.org/institution/0237598a-853a-492c-af74-a723fe251799,445,NA,"Kapit Forest Management Unit (FMU), Permanent Sample Plot",NA,NA,4979413240,NA,E,https://data.rbge.org.uk/herb/E01494482,PhysicalObject,NA,E01494482,RBGE,NA,NA,NA,https://scientific-collections.gbif.org/collection/427c8cd7-4358-4a00-9ef3-2b2676d28d1e,Cyrtandra disparoides B.L.Burtt,NA,NA,1.914222,112.932862,NA,6365810,Cyrtandra disparoides,Cyrtandra,disparoides,NA,NA,NA,WGS84,NA,ICBN,NA,NA,NA,NA,NA,NA,E,NA,NA,NA,NA,NA,NA,NA,NA,NA,NA,NA,NA,NA,NA,NA,NA,NA,NA,NA,NA,NA,NA,NA,28th February 2024,NA,NA,NA,NA,NA,NA,NA,NA,NA,NA,NA,CC0,Royal Botanic Garden Edinburgh,1571806,NA,NA,NA,NA,NA,NA,https://iiif.rbge.org.uk/herb/iiif/E01494482/manifest,FALSE,not_image
HERB_0388,sample_images/HERB_0388.jpg,6367012308,Ardisia polysticta Miq.,"cdc,cdround,gass84,incomis,inmafu",cd6e21c8-9e8a-493a-8a76-fbf7862069e5,061b4f20-f241-11da-a328-b8a03c50a862,17abcf75-2f1e-46dd-bf75-a5b21dd02655,996e30f8-f762-11e1-a439-00145eb45e9a,061b4f20-f241-11da-a328-b8a03c50a862,GB,DWC_ARCHIVE,2026-08-24T12:51:18.333+00:00,2026-08-24T20:50:35.960+00:00,539,PRESERVED_SPECIMEN,PRESENT,7331082,6,7707728,220,1353,6674,3169458,7331082,Ardisia polysticta Miq.,Plantae,Tracheophyta,Ericales,Primulaceae,Ardisia,SPECIES,ACCEPTED,NA,ASIA,NA,NA,NA,2023,9,1,2023-09-01T00:00,244,244,NA,2026-06-03T12:08:57.847+00:00,2026-08-24T20:50:35.960+00:00,NA,http://creativecommons.org/licenses/by/4.0/legalcode,FALSE,K001993268,none,none,fa252605-26f6-426c-9892-94d071c2c77f,NA,TRUE,NA,"Yooprasert, S.; Tamura, M. N.; Fuse, S.; Takahashi, K.; Masuda, R.; Taothong, P.; Saengbuapuean, A.",NA,NA,none,Magnoliopsida,TH,none,none,ASIA,Thailand,EUROPE,NA,K001993268,SY 553,NA,NA,539,NA,"Phu Ruea NP, Nature trail.",NA,NA,6367012308,NA,Herbarium,http://specimens.kew.org/herbarium/K001993268,NA,NA,K001993268,K,NA,NA,NA,NA,Ardisia polysticta Miq.,NA,NA,17.487778,101.349167,NA,7331082,Ardisia polysticta,Ardisia,polysticta,NA,NA,NA,WGS84,NA,NA,NA,NA,NA,NA,NA,NA,NA,NA,Primulaceae,NA,LC,NA,NA,1030,NA,NA,NA,NA,NA,NA,NA,NA,NA,NA,NA,NA,NA,NA,NA,NA,NA,NA,NA,NA,NA,NA,NA,NA,NA,NA,NA,NA,NA,NA,NA,NA,NA,NA,NA,NA,NA,https://d2jcv3kl45hlgi.cloudfront.net/75a41bec24285a8224d43581e16ee425.jpg,FALSE,ok
HERB_0389,sample_images/HERB_0389.jpg,4938754987,Leea indica (Burm.fil.) Merr.,"cdc,cdround,gass84,incomis,inmafu",cd6e21c8-9e8a-493a-8a76-fbf7862069e5,061b4f20-f241-11da-a328-b8a03c50a862,17abcf75-2f1e-46dd-bf75-a5b21dd02655,996e30f8-f762-11e1-a439-00145eb45e9a,061b4f20-f241-11da-a328-b8a03c50a862,GB,DWC_ARCHIVE,2026-08-24T12:51:18.333+00:00,2026-08-24T20:50:07.526+00:00,539,PRESERVED_SPECIMEN,PRESENT,4160336,6,7707728,220,7222050,6672,7303645,4160336,Leea indica (Burm.fil.) Merr.,Plantae,Tracheophyta,Vitales,Vitaceae,Leea,SPECIES,ACCEPTED,NA,ASIA,NA,NA,NA,2019,11,10,2019-11-10T00:00,314,314,NA,2026-01-25T18:17:20.613+00:00,2026-08-24T20:50:07.526+00:00,NA,http://creativecommons.org/licenses/by/4.0/legalcode,FALSE,K001893896,none,none,fa252605-26f6-426c-9892-94d071c2c77f,NA,TRUE,NA,"Lim, W.H.; Bazilah, I.; Watu, A.; Janagrun, E.; Azlan, P.; Clayton, J.",NA,NA,none,Magnoliopsida,BN,none,none,ASIA,Brunei Darussalam,EUROPE,NA,K001893896,LWH 132,NA,NA,539,NA,"Rambai, Ulu Sg. Kiapat, Across the bank from campsite.",NA,NA,4938754987,NA,Herbarium,http://specimens.kew.org/herbarium/K001893896,NA,NA,K001893896,K,NA,NA,NA,NA,Leea indica (Burm.fil.) Merr.,NA,NA,4.548333,114.748889,NA,4160336,Leea indica,Leea,indica,NA,NA,NA,WGS84,NA,NA,NA,NA,NA,NA,NA,NA,NA,NA,Vitaceae,NA,LC,NA,NA,NA,NA,NA,NA,NA,NA,NA,NA,NA,NA,NA,NA,NA,NA,NA,NA,NA,NA,NA,NA,NA,NA,NA,NA,NA,NA,NA,NA,NA,NA,NA,NA,NA,NA,NA,NA,NA,NA,https://d2jcv3kl45hlgi.cloudfront.net/13d825dc94aa0937827a62654c2829e1.jpg,FALSE,ok
HERB_0390,sample_images/HERB_0390.jpg,6196928792,Terminalia catappa L.,"colmafu,inmafu",1cbed1d0-f9ac-4b9e-bf3f-a26272bca39e,4fd82480-ea1c-11da-8db4-b8a03c50a862,NA,82d6992a-b20b-4e74-b6ac-6b971b2c485d,4fd82480-ea1c-11da-8db4-b8a03c50a862,JP,EML,2026-07-10T16:35:10.312+00:00,2026-07-18T17:50:42.395+00:00,222,PRESERVED_SPECIMEN,PRESENT,3189394,6,7707728,220,690,2431,3189387,3189394,Terminalia catappa L.,Plantae,Tracheophyta,Myrtales,Combretaceae,Terminalia,SPECIES,ACCEPTED,NA,ASIA,Kien Giang,NA,Asia|Vietnam|Kien Giang|Kien Luong Dist.|Binh An,2024,5,25,2024-05-25,146,146,NA,2025-10-16T00:00:00.000+00:00,2026-07-18T17:50:42.395+00:00,https://www.museum.kagoshima-u.ac.jp/hyouhonsitu.html,http://creativecommons.org/licenses/by/4.0/legalcode,FALSE,3c0d0913-49ef-4a3e-951e-fbb800315e5b,none,none,7b6590f0-c03f-409b-ae28-f443c1166d23,e9e6df05-e289-4a64-8ace-a4d5dbd168e4,FALSE,NA,NA,NA,NA,none,Magnoliopsida,VN,none,none,ASIA,Viet Nam,ASIA,NA,3c0d0913-49ef-4a3e-951e-fbb800315e5b,N562,NA,NA,232,NA,Binh An,NA,"Vietnam, Kien Giang, Kien Luong Dist., Binh An",6196928792,NA,KAG,3c0d0913-49ef-4a3e-951e-fbb800315e5b,NA,NA,KAG188665,KAG,NA,NA,NA,NA,Terminalia catappa L.,NA,NA,10.15577,104.60976,NA,3189394,Terminalia catappa,Terminalia,catappa,NA,NA,NA,WGS84,NA,NA,NA,NA,obtained using GPS machine,NA,NA,NA,NA,NA,Plantae|Tracheophyta|Magnoliopsida|Myrtales|Combretaceae|Terminalia|catappa,NA,LC,NA,NA,40,NA,NA,NA,NA,NA,NA,NA,NA,NA,NA,NA,NA,NA,Kien Luong Dist.,NA,NA,NA,NA,NA,NA,NA,NA,NA,NA,NA,NA,500,NA,NA,NA,NA,NA,NA,NA,NA,NA,NA,https://dbs.kaum.kagoshima-u.ac.jp/musedb/s_plant/picture/KAG188665/KAG188665.jpg,FALSE,ok
HERB_0391,sample_images/HERB_0391.jpg,6196925158,Macaranga denticulata (Blume) Müll.Arg.,"colmafu,inmafu",1cbed1d0-f9ac-4b9e-bf3f-a26272bca39e,4fd82480-ea1c-11da-8db4-b8a03c50a862,NA,82d6992a-b20b-4e74-b6ac-6b971b2c485d,4fd82480-ea1c-11da-8db4-b8a03c50a862,JP,EML,2026-07-10T16:35:10.312+00:00,2026-07-18T17:50:19.011+00:00,222,PRESERVED_SPECIMEN,PRESENT,3073960,6,7707728,220,1414,4691,3073879,3073960,Macaranga denticulata (Blume) Müll.Arg.,Plantae,Tracheophyta,Malpighiales,Euphorbiaceae,Macaranga,SPECIES,ACCEPTED,NA,ASIA,Khammouan,NA,Asia|Laos|Khammouan|Khounkham|near Ban Nong Kok,2024,3,16,2024-03-16,76,76,NA,2025-10-16T00:00:00.000+00:00,2026-07-18T17:50:19.011+00:00,https://www.museum.kagoshima-u.ac.jp/hyouhonsitu.html,http://creativecommons.org/licenses/by/4.0/legalcode,FALSE,c8caa4a4-b052-4c55-9305-b99281fa3fdf,none,none,7b6590f0-c03f-409b-ae28-f443c1166d23,e9e6df05-e289-4a64-8ace-a4d5dbd168e4,FALSE,NA,NA,NA,NA,none,Magnoliopsida,LA,none,none,ASIA,Lao People’s Democratic Republic,ASIA,NA,c8caa4a4-b052-4c55-9305-b99281fa3fdf,Z872,NA,NA,232,NA,near Ban Nong Kok,NA,"Laos, Khammouan, Khounkham, near Ban Nong Kok",6196925158,NA,KAG,c8caa4a4-b052-4c55-9305-b99281fa3fdf,NA,NA,KAG187284,KAG,NA,NA,NA,NA,Macaranga denticulata (Blume) Müll.Arg.,NA,NA,18.20071,104.59438,NA,3073960,Macaranga denticulata,Macaranga,denticulata,NA,NA,NA,WGS84,NA,NA,NA,NA,obtained using GPS machine,NA,NA,NA,NA,NA,Plantae|Tracheophyta|Magnoliopsida|Malpighiales|Euphorbiaceae|Macaranga|denticulata,NA,LC,NA,NA,606,NA,NA,NA,NA,NA,NA,NA,NA,NA,NA,NA,NA,NA,Khounkham,NA,NA,NA,NA,NA,NA,NA,NA,NA,NA,NA,NA,500,NA,NA,NA,NA,NA,NA,NA,NA,NA,NA,https://dbs.kaum.kagoshima-u.ac.jp/musedb/s_plant/picture/KAG187284/KAG187284.jpg,FALSE,ok
HERB_0392,sample_images/HERB_0392.jpg,4907029796,Docynia indica (Colebr. ex Wall.) Decne.,"osiic,colmano,inmafu",7bd65a7a-f762-11e1-a439-00145eb45e9a,90fd6680-349f-11d8-aa2d-b8a03c50a862,68e8e67a-43e6-44a3-8817-dc0e6b70f973,c4e134d3-c68f-406d-a116-6a37895602e0,90fd6680-349f-11d8-aa2d-b8a03c50a862,US,EML,2026-07-14T21:52:57.898+00:00,2026-07-18T23:13:27.897+00:00,437,PRESERVED_SPECIMEN,PRESENT,3025442,6,7707728,220,691,5015,3001068,3025448,Malus docynioides C.K.Schneid.,Plantae,Tracheophyta,Rosales,Rosaceae,Malus,SPECIES,SYNONYM,2024-01-01T00:00:00,ASIA,NA,none,NA,2024,2,NA,2024-02,NA,NA,NA,2024-04-03T11:20:00.000+00:00,2026-07-18T23:13:27.897+00:00,NA,http://creativecommons.org/licenses/by/4.0/legalcode,FALSE,urn:catalog:MO:Tropicos:103511977,none,none,1be3aa67-8f90-4309-92f4-bd55426a8c09,NA,FALSE,Tropicos,Jan Salick,NA,NA,none,Magnoliopsida,VN,none,none,ASIA,Viet Nam,NORTH_AMERICA,Missouri Botanical Garden,urn:catalog:MO:Tropicos:103511977,10278,NA,NA,441,NA,Truck stops along the road.,2538482,NA,4907029796,NA,Tropicos,urn:catalog:MO:Tropicos:103511977,PhysicalObject,NA,103511977,MO,NA,NA,NA,http://biocol.org/urn:lsid:biocol.org:col:15859,Docynia indica (Colebr. ex Wall.) Decne.,NA,NA,NA,NA,NA,3025448,Malus docynioides,Docynia,indica,NA,NA,NA,NA,NA,ICNafp,NA,NA,NA,NA,NA,NA,MOBOT,http://www.tropicos.org/Specimen/103511977,NA,NA,NA,NA,1,NA,NA,No opinion,2016-01-28T15:41:27.000Z,27806662,MOBOT,http://digir.net/schema/conceptual/darwin/2003/1.0/darwin2.xsd,15000,NA,NA,NA,NA,NA,NA,NA,NA,NA,NA,NA,NA,NA,NA,NA,NA,NA,NA,NA,NA,NA,NA,NA,NA,NA,NA,NA,NA,NA,NA,https://images.mobot.org/tropicosimages6/detailimages/TropicosImagesVol6/102539000/F884EC18-980A-4BAC-81D4-F11CC2F075D9.jpg,FALSE,ok
HERB_0393,sample_images/HERB_0393.jpg,4459009823,Cissus nodosa Blume,,15f819bd-6612-4447-854b-14d12ee1022d,396d5f30-dea9-11db-8ab4-b8a03c50a862,17abcf75-2f1e-46dd-bf75-a5b21dd02655,65eb93af-41b8-4917-a5fc-cfe2a45aa4bf,396d5f30-dea9-11db-8ab4-b8a03c50a862,NL,DWC_ARCHIVE,2026-06-29T11:53:09.940+00:00,2026-08-24T20:54:53.570+00:00,286,PRESERVED_SPECIMEN,PRESENT,3039163,6,7707728,220,7222050,6672,3039160,3039163,Cissus nodosa Blume,Plantae,Tracheophyta,Vitales,Vitaceae,Cissus,SPECIES,ACCEPTED,NA,ASIA,NA,NA,NA,2020,6,3,2020-06-03,155,155,NA,NA,2026-08-24T20:54:53.570+00:00,NA,http://creativecommons.org/publicdomain/zero/1.0/legalcode,FALSE,L.4482922@BRAHMS,none,none,0e919a55-08d3-4bd2-aec1-200858fafd92,0add23db-a8f7-4d15-95ad-4ed0c5c8a055,FALSE,NA,Yeoh YS,NA,NA,none,Magnoliopsida,SG,none,none,ASIA,Singapore,EUROPE,Naturalis Biodiversity Center,L.4482922@BRAHMS,"Yeoh, YS 2020- 582",Edge of secondary forest partch.,https://ror.org/0566bfb96,286,NA,Zhenghua Park.,NA,NA,4459009823,NA,Botany,https://data.biodiversitydata.nl/naturalis/specimen/L.4482922,NA,NA,L.4482922,NA,NA,NA,NA,NA,Cissus nodosa Blume,NA,NA,1.3667,103.8,NA,3039163,Cissus nodosa,Cissus,nodosa,NA,NA,NA,WGS84,NA,ICN,NA,NA,NA,NA,NA,NA,NA,NA,Plantae|Vitales|Vitaceae,NA,NA,NA,NA,NA,NA,NA,NA,NA,NA,NA,NA,NA,NA,NA,true,0,NA,NA,NA,NA,NA,NA,NA,NA,NA,NA,NA,NA,NA,NA,NA,NA,NA,NA,NA,NA,NA,NA,NA,NA,NA,https://medialib.naturalis.nl/file/id/L.4482922/format/large,FALSE,ok
HERB_0394,sample_images/HERB_0394.jpg,6196928954,Pilea microphylla (L.) Liebm.,"colmafu,inmafu",1cbed1d0-f9ac-4b9e-bf3f-a26272bca39e,4fd82480-ea1c-11da-8db4-b8a03c50a862,NA,82d6992a-b20b-4e74-b6ac-6b971b2c485d,4fd82480-ea1c-11da-8db4-b8a03c50a862,JP,EML,2026-07-10T16:35:10.312+00:00,2026-07-18T17:50:23.345+00:00,222,PRESERVED_SPECIMEN,PRESENT,5361841,6,7707728,220,691,6639,2984417,5361841,Pilea microphylla (L.) Liebm.,Plantae,Tracheophyta,Rosales,Urticaceae,Pilea,SPECIES,ACCEPTED,NA,ASIA,Kien Giang,NA,Asia|Vietnam|Kien Giang|Kien Luong Dist.|Binh An,2024,5,25,2024-05-25,146,146,NA,2025-10-16T00:00:00.000+00:00,2026-07-18T17:50:23.345+00:00,https://www.museum.kagoshima-u.ac.jp/hyouhonsitu.html,http://creativecommons.org/licenses/by/4.0/legalcode,FALSE,463a821c-f952-4432-af22-946a74b9aec9,none,none,7b6590f0-c03f-409b-ae28-f443c1166d23,e9e6df05-e289-4a64-8ace-a4d5dbd168e4,FALSE,NA,NA,NA,NA,none,Magnoliopsida,VN,none,none,ASIA,Viet Nam,ASIA,NA,463a821c-f952-4432-af22-946a74b9aec9,N565,NA,NA,232,NA,Binh An,NA,"Vietnam, Kien Giang, Kien Luong Dist., Binh An",6196928954,NA,KAG,463a821c-f952-4432-af22-946a74b9aec9,NA,NA,KAG188668,KAG,NA,NA,NA,NA,Pilea microphylla (L.) Liebm.,NA,NA,10.15577,104.60976,NA,5361841,Pilea microphylla,Pilea,microphylla,NA,NA,NA,WGS84,NA,NA,NA,NA,obtained using GPS machine,NA,NA,NA,NA,NA,Plantae|Tracheophyta|Magnoliopsida|Rosales|Urticaceae|Pilea|microphylla,NA,NA,NA,NA,40,NA,NA,NA,NA,NA,NA,NA,NA,NA,NA,NA,NA,NA,Kien Luong Dist.,NA,NA,NA,NA,NA,NA,NA,NA,NA,NA,NA,NA,500,NA,NA,NA,NA,NA,NA,NA,NA,NA,NA,https://dbs.kaum.kagoshima-u.ac.jp/musedb/s_plant/picture/KAG188668/KAG188668.jpg,FALSE,ok
HERB_0395,sample_images/HERB_0395.jpg,4608025527,Erycibe borneensis var. collina Hoogland,"cdc,cdround,gass84,incomis,inmafu",cd6e21c8-9e8a-493a-8a76-fbf7862069e5,061b4f20-f241-11da-a328-b8a03c50a862,17abcf75-2f1e-46dd-bf75-a5b21dd02655,996e30f8-f762-11e1-a439-00145eb45e9a,061b4f20-f241-11da-a328-b8a03c50a862,GB,DWC_ARCHIVE,2026-08-24T12:51:18.333+00:00,2026-08-24T20:49:56.631+00:00,539,PRESERVED_SPECIMEN,PRESENT,8279321,6,7707728,220,1176,2389,7324206,8279321,Erycibe borneensis var. collina Hoogland,Plantae,Tracheophyta,Solanales,Convolvulaceae,Erycibe,VARIETY,ACCEPTED,NA,ASIA,NA,NA,NA,2019,11,7,2019-11-07T00:00,311,311,NA,2026-01-25T18:17:20.613+00:00,2026-08-24T20:49:56.631+00:00,NA,http://creativecommons.org/licenses/by/4.0/legalcode,FALSE,K001925078,none,none,fa252605-26f6-426c-9892-94d071c2c77f,NA,FALSE,NA,"Lim, W.H.; Bazilah, I.; Watu, A.; Janagrun, E.; Azlan, P.; Clayton, J.",NA,NA,none,Magnoliopsida,BN,none,none,ASIA,Brunei Darussalam,EUROPE,NA,K001925078,LWH 33,NA,NA,539,NA,"Tutong, Rambai, Ulu Sg. Kiapat. ",NA,NA,4608025527,NA,Herbarium,http://specimens.kew.org/herbarium/K001925078,NA,NA,K001925078,K,NA,NA,NA,NA,Erycibe borneensis var. collina Hoogland,NA,NA,4.549722,114.748611,NA,3679910,Erycibe borneensis,Erycibe,borneensis,NA,NA,NA,WGS84,NA,NA,NA,NA,NA,NA,NA,NA,NA,NA,Convolvulaceae,NA,NA,NA,NA,NA,NA,NA,NA,NA,NA,NA,NA,NA,collina,NA,NA,NA,NA,NA,NA,NA,NA,NA,NA,NA,NA,NA,NA,NA,NA,NA,NA,NA,NA,NA,NA,NA,NA,NA,NA,NA,NA,https://d2jcv3kl45hlgi.cloudfront.net/6d8e1683ca7c4b7e42b7b2b78f28a4bd.jpg,FALSE,ok
HERB_0396,sample_images/HERB_0396.jpg,5895917248,Ardisia polysticta subsp. polysticta,"cdc,cdround,colmafu,inmafu",902c8fe7-8f38-45b0-854e-c324fed36303,f5fc4e61-b7a0-414b-ab68-b41cb23e7fdc,NA,91d2f516-bdfa-458f-bad1-66717101b49f,f5fc4e61-b7a0-414b-ab68-b41cb23e7fdc,RU,EML,2026-08-21T18:06:57.852+00:00,2026-08-21T18:14:28.667+00:00,610,PRESERVED_SPECIMEN,PRESENT,7331083,6,7707728,220,1353,6674,3169458,7331083,Ardisia polysticta subsp. polysticta,Plantae,Tracheophyta,Ericales,Primulaceae,Ardisia,SUBSPECIES,ACCEPTED,NA,ASIA,NA,NA,South Asia|South Asia (Asia outside ex-Soviet states and Mongolia)|Vietnam,2024,3,18,2024-03-18,78,78,NA,2025-12-18T11:15:51.000+00:00,2026-08-21T18:14:28.667+00:00,https://plant.depo.msu.ru/open/public/item/MW1048930,http://creativecommons.org/licenses/by/4.0/legalcode,FALSE,MW1048930,none,none,df27e63f-82b2-464e-9286-a96163c961c9,acf523b0-8c81-4813-a85d-2361a8b487d4,FALSE,Moscow Digital Herbarium,Nguyen H.C.,NA,herbarium specimen,none,Magnoliopsida,VN,none,none,ASIA,Viet Nam,EUROPE,Moscow State University,MW1048930,NA,NA,http://grbio.org/institution/moscow-state-university,610,NA,NA,NA,NA,5895917248,en | ru,MW,MW1048930,Physical Object,in collection,MW1048930,Moscow State University,NA,use under CC-BY 4.0,NA,urn:lsid:biocol.org:col:15550,Ardisia polysticta subsp. polysticta,NA,NA,21.757778,104.573889,https://rscf.ru/en/project/21-77-20042/,7331082,Ardisia polysticta,Ardisia,polysticta,Kollektor,urn:lsid:biocol.org:col:15550:01,common practice of herbarium collecting,WGS84,Ardisia polysticta subsp. polysticta,"International Code of Nomenclature for algae, fungi, and plants",manual verification,WGS84,no label data,MW1048930,168665445,244114943,MSU,"Seregin A. P. (Ed.). 2026. Specimen MW1048930 from the collection ""Moscow University Herbarium"" // Depository of Live Systems (branch ""Plants""): Electronic resource. – Moscow State University, Moscow. – Available at: https://plant.depo.mitotech.ru/open/public/item/MW1048930 (indicate access date).",Plantae | Tracheophyta | Magnoliopsida | Ericales | Primulaceae | Myrsinoideae | Ardisia | Ardisia polysticta,Ardisia polysticta,NA,Ардизия,NA,NA,NA,NA,NA,NA,NA,NA,NA,NA,polysticta,NA,NA,NA,NA,NA,NA,NA,NA,NA,NA,NA,NA,NA,NA,NA,NA,NA,NA,NA,NA,NA,NA,NA,NA,NA,NA,NA,NA,https://plant.depo.msu.ru/open/public/item/MW1048930/img/0.jpg?gbif,FALSE,ok
HERB_0397,sample_images/HERB_0397.jpg,4607894507,Osmoxylon lineare (Merr.) Philipson,"incomis,inmafu",cd6e21c8-9e8a-493a-8a76-fbf7862069e5,061b4f20-f241-11da-a328-b8a03c50a862,17abcf75-2f1e-46dd-bf75-a5b21dd02655,996e30f8-f762-11e1-a439-00145eb45e9a,061b4f20-f241-11da-a328-b8a03c50a862,GB,DWC_ARCHIVE,2026-08-24T12:51:18.333+00:00,2026-08-24T20:51:01.093+00:00,539,PRESERVED_SPECIMEN,PRESENT,3037188,6,7707728,220,1351,8800,3037116,3037188,Osmoxylon lineare (Merr.) Philipson,Plantae,Tracheophyta,Apiales,Araliaceae,Osmoxylon,SPECIES,ACCEPTED,NA,ASIA,NA,none,NA,2020,4,3,2020-04-03T00:00,94,94,NA,2025-12-30T01:41:10.303+00:00,2026-08-24T20:51:01.093+00:00,NA,http://creativecommons.org/licenses/by/4.0/legalcode,FALSE,K001871938,none,none,fa252605-26f6-426c-9892-94d071c2c77f,NA,FALSE,NA,"Chen, L.M.J.",NA,NA,none,Magnoliopsida,SG,none,none,ASIA,Singapore,EUROPE,NA,K001871938,LCMJ 2020-117,NA,NA,539,NA,NA,NA,NA,4607894507,NA,Herbarium,http://specimens.kew.org/herbarium/K001871938,NA,NA,K001871938,K,NA,NA,NA,NA,Osmoxylon lineare (Merr.) Philipson,NA,NA,NA,NA,NA,3037188,Osmoxylon lineare,Osmoxylon,lineare,NA,NA,NA,NA,NA,NA,NA,NA,NA,NA,NA,NA,NA,NA,Araliaceae,NA,NA,NA,NA,NA,NA,NA,NA,NA,NA,NA,NA,NA,NA,NA,NA,NA,NA,NA,NA,NA,NA,NA,NA,NA,NA,NA,NA,NA,NA,NA,NA,NA,NA,NA,NA,NA,NA,NA,NA,NA,NA,https://d2jcv3kl45hlgi.cloudfront.net/3a6c0fcacb8e121118bfdbc20a56bb56.jpg,FALSE,ok
HERB_0398,sample_images/HERB_0398.jpg,6196927138,Hibiscus tiliaceus L.,"colmafu,inmafu",1cbed1d0-f9ac-4b9e-bf3f-a26272bca39e,4fd82480-ea1c-11da-8db4-b8a03c50a862,NA,82d6992a-b20b-4e74-b6ac-6b971b2c485d,4fd82480-ea1c-11da-8db4-b8a03c50a862,JP,EML,2026-07-10T16:35:10.312+00:00,2026-07-18T17:50:41.012+00:00,222,PRESERVED_SPECIMEN,PRESENT,3152584,6,7707728,220,941,6685,7115793,7115794,Talipariti tiliaceum (L.) Fryxell,Plantae,Tracheophyta,Malvales,Malvaceae,Talipariti,SPECIES,SYNONYM,NA,ASIA,Kien Giang,NA,Asia|Vietnam|Kien Giang|Kien Luong Dist.|Binh An,2024,5,24,2024-05-24,145,145,NA,2025-10-16T00:00:00.000+00:00,2026-07-18T17:50:41.012+00:00,https://www.museum.kagoshima-u.ac.jp/hyouhonsitu.html,http://creativecommons.org/licenses/by/4.0/legalcode,FALSE,42ded3a6-c64d-4514-b5ea-94ad8ce81d2e,none,none,7b6590f0-c03f-409b-ae28-f443c1166d23,e9e6df05-e289-4a64-8ace-a4d5dbd168e4,FALSE,NA,NA,NA,NA,none,Magnoliopsida,VN,none,none,ASIA,Viet Nam,ASIA,NA,42ded3a6-c64d-4514-b5ea-94ad8ce81d2e,N529,NA,NA,232,NA,Binh An,NA,"Vietnam, Kien Giang, Kien Luong Dist., Binh An",6196927138,NA,KAG,42ded3a6-c64d-4514-b5ea-94ad8ce81d2e,NA,NA,KAG188632,KAG,NA,NA,NA,NA,Hibiscus tiliaceus L.,NA,NA,10.15577,104.60976,NA,7115794,Talipariti tiliaceum,Hibiscus,tiliaceus,NA,NA,NA,WGS84,NA,NA,NA,NA,obtained using GPS machine,NA,NA,NA,NA,NA,Plantae|Tracheophyta|Magnoliopsida|Malvales|Malvaceae|Hibiscus|tiliaceus,NA,NA,NA,NA,40,NA,NA,NA,NA,NA,NA,NA,NA,NA,NA,NA,NA,NA,Kien Luong Dist.,NA,NA,NA,NA,NA,NA,NA,NA,NA,NA,NA,NA,500,NA,NA,NA,NA,NA,NA,NA,NA,NA,NA,https://dbs.kaum.kagoshima-u.ac.jp/musedb/s_plant/picture/KAG188632/KAG188632.jpg,FALSE,ok
HERB_0399,sample_images/HERB_0399.jpg,4938750334,Cephalomappa malloticarpa J.J.Sm.,"cdc,cdround,gass84,incomis,inmafu",cd6e21c8-9e8a-493a-8a76-fbf7862069e5,061b4f20-f241-11da-a328-b8a03c50a862,17abcf75-2f1e-46dd-bf75-a5b21dd02655,996e30f8-f762-11e1-a439-00145eb45e9a,061b4f20-f241-11da-a328-b8a03c50a862,GB,DWC_ARCHIVE,2026-08-24T12:51:18.333+00:00,2026-08-24T20:51:45.238+00:00,539,PRESERVED_SPECIMEN,PRESENT,3073718,6,7707728,220,1414,4691,3073709,3073718,Cephalomappa malloticarpa J.J.Sm.,Plantae,Tracheophyta,Malpighiales,Euphorbiaceae,Cephalomappa,SPECIES,ACCEPTED,NA,ASIA,NA,NA,NA,2019,11,10,2019-11-10T00:00,314,314,NA,2026-01-25T18:17:20.613+00:00,2026-08-24T20:51:45.238+00:00,NA,http://creativecommons.org/licenses/by/4.0/legalcode,FALSE,K001893898,none,none,fa252605-26f6-426c-9892-94d071c2c77f,NA,TRUE,NA,"Lim, W.H.; Bazilah, I.; Watu, A.; Janagrun, E.; Azlan, P.; Clayton, J.",NA,NA,none,Magnoliopsida,BN,none,none,ASIA,Brunei Darussalam,EUROPE,NA,K001893898,LWH 115,NA,NA,539,NA,"Rambai, Kpg. Belabau",NA,NA,4938750334,NA,Herbarium,http://specimens.kew.org/herbarium/K001893898,NA,NA,K001893898,K,NA,NA,NA,NA,Cephalomappa malloticarpa J.J.Sm.,NA,NA,4.474167,114.7925,NA,3073718,Cephalomappa malloticarpa,Cephalomappa,malloticarpa,NA,NA,NA,WGS84,NA,NA,NA,NA,NA,NA,NA,NA,NA,NA,Euphorbiaceae,NA,LC,NA,NA,NA,NA,NA,NA,NA,NA,NA,NA,NA,NA,NA,NA,NA,NA,NA,NA,NA,NA,NA,NA,NA,NA,NA,NA,NA,NA,NA,NA,NA,NA,NA,NA,NA,NA,NA,NA,NA,NA,https://d2jcv3kl45hlgi.cloudfront.net/0321716be4f0680b4118934c544f1cbb.jpg,FALSE,ok
HERB_0400,sample_images/HERB_0400.jpg,6196925297,Morinda citrifolia L.,"colmafu,inmafu",1cbed1d0-f9ac-4b9e-bf3f-a26272bca39e,4fd82480-ea1c-11da-8db4-b8a03c50a862,NA,82d6992a-b20b-4e74-b6ac-6b971b2c485d,4fd82480-ea1c-11da-8db4-b8a03c50a862,JP,EML,2026-07-10T16:35:10.312+00:00,2026-07-18T17:50:18.838+00:00,222,PRESERVED_SPECIMEN,PRESENT,5339879,6,7707728,220,412,8798,2915429,5339879,Morinda citrifolia L.,Plantae,Tracheophyta,Gentianales,Rubiaceae,Morinda,SPECIES,ACCEPTED,NA,ASIA,Kien Giang,NA,Asia|Vietnam|Kien Giang|Kien Luong Dist.|Mt. Mo So,2024,5,22,2024-05-22,143,143,NA,2025-10-16T00:00:00.000+00:00,2026-07-18T17:50:18.838+00:00,https://www.museum.kagoshima-u.ac.jp/hyouhonsitu.html,http://creativecommons.org/licenses/by/4.0/legalcode,FALSE,0fa6fb29-cbbc-4147-94e3-6abe72b6b0cc,none,none,7b6590f0-c03f-409b-ae28-f443c1166d23,e9e6df05-e289-4a64-8ace-a4d5dbd168e4,FALSE,NA,NA,NA,NA,none,Magnoliopsida,VN,none,none,ASIA,Viet Nam,ASIA,NA,0fa6fb29-cbbc-4147-94e3-6abe72b6b0cc,N477,NA,NA,232,NA,Mt. Mo So,NA,"Vietnam, Kien Giang, Kien Luong Dist., Mt. Mo So",6196925297,NA,KAG,0fa6fb29-cbbc-4147-94e3-6abe72b6b0cc,NA,NA,KAG188580,KAG,NA,NA,NA,NA,Morinda citrifolia L.,NA,NA,10.2277,104.61743,NA,5339879,Morinda citrifolia,Morinda,citrifolia,NA,NA,NA,WGS84,NA,NA,NA,NA,obtained using GPS machine,NA,NA,NA,NA,NA,Plantae|Tracheophyta|Magnoliopsida|Gentianales|Rubiaceae|Morinda|citrifolia,NA,LC,NA,NA,70,NA,NA,NA,NA,NA,NA,NA,NA,NA,NA,NA,NA,NA,Kien Luong Dist.,NA,NA,NA,NA,NA,NA,NA,NA,NA,NA,NA,NA,500,NA,NA,NA,NA,NA,NA,NA,NA,NA,NA,https://dbs.kaum.kagoshima-u.ac.jp/musedb/s_plant/picture/KAG188580/KAG188580.jpg,FALSE,ok
HERB_0401,sample_images/HERB_0401.jpg,3461947307,Ficus callosa Willd.,,b5cdf794-8fa4-4a85-8b26-755d087bf531,2cd829bb-b713-433d-99cf-64bef11e5b3e,17abcf75-2f1e-46dd-bf75-a5b21dd02655,86c2834b-fcd6-418d-9b32-aca45110a0fe,2cd829bb-b713-433d-99cf-64bef11e5b3e,FR,EML,2026-08-13T15:27:43.858+00:00,2026-08-24T16:46:34.024+00:00,606,PRESERVED_SPECIMEN,PRESENT,5571016,6,7707728,220,691,6640,2984588,5571016,Ficus callosa Willd.,Plantae,Tracheophyta,Rosales,Moraceae,Ficus,SPECIES,ACCEPTED,NA,ASIA,siem réap,none,NA,2021,1,7,2021-01-07,7,7,NA,2022-02-09T10:39:07.000+00:00,2026-08-24T16:46:34.024+00:00,NA,http://creativecommons.org/licenses/by/4.0/legalcode,FALSE,http://coldb.mnhn.fr/catalognumber/mnhn/p/p01190784,none,none,6a6ac6c5-1b8a-48db-91a2-f8661274ff80,bc3d39fd-a7d4-4763-b951-2bdeddd8a5d2,FALSE,NA,"Hul, S.|Peou, Y.|Ratanak, V.",Hul,hb,none,Magnoliopsida,KH,none,none,ASIA,Cambodia,EUROPE,NA,http://coldb.mnhn.fr/catalognumber/mnhn/p/p01190784,NA,NA,http://grbio.org/institution/museum-national-dhistoire-naturelle,654,NA,NA,7175,Sangkat Slorkram,3461947307,NA,P,http://coldb.mnhn.fr/catalognumber/mnhn/p/p01190784,NA,NA,P01190784,MNHN,NA,NA,NA,NA,Ficus callosa Willd.,NA,NA,NA,NA,NA,5571016,Ficus callosa,Ficus,callosa,NA,NA,NA,NA,NA,NA,NA,NA,NA,NA,NA,NA,NA,NA,NA,NA,LC,NA,NA,NA,NA,NA,NA,NA,NA,NA,NA,NA,NA,NA,NA,NA,"Arbre, 20-40 m de haut , contreforts vers la base du tronc. Feuilles en spirale, limbe elliptique, oblongue ou ovale, obtuses au sommet, subcordées à la base, nervures tertiaires scalariformes. Figues axillaires, solitaires, rarement par paire",Phum Daun Pa,NA,NA,NA,NA,NA,NA,NA,NA,NA,NA,NA,NA,NA,NA,NA,NA,NA,NA,NA,NA,NA,NA,NA,https://mediaphoto.mnhn.fr/media/1644399545558naXoDSjyEXJvFkaN,FALSE,error
HERB_0402,sample_images/HERB_0402.jpg,4519459310,Lasianthus hirsutus (Roxb.) Merr.,"cdc,cdround,gass84,incomis,inmafu",cd6e21c8-9e8a-493a-8a76-fbf7862069e5,061b4f20-f241-11da-a328-b8a03c50a862,17abcf75-2f1e-46dd-bf75-a5b21dd02655,996e30f8-f762-11e1-a439-00145eb45e9a,061b4f20-f241-11da-a328-b8a03c50a862,GB,DWC_ARCHIVE,2026-08-24T12:51:18.333+00:00,2026-08-24T20:51:34.455+00:00,539,PRESERVED_SPECIMEN,PRESENT,5337027,6,7707728,220,412,8798,2902349,5337027,Lasianthus hirsutus (Roxb.) Merr.,Plantae,Tracheophyta,Gentianales,Rubiaceae,Lasianthus,SPECIES,ACCEPTED,NA,ASIA,NA,NA,NA,2022,7,12,2022-07-12T00:00,193,193,NA,2025-12-29T02:56:00.430+00:00,2026-08-24T20:51:34.455+00:00,NA,http://creativecommons.org/licenses/by/4.0/legalcode,FALSE,K001767394,none,none,fa252605-26f6-426c-9892-94d071c2c77f,NA,FALSE,NA,"Balslev, H.; Poopath, M.; Karaket, P.; Thaotawin, P.; Kladwong, P.; Rujichaipimon, W.;  Brem Nøhr, N.",NA,NA,none,Magnoliopsida,TH,none,none,ASIA,Thailand,EUROPE,NA,K001767394,10240,NA,NA,539,NA,Road to Huamang Bay.,NA,NA,4519459310,NA,Herbarium,http://specimens.kew.org/herbarium/K001767394,NA,NA,K001767394,K,NA,NA,NA,NA,Lasianthus hirsutus (Roxb.) Merr.,NA,NA,11.966944,102.422222,NA,5337027,Lasianthus hirsutus,Lasianthus,hirsutus,NA,NA,NA,WGS84,NA,NA,NA,NA,NA,NA,NA,NA,NA,NA,Rubiaceae,NA,NA,NA,NA,30,20,NA,NA,NA,NA,NA,NA,NA,NA,NA,NA,NA,NA,NA,NA,NA,NA,NA,NA,NA,NA,NA,NA,NA,NA,NA,NA,NA,NA,NA,NA,NA,NA,NA,NA,NA,NA,https://d2jcv3kl45hlgi.cloudfront.net/7d54e0dc8c5078dc835b5b9d182ba1e1.jpg,FALSE,ok
HERB_0403,sample_images/HERB_0403.jpg,4420540584,"Dischidanthus thyrsiflorus (Hook.fil.) S.Reuss, Liede & Meve",,bf2a4bf0-5f31-11de-b67e-b8a03c50a862,98e934b0-5f31-11de-b67e-b8a03c50a862,"8e30b684-6a54-4aba-aa73-66201c2c736e,17abcf75-2f1e-46dd-bf75-a5b21dd02655",f6fe707e-cced-4efc-b5dc-be4c91b8180a,98e934b0-5f31-11de-b67e-b8a03c50a862,GB,DWC_ARCHIVE,2026-08-13T16:38:58.088+00:00,2026-08-24T20:20:20.621+00:00,445,PRESERVED_SPECIMEN,PRESENT,12255045,6,7707728,220,412,6701,8294836,12255045,"Dischidanthus thyrsiflorus (Hook.fil.) S.Reuss, Liede & Meve",Plantae,Tracheophyta,Gentianales,Apocynaceae,Dischidanthus,SPECIES,ACCEPTED,NA,ASIA,NA,none,Indo-China,2023,3,NA,2023-03,NA,NA,NA,2023-04-03T13:56:58.000+00:00,2026-08-24T20:20:20.621+00:00,NA,http://creativecommons.org/publicdomain/zero/1.0/legalcode,FALSE,https://data.rbge.org.uk/herb/E01209796,none,none,0237598a-853a-492c-af74-a723fe251799,427c8cd7-4358-4a00-9ef3-2b2676d28d1e,FALSE,Edinburgh (E) Herbarium Specimens,"Maxwell, James F.",NA,HERBARIUM SHEET,none,Magnoliopsida,TH,none,none,ASIA,Thailand,EUROPE,NA,https://data.rbge.org.uk/herb/E01209796,89-754,NA,https://scientific-collections.gbif.org/institution/0237598a-853a-492c-af74-a723fe251799,445,NA,NA,NA,NA,4420540584,NA,E,https://data.rbge.org.uk/herb/E01209796,PhysicalObject,NA,E01209796,RBGE,NA,NA,NA,https://scientific-collections.gbif.org/collection/427c8cd7-4358-4a00-9ef3-2b2676d28d1e,"Dischidanthus thyrsiflorus (Hook.fil.) S.Reuss, Liede & Meve",NA,NA,NA,NA,NA,12255045,Dischidanthus thyrsiflorus,Dischidanthus,thyrsiflorus,NA,NA,NA,NA,NA,ICBN,NA,NA,NA,NA,NA,NA,E,NA,NA,NA,NA,NA,NA,NA,NA,NA,NA,NA,NA,NA,NA,NA,NA,NA,NA,NA,NA,NA,NA,NA,March 2023,NA,NA,NA,NA,NA,NA,NA,NA,NA,NA,NA,CC0,Royal Botanic Garden Edinburgh,1217622,NA,NA,NA,NA,NA,NA,https://iiif.rbge.org.uk/herb/iiif/E01209796/manifest,FALSE,not_image
HERB_0404,sample_images/HERB_0404.jpg,3416544304,Garcinia gummi-gutta (L.) Roxb.,"cdc,gass84",cb9beff3-a185-486f-975a-732251444158,2853c0e7-c758-4c9c-83a2-7c2d18967fb9,17abcf75-2f1e-46dd-bf75-a5b21dd02655,86c2834b-fcd6-418d-9b32-aca45110a0fe,2cd829bb-b713-433d-99cf-64bef11e5b3e,FR,EML,2026-08-13T15:27:43.165+00:00,2026-08-24T18:08:57.536+00:00,586,PRESERVED_SPECIMEN,PRESENT,8222778,6,7707728,220,1414,6646,3189556,7330311,Garcinia gummi-gutta (L.) N.Robson,Plantae,Tracheophyta,Malpighiales,Clusiaceae,Garcinia,SPECIES,SYNONYM,NA,ASIA,NA,NA,NA,2020,3,25,2020-03-25,85,85,NA,2021-12-17T16:45:46.000+00:00,2026-08-24T18:08:57.536+00:00,NA,http://creativecommons.org/licenses/by/4.0/legalcode,FALSE,http://coldb.mnhn.fr/catalognumber/um/mpu/mpu1400352,none,none,17ff2e84-80c7-4904-81c7-26183b3ce46e,1fddc155-2d5b-4b1d-92cb-1268e22cc2bb,FALSE,NA,"Yao, T.L.|Leong, P.K.F.|Lim, W.H.|Chia, E.J.J.",Yao,hb,none,Magnoliopsida,SG,none,none,ASIA,Singapore,EUROPE,NA,http://coldb.mnhn.fr/catalognumber/um/mpu/mpu1400352,NA,NA,http://grscicoll.org/institution/université-montpellier-2,634,NA,NA,86,Singapore Botanic Garden,3416544304,NA,MPU,http://coldb.mnhn.fr/catalognumber/um/mpu/mpu1400352,NA,NA,MPU1400352,UM,NA,NA,NA,NA,Garcinia gummi-gutta (L.) Roxb.,NA,NA,1.39487,103.81105,NA,7330311,Garcinia gummi-gutta,Garcinia,gummi-gutta,NA,NA,NA,WGS84,NA,NA,NA,NA,NA,NA,NA,NA,NA,NA,NA,NA,NA,NA,NA,NA,NA,NA,NA,NA,NA,NA,NA,NA,NA,NA,NA,3348.8504043166813,"Tree tag: 42/91/117*C. Distribution: India, Sri Lanka. Wound exudate yellow",NA,NA,NA,NA,NA,NA,NA,NA,NA,NA,Cultivated.,NA,NA,NA,NA,NA,NA,NA,NA,NA,NA,NA,NA,NA,https://mediaphoto.mnhn.fr/media/16397559457713SEIr2vUvtMTWS6C,FALSE,error
HERB_0405,sample_images/HERB_0405.jpg,5106374557,Streblus zeylanicus (Thwaites) Kurz,,bf2a4bf0-5f31-11de-b67e-b8a03c50a862,98e934b0-5f31-11de-b67e-b8a03c50a862,"8e30b684-6a54-4aba-aa73-66201c2c736e,17abcf75-2f1e-46dd-bf75-a5b21dd02655",f6fe707e-cced-4efc-b5dc-be4c91b8180a,98e934b0-5f31-11de-b67e-b8a03c50a862,GB,DWC_ARCHIVE,2026-08-13T16:38:58.088+00:00,2026-08-24T20:20:59.053+00:00,445,PRESERVED_SPECIMEN,PRESENT,7542678,6,7707728,220,691,6640,7262858,3767138,Taxotrophis zeylanica (Thwaites) Thwaites,Plantae,Tracheophyta,Rosales,Moraceae,Taxotrophis,SPECIES,SYNONYM,NA,ASIA,Sagaing,none,Myanmar (Burma),2019,3,5,2019-03-05,64,64,NA,2025-05-02T10:28:51.000+00:00,2026-08-24T20:20:59.053+00:00,NA,http://creativecommons.org/publicdomain/zero/1.0/legalcode,FALSE,https://data.rbge.org.uk/herb/E01537096,none,none,0237598a-853a-492c-af74-a723fe251799,427c8cd7-4358-4a00-9ef3-2b2676d28d1e,FALSE,Edinburgh (E) Herbarium Specimens,"Armstrong, Kathleen Ellen, Nwe, Thet Yu, Kramer, Marshall, Linn, Wah Wah, Myint, Thar, Pyae, Phoe La, Kyi, Aung, Nyo, Kyi & Win, Tun Tun",NA,HERBARIUM SHEET,none,Magnoliopsida,MM,none,none,ASIA,Myanmar,EUROPE,NA,https://data.rbge.org.uk/herb/E01537096,4339,Growing in disturbed vegetation around village.,https://scientific-collections.gbif.org/institution/0237598a-853a-492c-af74-a723fe251799,445,NA,Nam Sa Bi village,NA,NA,5106374557,NA,E,https://data.rbge.org.uk/herb/E01537096,PhysicalObject,NA,E01537096,RBGE,NA,NA,NA,https://scientific-collections.gbif.org/collection/427c8cd7-4358-4a00-9ef3-2b2676d28d1e,Streblus zeylanicus (Thwaites) Kurz,NA,NA,NA,NA,NA,3767138,Taxotrophis zeylanica,Streblus,zeylanicus,NA,NA,NA,NA,NA,ICBN,NA,NA,NA,NA,NA,NA,E,NA,NA,NA,NA,NA,NA,NA,NA,NA,NA,NA,NA,NA,NA,NA,NA,NA,NA,NA,NA,Hkamti,NA,NA,5th March 2019,NA,NA,NA,NA,NA,NA,NA,NA,NA,NA,NA,CC0,Royal Botanic Garden Edinburgh,1751982,NA,NA,NA,NA,NA,NA,https://iiif.rbge.org.uk/herb/iiif/E01537096/manifest,FALSE,not_image
HERB_0406,sample_images/HERB_0406.jpg,5105795139,Trema tomentosum (Roxb.) H.Hara,"cdc,txmatfuz,colmafu,inmafu",07a54454-87c7-4e1e-b2ba-88a9d98d534b,0cbfea81-f7f6-43a7-a5bc-9b38898b505d,NA,19893c10-381e-4534-9bb8-6c37d03ad29e,3c5e4331-7f2f-4a8d-aa56-81ece7014fc8,AU,DWC_ARCHIVE,2026-08-16T14:45:09.476+00:00,2026-08-24T20:30:16.016+00:00,478,PRESERVED_SPECIMEN,PRESENT,7303576,6,7707728,220,691,2384,2984500,7303576,Trema tomentosum (Roxb.) H.Hara,Plantae,Tracheophyta,Rosales,Cannabaceae,Trema,SPECIES,ACCEPTED,2019-05-01T00:00:00,ASIA,NA,NA,NA,2019,2,23,2019-02-23,54,54,NA,2024-05-30T14:46:57.000+00:00,2026-08-24T20:30:16.016+00:00,NA,http://creativecommons.org/licenses/by/4.0/legalcode,FALSE,cc493c80-8c4f-468c-a2d8-9b66f6ef9c39,none,none,bbd52eff-157b-4c0c-908c-1da4095d7c17,8115adac-2a60-4792-b67b-411865f3a16a,TRUE,NA,"McKenna, S.G.","Booth, R.",sheet,none,Magnoliopsida,TL,none,none,ASIA,Timor-Leste,OCEANIA,NA,cc493c80-8c4f-468c-a2d8-9b66f6ef9c39,2093,"Full sun, roadside. Upper slope. With dense Chromolaena & scattered Lantana.",NA,478,"{originatingHerbarium:BRI,duplicatesDistributedTo:CANB | NSW}","Timor Leste, Liquica District, Bazartete Subdistrict, Ulmera Locality.",NA,NA,5105795139,NA,NSW,cc493c80-8c4f-468c-a2d8-9b66f6ef9c39,PhysicalObject,in collection,NSW949417,NSW,"Trees to 6 m. Stems zig-zag, reddish-pink. Bark fibrous. Leaves hairy, discolourous. Flowers in axillary panicles. Occasional. Digital image at BRI.",NA,NA,NA,Trema tomentosum (Roxb.) H.Hara,NA,fertile,-8.64389,125.44111,NA,7303576,Trema tomentosum,Trema,tomentosum,NA,NA,NA,WGS84,NA,ICN,NA,EPSG:4326,NA,NA,NA,NA,NA,NA,NA,NA,LC,Native Peach,NA,NA,NA,NA,NA,NA,NA,NA,NA,NA,NA,NA,NA,NA,NA,NA,NA,BRI AQ1003404,NA,NA,NA,NA,NA,NA,NA,NA,NA,NA,50,GPS,NA,NA,NA,1e-5,https://id.biodiversity.org.au/node/apni/2909991,7000,decimal degrees,Trema tomentosa,species,https://images.ala.org.au/image/proxyImageThumbnailLarge?imageId=b3173cad-ea7d-4f40-a72a-ac1b013b2e5c,TRUE,ok
HERB_0407,sample_images/HERB_0407.jpg,6196927107,Antidesma ghaesembilla Gaertn.,"colmafu,inmafu",1cbed1d0-f9ac-4b9e-bf3f-a26272bca39e,4fd82480-ea1c-11da-8db4-b8a03c50a862,NA,82d6992a-b20b-4e74-b6ac-6b971b2c485d,4fd82480-ea1c-11da-8db4-b8a03c50a862,JP,EML,2026-07-10T16:35:10.312+00:00,2026-07-18T17:50:21.306+00:00,222,PRESERVED_SPECIMEN,PRESENT,3076438,6,7707728,220,1414,8807,2874170,3076438,Antidesma ghaesembilla Gaertn.,Plantae,Tracheophyta,Malpighiales,Phyllanthaceae,Antidesma,SPECIES,ACCEPTED,NA,ASIA,Kien Giang,NA,Asia|Vietnam|Kien Giang|Kien Luong Dist.|Binh An,2024,5,25,2024-05-25,146,146,NA,2025-10-16T00:00:00.000+00:00,2026-07-18T17:50:21.306+00:00,https://www.museum.kagoshima-u.ac.jp/hyouhonsitu.html,http://creativecommons.org/licenses/by/4.0/legalcode,FALSE,533edcbe-0aba-4ecb-95b7-d2de2ce76af4,none,none,7b6590f0-c03f-409b-ae28-f443c1166d23,e9e6df05-e289-4a64-8ace-a4d5dbd168e4,FALSE,NA,NA,NA,NA,none,Magnoliopsida,VN,none,none,ASIA,Viet Nam,ASIA,NA,533edcbe-0aba-4ecb-95b7-d2de2ce76af4,N561,NA,NA,232,NA,Binh An,NA,"Vietnam, Kien Giang, Kien Luong Dist., Binh An",6196927107,NA,KAG,533edcbe-0aba-4ecb-95b7-d2de2ce76af4,NA,NA,KAG188664,KAG,NA,NA,NA,NA,Antidesma ghaesembilla Gaertn.,NA,NA,10.15577,104.60976,NA,3076438,Antidesma ghaesembilla,Antidesma,ghaesembilla,NA,NA,NA,WGS84,NA,NA,NA,NA,obtained using GPS machine,NA,NA,NA,NA,NA,Plantae|Tracheophyta|Magnoliopsida|Malpighiales|Phyllanthaceae|Antidesma|ghaesembilla,NA,LC,NA,NA,40,NA,NA,NA,NA,NA,NA,NA,NA,NA,NA,NA,NA,NA,Kien Luong Dist.,NA,NA,NA,NA,NA,NA,NA,NA,NA,NA,NA,NA,500,NA,NA,NA,NA,NA,NA,NA,NA,NA,NA,https://dbs.kaum.kagoshima-u.ac.jp/musedb/s_plant/picture/KAG188664/KAG188664.jpg,FALSE,ok
HERB_0408,sample_images/HERB_0408.jpg,1933395602,Geranium regelii Nevski,cum,bf2a4bf0-5f31-11de-b67e-b8a03c50a862,98e934b0-5f31-11de-b67e-b8a03c50a862,"8e30b684-6a54-4aba-aa73-66201c2c736e,17abcf75-2f1e-46dd-bf75-a5b21dd02655",f6fe707e-cced-4efc-b5dc-be4c91b8180a,98e934b0-5f31-11de-b67e-b8a03c50a862,GB,DWC_ARCHIVE,2026-08-13T16:38:58.088+00:00,2026-08-24T20:20:01.961+00:00,445,PRESERVED_SPECIMEN,PRESENT,2891145,6,7707728,220,624,4676,2889949,2890565,Geranium saxatile Kar. & Kir.,Plantae,Tracheophyta,Geraniales,Geraniaceae,Geranium,SPECIES,SYNONYM,NA,ASIA,NA,none,Northern Asia,2018,8,8,2018-08-08,220,220,NA,2018-10-31T00:00:00.000+00:00,2026-08-24T20:20:01.961+00:00,NA,http://creativecommons.org/publicdomain/zero/1.0/legalcode,FALSE,https://data.rbge.org.uk/herb/E00850183,none,none,0237598a-853a-492c-af74-a723fe251799,427c8cd7-4358-4a00-9ef3-2b2676d28d1e,FALSE,Edinburgh (E) Herbarium Specimens,"Pamirs Expedition to Central Asia Tajikistan,",NA,HERBARIUM SHEET,none,Magnoliopsida,TL,none,none,ASIA,Timor-Leste,EUROPE,NA,https://data.rbge.org.uk/herb/E00850183,6,"Small pocket wet and shady ground, north facing under small shrubs.;  Vegetation: Cotoneaster and Rose",https://scientific-collections.gbif.org/institution/0237598a-853a-492c-af74-a723fe251799,445,NA,"Tajikistan:Gorno Badakshan:About 20 km south of Khorog, between Nishop and Andarob up a valley by a stream Bejundara",NA,NA,1933395602,NA,E,https://data.rbge.org.uk/herb/E00850183,PhysicalObject,NA,E00850183,RBGE,NA,NA,2600m,https://scientific-collections.gbif.org/collection/427c8cd7-4358-4a00-9ef3-2b2676d28d1e,Geranium regelii Nevski,NA,NA,NA,NA,NA,2890565,Geranium saxatile,Geranium,regelii,NA,NA,NA,NA,NA,ICBN,NA,NA,NA,NA,NA,NA,E,NA,NA,NA,NA,NA,NA,2600,0,NA,NA,NA,NA,NA,NA,NA,NA,NA,NA,NA,NA,NA,NA,NA,8th August 2018,NA,NA,NA,NA,NA,NA,NA,NA,NA,NA,NA,CC0,Royal Botanic Garden Edinburgh,926301,NA,NA,NA,NA,NA,NA,https://iiif.rbge.org.uk/herb/iiif/E00850183/manifest,FALSE,not_image
HERB_0409,sample_images/HERB_0409.jpg,5106375639,Verbena officinalis L.,,bf2a4bf0-5f31-11de-b67e-b8a03c50a862,98e934b0-5f31-11de-b67e-b8a03c50a862,"8e30b684-6a54-4aba-aa73-66201c2c736e,17abcf75-2f1e-46dd-bf75-a5b21dd02655",f6fe707e-cced-4efc-b5dc-be4c91b8180a,98e934b0-5f31-11de-b67e-b8a03c50a862,GB,DWC_ARCHIVE,2026-08-13T16:38:58.088+00:00,2026-08-24T20:20:50.681+00:00,445,PRESERVED_SPECIMEN,PRESENT,2925529,6,7707728,220,408,6689,2925470,2925529,Verbena officinalis L.,Plantae,Tracheophyta,Lamiales,Verbenaceae,Verbena,SPECIES,ACCEPTED,NA,ASIA,Sagaing,none,Myanmar (Burma),2019,3,6,2019-03-06,65,65,NA,2025-04-08T13:33:28.000+00:00,2026-08-24T20:20:50.681+00:00,NA,http://creativecommons.org/publicdomain/zero/1.0/legalcode,FALSE,https://data.rbge.org.uk/herb/E01542010,none,none,0237598a-853a-492c-af74-a723fe251799,427c8cd7-4358-4a00-9ef3-2b2676d28d1e,FALSE,Edinburgh (E) Herbarium Specimens,"Armstrong, Kathleen Ellen, Nwe, Thet Yu, Kramer, Marshall, Linn, Wah Wah, Myint, Thar, Pyae, Phoe La, Kyi, Aung, Nyo, Kyi & Win, Tun Tun",NA,HERBARIUM SHEET,none,Magnoliopsida,MM,none,none,ASIA,Myanmar,EUROPE,NA,https://data.rbge.org.uk/herb/E01542010,4350,Growing in disturbed vegetation around village.,https://scientific-collections.gbif.org/institution/0237598a-853a-492c-af74-a723fe251799,445,NA,Nam Sa Bi village,NA,NA,5106375639,NA,E,https://data.rbge.org.uk/herb/E01542010,PhysicalObject,NA,E01542010,RBGE,NA,NA,NA,https://scientific-collections.gbif.org/collection/427c8cd7-4358-4a00-9ef3-2b2676d28d1e,Verbena officinalis L.,NA,NA,NA,NA,NA,2925529,Verbena officinalis,Verbena,officinalis,NA,NA,NA,NA,NA,ICBN,NA,NA,NA,NA,NA,NA,E,NA,NA,NA,NA,NA,NA,NA,NA,NA,NA,NA,NA,NA,NA,NA,NA,NA,NA,NA,NA,Hkamti,NA,NA,6th March 2019,NA,NA,NA,NA,NA,NA,NA,NA,NA,NA,NA,CC0,Royal Botanic Garden Edinburgh,1755373,NA,NA,NA,NA,NA,NA,https://iiif.rbge.org.uk/herb/iiif/E01542010/manifest,FALSE,not_image
HERB_0410,sample_images/HERB_0410.jpg,3312498100,Ribes villosum Wall.,"cdc,cucdmis,cum",bf2a4bf0-5f31-11de-b67e-b8a03c50a862,98e934b0-5f31-11de-b67e-b8a03c50a862,"8e30b684-6a54-4aba-aa73-66201c2c736e,17abcf75-2f1e-46dd-bf75-a5b21dd02655",f6fe707e-cced-4efc-b5dc-be4c91b8180a,98e934b0-5f31-11de-b67e-b8a03c50a862,GB,DWC_ARCHIVE,2026-08-13T16:38:58.088+00:00,2026-08-24T20:20:00.671+00:00,445,PRESERVED_SPECIMEN,PRESENT,7535483,6,7707728,220,7219248,2403,2986095,7535483,Ribes villosum Wall.,Plantae,Tracheophyta,Saxifragales,Grossulariaceae,Ribes,SPECIES,ACCEPTED,NA,ASIA,NA,NA,Northern Asia,2018,8,11,2018-08-11,223,223,NA,2018-11-19T00:00:00.000+00:00,2026-08-24T20:20:00.671+00:00,NA,http://creativecommons.org/publicdomain/zero/1.0/legalcode,FALSE,https://data.rbge.org.uk/herb/E00898567,none,none,0237598a-853a-492c-af74-a723fe251799,427c8cd7-4358-4a00-9ef3-2b2676d28d1e,FALSE,Edinburgh (E) Herbarium Specimens,"Pamirs Expedition to Central Asia Tajikistan,",NA,HERBARIUM SHEET,none,Magnoliopsida,TL,none,none,ASIA,Timor-Leste,EUROPE,NA,https://data.rbge.org.uk/herb/E00898567,36,"Rocky boulder scree, Large, northfacing.;  Vegetation: Ribes Onosma, Acantholimon",https://scientific-collections.gbif.org/institution/0237598a-853a-492c-af74-a723fe251799,445,NA,"Tajikistan:Gorno Badakshan:Lake Yashilkul, 20 km north Bulunkul village",NA,NA,3312498100,NA,E,https://data.rbge.org.uk/herb/E00898567,PhysicalObject,NA,E00898567,RBGE,NA,NA,3635m,https://scientific-collections.gbif.org/collection/427c8cd7-4358-4a00-9ef3-2b2676d28d1e,Ribes villosum Wall.,NA,NA,37.796667,72.749444,NA,7535483,Ribes villosum,Ribes,villosum,NA,NA,NA,WGS84,NA,ICBN,NA,NA,NA,NA,NA,NA,E,NA,NA,NA,NA,NA,NA,3635,0,NA,NA,NA,NA,NA,NA,NA,NA,NA,NA,NA,NA,NA,NA,NA,11th August 2018,NA,NA,NA,NA,NA,NA,NA,NA,NA,NA,NA,CC0,Royal Botanic Garden Edinburgh,927442,NA,NA,NA,NA,NA,NA,https://iiif.rbge.org.uk/herb/iiif/E00898567/manifest,FALSE,not_image
HERB_0411,sample_images/HERB_0411.jpg,6196929089,Calotropis gigantea (L.) W.T.Aiton,"colmafu,inmafu",1cbed1d0-f9ac-4b9e-bf3f-a26272bca39e,4fd82480-ea1c-11da-8db4-b8a03c50a862,NA,82d6992a-b20b-4e74-b6ac-6b971b2c485d,4fd82480-ea1c-11da-8db4-b8a03c50a862,JP,EML,2026-07-10T16:35:10.312+00:00,2026-07-18T17:50:42.516+00:00,222,PRESERVED_SPECIMEN,PRESENT,3579089,6,7707728,220,412,6701,3170557,3579089,Calotropis gigantea (L.) W.T.Aiton,Plantae,Tracheophyta,Gentianales,Apocynaceae,Calotropis,SPECIES,ACCEPTED,NA,ASIA,Kien Giang,NA,Asia|Vietnam|Kien Giang|Kien Luong Dist.|Binh An,2024,5,24,2024-05-24,145,145,NA,2025-10-16T00:00:00.000+00:00,2026-07-18T17:50:42.516+00:00,https://www.museum.kagoshima-u.ac.jp/hyouhonsitu.html,http://creativecommons.org/licenses/by/4.0/legalcode,FALSE,246c4164-b590-497a-93ac-7104056042c9,none,none,7b6590f0-c03f-409b-ae28-f443c1166d23,e9e6df05-e289-4a64-8ace-a4d5dbd168e4,FALSE,NA,NA,NA,NA,none,Magnoliopsida,VN,none,none,ASIA,Viet Nam,ASIA,NA,246c4164-b590-497a-93ac-7104056042c9,N533,NA,NA,232,NA,Binh An,NA,"Vietnam, Kien Giang, Kien Luong Dist., Binh An",6196929089,NA,KAG,246c4164-b590-497a-93ac-7104056042c9,NA,NA,KAG188636,KAG,NA,NA,NA,NA,Calotropis gigantea (L.) W.T.Aiton,NA,NA,10.15577,104.60976,NA,3579089,Calotropis gigantea,Calotropis,gigantea,NA,NA,NA,WGS84,NA,NA,NA,NA,obtained using GPS machine,NA,NA,NA,NA,NA,Plantae|Tracheophyta|Magnoliopsida|Gentianales|Apocynaceae|Calotropis|gigantea,NA,NA,NA,NA,40,NA,NA,NA,NA,NA,NA,NA,NA,NA,NA,NA,NA,NA,Kien Luong Dist.,NA,NA,NA,NA,NA,NA,NA,NA,NA,NA,NA,NA,500,NA,NA,NA,NA,NA,NA,NA,NA,NA,NA,https://dbs.kaum.kagoshima-u.ac.jp/musedb/s_plant/picture/KAG188636/KAG188636.jpg,FALSE,ok
HERB_0412,sample_images/HERB_0412.jpg,2430565426,Crateva magna (Lour.) DC.,,b5cdf794-8fa4-4a85-8b26-755d087bf531,2cd829bb-b713-433d-99cf-64bef11e5b3e,17abcf75-2f1e-46dd-bf75-a5b21dd02655,86c2834b-fcd6-418d-9b32-aca45110a0fe,2cd829bb-b713-433d-99cf-64bef11e5b3e,FR,EML,2026-08-13T15:27:43.858+00:00,2026-08-24T16:46:32.201+00:00,606,PRESERVED_SPECIMEN,PRESENT,3871487,6,7707728,220,7225535,3111,3054261,3871487,Crateva magna (Lour.) DC.,Plantae,Tracheophyta,Brassicales,Capparaceae,Crateva,SPECIES,ACCEPTED,NA,ASIA,kompong chhnang,none,NA,2019,2,24,2019-02-24,55,55,NA,2020-01-14T18:34:15.000+00:00,2026-08-24T16:46:32.201+00:00,NA,http://creativecommons.org/licenses/by/4.0/legalcode,FALSE,http://coldb.mnhn.fr/catalognumber/mnhn/p/p00915929,none,none,6a6ac6c5-1b8a-48db-91a2-f8661274ff80,bc3d39fd-a7d4-4763-b951-2bdeddd8a5d2,FALSE,NA,"Hul, S.|Eum, S.|Peou, Y.",Hul,hb,none,Magnoliopsida,KH,none,none,ASIA,Cambodia,EUROPE,NA,http://coldb.mnhn.fr/catalognumber/mnhn/p/p00915929,NA,NA,http://grbio.org/institution/museum-national-dhistoire-naturelle,654,NA,NA,7053,NA,2430565426,NA,P,http://coldb.mnhn.fr/catalognumber/mnhn/p/p00915929,NA,NA,P00915929,MNHN,NA,NA,NA,NA,Crateva magna (Lour.) DC.,NA,NA,NA,NA,NA,3871487,Crateva magna,Crateva,magna,NA,NA,NA,NA,NA,NA,NA,NA,NA,NA,NA,NA,NA,NA,NA,NA,LC,NA,NA,NA,NA,NA,NA,NA,NA,NA,NA,NA,NA,NA,NA,NA,"""Arbre de 10 m. Feuilles composées, 3-foliolées ; folioles ovales oblongues ou elliptiques-oblongues, longuement acuminées au sommet. Inflorescences en grappes corymbiformes ; fleurs à 4 sépales, à 4 pétales blancs, onguiculés. Fruit ellipsoïde-obovoïde, blanchâtre""",Roléa Ph'éa,"Kang Méas, Kok Bantéay",NA,NA,NA,NA,NA,NA,NA,NA,NA,NA,NA,NA,NA,NA,NA,NA,NA,NA,NA,NA,NA,NA,https://mediaphoto.mnhn.fr/media/1579023254805gjWFKLp3GwFW53vt,TRUE,error
HERB_0413,sample_images/HERB_0413.jpg,3004100327,Osmoxylon borneense Seem.,"cdc,cdround,colmafu,inmafu",902c8fe7-8f38-45b0-854e-c324fed36303,f5fc4e61-b7a0-414b-ab68-b41cb23e7fdc,NA,91d2f516-bdfa-458f-bad1-66717101b49f,f5fc4e61-b7a0-414b-ab68-b41cb23e7fdc,RU,EML,2026-08-21T18:06:57.852+00:00,2026-08-21T18:14:24.213+00:00,610,PRESERVED_SPECIMEN,PRESENT,3037266,6,7707728,220,1351,8800,3037116,3037266,Osmoxylon borneense Seem.,Plantae,Tracheophyta,Apiales,Araliaceae,Osmoxylon,SPECIES,ACCEPTED,NA,ASIA,NA,NA,South Asia|South Asia (Asia outside ex-Soviet states and Mongolia)|Brunei,2019,7,6,2019-07-06,187,187,NA,2025-12-01T15:11:00.000+00:00,2026-08-21T18:14:24.213+00:00,https://plant.depo.msu.ru/open/public/item/MW0756648,http://creativecommons.org/licenses/by/4.0/legalcode,FALSE,MW0756648,none,none,df27e63f-82b2-464e-9286-a96163c961c9,acf523b0-8c81-4813-a85d-2361a8b487d4,FALSE,Moscow Digital Herbarium,Nuraliev M.S.,NA,herbarium specimen,none,Magnoliopsida,BN,none,none,ASIA,Brunei Darussalam,EUROPE,Moscow State University,MW0756648,NA,NA,http://grbio.org/institution/moscow-state-university,610,NA,NA,NA,NA,3004100327,en | ru,MW,MW0756648,Physical Object,in collection,MW0756648,Moscow State University,NA,use under CC-BY 4.0,NA,urn:lsid:biocol.org:col:15550,Osmoxylon borneense Seem.,NA,NA,4.546111,115.158611,https://rscf.ru/en/project/21-77-20042/,3037266,Osmoxylon borneense,Osmoxylon,borneense,Kollektor,urn:lsid:biocol.org:col:15550:01,common practice of herbarium collecting,WGS84,Osmoxylon borneense Seem.,"International Code of Nomenclature for algae, fungi, and plants",manual verification,WGS84,no label data,MW0756648,168638772,168638773,MSU,"Seregin A. P. (Ed.). 2026. Specimen MW0756648 from the collection ""Moscow University Herbarium"" // Depository of Live Systems (branch ""Plants""): Electronic resource. – Moscow State University, Moscow. – Available at: https://plant.depo.mitotech.ru/open/public/item/MW0756648 (indicate access date).",Plantae | Tracheophyta | Magnoliopsida | Apiales | Araliaceae | Osmoxylon,Osmoxylon,NA,NA,NA,NA,NA,NA,NA,NA,NA,NA,NA,NA,NA,NA,NA,NA,NA,NA,NA,NA,NA,NA,NA,NA,NA,NA,NA,NA,NA,NA,NA,NA,NA,NA,NA,NA,NA,NA,NA,NA,NA,https://plant.depo.msu.ru/open/public/item/MW0756648/img/0.jpg?gbif,FALSE,ok
HERB_0414,sample_images/HERB_0414.jpg,6367080305,Hedyotis rosmarinifolia (Pit.) Craib,"cdc,cdround,gass84,incomis,inmafu",cd6e21c8-9e8a-493a-8a76-fbf7862069e5,061b4f20-f241-11da-a328-b8a03c50a862,17abcf75-2f1e-46dd-bf75-a5b21dd02655,996e30f8-f762-11e1-a439-00145eb45e9a,061b4f20-f241-11da-a328-b8a03c50a862,GB,DWC_ARCHIVE,2026-08-24T12:51:18.333+00:00,2026-08-24T20:51:25.432+00:00,539,PRESERVED_SPECIMEN,PRESENT,2916392,6,7707728,220,412,8798,9631866,2916392,Hedyotis rosmarinifolia (Pit.) Craib,Plantae,Tracheophyta,Gentianales,Rubiaceae,Hedyotis,SPECIES,ACCEPTED,NA,ASIA,NA,NA,NA,2023,8,30,2023-08-30T00:00,242,242,NA,2026-06-03T12:08:57.760+00:00,2026-08-24T20:51:25.432+00:00,NA,http://creativecommons.org/licenses/by/4.0/legalcode,FALSE,K001993278,none,none,fa252605-26f6-426c-9892-94d071c2c77f,NA,FALSE,NA,"Yooprasert, S.; Tamura, M. N.; Fuse, S.; Takahashi, K.; Masuda, R.; Taothong, P.; Saengbuapuean, A.",NA,NA,none,Magnoliopsida,TH,none,none,ASIA,Thailand,EUROPE,NA,K001993278,SY 529,NA,NA,539,NA,"Phu Ruea, Phu Luang WS, Trail to Pha Taloen, Pha Chang Do to Pha Somdet.",NA,NA,6367080305,NA,Herbarium,http://specimens.kew.org/herbarium/K001993278,NA,NA,K001993278,K,NA,NA,NA,NA,Hedyotis rosmarinifolia (Pit.) Craib,NA,NA,17.280833,101.523889,NA,2916392,Hedyotis rosmarinifolia,Hedyotis,rosmarinifolia,NA,NA,NA,WGS84,NA,NA,NA,NA,NA,NA,NA,NA,NA,NA,Rubiaceae,NA,NA,NA,NA,1510,NA,NA,NA,NA,NA,NA,NA,NA,NA,NA,NA,NA,NA,NA,NA,NA,NA,NA,NA,NA,NA,NA,NA,NA,NA,NA,NA,NA,NA,NA,NA,NA,NA,NA,NA,NA,NA,https://d2jcv3kl45hlgi.cloudfront.net/38ae6cd6dc399d81bd9322675e2678ef.jpg,FALSE,ok
HERB_0415,sample_images/HERB_0415.jpg,6196923305,Justicia ventricosa Wall. ex Nees,"colmafu,inmafu",1cbed1d0-f9ac-4b9e-bf3f-a26272bca39e,4fd82480-ea1c-11da-8db4-b8a03c50a862,NA,82d6992a-b20b-4e74-b6ac-6b971b2c485d,4fd82480-ea1c-11da-8db4-b8a03c50a862,JP,EML,2026-07-10T16:35:10.312+00:00,2026-07-18T17:50:14.543+00:00,222,PRESERVED_SPECIMEN,PRESENT,11098538,6,7707728,220,408,2393,2904597,8135111,Justicia ventricosa Wall. ex Sims,Plantae,Tracheophyta,Lamiales,Acanthaceae,Justicia,SPECIES,SYNONYM,NA,ASIA,Khammouan,NA,Asia|Laos|Khammouan|Khounkham|Tad Nam Sanam,2024,3,15,2024-03-15,75,75,NA,2025-10-16T00:00:00.000+00:00,2026-07-18T17:50:14.543+00:00,https://www.museum.kagoshima-u.ac.jp/hyouhonsitu.html,http://creativecommons.org/licenses/by/4.0/legalcode,FALSE,35d650e5-c44d-4231-a027-7aa73d029bf1,none,none,7b6590f0-c03f-409b-ae28-f443c1166d23,e9e6df05-e289-4a64-8ace-a4d5dbd168e4,FALSE,NA,NA,NA,NA,none,Magnoliopsida,LA,none,none,ASIA,Lao People’s Democratic Republic,ASIA,NA,35d650e5-c44d-4231-a027-7aa73d029bf1,Z766,NA,NA,232,NA,Tad Nam Sanam,NA,"Laos, Khammouan, Khounkham, Tad Nam Sanam",6196923305,NA,KAG,35d650e5-c44d-4231-a027-7aa73d029bf1,NA,NA,KAG187182,KAG,NA,NA,NA,NA,Justicia ventricosa Wall. ex Nees,NA,NA,18.21749,104.5121,NA,8135111,Justicia ventricosa,Justicia,ventricosa,NA,NA,NA,WGS84,NA,NA,NA,NA,obtained using GPS machine,NA,NA,NA,NA,NA,Plantae|Tracheophyta|Magnoliopsida|Lamiales|Acanthaceae|Justicia|ventricosa,NA,NA,NA,NA,192,NA,NA,NA,NA,NA,NA,NA,NA,NA,NA,NA,NA,NA,Khounkham,NA,NA,NA,NA,NA,NA,NA,NA,NA,NA,NA,NA,500,NA,NA,NA,NA,NA,NA,NA,NA,NA,NA,https://dbs.kaum.kagoshima-u.ac.jp/musedb/s_plant/picture/KAG187182/KAG187182.jpg,FALSE,ok
HERB_0416,sample_images/HERB_0416.jpg,3461961309,Pithecellobium dulce (Roxb.) Benth.,,b5cdf794-8fa4-4a85-8b26-755d087bf531,2cd829bb-b713-433d-99cf-64bef11e5b3e,17abcf75-2f1e-46dd-bf75-a5b21dd02655,86c2834b-fcd6-418d-9b32-aca45110a0fe,2cd829bb-b713-433d-99cf-64bef11e5b3e,FR,EML,2026-08-13T15:27:43.858+00:00,2026-08-24T16:45:44.429+00:00,606,PRESERVED_SPECIMEN,PRESENT,2962831,6,7707728,220,1370,5386,2962745,2962831,Pithecellobium dulce (Roxb.) Benth.,Plantae,Tracheophyta,Fabales,Fabaceae,Pithecellobium,SPECIES,ACCEPTED,NA,ASIA,siem réap,none,NA,2021,1,7,2021-01-07,7,7,NA,2022-02-09T10:39:47.000+00:00,2026-08-24T16:45:44.429+00:00,NA,http://creativecommons.org/licenses/by/4.0/legalcode,FALSE,http://coldb.mnhn.fr/catalognumber/mnhn/p/p01190802,none,none,6a6ac6c5-1b8a-48db-91a2-f8661274ff80,bc3d39fd-a7d4-4763-b951-2bdeddd8a5d2,FALSE,NA,"Hul, S.|Peou, Y.|Ratanak, V.",Hul,hb,none,Magnoliopsida,KH,none,none,ASIA,Cambodia,EUROPE,NA,http://coldb.mnhn.fr/catalognumber/mnhn/p/p01190802,NA,NA,http://grbio.org/institution/museum-national-dhistoire-naturelle,654,NA,NA,7193,Sangkat Slorkram,3461961309,NA,P,http://coldb.mnhn.fr/catalognumber/mnhn/p/p01190802,NA,NA,P01190802,MNHN,NA,NA,NA,NA,Pithecellobium dulce (Roxb.) Benth.,NA,NA,NA,NA,NA,2962831,Pithecellobium dulce,Pithecellobium,dulce,NA,NA,NA,NA,NA,NA,NA,NA,NA,NA,NA,NA,NA,NA,NA,NA,LC,NA,NA,NA,NA,NA,NA,NA,NA,NA,NA,NA,NA,NA,NA,NA,"Arbre, 10-15 m de hauteur. Stipules et stipelles en épines. Feuilles bipennées , folioles 1 paire, opposées, sessiles",Phum Daun Pa,NA,NA,NA,NA,NA,NA,NA,NA,NA,NA,NA,NA,NA,NA,NA,NA,NA,NA,NA,NA,NA,NA,NA,https://mediaphoto.mnhn.fr/media/1644399584176pQexcObidGfyqkzK,FALSE,error
HERB_0417,sample_images/HERB_0417.jpg,6196925066,Blumea balsamifera (L.) DC.,"colmafu,inmafu",1cbed1d0-f9ac-4b9e-bf3f-a26272bca39e,4fd82480-ea1c-11da-8db4-b8a03c50a862,NA,82d6992a-b20b-4e74-b6ac-6b971b2c485d,4fd82480-ea1c-11da-8db4-b8a03c50a862,JP,EML,2026-07-10T16:35:10.312+00:00,2026-07-18T17:50:39.395+00:00,222,PRESERVED_SPECIMEN,PRESENT,5395786,6,7707728,220,414,3065,3119250,5395786,Blumea balsamifera (L.) DC.,Plantae,Tracheophyta,Asterales,Asteraceae,Blumea,SPECIES,ACCEPTED,NA,ASIA,Khammouan,NA,Asia|Laos|Khammouan|Khounkham|near Ban Nong Kok,2024,3,16,2024-03-16,76,76,NA,2025-10-16T00:00:00.000+00:00,2026-07-18T17:50:39.395+00:00,https://www.museum.kagoshima-u.ac.jp/hyouhonsitu.html,http://creativecommons.org/licenses/by/4.0/legalcode,FALSE,454de880-33f5-4311-a37e-7d2d151e8d21,none,none,7b6590f0-c03f-409b-ae28-f443c1166d23,e9e6df05-e289-4a64-8ace-a4d5dbd168e4,FALSE,NA,NA,NA,NA,none,Magnoliopsida,LA,none,none,ASIA,Lao People’s Democratic Republic,ASIA,NA,454de880-33f5-4311-a37e-7d2d151e8d21,Z883,NA,NA,232,NA,near Ban Nong Kok,NA,"Laos, Khammouan, Khounkham, near Ban Nong Kok",6196925066,NA,KAG,454de880-33f5-4311-a37e-7d2d151e8d21,NA,NA,KAG187295,KAG,NA,NA,NA,NA,Blumea balsamifera (L.) DC.,NA,NA,18.20071,104.59438,NA,5395786,Blumea balsamifera,Blumea,balsamifera,NA,NA,NA,WGS84,NA,NA,NA,NA,obtained using GPS machine,NA,NA,NA,NA,NA,Plantae|Tracheophyta|Magnoliopsida|Asterales|Asteraceae|Blumea|balsamifera,NA,LC,NA,NA,606,NA,NA,NA,NA,NA,NA,NA,NA,NA,NA,NA,NA,NA,Khounkham,NA,NA,NA,NA,NA,NA,NA,NA,NA,NA,NA,NA,500,NA,NA,NA,NA,NA,NA,NA,NA,NA,NA,https://dbs.kaum.kagoshima-u.ac.jp/musedb/s_plant/picture/KAG187295/KAG187295.jpg,FALSE,ok
HERB_0418,sample_images/HERB_0418.jpg,3416524305,Garcinia griffithii T.Anderson,"cdc,gass84",cb9beff3-a185-486f-975a-732251444158,2853c0e7-c758-4c9c-83a2-7c2d18967fb9,17abcf75-2f1e-46dd-bf75-a5b21dd02655,86c2834b-fcd6-418d-9b32-aca45110a0fe,2cd829bb-b713-433d-99cf-64bef11e5b3e,FR,EML,2026-08-13T15:27:43.165+00:00,2026-08-24T18:08:58.266+00:00,586,PRESERVED_SPECIMEN,PRESENT,3714442,6,7707728,220,1414,6646,3189556,3714442,Garcinia griffithii T.Anderson,Plantae,Tracheophyta,Malpighiales,Clusiaceae,Garcinia,SPECIES,ACCEPTED,NA,ASIA,NA,NA,NA,2020,3,25,2020-03-25,85,85,NA,2021-12-17T16:45:46.000+00:00,2026-08-24T18:08:58.266+00:00,NA,http://creativecommons.org/licenses/by/4.0/legalcode,FALSE,http://coldb.mnhn.fr/catalognumber/um/mpu/mpu1400353,none,none,17ff2e84-80c7-4904-81c7-26183b3ce46e,1fddc155-2d5b-4b1d-92cb-1268e22cc2bb,FALSE,NA,"Yao, T.L.|Leong, P.K.F.|Lim, W.H.|Chia, E.J.J.",Yao,hb,none,Magnoliopsida,SG,none,none,ASIA,Singapore,EUROPE,NA,http://coldb.mnhn.fr/catalognumber/um/mpu/mpu1400353,NA,NA,http://grscicoll.org/institution/université-montpellier-2,634,NA,NA,87,"Singapore Botanic Garden, Rain Forest",3416524305,NA,MPU,http://coldb.mnhn.fr/catalognumber/um/mpu/mpu1400353,NA,NA,MPU1400353,UM,NA,NA,NA,NA,Garcinia griffithii T.Anderson,NA,NA,1.39487,103.81105,NA,3714442,Garcinia griffithii,Garcinia,griffithii,NA,NA,NA,WGS84,NA,NA,NA,NA,NA,NA,NA,NA,NA,NA,NA,NA,LC,NA,NA,NA,NA,NA,NA,NA,NA,NA,NA,NA,NA,NA,NA,3348.8504043166813,"Native, sapling, 1 m tall. Lamina secondary veins distinctly bullate",NA,NA,NA,NA,NA,NA,NA,NA,NA,NA,Understorey,NA,NA,NA,NA,NA,NA,NA,NA,NA,NA,NA,NA,NA,https://mediaphoto.mnhn.fr/media/1639755946069rPV2sgw4xuk9cqPF,FALSE,error
HERB_0419,sample_images/HERB_0419.jpg,4407757309,Guatteria glauca Ruiz & Pav.,"cucdmis,gass84",b5cdf794-8fa4-4a85-8b26-755d087bf531,2cd829bb-b713-433d-99cf-64bef11e5b3e,17abcf75-2f1e-46dd-bf75-a5b21dd02655,86c2834b-fcd6-418d-9b32-aca45110a0fe,2cd829bb-b713-433d-99cf-64bef11e5b3e,FR,EML,2026-08-13T15:27:43.858+00:00,2026-08-24T16:46:01.884+00:00,606,PRESERVED_SPECIMEN,PRESENT,3155838,6,7707728,220,718,9291,3155604,3155838,Guatteria glauca Ruiz & Pav.,Plantae,Tracheophyta,Magnoliales,Annonaceae,Guatteria,SPECIES,ACCEPTED,NA,NA,NA,none,NA,2020,3,29,2020-03-29,89,89,NA,2023-09-07T15:56:58.000+00:00,2026-08-24T16:46:01.884+00:00,NA,http://creativecommons.org/licenses/by/4.0/legalcode,FALSE,http://coldb.mnhn.fr/catalognumber/mnhn/p/p00877831,none,none,6a6ac6c5-1b8a-48db-91a2-f8661274ff80,bc3d39fd-a7d4-4763-b951-2bdeddd8a5d2,FALSE,NA,"Thomas, D.C.",NA,hb,none,Magnoliopsida,SG,none,none,ASIA,Singapore,EUROPE,NA,http://coldb.mnhn.fr/catalognumber/mnhn/p/p00877831,NA,NA,http://grbio.org/institution/museum-national-dhistoire-naturelle,654,NA,NA,3435,"Central Catchment NR, Nee Soon Swamp Forest",4407757309,NA,P,http://coldb.mnhn.fr/catalognumber/mnhn/p/p00877831,NA,NA,P00877831,MNHN,NA,NA,NA,NA,Guatteria glauca Ruiz & Pav.,NA,NA,1.65083,104.35083,NA,3155838,Guatteria glauca,Guatteria,glauca,NA,NA,NA,WGS84,NA,NA,NA,NA,NA,NA,NA,NA,NA,NA,NA,NA,NA,NA,NA,17,NA,NA,NA,NA,NA,NA,NA,NA,NA,NA,NA,NA,NA,NA,NA,NA,NA,NA,NA,NA,NA,NA,NA,NA,NA,NA,NA,NA,NA,NA,NA,NA,NA,NA,NA,NA,NA,https://mediaphoto.mnhn.fr/media/1694095018590cWomoqScVPdl7lWc,FALSE,error
HERB_0420,sample_images/HERB_0420.jpg,5285810621,Staurogyne paniculata (Wall. ex T.Anderson) Kuntze,,f934f8e2-32ca-46a7-b2f8-b032a4740454,66522820-055c-11d8-b84e-b8a03c50a862,"68e8e67a-43e6-44a3-8817-dc0e6b70f973,8e30b684-6a54-4aba-aa73-66201c2c736e",a43950ae-eb88-4ef4-bfff-43bcf12885ad,66522820-055c-11d8-b84e-b8a03c50a862,US,EML,2026-08-25T10:35:23.874+00:00,2026-08-25T11:15:16.973+00:00,794,PRESERVED_SPECIMEN,PRESENT,3773662,6,7707728,220,408,2393,7263564,3773662,Staurogyne paniculata (Wall. ex T.Anderson) Kuntze,Plantae,Tracheophyta,Lamiales,Acanthaceae,Staurogyne,SPECIES,ACCEPTED,NA,ASIA,NA,none,Asia,2019,2,25,2019-02-25,56,56,NA,2025-08-21T21:30:04.000+00:00,2026-08-25T11:15:16.973+00:00,NA,http://creativecommons.org/publicdomain/zero/1.0/legalcode,FALSE,urn:catalog:CAS:BOT-BC:1358856,none,none,d2a27206-87ab-47ea-b5fc-d2e57054b688,b70854fa-d05f-4512-a3ef-c103567657d4,FALSE,NA,"Pyae, Phoe La",NA,NA,none,Magnoliopsida,MM,none,none,ASIA,Myanmar,NORTH_AMERICA,NA,urn:catalog:CAS:BOT-BC:1358856,203,NA,http://grscicoll.org/institution/california-academy-sciences,794,NA,Sagaing Region. Hkamti District. Homalin Township Nat Inn Taung forest.,NA,NA,5285810621,en,BOT-BC,urn:catalog:CAS:BOT-BC:1358856,Physical Object,NA,1358856,CAS,Transcribed and imaged as part of a mass digitization project.,NA,NA,http://grscicoll.org/institutional-collection/botany,Staurogyne paniculata (Wall. ex T.Anderson) Kuntze,NA,NA,NA,NA,NA,3773662,Staurogyne paniculata,Staurogyne,paniculata,NA,NA,NA,NA,NA,ICBN,NA,NA,NA,NA,NA,NA,NA,NA,"Plantae, Streptophyta, Embryophyta, Spermatophyta, Angiospermae, Magnoliopsida, Asteridae, Lamiales, Acanthaceae",NA,NA,NA,NA,NA,NA,NA,NA,NA,NA,NA,NA,NA,NA,NA,NA,NA,NA,NA,NA,NA,25 Feb 2019,NA,NA,NA,NA,NA,NA,NA,NA,NA,NA,NA,NA,NA,NA,NA,NA,NA,NA,NA,NA,https://ibss-images.calacademy.org/static/botany/originals/2b/97/2b97ff6a-e63e-4b27-999d-d9c9dbeb7708.jpg,FALSE,error
HERB_0421,sample_images/HERB_0421.jpg,4459013797,Ormosia sumatrana (Miq.) Prain,,15f819bd-6612-4447-854b-14d12ee1022d,396d5f30-dea9-11db-8ab4-b8a03c50a862,17abcf75-2f1e-46dd-bf75-a5b21dd02655,65eb93af-41b8-4917-a5fc-cfe2a45aa4bf,396d5f30-dea9-11db-8ab4-b8a03c50a862,NL,DWC_ARCHIVE,2026-06-29T11:53:09.940+00:00,2026-08-24T20:54:43.051+00:00,286,PRESERVED_SPECIMEN,PRESENT,5355566,6,7707728,220,1370,5386,2960439,5355566,Ormosia sumatrana (Miq.) Prain,Plantae,Tracheophyta,Fabales,Fabaceae,Ormosia,SPECIES,ACCEPTED,NA,ASIA,Borneo,NA,NA,2018,3,8,2018-03-08,67,67,NA,NA,2026-08-24T20:54:43.051+00:00,NA,http://creativecommons.org/publicdomain/zero/1.0/legalcode,FALSE,L.4482929@BRAHMS,none,none,0e919a55-08d3-4bd2-aec1-200858fafd92,0add23db-a8f7-4d15-95ad-4ed0c5c8a055,FALSE,NA,Lim WH; et al.,NA,NA,none,Magnoliopsida,BN,none,none,ASIA,Brunei Darussalam,EUROPE,Naturalis Biodiversity Center,L.4482929@BRAHMS,"Lim, WH; et al. 23",Hill mixed dipterocarp forest.,https://ror.org/0566bfb96,286,NA,"Labi, Bkt. Teraja.",NA,NA,4459013797,NA,Botany,https://data.biodiversitydata.nl/naturalis/specimen/L.4482929,NA,NA,L.4482929,NA,NA,NA,NA,NA,Ormosia sumatrana (Miq.) Prain,NA,NA,4.34306,114.45639,NA,5355566,Ormosia sumatrana,Ormosia,sumatrana,NA,NA,NA,WGS84,NA,ICN,NA,NA,NA,NA,NA,NA,NA,NA,Plantae|Fabales|Fabaceae,NA,LC,NA,NA,NA,NA,NA,NA,NA,NA,NA,NA,NA,NA,NA,true,NA,NA,NA,NA,NA,NA,NA,NA,NA,NA,NA,NA,NA,NA,NA,NA,NA,NA,NA,NA,NA,NA,NA,NA,NA,NA,https://medialib.naturalis.nl/file/id/L.4482929/format/large,FALSE,ok
HERB_0422,sample_images/HERB_0422.jpg,4420065307,Garcinia mangostana L.,"cdc,gass84",cb9beff3-a185-486f-975a-732251444158,2853c0e7-c758-4c9c-83a2-7c2d18967fb9,17abcf75-2f1e-46dd-bf75-a5b21dd02655,86c2834b-fcd6-418d-9b32-aca45110a0fe,2cd829bb-b713-433d-99cf-64bef11e5b3e,FR,EML,2026-08-13T15:27:43.165+00:00,2026-08-24T18:08:58.556+00:00,586,PRESERVED_SPECIMEN,PRESENT,3189571,6,7707728,220,1414,6646,3189556,3189571,Garcinia mangostana L.,Plantae,Tracheophyta,Malpighiales,Clusiaceae,Garcinia,SPECIES,ACCEPTED,NA,ASIA,Java,NA,NA,2022,8,7,2022-08-07,219,219,NA,2023-09-14T13:19:44.000+00:00,2026-08-24T18:08:58.556+00:00,NA,http://creativecommons.org/licenses/by/4.0/legalcode,FALSE,http://coldb.mnhn.fr/catalognumber/um/mpu/mpu885582,none,none,17ff2e84-80c7-4904-81c7-26183b3ce46e,1fddc155-2d5b-4b1d-92cb-1268e22cc2bb,FALSE,NA,"Yao, T.L.",Yao,hb,none,Magnoliopsida,ID,none,none,ASIA,Indonesia,EUROPE,NA,http://coldb.mnhn.fr/catalognumber/um/mpu/mpu885582,NA,NA,http://grscicoll.org/institution/université-montpellier-2,634,NA,NA,Manggis project/381,"Jawa Barat, Bogor, Cileungsi, Mekarsari Fruit Garden (from Sumatra)",4420065307,NA,MPU,http://coldb.mnhn.fr/catalognumber/um/mpu/mpu885582,NA,NA,MPU885582,UM,NA,NA,NA,NA,Garcinia mangostana L.,NA,NA,-6.4158,106.98571,NA,3189571,Garcinia mangostana,Garcinia,mangostana,NA,NA,NA,WGS84,NA,NA,NA,NA,NA,NA,NA,NA,NA,NA,NA,NA,DD,NA,NA,NA,NA,NA,NA,NA,NA,NA,NA,NA,NA,NA,NA,NA,Grafted on G. mangostana var. mangostana,NA,NA,NA,NA,NA,NA,NA,NA,NA,NA,Planted,NA,NA,NA,NA,NA,NA,NA,NA,NA,NA,NA,NA,NA,https://mediaphoto.mnhn.fr/media/1695916021630cIAuNKMr9i5n9H5u,FALSE,error
HERB_0423,sample_images/HERB_0423.jpg,3416543303,Garcinia nervosa (Miq.) Miq.,"cdc,gass84",cb9beff3-a185-486f-975a-732251444158,2853c0e7-c758-4c9c-83a2-7c2d18967fb9,17abcf75-2f1e-46dd-bf75-a5b21dd02655,86c2834b-fcd6-418d-9b32-aca45110a0fe,2cd829bb-b713-433d-99cf-64bef11e5b3e,FR,EML,2026-08-13T15:27:43.165+00:00,2026-08-24T18:08:58.571+00:00,586,PRESERVED_SPECIMEN,PRESENT,3713536,6,7707728,220,1414,6646,3189556,3713536,Garcinia nervosa (Miq.) Miq.,Plantae,Tracheophyta,Malpighiales,Clusiaceae,Garcinia,SPECIES,ACCEPTED,NA,ASIA,NA,NA,NA,2020,3,25,2020-03-25,85,85,NA,2021-12-17T16:45:44.000+00:00,2026-08-24T18:08:58.571+00:00,NA,http://creativecommons.org/licenses/by/4.0/legalcode,FALSE,http://coldb.mnhn.fr/catalognumber/um/mpu/mpu1400348,none,none,17ff2e84-80c7-4904-81c7-26183b3ce46e,1fddc155-2d5b-4b1d-92cb-1268e22cc2bb,FALSE,NA,"Yao, T.L.|Leong, P.K.F.|Lim, W.H.|Chia, E.J.J.",Yao,hb,none,Magnoliopsida,SG,none,none,ASIA,Singapore,EUROPE,NA,http://coldb.mnhn.fr/catalognumber/um/mpu/mpu1400348,NA,NA,http://grscicoll.org/institution/université-montpellier-2,634,NA,NA,82,Singapore Botanic Garden,3416543303,NA,MPU,http://coldb.mnhn.fr/catalognumber/um/mpu/mpu1400348,NA,NA,MPU1400348,UM,NA,NA,NA,NA,Garcinia nervosa (Miq.) Miq.,NA,NA,1.39487,103.81105,NA,3713536,Garcinia nervosa,Garcinia,nervosa,NA,NA,NA,WGS84,NA,NA,NA,NA,NA,NA,NA,NA,NA,NA,NA,NA,LC,NA,NA,NA,NA,NA,NA,NA,NA,NA,NA,NA,NA,NA,NA,3348.8504043166813,"Tree tag: 20152851*C. Distribution: Malaya, Sumatra, Borneo. Leaves size varies greatly. Wounded leaves exudate clear, slightly sticky",NA,NA,NA,NA,NA,NA,NA,NA,NA,NA,"Cultivated, rather open",NA,NA,NA,NA,NA,NA,NA,NA,NA,NA,NA,NA,NA,https://mediaphoto.mnhn.fr/media/1639755944420oHYwX5BNIRTOs5hv,FALSE,error
HERB_0424,sample_images/HERB_0424.jpg,6196929531,Boerhavia repens L.,"colmafu,inmafu",1cbed1d0-f9ac-4b9e-bf3f-a26272bca39e,4fd82480-ea1c-11da-8db4-b8a03c50a862,NA,82d6992a-b20b-4e74-b6ac-6b971b2c485d,4fd82480-ea1c-11da-8db4-b8a03c50a862,JP,EML,2026-07-10T16:35:10.312+00:00,2026-07-18T17:50:43.057+00:00,222,PRESERVED_SPECIMEN,PRESENT,3086288,6,7707728,220,422,6718,3086275,3086288,Boerhavia repens L.,Plantae,Tracheophyta,Caryophyllales,Nyctaginaceae,Boerhavia,SPECIES,ACCEPTED,NA,ASIA,Kien Giang,NA,Asia|Vietnam|Kien Giang|Kien Luong Dist.|Binh An,2024,5,25,2024-05-25,146,146,NA,2025-10-16T00:00:00.000+00:00,2026-07-18T17:50:43.057+00:00,https://www.museum.kagoshima-u.ac.jp/hyouhonsitu.html,http://creativecommons.org/licenses/by/4.0/legalcode,FALSE,9299a1f4-c050-4c98-ae52-818972583ab7,none,none,7b6590f0-c03f-409b-ae28-f443c1166d23,e9e6df05-e289-4a64-8ace-a4d5dbd168e4,FALSE,NA,NA,NA,NA,none,Magnoliopsida,VN,none,none,ASIA,Viet Nam,ASIA,NA,9299a1f4-c050-4c98-ae52-818972583ab7,N551,NA,NA,232,NA,Binh An,NA,"Vietnam, Kien Giang, Kien Luong Dist., Binh An",6196929531,NA,KAG,9299a1f4-c050-4c98-ae52-818972583ab7,NA,NA,KAG188654,KAG,NA,NA,NA,NA,Boerhavia repens L.,NA,NA,10.15577,104.60976,NA,3086288,Boerhavia repens,Boerhavia,repens,NA,NA,NA,WGS84,NA,NA,NA,NA,obtained using GPS machine,NA,NA,NA,NA,NA,Plantae|Tracheophyta|Magnoliopsida|Caryophyllales|Nyctaginaceae|Boerhavia|repens,NA,NA,NA,NA,40,NA,NA,NA,NA,NA,NA,NA,NA,NA,NA,NA,NA,NA,Kien Luong Dist.,NA,NA,NA,NA,NA,NA,NA,NA,NA,NA,NA,NA,500,NA,NA,NA,NA,NA,NA,NA,NA,NA,NA,https://dbs.kaum.kagoshima-u.ac.jp/musedb/s_plant/picture/KAG188654/KAG188654.jpg,FALSE,ok
HERB_0425,sample_images/HERB_0425.jpg,2430565435,Spatholobus parviflorus (Roxb. ex G.Don) Kuntze,,b5cdf794-8fa4-4a85-8b26-755d087bf531,2cd829bb-b713-433d-99cf-64bef11e5b3e,17abcf75-2f1e-46dd-bf75-a5b21dd02655,86c2834b-fcd6-418d-9b32-aca45110a0fe,2cd829bb-b713-433d-99cf-64bef11e5b3e,FR,EML,2026-08-13T15:27:43.858+00:00,2026-08-24T16:46:29.720+00:00,606,PRESERVED_SPECIMEN,PRESENT,2977014,6,7707728,220,1370,5386,2977000,2977014,Spatholobus parviflorus (Roxb. ex G.Don) Kuntze,Plantae,Tracheophyta,Fabales,Fabaceae,Spatholobus,SPECIES,ACCEPTED,NA,ASIA,stung trèng,none,NA,2019,2,7,2019-02-07,38,38,NA,2023-05-05T11:54:10.000+00:00,2026-08-24T16:46:29.720+00:00,NA,http://creativecommons.org/licenses/by/4.0/legalcode,FALSE,http://coldb.mnhn.fr/catalognumber/mnhn/p/p00915914,none,none,6a6ac6c5-1b8a-48db-91a2-f8661274ff80,bc3d39fd-a7d4-4763-b951-2bdeddd8a5d2,FALSE,NA,"Hul, S.|Eum, S.|Peou, Y.",Hul,hb,none,Magnoliopsida,KH,none,none,ASIA,Cambodia,EUROPE,NA,http://coldb.mnhn.fr/catalognumber/mnhn/p/p00915914,NA,NA,http://grbio.org/institution/museum-national-dhistoire-naturelle,654,NA,NA,7039,NA,2430565435,NA,P,http://coldb.mnhn.fr/catalognumber/mnhn/p/p00915914,NA,NA,P00915914,MNHN,NA,NA,NA,NA,Spatholobus parviflorus (Roxb. ex G.Don) Kuntze,NA,NA,NA,NA,NA,2977014,Spatholobus parviflorus,Spatholobus,parviflorus,NA,NA,NA,NA,NA,NA,NA,NA,NA,NA,NA,NA,NA,NA,NA,NA,LC,NA,NA,NA,NA,NA,NA,NA,NA,NA,NA,NA,NA,NA,NA,NA,"""Liane ligneuse, de 10-15 m. Rameaux velus. Feuilles pennées 3-foliées ; folioles ovales-elliptiques, tomenteuses sur la face inférieure, les 2 latérales asymétriques, plus ou moins obtuses à la base, acuminées au sommet. Infructescence en larges panicules ; fruits : gousses samaroïdes, stipitées, 10 x 3 cm, velues, arrondies à la base et au sommet""",Siem Pang,Prék Méas,NA,NA,NA,NA,NA,NA,NA,NA,NA,NA,NA,NA,NA,NA,NA,NA,NA,NA,NA,NA,NA,NA,https://mediaphoto.mnhn.fr/media/1579023250570TKMovyuJPxGDqLaA,FALSE,error
HERB_0426,sample_images/HERB_0426.jpg,3312522097,Anemone petiolulosa Juz.,"cdc,cucdmis,cum",bf2a4bf0-5f31-11de-b67e-b8a03c50a862,98e934b0-5f31-11de-b67e-b8a03c50a862,"8e30b684-6a54-4aba-aa73-66201c2c736e,17abcf75-2f1e-46dd-bf75-a5b21dd02655",f6fe707e-cced-4efc-b5dc-be4c91b8180a,98e934b0-5f31-11de-b67e-b8a03c50a862,GB,DWC_ARCHIVE,2026-08-13T16:38:58.088+00:00,2026-08-24T20:19:58.589+00:00,445,PRESERVED_SPECIMEN,PRESENT,3924081,6,7707728,220,399,2410,3016227,3924081,Anemone petiolulosa Juz.,Plantae,Tracheophyta,Ranunculales,Ranunculaceae,Anemone,SPECIES,ACCEPTED,NA,ASIA,NA,NA,Northern Asia,2016,5,1,2016-05-01,122,122,NA,2023-12-19T14:54:34.000+00:00,2026-08-24T20:19:58.589+00:00,NA,http://creativecommons.org/publicdomain/zero/1.0/legalcode,FALSE,https://data.rbge.org.uk/herb/E00955229,none,none,0237598a-853a-492c-af74-a723fe251799,427c8cd7-4358-4a00-9ef3-2b2676d28d1e,FALSE,Edinburgh (E) Herbarium Specimens,"Kew Edinburgh Expedition with Kulob to Tajikistan,",NA,HERBARIUM SHEET,none,Magnoliopsida,TL,none,none,ASIA,Timor-Leste,EUROPE,NA,https://data.rbge.org.uk/herb/E00955229,55,"South east facing rocky bank, growing in solid loamy clay.;  Vegetation: Eremurus and Corydalis ledebourii",https://scientific-collections.gbif.org/institution/0237598a-853a-492c-af74-a723fe251799,445,NA,"Tajikistan:Districts of Republican Subordination:Varzob District:On Anzob pass, north of Varsob, in the Hissar Range, west.",NA,NA,3312522097,NA,E,https://data.rbge.org.uk/herb/E00955229,PhysicalObject,NA,E00955229,RBGE,NA,NA,2602m,https://scientific-collections.gbif.org/collection/427c8cd7-4358-4a00-9ef3-2b2676d28d1e,Anemone petiolulosa Juz.,NA,NA,39.047778,68.896389,NA,3924081,Anemone petiolulosa,Anemone,petiolulosa,NA,NA,NA,WGS84,NA,ICBN,NA,NA,NA,NA,NA,NA,E,NA,NA,NA,NA,NA,NA,2602,0,NA,NA,NA,NA,NA,NA,NA,NA,NA,NA,NA,NA,NA,NA,NA,1st May 2016,NA,NA,NA,NA,NA,NA,NA,NA,NA,NA,NA,CC0,Royal Botanic Garden Edinburgh,955475,NA,NA,NA,NA,NA,NA,https://iiif.rbge.org.uk/herb/iiif/E00955229/manifest,FALSE,not_image
HERB_0427,sample_images/HERB_0427.jpg,3461944306,Chrysophyllum cainito L.,,b5cdf794-8fa4-4a85-8b26-755d087bf531,2cd829bb-b713-433d-99cf-64bef11e5b3e,17abcf75-2f1e-46dd-bf75-a5b21dd02655,86c2834b-fcd6-418d-9b32-aca45110a0fe,2cd829bb-b713-433d-99cf-64bef11e5b3e,FR,EML,2026-08-13T15:27:43.858+00:00,2026-08-24T16:45:43.547+00:00,606,PRESERVED_SPECIMEN,PRESENT,2885828,6,7707728,220,1353,8802,2885576,2885828,Chrysophyllum cainito L.,Plantae,Tracheophyta,Ericales,Sapotaceae,Chrysophyllum,SPECIES,ACCEPTED,NA,ASIA,siem réap,none,NA,2021,1,7,2021-01-07,7,7,NA,2022-02-09T10:39:40.000+00:00,2026-08-24T16:45:43.547+00:00,NA,http://creativecommons.org/licenses/by/4.0/legalcode,FALSE,http://coldb.mnhn.fr/catalognumber/mnhn/p/p01190799,none,none,6a6ac6c5-1b8a-48db-91a2-f8661274ff80,bc3d39fd-a7d4-4763-b951-2bdeddd8a5d2,FALSE,NA,"Hul, S.|Peou, Y.|Ratanak, V.",Hul,hb,none,Magnoliopsida,KH,none,none,ASIA,Cambodia,EUROPE,NA,http://coldb.mnhn.fr/catalognumber/mnhn/p/p01190799,NA,NA,http://grbio.org/institution/museum-national-dhistoire-naturelle,654,NA,NA,7190,Sangkat Slorkram,3461944306,NA,P,http://coldb.mnhn.fr/catalognumber/mnhn/p/p01190799,NA,NA,P01190799,MNHN,NA,NA,NA,NA,Chrysophyllum cainito L.,NA,NA,NA,NA,NA,2885828,Chrysophyllum cainito,Chrysophyllum,cainito,NA,NA,NA,NA,NA,NA,NA,NA,NA,NA,NA,NA,NA,NA,NA,NA,LC,NA,NA,NA,NA,NA,NA,NA,NA,NA,NA,NA,NA,NA,NA,NA,"Arbre de 5-15(-20) m de hauteur , écorse riche en latex. Feuilles coriaces, oblongues, ovales ou largement elliptiques, glabres sur la face supérieure, tomenteux roux sur la face inférieure",Phum Daun Pa,NA,NA,NA,NA,NA,NA,NA,NA,NA,NA,NA,NA,NA,NA,NA,NA,NA,NA,NA,NA,NA,NA,NA,https://mediaphoto.mnhn.fr/media/1644399577581rhy60m6qTcEpalaC,FALSE,error
HERB_0428,sample_images/HERB_0428.jpg,3416522305,Garcinia parvifolia (Miq.) Miq.,"cdc,gass84",cb9beff3-a185-486f-975a-732251444158,2853c0e7-c758-4c9c-83a2-7c2d18967fb9,17abcf75-2f1e-46dd-bf75-a5b21dd02655,86c2834b-fcd6-418d-9b32-aca45110a0fe,2cd829bb-b713-433d-99cf-64bef11e5b3e,FR,EML,2026-08-13T15:27:43.165+00:00,2026-08-24T18:08:47.936+00:00,586,PRESERVED_SPECIMEN,PRESENT,8397536,6,7707728,220,1414,6646,3189556,8397536,Garcinia parvifolia (Miq.) Miq.,Plantae,Tracheophyta,Malpighiales,Clusiaceae,Garcinia,SPECIES,ACCEPTED,NA,ASIA,NA,NA,NA,2020,3,20,2020-03-20,80,80,NA,2021-12-17T16:45:42.000+00:00,2026-08-24T18:08:47.936+00:00,NA,http://creativecommons.org/licenses/by/4.0/legalcode,FALSE,http://coldb.mnhn.fr/catalognumber/um/mpu/mpu1400342,none,none,17ff2e84-80c7-4904-81c7-26183b3ce46e,1fddc155-2d5b-4b1d-92cb-1268e22cc2bb,FALSE,NA,"Yao, T.L.|Chong, K.Y.",Yao,hb,none,Magnoliopsida,SG,none,none,ASIA,Singapore,EUROPE,NA,http://coldb.mnhn.fr/catalognumber/um/mpu/mpu1400342,NA,NA,http://grscicoll.org/institution/université-montpellier-2,634,NA,NA,76,"Nee Soon, woodcutter's trail",3416522305,NA,MPU,http://coldb.mnhn.fr/catalognumber/um/mpu/mpu1400342,NA,NA,MPU1400342,UM,NA,NA,NA,NA,Garcinia parvifolia (Miq.) Miq.,NA,NA,1.39487,103.81105,NA,8397536,Garcinia parvifolia,Garcinia,parvifolia,NA,NA,NA,WGS84,NA,NA,NA,NA,NA,NA,NA,NA,NA,NA,NA,NA,LC,NA,NA,NA,NA,NA,NA,NA,NA,NA,NA,NA,NA,NA,NA,3348.8504043166813,"Sapling, 1.5 m tall. Wound exudate white. A common species in this regenerating forest",NA,NA,NA,NA,NA,NA,NA,NA,NA,NA,"Regenerating forest,  swamp Forest, trail side",NA,NA,NA,NA,NA,NA,NA,NA,NA,NA,NA,NA,NA,https://mediaphoto.mnhn.fr/media/1639755942045JyOF7JozTHJMVE4l,FALSE,error
HERB_0429,sample_images/HERB_0429.jpg,4929001070,Brookea tomentosa Benth.,"cdc,cdround,gass84,incomis,inmafu",cd6e21c8-9e8a-493a-8a76-fbf7862069e5,061b4f20-f241-11da-a328-b8a03c50a862,17abcf75-2f1e-46dd-bf75-a5b21dd02655,996e30f8-f762-11e1-a439-00145eb45e9a,061b4f20-f241-11da-a328-b8a03c50a862,GB,DWC_ARCHIVE,2026-08-24T12:51:18.333+00:00,2026-08-24T20:51:01.461+00:00,539,PRESERVED_SPECIMEN,PRESENT,3732775,6,7707728,220,408,2420,7332427,3732775,Brookea tomentosa Benth.,Plantae,Tracheophyta,Lamiales,Plantaginaceae,Brookea,SPECIES,ACCEPTED,NA,ASIA,NA,NA,Rambai,2019,11,10,2019-11-10T00:00,314,314,NA,2026-01-25T18:17:20.613+00:00,2026-08-24T20:51:01.461+00:00,NA,http://creativecommons.org/licenses/by/4.0/legalcode,FALSE,K001935676,none,none,fa252605-26f6-426c-9892-94d071c2c77f,NA,TRUE,NA,"Lim, W.H.; Bazilah, I.; Watu, A.; Janagrun, E.; Azlan, P.; Clayton, J.",NA,NA,none,Magnoliopsida,BN,none,none,ASIA,Brunei Darussalam,EUROPE,NA,K001935676,LWH 108,NA,NA,539,NA,NA,NA,NA,4929001070,NA,Herbarium,http://specimens.kew.org/herbarium/K001935676,NA,NA,K001935676,K,NA,NA,NA,NA,Brookea tomentosa Benth.,NA,NA,4.475556,114.786389,NA,3732775,Brookea tomentosa,Brookea,tomentosa,NA,NA,NA,WGS84,NA,NA,NA,NA,NA,NA,NA,NA,NA,NA,Plantaginaceae,NA,NA,NA,NA,NA,NA,NA,NA,NA,NA,NA,NA,Rambai,NA,NA,NA,NA,NA,NA,NA,NA,NA,NA,NA,NA,NA,NA,NA,NA,NA,NA,NA,NA,NA,NA,NA,NA,NA,NA,NA,NA,NA,https://d2jcv3kl45hlgi.cloudfront.net/6074b84126df306856c94e6532e8e6aa.jpg,FALSE,ok
HERB_0430,sample_images/HERB_0430.jpg,4929001071,Prismatomeris beccariana (Baill. ex K.Schum.) J.T.Johanss.,"incomis,inmafu",cd6e21c8-9e8a-493a-8a76-fbf7862069e5,061b4f20-f241-11da-a328-b8a03c50a862,17abcf75-2f1e-46dd-bf75-a5b21dd02655,996e30f8-f762-11e1-a439-00145eb45e9a,061b4f20-f241-11da-a328-b8a03c50a862,GB,DWC_ARCHIVE,2026-08-24T12:51:18.333+00:00,2026-08-24T20:51:00.978+00:00,539,PRESERVED_SPECIMEN,PRESENT,2909771,6,7707728,220,412,8798,2909738,2909771,Prismatomeris beccariana (Baill. ex K.Schum.) J.T.Johanss.,Plantae,Tracheophyta,Gentianales,Rubiaceae,Prismatomeris,SPECIES,ACCEPTED,NA,ASIA,NA,none,Rambai,2019,11,8,2019-11-08T00:00,312,312,NA,2026-01-25T18:17:20.613+00:00,2026-08-24T20:51:00.978+00:00,NA,http://creativecommons.org/licenses/by/4.0/legalcode,FALSE,K001935687,none,none,fa252605-26f6-426c-9892-94d071c2c77f,NA,FALSE,NA,"Lim, W.H.; Bazilah, I.; Watu, A.; Janagrun, E.; Azlan, P.; Clayton, J.",NA,NA,none,Magnoliopsida,BN,none,none,ASIA,Brunei Darussalam,EUROPE,NA,K001935687,LWH 78,NA,NA,539,NA,NA,NA,NA,4929001071,NA,Herbarium,http://specimens.kew.org/herbarium/K001935687,NA,NA,K001935687,K,NA,NA,NA,NA,Prismatomeris beccariana (Baill. ex K.Schum.) J.T.Johanss.,NA,NA,NA,NA,NA,2909771,Prismatomeris beccariana,Prismatomeris,beccariana,NA,NA,NA,NA,NA,NA,NA,NA,NA,NA,NA,NA,NA,NA,Rubiaceae,NA,NA,NA,NA,NA,NA,NA,NA,NA,NA,NA,NA,Rambai,NA,NA,NA,NA,NA,NA,NA,NA,NA,NA,NA,NA,NA,NA,NA,NA,NA,NA,NA,NA,NA,NA,NA,NA,NA,NA,NA,NA,NA,https://d2jcv3kl45hlgi.cloudfront.net/9ca74ed584565357706a129003b82ac2.jpg,FALSE,ok
HERB_0431,sample_images/HERB_0431.jpg,2430565443,Metadina trichotoma (Zoll. & Moritzi) Bakh.f.,,b5cdf794-8fa4-4a85-8b26-755d087bf531,2cd829bb-b713-433d-99cf-64bef11e5b3e,17abcf75-2f1e-46dd-bf75-a5b21dd02655,86c2834b-fcd6-418d-9b32-aca45110a0fe,2cd829bb-b713-433d-99cf-64bef11e5b3e,FR,EML,2026-08-13T15:27:43.858+00:00,2026-08-24T16:47:03.896+00:00,606,PRESERVED_SPECIMEN,PRESENT,2909132,6,7707728,220,412,8798,2895027,2909139,Adina trichotoma (Zoll. & Moritzi) Benth. & Hook.f. ex B.D.Jacks.,Plantae,Tracheophyta,Gentianales,Rubiaceae,Adina,SPECIES,SYNONYM,NA,ASIA,kompong chhnang,none,NA,2019,2,24,2019-02-24,55,55,NA,2020-01-14T18:34:14.000+00:00,2026-08-24T16:47:03.896+00:00,NA,http://creativecommons.org/licenses/by/4.0/legalcode,FALSE,http://coldb.mnhn.fr/catalognumber/mnhn/p/p00915928,none,none,6a6ac6c5-1b8a-48db-91a2-f8661274ff80,bc3d39fd-a7d4-4763-b951-2bdeddd8a5d2,FALSE,NA,"Hul, S.|Eum, S.|Peou, Y.",Hul,hb,none,Magnoliopsida,KH,none,none,ASIA,Cambodia,EUROPE,NA,http://coldb.mnhn.fr/catalognumber/mnhn/p/p00915928,NA,NA,http://grbio.org/institution/museum-national-dhistoire-naturelle,654,NA,NA,7052,NA,2430565443,NA,P,http://coldb.mnhn.fr/catalognumber/mnhn/p/p00915928,NA,NA,P00915928,MNHN,NA,NA,NA,NA,Metadina trichotoma (Zoll. & Moritzi) Bakh.f.,NA,NA,NA,NA,NA,2909139,Adina trichotoma,Metadina,trichotoma,NA,NA,NA,NA,NA,NA,NA,NA,NA,NA,NA,NA,NA,NA,NA,NA,NA,NA,NA,NA,NA,NA,NA,NA,NA,NA,NA,NA,NA,NA,NA,NA,Arbre de 8 m. Feuilles ovales-oblongues ou obovales-elliptiques. Inflorescences en capitules solitaires ou disposées en cymes. Fleurs groupées en têtes globuleuses. Fruits capsulaires,Roléa Ph'éa,"Kang Méas, Kok Bantéay",NA,NA,NA,NA,NA,NA,NA,NA,NA,NA,NA,NA,NA,NA,NA,NA,NA,NA,NA,NA,NA,NA,https://mediaphoto.mnhn.fr/media/1579023254607pHp8EQJM6Y3TeZdD,TRUE,error
HERB_0432,sample_images/HERB_0432.jpg,4535502911,Embelia ribes Burm.fil.,"cdc,cdround,gass84,incomis,inmafu",cd6e21c8-9e8a-493a-8a76-fbf7862069e5,061b4f20-f241-11da-a328-b8a03c50a862,17abcf75-2f1e-46dd-bf75-a5b21dd02655,996e30f8-f762-11e1-a439-00145eb45e9a,061b4f20-f241-11da-a328-b8a03c50a862,GB,DWC_ARCHIVE,2026-08-24T12:51:18.333+00:00,2026-08-24T20:50:57.914+00:00,539,PRESERVED_SPECIMEN,PRESENT,7330952,6,7707728,220,1353,6674,2984886,7330952,Embelia ribes Burm.fil.,Plantae,Tracheophyta,Ericales,Primulaceae,Embelia,SPECIES,ACCEPTED,NA,ASIA,NA,NA,NA,2019,3,7,2019-03-07T00:00,66,66,NA,2025-12-09T08:02:54.787+00:00,2026-08-24T20:50:57.914+00:00,NA,http://creativecommons.org/licenses/by/4.0/legalcode,FALSE,K001769603,none,none,fa252605-26f6-426c-9892-94d071c2c77f,NA,TRUE,NA,"Armstrong, K.; Yu Nwe, T.; Kramer, M.; Wah Linn, W.; Myint, T.; La Pyae, P.; Kyi, A.; Nyo, K.",NA,NA,none,Magnoliopsida,MM,none,none,ASIA,Myanmar,EUROPE,NA,K001769603,4365,NA,NA,539,NA,"Sagaing Region. Hkamti District. Homalin Township, Nam Sa Bi village.",NA,NA,4535502911,NA,Herbarium,http://specimens.kew.org/herbarium/K001769603,NA,NA,K001769603,K,NA,NA,NA,NA,Embelia ribes Burm.fil.,NA,NA,25.363722,95.346667,NA,7330952,Embelia ribes,Embelia,ribes,NA,NA,NA,WGS84,NA,NA,NA,NA,NA,NA,NA,NA,NA,NA,Primulaceae,NA,NA,NA,NA,136,NA,NA,NA,NA,NA,NA,NA,NA,NA,NA,NA,NA,NA,NA,NA,NA,NA,NA,NA,NA,NA,NA,NA,NA,NA,NA,NA,NA,NA,NA,NA,NA,NA,NA,NA,NA,NA,https://d2jcv3kl45hlgi.cloudfront.net/d773708e7e8f0dee8579a7ac19d7a586.jpg,FALSE,ok
HERB_0433,sample_images/HERB_0433.jpg,4988616924,Elephantopus scaber L.,,b5cdf794-8fa4-4a85-8b26-755d087bf531,2cd829bb-b713-433d-99cf-64bef11e5b3e,17abcf75-2f1e-46dd-bf75-a5b21dd02655,86c2834b-fcd6-418d-9b32-aca45110a0fe,2cd829bb-b713-433d-99cf-64bef11e5b3e,FR,EML,2026-08-13T15:27:43.858+00:00,2026-08-24T16:47:24.975+00:00,606,PRESERVED_SPECIMEN,PRESENT,5395925,6,7707728,220,414,3065,3119618,5395925,Elephantopus scaber L.,Plantae,Tracheophyta,Asterales,Asteraceae,Elephantopus,SPECIES,ACCEPTED,NA,ASIA,NA,none,NA,2023,11,26,2023-11-26,330,330,NA,2006-11-17T11:19:14.000+00:00,2026-08-24T16:47:24.975+00:00,NA,http://creativecommons.org/licenses/by/4.0/legalcode,FALSE,http://coldb.mnhn.fr/catalognumber/mnhn/p/p01170473,none,none,6a6ac6c5-1b8a-48db-91a2-f8661274ff80,bc3d39fd-a7d4-4763-b951-2bdeddd8a5d2,FALSE,NA,"Tamura, M.N.|&, al.",NA,hb,none,Magnoliopsida,TH,none,none,ASIA,Thailand,EUROPE,NA,http://coldb.mnhn.fr/catalognumber/mnhn/p/p01170473,NA,NA,http://grbio.org/institution/museum-national-dhistoire-naturelle,654,NA,NA,T 69317,"Sep La, Mae Lamung",4988616924,NA,P,http://coldb.mnhn.fr/catalognumber/mnhn/p/p01170473,NA,NA,P01170473,MNHN,NA,NA,NA,NA,Elephantopus scaber L.,NA,NA,NA,NA,NA,5395925,Elephantopus scaber,Elephantopus,scaber,NA,NA,NA,NA,NA,NA,NA,NA,NA,NA,NA,NA,NA,NA,NA,NA,LC,NA,NA,NA,NA,NA,NA,NA,NA,NA,NA,NA,NA,NA,NA,NA,NA,NA,NA,NA,NA,NA,NA,NA,NA,NA,NA,NA,NA,NA,NA,NA,NA,NA,NA,NA,NA,NA,NA,NA,NA,https://mediaphoto.mnhn.fr/media/1733303747071cxTthfxZGGb6YCU1,FALSE,error
HERB_0434,sample_images/HERB_0434.jpg,2430565460,Enkleia malaccensis Griff.,,b5cdf794-8fa4-4a85-8b26-755d087bf531,2cd829bb-b713-433d-99cf-64bef11e5b3e,17abcf75-2f1e-46dd-bf75-a5b21dd02655,86c2834b-fcd6-418d-9b32-aca45110a0fe,2cd829bb-b713-433d-99cf-64bef11e5b3e,FR,EML,2026-08-13T15:27:43.858+00:00,2026-08-24T16:45:41.709+00:00,606,PRESERVED_SPECIMEN,PRESENT,3568590,6,7707728,220,941,2428,7311401,3568590,Enkleia malaccensis Griff.,Plantae,Tracheophyta,Malvales,Thymelaeaceae,Enkleia,SPECIES,ACCEPTED,NA,ASIA,stung trèng,none,NA,2019,2,7,2019-02-07,38,38,NA,2023-05-05T11:54:10.000+00:00,2026-08-24T16:45:41.709+00:00,NA,http://creativecommons.org/licenses/by/4.0/legalcode,FALSE,http://coldb.mnhn.fr/catalognumber/mnhn/p/p00915922,none,none,6a6ac6c5-1b8a-48db-91a2-f8661274ff80,bc3d39fd-a7d4-4763-b951-2bdeddd8a5d2,FALSE,NA,"Hul, S.|Eum, S.|Peou, Y.",Hul,hb,none,Magnoliopsida,KH,none,none,ASIA,Cambodia,EUROPE,NA,http://coldb.mnhn.fr/catalognumber/mnhn/p/p00915922,NA,NA,http://grbio.org/institution/museum-national-dhistoire-naturelle,654,NA,NA,7047,NA,2430565460,NA,P,http://coldb.mnhn.fr/catalognumber/mnhn/p/p00915922,NA,NA,P00915922,MNHN,NA,NA,NA,NA,Enkleia malaccensis Griff.,NA,NA,NA,NA,NA,3568590,Enkleia malaccensis,Enkleia,malaccensis,NA,NA,NA,NA,NA,NA,NA,NA,NA,NA,NA,NA,NA,NA,NA,NA,NA,NA,NA,NA,NA,NA,NA,NA,NA,NA,NA,NA,NA,NA,NA,NA,"""Petite liane de 2 m, rameaux pubescents. Feuilles opposées, largement ovales, glabrescentes en dessus, tomenteuses en dessous. Inflorescences terminales, en panicules lâches, pubescentes; fleurs soutenues par 2 bractées foliacées et de petites bractéoles ; hypanthium tomenteux extérieurement ; sépales 5, tomenteux ; 5 appendices pétaloïdes, bifides; disque annulaire ; ovaire ellipsoïde, velu""",Siem Pang,Prék Méas,NA,NA,NA,NA,NA,NA,NA,NA,NA,NA,NA,NA,NA,NA,NA,NA,NA,NA,NA,NA,NA,NA,https://mediaphoto.mnhn.fr/media/1579023253290Ht4NRKUEK1THinZk,TRUE,error
HERB_0435,sample_images/HERB_0435.jpg,6196925700,Derris trifoliata Lour.,"colmafu,inmafu",1cbed1d0-f9ac-4b9e-bf3f-a26272bca39e,4fd82480-ea1c-11da-8db4-b8a03c50a862,NA,82d6992a-b20b-4e74-b6ac-6b971b2c485d,4fd82480-ea1c-11da-8db4-b8a03c50a862,JP,EML,2026-07-10T16:35:10.312+00:00,2026-07-18T17:50:20.059+00:00,222,PRESERVED_SPECIMEN,PRESENT,5350336,6,7707728,220,1370,5386,2947465,5350336,Derris trifoliata Lour.,Plantae,Tracheophyta,Fabales,Fabaceae,Derris,SPECIES,ACCEPTED,NA,ASIA,Kien Giang,NA,Asia|Vietnam|Kien Giang|Kien Luong Dist.|Binh An,2024,5,24,2024-05-24,145,145,NA,2025-10-16T00:00:00.000+00:00,2026-07-18T17:50:20.059+00:00,https://www.museum.kagoshima-u.ac.jp/hyouhonsitu.html,http://creativecommons.org/licenses/by/4.0/legalcode,FALSE,e22af045-38be-4a5b-ad82-2a5ed4a6fffa,none,none,7b6590f0-c03f-409b-ae28-f443c1166d23,e9e6df05-e289-4a64-8ace-a4d5dbd168e4,FALSE,NA,NA,NA,NA,none,Magnoliopsida,VN,none,none,ASIA,Viet Nam,ASIA,NA,e22af045-38be-4a5b-ad82-2a5ed4a6fffa,N526,NA,NA,232,NA,Binh An,NA,"Vietnam, Kien Giang, Kien Luong Dist., Binh An",6196925700,NA,KAG,e22af045-38be-4a5b-ad82-2a5ed4a6fffa,NA,NA,KAG188629,KAG,NA,NA,NA,NA,Derris trifoliata Lour.,NA,NA,10.15577,104.60976,NA,5350336,Derris trifoliata,Derris,trifoliata,NA,NA,NA,WGS84,NA,NA,NA,NA,obtained using GPS machine,NA,NA,NA,NA,NA,Plantae|Tracheophyta|Magnoliopsida|Fabales|Fabaceae|Derris|trifoliata,NA,NA,NA,NA,40,NA,NA,NA,NA,NA,NA,NA,NA,NA,NA,NA,NA,NA,Kien Luong Dist.,NA,NA,NA,NA,NA,NA,NA,NA,NA,NA,NA,NA,500,NA,NA,NA,NA,NA,NA,NA,NA,NA,NA,https://dbs.kaum.kagoshima-u.ac.jp/musedb/s_plant/picture/KAG188629/KAG188629.jpg,FALSE,ok
HERB_0436,sample_images/HERB_0436.jpg,4938751989,Polyalthia insignis (Hook.f.) Airy Shaw,"cdc,cdround,gass84,incomis,inmafu",cd6e21c8-9e8a-493a-8a76-fbf7862069e5,061b4f20-f241-11da-a328-b8a03c50a862,17abcf75-2f1e-46dd-bf75-a5b21dd02655,996e30f8-f762-11e1-a439-00145eb45e9a,061b4f20-f241-11da-a328-b8a03c50a862,GB,DWC_ARCHIVE,2026-08-24T12:51:18.333+00:00,2026-08-24T20:50:07.428+00:00,539,PRESERVED_SPECIMEN,PRESENT,3156487,6,7707728,220,718,9291,3156263,3156487,Polyalthia insignis (Hook.f.) Airy Shaw,Plantae,Tracheophyta,Magnoliales,Annonaceae,Polyalthia,SPECIES,ACCEPTED,NA,ASIA,NA,NA,NA,2019,11,9,2019-11-09T00:00,313,313,NA,2026-01-25T18:17:20.613+00:00,2026-08-24T20:50:07.428+00:00,NA,http://creativecommons.org/licenses/by/4.0/legalcode,FALSE,K001893884,none,none,fa252605-26f6-426c-9892-94d071c2c77f,NA,FALSE,NA,"Lim, W.H.; Bazilah, I.; Watu, A.; Janagrun, E.; Azlan, P.; Clayton, J.",NA,NA,none,Magnoliopsida,BN,none,none,ASIA,Brunei Darussalam,EUROPE,NA,K001893884,LWH 91,NA,NA,539,NA,"Rambai, Ulu Sg. Kiapat, Across the bank from campsite.",NA,NA,4938751989,NA,Herbarium,http://specimens.kew.org/herbarium/K001893884,NA,NA,K001893884,K,NA,NA,NA,NA,Polyalthia insignis (Hook.f.) Airy Shaw,NA,NA,4.546667,114.75,NA,3156487,Polyalthia insignis,Polyalthia,insignis,NA,NA,NA,WGS84,NA,NA,NA,NA,NA,NA,NA,NA,NA,NA,Annonaceae,NA,NT,NA,NA,NA,NA,NA,NA,NA,NA,NA,NA,NA,NA,NA,NA,NA,NA,NA,NA,NA,NA,NA,NA,NA,NA,NA,NA,NA,NA,NA,NA,NA,NA,NA,NA,NA,NA,NA,NA,NA,NA,https://d2jcv3kl45hlgi.cloudfront.net/6eb09a7d3a3fc1ec410a7fa0edfc2e51.jpg,FALSE,ok
HERB_0437,sample_images/HERB_0437.jpg,5895917635,Meliosma simplicifolia (Roxb.) Walp.,"cdc,cdround,colmafu,inmafu",902c8fe7-8f38-45b0-854e-c324fed36303,f5fc4e61-b7a0-414b-ab68-b41cb23e7fdc,NA,91d2f516-bdfa-458f-bad1-66717101b49f,f5fc4e61-b7a0-414b-ab68-b41cb23e7fdc,RU,EML,2026-08-21T18:06:57.852+00:00,2026-08-21T18:14:16.688+00:00,610,PRESERVED_SPECIMEN,PRESENT,7269667,6,7707728,220,400,2409,3033959,7269667,Meliosma simplicifolia (Roxb.) Walp.,Plantae,Tracheophyta,Proteales,Sabiaceae,Meliosma,SPECIES,ACCEPTED,NA,ASIA,NA,NA,South Asia|South Asia (Asia outside ex-Soviet states and Mongolia)|Vietnam,2024,3,18,2024-03-18,78,78,NA,2025-12-18T11:15:51.000+00:00,2026-08-21T18:14:16.688+00:00,https://plant.depo.msu.ru/open/public/item/MW1048785,http://creativecommons.org/licenses/by/4.0/legalcode,FALSE,MW1048785,none,none,df27e63f-82b2-464e-9286-a96163c961c9,acf523b0-8c81-4813-a85d-2361a8b487d4,FALSE,Moscow Digital Herbarium,Nguyen H.C.,NA,herbarium specimen,none,Magnoliopsida,VN,none,none,ASIA,Viet Nam,EUROPE,Moscow State University,MW1048785,NA,NA,http://grbio.org/institution/moscow-state-university,610,NA,NA,NA,NA,5895917635,en | ru,MW,MW1048785,Physical Object,in collection,MW1048785,Moscow State University,NA,use under CC-BY 4.0,NA,urn:lsid:biocol.org:col:15550,Meliosma simplicifolia (Roxb.) Walp.,NA,NA,21.757778,104.573889,https://rscf.ru/en/project/21-77-20042/,7269667,Meliosma simplicifolia,Meliosma,simplicifolia,Kollektor,urn:lsid:biocol.org:col:15550:01,common practice of herbarium collecting,WGS84,Meliosma simplicifolia (Roxb.) Walp.,"International Code of Nomenclature for algae, fungi, and plants",manual verification,WGS84,no label data,MW1048785,329908982,363090440,MSU,"Seregin A. P. (Ed.). 2026. Specimen MW1048785 from the collection ""Moscow University Herbarium"" // Depository of Live Systems (branch ""Plants""): Electronic resource. – Moscow State University, Moscow. – Available at: https://plant.depo.mitotech.ru/open/public/item/MW1048785 (indicate access date).",Plantae | Tracheophyta | Magnoliopsida | Proteales | Sabiaceae | Meliosmoideae | Meliosma,Meliosma,NA,NA,NA,NA,NA,NA,NA,NA,NA,NA,NA,NA,NA,NA,NA,NA,NA,NA,NA,NA,NA,NA,NA,NA,NA,NA,NA,NA,NA,NA,NA,NA,NA,NA,NA,NA,NA,NA,NA,NA,NA,https://plant.depo.msu.ru/open/public/item/MW1048785/img/0.jpg?gbif,FALSE,ok
HERB_0438,sample_images/HERB_0438.jpg,6196925774,Dolichandrone spathacea (L.fil.) K.Schum.,"colmafu,inmafu",1cbed1d0-f9ac-4b9e-bf3f-a26272bca39e,4fd82480-ea1c-11da-8db4-b8a03c50a862,NA,82d6992a-b20b-4e74-b6ac-6b971b2c485d,4fd82480-ea1c-11da-8db4-b8a03c50a862,JP,EML,2026-07-10T16:35:10.312+00:00,2026-07-18T17:50:39.922+00:00,222,PRESERVED_SPECIMEN,PRESENT,3172487,6,7707728,220,408,6655,3172486,3172487,Dolichandrone spathacea (L.fil.) K.Schum.,Plantae,Tracheophyta,Lamiales,Bignoniaceae,Dolichandrone,SPECIES,ACCEPTED,NA,ASIA,Kien Giang,NA,Asia|Vietnam|Kien Giang|Kien Luong Dist.|Binh An,2024,5,23,2024-05-23,144,144,NA,2025-10-16T00:00:00.000+00:00,2026-07-18T17:50:39.922+00:00,https://www.museum.kagoshima-u.ac.jp/hyouhonsitu.html,http://creativecommons.org/licenses/by/4.0/legalcode,FALSE,eaa23be8-c150-4fa8-8f9b-479773ed17ef,none,none,7b6590f0-c03f-409b-ae28-f443c1166d23,e9e6df05-e289-4a64-8ace-a4d5dbd168e4,FALSE,NA,NA,NA,NA,none,Magnoliopsida,VN,none,none,ASIA,Viet Nam,ASIA,NA,eaa23be8-c150-4fa8-8f9b-479773ed17ef,N524,NA,NA,232,NA,Binh An,NA,"Vietnam, Kien Giang, Kien Luong Dist., Binh An",6196925774,NA,KAG,eaa23be8-c150-4fa8-8f9b-479773ed17ef,NA,NA,KAG188627,KAG,NA,NA,NA,NA,Dolichandrone spathacea (L.fil.) K.Schum.,NA,NA,10.15577,104.60976,NA,3172487,Dolichandrone spathacea,Dolichandrone,spathacea,NA,NA,NA,WGS84,NA,NA,NA,NA,obtained using GPS machine,NA,NA,NA,NA,NA,Plantae|Tracheophyta|Magnoliopsida|Lamiales|Bignoniaceae|Dolichandrone|spathacea,NA,LC,NA,NA,40,NA,NA,NA,NA,NA,NA,NA,NA,NA,NA,NA,NA,NA,Kien Luong Dist.,NA,NA,NA,NA,NA,NA,NA,NA,NA,NA,NA,NA,500,NA,NA,NA,NA,NA,NA,NA,NA,NA,NA,https://dbs.kaum.kagoshima-u.ac.jp/musedb/s_plant/picture/KAG188627/KAG188627.jpg,FALSE,ok
HERB_0439,sample_images/HERB_0439.jpg,4979413014,Palaquium gutta (Hook.) Baill.,cdc,bf2a4bf0-5f31-11de-b67e-b8a03c50a862,98e934b0-5f31-11de-b67e-b8a03c50a862,"8e30b684-6a54-4aba-aa73-66201c2c736e,17abcf75-2f1e-46dd-bf75-a5b21dd02655",f6fe707e-cced-4efc-b5dc-be4c91b8180a,98e934b0-5f31-11de-b67e-b8a03c50a862,GB,DWC_ARCHIVE,2026-08-13T16:38:58.088+00:00,2026-08-24T20:20:05.981+00:00,445,PRESERVED_SPECIMEN,PRESENT,7520030,6,7707728,220,1353,8802,2886411,7520030,Palaquium gutta (Hook.) Baill.,Plantae,Tracheophyta,Ericales,Sapotaceae,Palaquium,SPECIES,ACCEPTED,NA,ASIA,Sarawak,NA,Malay Islands,2024,3,4,2024-03-04,64,64,NA,2025-12-15T11:14:34.000+00:00,2026-08-24T20:20:05.981+00:00,NA,http://creativecommons.org/publicdomain/zero/1.0/legalcode,FALSE,https://data.rbge.org.uk/herb/E01494543,none,none,0237598a-853a-492c-af74-a723fe251799,427c8cd7-4358-4a00-9ef3-2b2676d28d1e,FALSE,Edinburgh (E) Herbarium Specimens,"Wilkie, Peter, Sundue, Michael, Barber, Sadie, Chea Yiing, Ling, Jawa, Rantai & Angkabau, Johnny",NA,HERBARIUM SHEET|Silica-dried,none,Magnoliopsida,MY,none,none,ASIA,Malaysia,EUROPE,NA,https://data.rbge.org.uk/herb/E01494543,S.111205,"Disturbed forest , old skid trail, 30 year new growth forest, plant growing on slope about 10m up from streamside.",https://scientific-collections.gbif.org/institution/0237598a-853a-492c-af74-a723fe251799,445,NA,"Road to Sang Anau village, on trail to Bukit Mabong waterfall (second waterfall, further from Tunoh)",NA,NA,4979413014,NA,E,https://data.rbge.org.uk/herb/E01494543,PhysicalObject,NA,E01494543,RBGE,NA,NA,NA,https://scientific-collections.gbif.org/collection/427c8cd7-4358-4a00-9ef3-2b2676d28d1e,Palaquium gutta (Hook.) Baill.,NA,NA,2.034353,113.756705,NA,7520030,Palaquium gutta,Palaquium,gutta,NA,NA,NA,WGS84,NA,ICBN,NA,NA,NA,NA,NA,NA,E,NA,NA,NA,NT,NA,NA,NA,NA,NA,NA,NA,NA,NA,NA,NA,NA,NA,NA,NA,NA,NA,NA,NA,4th March 2024,NA,NA,NA,NA,NA,NA,NA,NA,NA,NA,NA,CC0,Royal Botanic Garden Edinburgh,1572057,NA,NA,NA,NA,NA,NA,https://iiif.rbge.org.uk/herb/iiif/E01494543/manifest,FALSE,not_image
HERB_0440,sample_images/HERB_0440.jpg,6196928211,Rinorea anguifera (Lour.) Kuntze,"colmafu,inmafu",1cbed1d0-f9ac-4b9e-bf3f-a26272bca39e,4fd82480-ea1c-11da-8db4-b8a03c50a862,NA,82d6992a-b20b-4e74-b6ac-6b971b2c485d,4fd82480-ea1c-11da-8db4-b8a03c50a862,JP,EML,2026-07-10T16:35:10.312+00:00,2026-07-18T17:50:41.939+00:00,222,PRESERVED_SPECIMEN,PRESENT,4077503,6,7707728,220,1414,6631,7296208,4077503,Rinorea anguifera (Lour.) Kuntze,Plantae,Tracheophyta,Malpighiales,Violaceae,Rinorea,SPECIES,ACCEPTED,NA,ASIA,Kien Giang,NA,Asia|Vietnam|Kien Giang|Kien Luong Dist.|Mt. Mo So,2024,5,23,2024-05-23,144,144,NA,2025-10-16T00:00:00.000+00:00,2026-07-18T17:50:41.939+00:00,https://www.museum.kagoshima-u.ac.jp/hyouhonsitu.html,http://creativecommons.org/licenses/by/4.0/legalcode,FALSE,c2b3016c-03f3-48f1-bdef-aca6d59f5de5,none,none,7b6590f0-c03f-409b-ae28-f443c1166d23,e9e6df05-e289-4a64-8ace-a4d5dbd168e4,FALSE,NA,NA,NA,NA,none,Magnoliopsida,VN,none,none,ASIA,Viet Nam,ASIA,NA,c2b3016c-03f3-48f1-bdef-aca6d59f5de5,N496,NA,NA,232,NA,Mt. Mo So,NA,"Vietnam, Kien Giang, Kien Luong Dist., Mt. Mo So",6196928211,NA,KAG,c2b3016c-03f3-48f1-bdef-aca6d59f5de5,NA,NA,KAG188599,KAG,NA,NA,NA,NA,Rinorea anguifera (Lour.) Kuntze,NA,NA,10.2277,104.61743,NA,4077503,Rinorea anguifera,Rinorea,anguifera,NA,NA,NA,WGS84,NA,NA,NA,NA,obtained using GPS machine,NA,NA,NA,NA,NA,Plantae|Tracheophyta|Magnoliopsida|Malpighiales|Violaceae|Rinorea|anguifera,NA,LC,NA,NA,70,NA,NA,NA,NA,NA,NA,NA,NA,NA,NA,NA,NA,NA,Kien Luong Dist.,NA,NA,NA,NA,NA,NA,NA,NA,NA,NA,NA,NA,500,NA,NA,NA,NA,NA,NA,NA,NA,NA,NA,https://dbs.kaum.kagoshima-u.ac.jp/musedb/s_plant/picture/KAG188599/KAG188599.jpg,FALSE,ok
HERB_0441,sample_images/HERB_0441.jpg,3461951309,Leucaena leucocephala (Lam.) de Wit,,b5cdf794-8fa4-4a85-8b26-755d087bf531,2cd829bb-b713-433d-99cf-64bef11e5b3e,17abcf75-2f1e-46dd-bf75-a5b21dd02655,86c2834b-fcd6-418d-9b32-aca45110a0fe,2cd829bb-b713-433d-99cf-64bef11e5b3e,FR,EML,2026-08-13T15:27:43.858+00:00,2026-08-24T16:46:33.455+00:00,606,PRESERVED_SPECIMEN,PRESENT,2970418,6,7707728,220,1370,5386,2970337,2970418,Leucaena leucocephala (Lam.) de Wit,Plantae,Tracheophyta,Fabales,Fabaceae,Leucaena,SPECIES,ACCEPTED,NA,ASIA,siem réap,none,NA,2021,1,7,2021-01-07,7,7,NA,2022-02-09T10:39:14.000+00:00,2026-08-24T16:46:33.455+00:00,NA,http://creativecommons.org/licenses/by/4.0/legalcode,FALSE,http://coldb.mnhn.fr/catalognumber/mnhn/p/p01190787,none,none,6a6ac6c5-1b8a-48db-91a2-f8661274ff80,bc3d39fd-a7d4-4763-b951-2bdeddd8a5d2,FALSE,NA,"Hul, S.|Peou, Y.|Ratanak, V.",Hul,hb,none,Magnoliopsida,KH,none,none,ASIA,Cambodia,EUROPE,NA,http://coldb.mnhn.fr/catalognumber/mnhn/p/p01190787,NA,NA,http://grbio.org/institution/museum-national-dhistoire-naturelle,654,NA,NA,7178,Sangkat Slorkram,3461951309,NA,P,http://coldb.mnhn.fr/catalognumber/mnhn/p/p01190787,NA,NA,P01190787,MNHN,NA,NA,NA,NA,Leucaena leucocephala (Lam.) de Wit,NA,NA,NA,NA,NA,2970418,Leucaena leucocephala,Leucaena,leucocephala,NA,NA,NA,NA,NA,NA,NA,NA,NA,NA,NA,NA,NA,NA,NA,NA,NA,NA,NA,NA,NA,NA,NA,NA,NA,NA,NA,NA,NA,NA,NA,NA,"Arbre, 7-10 m de haut. Feuilles bipennées , pennes 3-8(-10) paires , folioles 5-20 paires, linéaires, linéaires-oblongues, opposées. Inflorescences en capitules globuleux, axillaires. Gousses aplaties, membraneuses, déhiscentes , graines brunes aréolées",Phum Daun Pa,NA,NA,NA,NA,NA,NA,NA,NA,NA,NA,NA,NA,NA,NA,NA,NA,NA,NA,NA,NA,NA,NA,NA,https://mediaphoto.mnhn.fr/media/1644399551137XL1SUSAIbrIlmUUG,TRUE,error
HERB_0442,sample_images/HERB_0442.jpg,4979413242,Cyrtandra disparoides subsp. inconspicua B.L.Burtt,"cdc,txmatfuz",bf2a4bf0-5f31-11de-b67e-b8a03c50a862,98e934b0-5f31-11de-b67e-b8a03c50a862,"8e30b684-6a54-4aba-aa73-66201c2c736e,17abcf75-2f1e-46dd-bf75-a5b21dd02655",f6fe707e-cced-4efc-b5dc-be4c91b8180a,98e934b0-5f31-11de-b67e-b8a03c50a862,GB,DWC_ARCHIVE,2026-08-13T16:38:58.088+00:00,2026-08-24T20:20:46.516+00:00,445,PRESERVED_SPECIMEN,PRESENT,5591942,6,7707728,220,408,6654,3172659,5591942,Cyrtandra disparoides subsp. inconspicua B.L.Burtt,Plantae,Tracheophyta,Lamiales,Gesneriaceae,Cyrtandra,SUBSPECIES,ACCEPTED,NA,ASIA,Sarawak,NA,Malay Islands,2024,2,26,2024-02-26,57,57,NA,2026-02-02T11:42:16.000+00:00,2026-08-24T20:20:46.516+00:00,NA,http://creativecommons.org/publicdomain/zero/1.0/legalcode,FALSE,https://data.rbge.org.uk/herb/E01494509,none,none,0237598a-853a-492c-af74-a723fe251799,427c8cd7-4358-4a00-9ef3-2b2676d28d1e,FALSE,Edinburgh (E) Herbarium Specimens,"Barber, Sadie, Wilkie, Peter, Sundue, Michael, Jawa, Rantai & Angkabau, Johnny",NA,HERBARIUM SHEET|Silica-dried,none,Magnoliopsida,MY,none,none,ASIA,Malaysia,EUROPE,NA,https://data.rbge.org.uk/herb/E01494509,S.110651,"Disturbed forest in lowland mixed dipterocarp forest, SE slope",https://scientific-collections.gbif.org/institution/0237598a-853a-492c-af74-a723fe251799,445,NA,Kapit Forest Management Unit (FMU),NA,NA,4979413242,NA,E,https://data.rbge.org.uk/herb/E01494509,PhysicalObject,NA,E01494509,RBGE,NA,NA,NA,https://scientific-collections.gbif.org/collection/427c8cd7-4358-4a00-9ef3-2b2676d28d1e,Cyrtandra disparoides subsp. inconspicua B.L.Burtt,NA,NA,1.717958,113.53567,NA,6365810,Cyrtandra disparoides,Cyrtandra,disparoides,NA,NA,NA,WGS84,NA,ICBN,NA,NA,NA,NA,NA,NA,E,NA,NA,NA,NA,NA,NA,NA,NA,NA,NA,NA,NA,NA,NA,NA,inconspicua,NA,NA,NA,NA,NA,NA,NA,26th February 2024,NA,NA,NA,NA,NA,NA,NA,NA,NA,NA,NA,CC0,Royal Botanic Garden Edinburgh,1571785,NA,NA,NA,NA,NA,NA,https://iiif.rbge.org.uk/herb/iiif/E01494509/manifest,FALSE,not_image
HERB_0443,sample_images/HERB_0443.jpg,5106050352,Isodon lophanthoides (Buch.-Ham. ex D.Don) H.Hara,,b5cdf794-8fa4-4a85-8b26-755d087bf531,2cd829bb-b713-433d-99cf-64bef11e5b3e,17abcf75-2f1e-46dd-bf75-a5b21dd02655,86c2834b-fcd6-418d-9b32-aca45110a0fe,2cd829bb-b713-433d-99cf-64bef11e5b3e,FR,EML,2026-08-13T15:27:43.858+00:00,2026-08-24T16:47:36.551+00:00,606,PRESERVED_SPECIMEN,PRESENT,8060712,6,7707728,220,408,2497,3233634,8060712,Isodon lophanthoides (Buch.-Ham. ex D.Don) H.Hara,Plantae,Tracheophyta,Lamiales,Lamiaceae,Isodon,SPECIES,ACCEPTED,NA,ASIA,NA,none,NA,2023,11,25,2023-11-25,329,329,NA,2025-04-23T10:28:06.000+00:00,2026-08-24T16:47:36.551+00:00,NA,http://creativecommons.org/licenses/by/4.0/legalcode,FALSE,http://coldb.mnhn.fr/catalognumber/mnhn/p/p01170468,none,none,6a6ac6c5-1b8a-48db-91a2-f8661274ff80,bc3d39fd-a7d4-4763-b951-2bdeddd8a5d2,FALSE,NA,"Tamura, S.|&, al.",NA,hb,none,Magnoliopsida,TH,none,none,ASIA,Thailand,EUROPE,NA,http://coldb.mnhn.fr/catalognumber/mnhn/p/p01170468,NA,NA,http://grbio.org/institution/museum-national-dhistoire-naturelle,654,NA,NA,T 69308,Near Doi Hua Mot,5106050352,NA,P,http://coldb.mnhn.fr/catalognumber/mnhn/p/p01170468,NA,NA,P01170468,MNHN,NA,NA,NA,NA,Isodon lophanthoides (Buch.-Ham. ex D.Don) H.Hara,NA,NA,NA,NA,NA,8060712,Isodon lophanthoides,Isodon,lophanthoides,NA,NA,NA,NA,NA,NA,NA,NA,NA,NA,NA,NA,NA,NA,NA,NA,NA,NA,NA,NA,NA,NA,NA,NA,NA,NA,NA,NA,NA,NA,NA,NA,NA,NA,NA,NA,NA,NA,NA,NA,NA,NA,NA,NA,NA,NA,NA,NA,NA,NA,NA,NA,NA,NA,NA,NA,NA,https://mediaphoto.mnhn.fr/media/17441850019308NK8YpEdtTdzIuT9,FALSE,error
HERB_0444,sample_images/HERB_0444.jpg,3416547304,Garcinia parvifolia (Miq.) Miq.,"cdc,gass84",cb9beff3-a185-486f-975a-732251444158,2853c0e7-c758-4c9c-83a2-7c2d18967fb9,17abcf75-2f1e-46dd-bf75-a5b21dd02655,86c2834b-fcd6-418d-9b32-aca45110a0fe,2cd829bb-b713-433d-99cf-64bef11e5b3e,FR,EML,2026-08-13T15:27:43.165+00:00,2026-08-24T18:08:55.597+00:00,586,PRESERVED_SPECIMEN,PRESENT,8397536,6,7707728,220,1414,6646,3189556,8397536,Garcinia parvifolia (Miq.) Miq.,Plantae,Tracheophyta,Malpighiales,Clusiaceae,Garcinia,SPECIES,ACCEPTED,NA,ASIA,NA,NA,NA,2020,3,25,2020-03-25,85,85,NA,2021-12-17T16:45:45.000+00:00,2026-08-24T18:08:55.597+00:00,NA,http://creativecommons.org/licenses/by/4.0/legalcode,FALSE,http://coldb.mnhn.fr/catalognumber/um/mpu/mpu1400351,none,none,17ff2e84-80c7-4904-81c7-26183b3ce46e,1fddc155-2d5b-4b1d-92cb-1268e22cc2bb,FALSE,NA,"Yao, T.L.|Leong, P.K.F.|Lim, W.H.|Chia, E.J.J.",Yao,hb,none,Magnoliopsida,SG,none,none,ASIA,Singapore,EUROPE,NA,http://coldb.mnhn.fr/catalognumber/um/mpu/mpu1400351,NA,NA,http://grscicoll.org/institution/université-montpellier-2,634,NA,NA,85,Singapore Botanic Garden,3416547304,NA,MPU,http://coldb.mnhn.fr/catalognumber/um/mpu/mpu1400351,NA,NA,MPU1400351,UM,NA,NA,NA,NA,Garcinia parvifolia (Miq.) Miq.,NA,NA,1.39487,103.81105,NA,8397536,Garcinia parvifolia,Garcinia,parvifolia,NA,NA,NA,WGS84,NA,NA,NA,NA,NA,NA,NA,NA,NA,NA,NA,NA,LC,NA,NA,NA,NA,NA,NA,NA,NA,NA,NA,NA,NA,NA,NA,3348.8504043166813,"Tree tag: 20150989*K. Distribution: Thailand, Malesia exclud. the Philippines. Wound exudate white",NA,NA,NA,NA,NA,NA,NA,NA,NA,NA,Cultivated.,NA,NA,NA,NA,NA,NA,NA,NA,NA,NA,NA,NA,NA,https://mediaphoto.mnhn.fr/media/1639755945410ztKvdJRScqo8cEtp,FALSE,error
HERB_0445,sample_images/HERB_0445.jpg,4928987361,Cyanoneuron cyaneum (Hallier f.) Tange,"cdc,cdround,gass84,incomis,inmafu",cd6e21c8-9e8a-493a-8a76-fbf7862069e5,061b4f20-f241-11da-a328-b8a03c50a862,17abcf75-2f1e-46dd-bf75-a5b21dd02655,996e30f8-f762-11e1-a439-00145eb45e9a,061b4f20-f241-11da-a328-b8a03c50a862,GB,DWC_ARCHIVE,2026-08-24T12:51:18.333+00:00,2026-08-24T20:50:07.049+00:00,539,PRESERVED_SPECIMEN,PRESENT,2896900,6,7707728,220,412,8798,2896896,2896900,Cyanoneuron cyaneum (Hallier f.) Tange,Plantae,Tracheophyta,Gentianales,Rubiaceae,Cyanoneuron,SPECIES,ACCEPTED,NA,ASIA,NA,NA,Rambai,2019,11,10,2019-11-10T00:00,314,314,NA,2026-01-25T18:17:20.613+00:00,2026-08-24T20:50:07.049+00:00,NA,http://creativecommons.org/licenses/by/4.0/legalcode,FALSE,K001935675,none,none,fa252605-26f6-426c-9892-94d071c2c77f,NA,TRUE,NA,"Lim, W.H.; Bazilah, I.; Watu, A.; Janagrun, E.; Azlan, P.; Clayton, J.",NA,NA,none,Magnoliopsida,BN,none,none,ASIA,Brunei Darussalam,EUROPE,NA,K001935675,LWH 111,NA,NA,539,NA,NA,NA,NA,4928987361,NA,Herbarium,http://specimens.kew.org/herbarium/K001935675,NA,NA,K001935675,K,NA,NA,NA,NA,Cyanoneuron cyaneum (Hallier f.) Tange,NA,NA,4.475556,114.786389,NA,2896900,Cyanoneuron cyaneum,Cyanoneuron,cyaneum,NA,NA,NA,WGS84,NA,NA,NA,NA,NA,NA,NA,NA,NA,NA,Rubiaceae,NA,NA,NA,NA,NA,NA,NA,NA,NA,NA,NA,NA,Rambai,NA,NA,NA,NA,NA,NA,NA,NA,NA,NA,NA,NA,NA,NA,NA,NA,NA,NA,NA,NA,NA,NA,NA,NA,NA,NA,NA,NA,NA,https://d2jcv3kl45hlgi.cloudfront.net/e7691d82b5a34bc4472bfd99ce409463.jpg,FALSE,ok
HERB_0446,sample_images/HERB_0446.jpg,2430565487,Sterculia lanceolata var. coccinea (Jack) Phengklai,,b5cdf794-8fa4-4a85-8b26-755d087bf531,2cd829bb-b713-433d-99cf-64bef11e5b3e,17abcf75-2f1e-46dd-bf75-a5b21dd02655,86c2834b-fcd6-418d-9b32-aca45110a0fe,2cd829bb-b713-433d-99cf-64bef11e5b3e,FR,EML,2026-08-13T15:27:43.858+00:00,2026-08-24T16:45:38.356+00:00,606,PRESERVED_SPECIMEN,PRESENT,7917997,6,7707728,220,941,6685,3152129,7917997,Sterculia lanceolata var. coccinea (Jack) Phengklai,Plantae,Tracheophyta,Malvales,Malvaceae,Sterculia,VARIETY,ACCEPTED,NA,ASIA,mondulkiri,none,NA,2019,2,1,2019-02-01,32,32,NA,2020-01-14T18:34:03.000+00:00,2026-08-24T16:45:38.356+00:00,NA,http://creativecommons.org/licenses/by/4.0/legalcode,FALSE,http://coldb.mnhn.fr/catalognumber/mnhn/p/p00915883,none,none,6a6ac6c5-1b8a-48db-91a2-f8661274ff80,bc3d39fd-a7d4-4763-b951-2bdeddd8a5d2,FALSE,NA,"Hul, S.|Eum, S.|Peou, Y.",Hul,hb,none,Magnoliopsida,KH,none,none,ASIA,Cambodia,EUROPE,NA,http://coldb.mnhn.fr/catalognumber/mnhn/p/p00915883,NA,NA,http://grbio.org/institution/museum-national-dhistoire-naturelle,654,NA,NA,7009,NA,2430565487,NA,P,http://coldb.mnhn.fr/catalognumber/mnhn/p/p00915883,NA,NA,P00915883,MNHN,NA,NA,NA,NA,Sterculia lanceolata var. coccinea (Jack) Phengklai,NA,NA,NA,NA,NA,6029583,Sterculia lanceolata,Sterculia,lanceolata,NA,NA,NA,NA,NA,NA,NA,NA,NA,NA,NA,NA,NA,NA,NA,NA,LC,NA,NA,NA,NA,NA,NA,NA,NA,NA,NA,NA,coccinea,NA,NA,NA,"""Arbuste de 4-5 m de haut. Feuilles oblongues ou elliptiques-oblongues. Fleurs unisexuées ; calice à 5 sépales, libres, pubescents sur les 2 surfaces""",kéo Seima,NA,NA,NA,NA,NA,NA,NA,NA,NA,NA,NA,NA,NA,NA,NA,NA,NA,NA,NA,NA,NA,NA,NA,https://mediaphoto.mnhn.fr/media/1579023242958Hlba5wOa5XU9CQi4,FALSE,error
HERB_0447,sample_images/HERB_0447.jpg,5106374563,Cryptocarya amygdalina Nees,,bf2a4bf0-5f31-11de-b67e-b8a03c50a862,98e934b0-5f31-11de-b67e-b8a03c50a862,"8e30b684-6a54-4aba-aa73-66201c2c736e,17abcf75-2f1e-46dd-bf75-a5b21dd02655",f6fe707e-cced-4efc-b5dc-be4c91b8180a,98e934b0-5f31-11de-b67e-b8a03c50a862,GB,DWC_ARCHIVE,2026-08-13T16:38:58.088+00:00,2026-08-24T20:20:08.030+00:00,445,PRESERVED_SPECIMEN,PRESENT,4178658,6,7707728,220,407,6688,3011993,4178658,Cryptocarya amygdalina Nees,Plantae,Tracheophyta,Laurales,Lauraceae,Cryptocarya,SPECIES,ACCEPTED,NA,ASIA,Sagaing,none,Myanmar (Burma),2019,3,16,2019-03-16,75,75,NA,2025-04-22T13:05:34.000+00:00,2026-08-24T20:20:08.030+00:00,NA,http://creativecommons.org/publicdomain/zero/1.0/legalcode,FALSE,https://data.rbge.org.uk/herb/E01537127,none,none,0237598a-853a-492c-af74-a723fe251799,427c8cd7-4358-4a00-9ef3-2b2676d28d1e,FALSE,Edinburgh (E) Herbarium Specimens,"Armstrong, Kathleen Ellen, Nwe, Thet Yu, Kramer, Marshall, Linn, Wah Wah, Khaing, Myo, Myint, Thar, Pyae, Phoe La, Kyi, Aung, Nyo, Kyi, Myint, Han Sein, Nge, Maung & Oo, Myint",NA,HERBARIUM SHEET,none,Magnoliopsida,MM,none,none,ASIA,Myanmar,EUROPE,NA,https://data.rbge.org.uk/herb/E01537127,4467,Growing in primary forest.,https://scientific-collections.gbif.org/institution/0237598a-853a-492c-af74-a723fe251799,445,NA,"Htamanthi Wildlife Sanctuary. Nam Phi Lin stream, camp 1",NA,NA,5106374563,NA,E,https://data.rbge.org.uk/herb/E01537127,PhysicalObject,NA,E01537127,RBGE,NA,NA,NA,https://scientific-collections.gbif.org/collection/427c8cd7-4358-4a00-9ef3-2b2676d28d1e,Cryptocarya amygdalina Nees,NA,NA,NA,NA,NA,4178658,Cryptocarya amygdalina,Cryptocarya,amygdalina,NA,NA,NA,NA,NA,ICBN,NA,NA,NA,NA,NA,NA,E,NA,NA,NA,LC,NA,NA,NA,NA,NA,NA,NA,NA,NA,NA,NA,NA,NA,NA,NA,NA,Hkamti,NA,NA,16th March 2019,NA,NA,NA,NA,NA,NA,NA,NA,NA,NA,NA,CC0,Royal Botanic Garden Edinburgh,1737559,NA,NA,NA,NA,NA,NA,https://iiif.rbge.org.uk/herb/iiif/E01537127/manifest,FALSE,not_image
HERB_0448,sample_images/HERB_0448.jpg,5833059966,Dimorphanthera apoana (Merr.) Schltr.,"cdc,inmafu",defb9a47-c1a7-4fb2-9a0b-2da7c5260cad,c4cbb860-e9c7-11da-8113-b8a03c50a862,"68e8e67a-43e6-44a3-8817-dc0e6b70f973,0479d6b2-a4f4-4307-8346-0b80e8c88c66",ac2ad091-91eb-482d-a73f-061744da5dbf,96710dc8-fecb-440d-ae3e-c34ae8a9616f,US,DWC_ARCHIVE,2026-08-22T14:49:41.590+00:00,2026-08-24T17:20:15.521+00:00,237,PRESERVED_SPECIMEN,PRESENT,7328694,6,7707728,220,1353,2505,7328618,7328694,Dimorphanthera apoana (Merr.) Schltr.,Plantae,Tracheophyta,Ericales,Ericaceae,Dimorphanthera,SPECIES,ACCEPTED,NA,ASIA,Bukidnon Province,NA,NA,2024,6,5,2024-06-05,157,157,NA,2026-02-13T16:57:19.000+00:00,2026-08-24T17:20:15.521+00:00,https://portal.torcherbaria.org/portal/collections/individual/index.php?occid=34055054,http://creativecommons.org/publicdomain/zero/1.0/legalcode,FALSE,34055054,none,none,a68aaf8c-9bfe-4bec-bab9-70cf5d6cde4a,5a7702f8-a46a-40a0-9eef-26d97ea45b5c,FALSE,NA,"Plants and Lichens of the Southern Philippines Survey; Peter W. Fritsch, Victor B. Amoroso, Fulgent P. Coritico, Darin S. Penneys, Maria Melanie M. Guiang, Vanessa Handley, Noel L. Lagunday, José Ignacio Márquez-Corro, Yvonne L. Cariño, April Joie D. Lagumbay, Noe P. Mendez, Joevina C. Nobleza, Pamela J. O",NA,Pressed herbarium specimen,none,Magnoliopsida,PH,none,none,ASIA,Philippines,NORTH_AMERICA,Botanical Research Institute of Texas,34055054,5970,"Growing on live bark in shaded areas. Tropical Upper Montane Rain Forest. Volcanic, mafic bedrock. Aspect: N-facing. Area disturbed by clearing.",NA,237,NA,"Mindanao Island; Bukidnon Province; Municipality of Manolo Fortich; Barangay Dahilayan. N edge of Mt. Kitanglad Natural Park, trail from Dahilayan Indigenous People Eco Park & Resort to Mt. Lungkayapan.",NA,NA,5833059966,English,BRIT,0d7284d5-bd33-490b-99ca-47b960e6b5b7,NA,NA,BRIT1149034,BRIT,"Occasional. Additional materials: Photos, DNA. Collections supported by U.S. National Science Foundation grants DEB-1754667 and DEB-1754697.; Epiphyte; leaves dark green and slightly glossy adaxially, pale green abaxially; fruit green.",NA,1849 m,fea81a47-2365-45cc-bef9-b6bbff7457e6,Dimorphanthera apoana (Merr.) Schltr.,NA,NA,8.17012,124.86476,NA,7328694,Dimorphanthera apoana,Dimorphanthera,apoana,NA,NA,NA,WGS84,NA,NA,NA,NA,NA,NA,NA,NA,NA,NA,NA,NA,VU,NA,NA,1849,NA,NA,NA,397537,NA,NA,NA,Barangay Dahilayan,NA,NA,NA,NA,NA,Municipality of Manolo Fortich,NA,NA,5-Jun-24,Mindanao,0d7284d5-bd33-490b-99ca-47b960e6b5b7,http://creativecommons.org/publicdomain/zero/1.0/,NA,NA,NA,NA,abordelon,NA,NA,NA,NA,NA,NA,NA,NA,NA,NA,NA,NA,https://web.corral.tacc.utexas.edu/brit/BRIT/BRIT1149000/BRIT1149034.jpg,FALSE,error
HERB_0449,sample_images/HERB_0449.jpg,3312498229,Mentha longifolia var. asiatica (Boriss.) Rech.f.,"cdc,cucdmis,cum",bf2a4bf0-5f31-11de-b67e-b8a03c50a862,98e934b0-5f31-11de-b67e-b8a03c50a862,"8e30b684-6a54-4aba-aa73-66201c2c736e,17abcf75-2f1e-46dd-bf75-a5b21dd02655",f6fe707e-cced-4efc-b5dc-be4c91b8180a,98e934b0-5f31-11de-b67e-b8a03c50a862,GB,DWC_ARCHIVE,2026-08-13T16:38:58.088+00:00,2026-08-24T20:20:23.546+00:00,445,PRESERVED_SPECIMEN,PRESENT,6838604,6,7707728,220,408,2497,2927173,6838604,Mentha longifolia var. asiatica (Boriss.) Rech.f.,Plantae,Tracheophyta,Lamiales,Lamiaceae,Mentha,VARIETY,ACCEPTED,NA,ASIA,NA,NA,Northern Asia,2018,8,9,2018-08-09,221,221,NA,2018-11-19T00:00:00.000+00:00,2026-08-24T20:20:23.546+00:00,NA,http://creativecommons.org/publicdomain/zero/1.0/legalcode,FALSE,https://data.rbge.org.uk/herb/E00898599,none,none,0237598a-853a-492c-af74-a723fe251799,427c8cd7-4358-4a00-9ef3-2b2676d28d1e,FALSE,Edinburgh (E) Herbarium Specimens,"Pamirs Expedition to Central Asia Tajikistan,",NA,HERBARIUM SHEET,none,Magnoliopsida,TL,none,none,ASIA,Timor-Leste,EUROPE,NA,https://data.rbge.org.uk/herb/E00898599,20,Growing by irrigation ditch in water still granitic sand;  Vegetation: Echinops clematis and other steppe vegetation,https://scientific-collections.gbif.org/institution/0237598a-853a-492c-af74-a723fe251799,445,NA,Tajikistan:Gorno Badakshan:Wahkan Corridor about 30 kms from Ishkashim heading east.,NA,NA,3312498229,NA,E,https://data.rbge.org.uk/herb/E00898599,PhysicalObject,NA,E00898599,RBGE,NA,NA,2625m,https://scientific-collections.gbif.org/collection/427c8cd7-4358-4a00-9ef3-2b2676d28d1e,Mentha longifolia var. asiatica (Boriss.) Rech.f.,NA,NA,36.720833,71.889722,NA,7510173,Mentha longifolia,Mentha,longifolia,NA,NA,NA,WGS84,NA,ICBN,NA,NA,NA,NA,NA,NA,E,NA,NA,NA,NA,NA,NA,2625,0,NA,NA,NA,NA,NA,NA,NA,asiatica,NA,NA,NA,NA,NA,NA,NA,9th August 2018,NA,NA,NA,NA,NA,NA,NA,NA,NA,NA,NA,CC0,Royal Botanic Garden Edinburgh,927489,NA,NA,NA,NA,NA,NA,https://iiif.rbge.org.uk/herb/iiif/E00898599/manifest,FALSE,not_image
HERB_0450,sample_images/HERB_0450.jpg,5145849821,Piper ramipilum C.DC.,"cdc,cdround,gass84,incomis,inmafu",cd6e21c8-9e8a-493a-8a76-fbf7862069e5,061b4f20-f241-11da-a328-b8a03c50a862,17abcf75-2f1e-46dd-bf75-a5b21dd02655,996e30f8-f762-11e1-a439-00145eb45e9a,061b4f20-f241-11da-a328-b8a03c50a862,GB,DWC_ARCHIVE,2026-08-24T12:51:18.333+00:00,2026-08-24T20:50:25.821+00:00,539,PRESERVED_SPECIMEN,PRESENT,4187228,6,7707728,220,404,6678,3075433,4190333,Piper frustratum (Miq.) Boerl.,Plantae,Tracheophyta,Piperales,Piperaceae,Piper,SPECIES,SYNONYM,NA,ASIA,NA,NA,NA,2020,1,30,2020-01-30T00:00,30,30,NA,2025-11-09T07:07:33.707+00:00,2026-08-24T20:50:25.821+00:00,NA,http://creativecommons.org/licenses/by/4.0/legalcode,FALSE,K003533779,none,none,fa252605-26f6-426c-9892-94d071c2c77f,NA,FALSE,NA,"Niissalo, M.A.; Choo, L.M.; Teo, L.; et al.",NA,NA,none,Magnoliopsida,SG,none,none,ASIA,Singapore,EUROPE,NA,K003533779,SING2020-049,NA,NA,539,NA,Bkt. Timah NR. Fern Valley.,NA,NA,5145849821,NA,Herbarium,http://specimens.kew.org/herbarium/K003533779,NA,NA,K003533779,K,NA,NA,NA,NA,Piper ramipilum C.DC.,NA,NA,1.352778,103.774722,NA,4190333,Piper frustratum,Piper,ramipilum,NA,NA,NA,WGS84,NA,NA,NA,NA,NA,NA,NA,NA,NA,NA,Piperaceae,NA,NA,NA,NA,115.72,NA,NA,NA,NA,NA,NA,NA,NA,NA,NA,NA,3205.0409113509286,NA,NA,NA,NA,NA,NA,NA,NA,NA,NA,NA,NA,NA,NA,NA,NA,NA,NA,NA,NA,NA,NA,NA,NA,NA,https://d2jcv3kl45hlgi.cloudfront.net/e821c1392e8a03d94a90ab58c27ca32e.jpg,FALSE,ok
HERB_0451,sample_images/HERB_0451.jpg,4974432756,Strobilanthes alternata (Burm.fil.) Moylan ex J.R.I.Wood,"cdc,cdround,colmafu,inmafu",902c8fe7-8f38-45b0-854e-c324fed36303,f5fc4e61-b7a0-414b-ab68-b41cb23e7fdc,NA,91d2f516-bdfa-458f-bad1-66717101b49f,f5fc4e61-b7a0-414b-ab68-b41cb23e7fdc,RU,EML,2026-08-21T18:06:57.852+00:00,2026-08-21T18:14:11.647+00:00,610,PRESERVED_SPECIMEN,PRESENT,8297383,6,7707728,220,408,2393,6359394,8297383,Strobilanthes alternata (Burm.fil.) Moylan ex J.R.I.Wood,Plantae,Tracheophyta,Lamiales,Acanthaceae,Strobilanthes,SPECIES,ACCEPTED,NA,ASIA,NA,NA,South Asia|South Asia (Asia outside ex-Soviet states and Mongolia)|Indonesia,2023,12,25,2023-12-25,359,359,NA,2024-12-26T12:46:27.000+00:00,2026-08-21T18:14:11.647+00:00,https://plant.depo.msu.ru/open/public/item/MW1047887,http://creativecommons.org/licenses/by/4.0/legalcode,FALSE,MW1047887,none,none,df27e63f-82b2-464e-9286-a96163c961c9,acf523b0-8c81-4813-a85d-2361a8b487d4,FALSE,Moscow Digital Herbarium,A. Efremov,NA,herbarium specimen,none,Magnoliopsida,ID,none,none,ASIA,Indonesia,EUROPE,Moscow State University,MW1047887,NA,NA,http://grbio.org/institution/moscow-state-university,610,NA,NA,NA,NA,4974432756,en | ru,MW,MW1047887,Physical Object,in collection,MW1047887,Moscow State University,NA,use under CC-BY 4.0,NA,urn:lsid:biocol.org:col:15550,Strobilanthes alternata (Burm.fil.) Moylan ex J.R.I.Wood,NA,NA,-8.567297,116.2335,https://rscf.ru/en/project/21-77-20042/,8297383,Strobilanthes alternata,Strobilanthes,alternata,Kollektor,urn:lsid:biocol.org:col:15550:01,common practice of herbarium collecting,WGS84,Strobilanthes alternata (Burm. fil.) Moylan ex J. R. I. Wood,"International Code of Nomenclature for algae, fungi, and plants",manual verification,WGS84,no label data,MW1047887,168639220,329846536,MSU,"Seregin A. P. (Ed.). 2026. Specimen MW1047887 from the collection ""Moscow University Herbarium"" // Depository of Live Systems (branch ""Plants""): Electronic resource. – Moscow State University, Moscow. – Available at: https://plant.depo.mitotech.ru/open/public/item/MW1047887 (indicate access date).",Plantae | Tracheophyta | Magnoliopsida | Lamiales | Acanthaceae | Acanthoideae | Strobilanthes,Strobilanthes,NA,NA,NA,NA,NA,NA,NA,NA,NA,NA,NA,NA,NA,NA,NA,NA,NA,NA,NA,NA,NA,NA,NA,NA,NA,NA,NA,NA,NA,NA,NA,NA,NA,NA,NA,NA,NA,NA,NA,NA,NA,https://plant.depo.msu.ru/open/public/item/MW1047887/img/0.jpg?gbif,FALSE,ok
HERB_0452,sample_images/HERB_0452.jpg,4459018825,Glochidion zeylanicum (Gaertn.) A.Juss.,,15f819bd-6612-4447-854b-14d12ee1022d,396d5f30-dea9-11db-8ab4-b8a03c50a862,17abcf75-2f1e-46dd-bf75-a5b21dd02655,65eb93af-41b8-4917-a5fc-cfe2a45aa4bf,396d5f30-dea9-11db-8ab4-b8a03c50a862,NL,DWC_ARCHIVE,2026-06-29T11:53:09.940+00:00,2026-08-24T20:55:33.948+00:00,286,PRESERVED_SPECIMEN,PRESENT,3080562,6,7707728,220,1414,8807,3080069,3080562,Glochidion zeylanicum (Gaertn.) A.Juss.,Plantae,Tracheophyta,Malpighiales,Phyllanthaceae,Glochidion,SPECIES,ACCEPTED,2020-01-24T00:00:00,ASIA,NA,NA,NA,2020,1,17,2020-01-17,17,17,NA,NA,2026-08-24T20:55:33.948+00:00,NA,http://creativecommons.org/publicdomain/zero/1.0/legalcode,FALSE,L.4482934@BRAHMS,none,none,0e919a55-08d3-4bd2-aec1-200858fafd92,0add23db-a8f7-4d15-95ad-4ed0c5c8a055,FALSE,NA,O'Dempsey T,Leong P,NA,none,Magnoliopsida,SG,none,none,ASIA,Singapore,EUROPE,Naturalis Biodiversity Center,L.4482934@BRAHMS,"O'Dempsey, T 2020- 8",NA,https://ror.org/0566bfb96,286,NA,"Tengah Forest Town, J103 Area B. Site of future Hong Kah MRT station.",NA,NA,4459018825,NA,Botany,https://data.biodiversitydata.nl/naturalis/specimen/L.4482934,NA,NA,L.4482934,NA,NA,NA,NA,NA,Glochidion zeylanicum (Gaertn.) A.Juss.,NA,NA,1.35861,103.725,NA,3080562,Glochidion zeylanicum,Glochidion,zeylanicum,NA,NA,NA,WGS84,NA,ICN,NA,NA,NA,NA,NA,NA,NA,NA,Plantae|Malpighiales|Phyllanthaceae,NA,LC,NA,NA,NA,NA,NA,NA,NA,NA,NA,NA,NA,NA,NA,true,NA,NA,NA,NA,NA,NA,NA,NA,NA,NA,NA,NA,NA,NA,NA,NA,NA,NA,NA,NA,NA,NA,NA,NA,NA,NA,https://medialib.naturalis.nl/file/id/L.4482934/format/large,FALSE,ok
HERB_0453,sample_images/HERB_0453.jpg,4985307978,Dysolobium grande (Wall. ex Benth.) Prain,,b5cdf794-8fa4-4a85-8b26-755d087bf531,2cd829bb-b713-433d-99cf-64bef11e5b3e,17abcf75-2f1e-46dd-bf75-a5b21dd02655,86c2834b-fcd6-418d-9b32-aca45110a0fe,2cd829bb-b713-433d-99cf-64bef11e5b3e,FR,EML,2026-08-13T15:27:43.858+00:00,2026-08-24T16:47:04.243+00:00,606,PRESERVED_SPECIMEN,PRESENT,2963397,6,7707728,220,1370,5386,2963383,2963397,Dysolobium grande (Wall. ex Benth.) Prain,Plantae,Tracheophyta,Fabales,Fabaceae,Dysolobium,SPECIES,ACCEPTED,NA,ASIA,NA,none,NA,2022,5,1,2022-05-01,121,121,NA,2024-11-20T09:45:39.000+00:00,2026-08-24T16:47:04.243+00:00,NA,http://creativecommons.org/licenses/by/4.0/legalcode,FALSE,http://coldb.mnhn.fr/catalognumber/mnhn/p/p01170511,none,none,6a6ac6c5-1b8a-48db-91a2-f8661274ff80,bc3d39fd-a7d4-4763-b951-2bdeddd8a5d2,TRUE,NA,"Yooprasert, S.|&, al.",NA,hb,none,Magnoliopsida,TH,none,none,ASIA,Thailand,EUROPE,NA,http://coldb.mnhn.fr/catalognumber/mnhn/p/p01170511,NA,NA,http://grbio.org/institution/museum-national-dhistoire-naturelle,654,NA,NA,SY 2022 185,"Uthai Thani, Ban Rai, Kaen Makrut",4985307978,NA,P,http://coldb.mnhn.fr/catalognumber/mnhn/p/p01170511,NA,NA,P01170511,MNHN,NA,NA,NA,NA,Dysolobium grande (Wall. ex Benth.) Prain,NA,NA,NA,NA,NA,2963397,Dysolobium grande,Dysolobium,grande,NA,NA,NA,NA,NA,NA,NA,NA,NA,NA,NA,NA,NA,NA,NA,NA,NA,NA,NA,NA,NA,NA,NA,NA,NA,NA,NA,NA,NA,NA,NA,NA,NA,NA,NA,NA,NA,NA,NA,NA,NA,NA,NA,NA,NA,NA,NA,NA,NA,NA,NA,NA,NA,NA,NA,NA,NA,https://mediaphoto.mnhn.fr/media/17320923425024xSEFrO4mlGCiJt1,FALSE,error
HERB_0454,sample_images/HERB_0454.jpg,4945346066,Ziziphus rubiginosa D.G.Long & Rae,"cdc,cdround,gass84,incomis,inmafu",cd6e21c8-9e8a-493a-8a76-fbf7862069e5,061b4f20-f241-11da-a328-b8a03c50a862,17abcf75-2f1e-46dd-bf75-a5b21dd02655,996e30f8-f762-11e1-a439-00145eb45e9a,061b4f20-f241-11da-a328-b8a03c50a862,GB,DWC_ARCHIVE,2026-08-24T12:51:18.333+00:00,2026-08-24T20:51:13.366+00:00,539,PRESERVED_SPECIMEN,PRESENT,3874911,6,7707728,220,691,2407,3039411,3874911,Ziziphus rubiginosa D.G.Long & Rae,Plantae,Tracheophyta,Rosales,Rhamnaceae,Ziziphus,SPECIES,ACCEPTED,NA,ASIA,NA,NA,Hkamti District,2019,3,21,2019-03-21T00:00,80,80,NA,2025-12-23T16:18:30.913+00:00,2026-08-24T20:51:13.366+00:00,NA,http://creativecommons.org/licenses/by/4.0/legalcode,FALSE,K001928021,none,none,fa252605-26f6-426c-9892-94d071c2c77f,NA,TRUE,NA,"Armstrong, K.; Thet, Y.N.; Kramer, M.; Wah, W.L.; Myo, K.; Thar, M.; Phoe, L.P.; Aung, K.; Kyee, N.; Han, S.M.; Mang, N.; Myint, O.",NA,NA,none,Magnoliopsida,MM,none,none,ASIA,Myanmar,EUROPE,NA,K001928021,4557,NA,NA,539,NA,"Nam Phi Lin stream, camp 1",NA,NA,4945346066,NA,Herbarium,http://specimens.kew.org/herbarium/K001928021,NA,NA,K001928021,K,NA,NA,NA,NA,Ziziphus rubiginosa D.G.Long & Rae,NA,NA,25.690528,95.529667,NA,3874911,Ziziphus rubiginosa,Ziziphus,rubiginosa,NA,NA,NA,WGS84,NA,NA,NA,NA,NA,NA,NA,NA,NA,NA,Rhamnaceae,NA,NA,NA,NA,133,NA,NA,NA,NA,NA,NA,NA,Hkamti District,NA,NA,NA,NA,NA,NA,NA,NA,NA,NA,NA,NA,NA,NA,NA,NA,NA,NA,NA,NA,NA,NA,NA,NA,NA,NA,NA,NA,NA,https://d2jcv3kl45hlgi.cloudfront.net/3d69ff6fdf1cc39f5fa1b4c9a40d94f4.jpg,FALSE,ok
HERB_0455,sample_images/HERB_0455.jpg,6196925843,Achyranthes aspera L.,"colmafu,inmafu",1cbed1d0-f9ac-4b9e-bf3f-a26272bca39e,4fd82480-ea1c-11da-8db4-b8a03c50a862,NA,82d6992a-b20b-4e74-b6ac-6b971b2c485d,4fd82480-ea1c-11da-8db4-b8a03c50a862,JP,EML,2026-07-10T16:35:10.312+00:00,2026-07-18T17:50:20.166+00:00,222,PRESERVED_SPECIMEN,PRESENT,3085168,6,7707728,220,422,3064,3085166,3085168,Achyranthes aspera L.,Plantae,Tracheophyta,Caryophyllales,Amaranthaceae,Achyranthes,SPECIES,ACCEPTED,NA,ASIA,Kien Giang,NA,Asia|Vietnam|Kien Giang|Kien Luong Dist.|Binh An,2024,5,25,2024-05-25,146,146,NA,2025-10-16T00:00:00.000+00:00,2026-07-18T17:50:20.166+00:00,https://www.museum.kagoshima-u.ac.jp/hyouhonsitu.html,http://creativecommons.org/licenses/by/4.0/legalcode,FALSE,d36a6f94-d0b0-4e38-b364-0d08712ec8a8,none,none,7b6590f0-c03f-409b-ae28-f443c1166d23,e9e6df05-e289-4a64-8ace-a4d5dbd168e4,FALSE,NA,NA,NA,NA,none,Magnoliopsida,VN,none,none,ASIA,Viet Nam,ASIA,NA,d36a6f94-d0b0-4e38-b364-0d08712ec8a8,N550,NA,NA,232,NA,Binh An,NA,"Vietnam, Kien Giang, Kien Luong Dist., Binh An",6196925843,NA,KAG,d36a6f94-d0b0-4e38-b364-0d08712ec8a8,NA,NA,KAG188653,KAG,NA,NA,NA,NA,Achyranthes aspera L.,NA,NA,10.15577,104.60976,NA,3085168,Achyranthes aspera,Achyranthes,aspera,NA,NA,NA,WGS84,NA,NA,NA,NA,obtained using GPS machine,NA,NA,NA,NA,NA,Plantae|Tracheophyta|Magnoliopsida|Caryophyllales|Amaranthaceae|Achyranthes|aspera,NA,NA,NA,NA,40,NA,NA,NA,NA,NA,NA,NA,NA,NA,NA,NA,NA,NA,Kien Luong Dist.,NA,NA,NA,NA,NA,NA,NA,NA,NA,NA,NA,NA,500,NA,NA,NA,NA,NA,NA,NA,NA,NA,NA,https://dbs.kaum.kagoshima-u.ac.jp/musedb/s_plant/picture/KAG188653/KAG188653.jpg,FALSE,ok
HERB_0456,sample_images/HERB_0456.jpg,5106378469,Jasminum laurifolium var. brachylobum Kurz,,bf2a4bf0-5f31-11de-b67e-b8a03c50a862,98e934b0-5f31-11de-b67e-b8a03c50a862,"8e30b684-6a54-4aba-aa73-66201c2c736e,17abcf75-2f1e-46dd-bf75-a5b21dd02655",f6fe707e-cced-4efc-b5dc-be4c91b8180a,98e934b0-5f31-11de-b67e-b8a03c50a862,GB,DWC_ARCHIVE,2026-08-13T16:38:58.088+00:00,2026-08-24T20:20:29.384+00:00,445,PRESERVED_SPECIMEN,PRESENT,7439922,6,7707728,220,408,6652,3172260,7439922,Jasminum laurifolium var. brachylobum Kurz,Plantae,Tracheophyta,Lamiales,Oleaceae,Jasminum,VARIETY,ACCEPTED,NA,ASIA,Sagaing,none,Myanmar (Burma),2019,2,25,2019-02-25,56,56,NA,2025-04-07T14:31:26.000+00:00,2026-08-24T20:20:29.384+00:00,NA,http://creativecommons.org/publicdomain/zero/1.0/legalcode,FALSE,https://data.rbge.org.uk/herb/E01533985,none,none,0237598a-853a-492c-af74-a723fe251799,427c8cd7-4358-4a00-9ef3-2b2676d28d1e,FALSE,Edinburgh (E) Herbarium Specimens,"Pyae, Phoe La",NA,HERBARIUM SHEET,none,Magnoliopsida,MM,none,none,ASIA,Myanmar,EUROPE,NA,https://data.rbge.org.uk/herb/E01533985,207,Growing in forest near an area of slash and burn cultivation.,https://scientific-collections.gbif.org/institution/0237598a-853a-492c-af74-a723fe251799,445,NA,Nat Inn Taung forest,NA,NA,5106378469,NA,E,https://data.rbge.org.uk/herb/E01533985,PhysicalObject,NA,E01533985,RBGE,NA,NA,NA,https://scientific-collections.gbif.org/collection/427c8cd7-4358-4a00-9ef3-2b2676d28d1e,Jasminum laurifolium var. brachylobum Kurz,NA,NA,NA,NA,NA,8392779,Jasminum laurifolium,Jasminum,laurifolium,NA,NA,NA,NA,NA,ICBN,NA,NA,NA,NA,NA,NA,E,NA,NA,NA,NA,NA,NA,NA,NA,NA,NA,NA,NA,NA,NA,NA,brachylobum,NA,NA,NA,NA,Hkamti,NA,NA,25th February 2019,NA,NA,NA,NA,NA,NA,NA,NA,NA,NA,NA,CC0,Royal Botanic Garden Edinburgh,1752053,NA,NA,NA,NA,NA,NA,https://iiif.rbge.org.uk/herb/iiif/E01533985/manifest,FALSE,not_image
HERB_0457,sample_images/HERB_0457.jpg,4420512243,Colona winitii (Craib) Craib,,bf2a4bf0-5f31-11de-b67e-b8a03c50a862,98e934b0-5f31-11de-b67e-b8a03c50a862,"8e30b684-6a54-4aba-aa73-66201c2c736e,17abcf75-2f1e-46dd-bf75-a5b21dd02655",f6fe707e-cced-4efc-b5dc-be4c91b8180a,98e934b0-5f31-11de-b67e-b8a03c50a862,GB,DWC_ARCHIVE,2026-08-13T16:38:58.088+00:00,2026-08-24T20:20:50.094+00:00,445,PRESERVED_SPECIMEN,PRESENT,4261434,6,7707728,220,941,6685,7311196,4261434,Colona winitii (Craib) Craib,Plantae,Tracheophyta,Malvales,Malvaceae,Colona,SPECIES,ACCEPTED,NA,ASIA,NA,none,Indo-China,2023,7,NA,2023-07,NA,NA,NA,2023-07-14T13:38:03.000+00:00,2026-08-24T20:20:50.094+00:00,NA,http://creativecommons.org/publicdomain/zero/1.0/legalcode,FALSE,https://data.rbge.org.uk/herb/E01198616,none,none,0237598a-853a-492c-af74-a723fe251799,427c8cd7-4358-4a00-9ef3-2b2676d28d1e,FALSE,Edinburgh (E) Herbarium Specimens,"Sangkhachand, B.",NA,HERBARIUM SHEET,none,Magnoliopsida,TH,none,none,ASIA,Thailand,EUROPE,NA,https://data.rbge.org.uk/herb/E01198616,1664,NA,https://scientific-collections.gbif.org/institution/0237598a-853a-492c-af74-a723fe251799,445,NA,NA,NA,NA,4420512243,NA,E,https://data.rbge.org.uk/herb/E01198616,PhysicalObject,NA,E01198616,RBGE,NA,NA,NA,https://scientific-collections.gbif.org/collection/427c8cd7-4358-4a00-9ef3-2b2676d28d1e,Colona winitii (Craib) Craib,NA,NA,NA,NA,NA,4261434,Colona winitii,Colona,winitii,NA,NA,NA,NA,NA,ICBN,NA,NA,NA,NA,NA,NA,E,NA,NA,NA,NT,NA,NA,NA,NA,NA,NA,NA,NA,NA,NA,NA,NA,NA,NA,NA,NA,NA,NA,NA,July 2023,NA,NA,NA,NA,NA,NA,NA,NA,NA,NA,NA,CC0,Royal Botanic Garden Edinburgh,1357892,NA,NA,NA,NA,NA,NA,https://iiif.rbge.org.uk/herb/iiif/E01198616/manifest,FALSE,not_image
HERB_0458,sample_images/HERB_0458.jpg,6196923719,Psychotria asiatica L.,"colmafu,inmafu",1cbed1d0-f9ac-4b9e-bf3f-a26272bca39e,4fd82480-ea1c-11da-8db4-b8a03c50a862,NA,82d6992a-b20b-4e74-b6ac-6b971b2c485d,4fd82480-ea1c-11da-8db4-b8a03c50a862,JP,EML,2026-07-10T16:35:10.312+00:00,2026-07-18T17:50:38.335+00:00,222,PRESERVED_SPECIMEN,PRESENT,2920037,6,7707728,220,412,8798,2919963,2920037,Psychotria asiatica L.,Plantae,Tracheophyta,Gentianales,Rubiaceae,Psychotria,SPECIES,ACCEPTED,NA,ASIA,Khammouan,NA,Asia|Laos|Khammouan|Khounkham|near Ban Nong Kok,2024,3,16,2024-03-16,76,76,NA,2025-10-16T00:00:00.000+00:00,2026-07-18T17:50:38.335+00:00,https://www.museum.kagoshima-u.ac.jp/hyouhonsitu.html,http://creativecommons.org/licenses/by/4.0/legalcode,FALSE,e32e2618-a495-4951-8a5d-d3eadda695ef,none,none,7b6590f0-c03f-409b-ae28-f443c1166d23,e9e6df05-e289-4a64-8ace-a4d5dbd168e4,FALSE,NA,NA,NA,NA,none,Magnoliopsida,LA,none,none,ASIA,Lao People’s Democratic Republic,ASIA,NA,e32e2618-a495-4951-8a5d-d3eadda695ef,Z876,NA,NA,232,NA,near Ban Nong Kok,NA,"Laos, Khammouan, Khounkham, near Ban Nong Kok",6196923719,NA,KAG,e32e2618-a495-4951-8a5d-d3eadda695ef,NA,NA,KAG187288,KAG,NA,NA,NA,NA,Psychotria asiatica L.,NA,NA,18.20071,104.59438,NA,2920037,Psychotria asiatica,Psychotria,asiatica,NA,NA,NA,WGS84,NA,NA,NA,NA,obtained using GPS machine,NA,NA,NA,NA,NA,Plantae|Tracheophyta|Magnoliopsida|Gentianales|Rubiaceae|Psychotria|asiatica,NA,LC,NA,NA,606,NA,NA,NA,NA,NA,NA,NA,NA,NA,NA,NA,NA,NA,Khounkham,NA,NA,NA,NA,NA,NA,NA,NA,NA,NA,NA,NA,500,NA,NA,NA,NA,NA,NA,NA,NA,NA,NA,https://dbs.kaum.kagoshima-u.ac.jp/musedb/s_plant/picture/KAG187288/KAG187288.jpg,FALSE,ok
HERB_0459,sample_images/HERB_0459.jpg,3312498241,Peganum harmala L.,"cdc,cucdmis,cum",bf2a4bf0-5f31-11de-b67e-b8a03c50a862,98e934b0-5f31-11de-b67e-b8a03c50a862,"8e30b684-6a54-4aba-aa73-66201c2c736e,17abcf75-2f1e-46dd-bf75-a5b21dd02655",f6fe707e-cced-4efc-b5dc-be4c91b8180a,98e934b0-5f31-11de-b67e-b8a03c50a862,GB,DWC_ARCHIVE,2026-08-13T16:38:58.088+00:00,2026-08-24T20:20:08.423+00:00,445,PRESERVED_SPECIMEN,PRESENT,3189912,6,7707728,220,933,4197028,3189910,3189912,Peganum harmala L.,Plantae,Tracheophyta,Sapindales,Tetradiclidaceae,Peganum,SPECIES,ACCEPTED,NA,ASIA,NA,NA,Northern Asia,2018,8,9,2018-08-09,221,221,NA,2018-11-19T00:00:00.000+00:00,2026-08-24T20:20:08.423+00:00,NA,http://creativecommons.org/publicdomain/zero/1.0/legalcode,FALSE,https://data.rbge.org.uk/herb/E00898602,none,none,0237598a-853a-492c-af74-a723fe251799,427c8cd7-4358-4a00-9ef3-2b2676d28d1e,FALSE,Edinburgh (E) Herbarium Specimens,"Pamirs Expedition to Central Asia Tajikistan,",NA,HERBARIUM SHEET,none,Magnoliopsida,TL,none,none,ASIA,Timor-Leste,EUROPE,NA,https://data.rbge.org.uk/herb/E00898602,17,"Dry granitic sand, south facing with river washed granitic stones;  Vegetation: Echinops clematis and other steppe vegetation",https://scientific-collections.gbif.org/institution/0237598a-853a-492c-af74-a723fe251799,445,NA,Tajikistan:Gorno Badakshan:Wahkan Corridor about 30 kms from Ishkashim heading east.,NA,NA,3312498241,NA,E,https://data.rbge.org.uk/herb/E00898602,PhysicalObject,NA,E00898602,RBGE,NA,NA,2625m,https://scientific-collections.gbif.org/collection/427c8cd7-4358-4a00-9ef3-2b2676d28d1e,Peganum harmala L.,NA,NA,36.720833,71.889722,NA,3189912,Peganum harmala,Peganum,harmala,NA,NA,NA,WGS84,NA,ICBN,NA,NA,NA,NA,NA,NA,E,NA,NA,NA,NA,NA,NA,2625,0,NA,NA,NA,NA,NA,NA,NA,NA,NA,NA,NA,NA,NA,NA,NA,9th August 2018,NA,NA,NA,NA,NA,NA,NA,NA,NA,NA,NA,CC0,Royal Botanic Garden Edinburgh,927504,NA,NA,NA,NA,NA,NA,https://iiif.rbge.org.uk/herb/iiif/E00898602/manifest,FALSE,not_image
HERB_0460,sample_images/HERB_0460.jpg,5166248347,Viburnum sempervirens var. smitinandii Fukuoka,"cdc,cdround,gass84,incomis,inmafu",cd6e21c8-9e8a-493a-8a76-fbf7862069e5,061b4f20-f241-11da-a328-b8a03c50a862,17abcf75-2f1e-46dd-bf75-a5b21dd02655,996e30f8-f762-11e1-a439-00145eb45e9a,061b4f20-f241-11da-a328-b8a03c50a862,GB,DWC_ARCHIVE,2026-08-24T12:51:18.333+00:00,2026-08-24T20:51:59.315+00:00,539,PRESERVED_SPECIMEN,PRESENT,9463893,6,7707728,220,946,4924416,2888580,9463893,Viburnum sempervirens var. smitinandii Fukuoka,Plantae,Tracheophyta,Dipsacales,Viburnaceae,Viburnum,VARIETY,ACCEPTED,NA,ASIA,NA,NA,NA,2023,8,30,2023-08-30T00:00,242,242,NA,2026-03-22T11:37:07.760+00:00,2026-08-24T20:51:59.315+00:00,NA,http://creativecommons.org/licenses/by/4.0/legalcode,FALSE,K001934158,none,none,fa252605-26f6-426c-9892-94d071c2c77f,NA,TRUE,NA,"Yooprasert, S.; Tamura, M.N.; Fuse, S.; Takahasi, K.; Masuda, R.; Taothong, P.; Saengbuapuean, A.",NA,NA,none,Magnoliopsida,TH,none,none,ASIA,Thailand,EUROPE,NA,K001934158,SY525,NA,NA,539,NA,"Phu Ruea, Phu Luang WS, Trail to Pha Taloen, Pha Chang Do to Pha Chang Phan",NA,NA,5166248347,NA,Herbarium,http://specimens.kew.org/herbarium/K001934158,NA,NA,K001934158,K,NA,NA,NA,NA,Viburnum sempervirens var. smitinandii Fukuoka,NA,NA,17.280833,101.523889,NA,3855952,Viburnum sempervirens,Viburnum,sempervirens,NA,NA,NA,WGS84,NA,NA,NA,NA,NA,NA,NA,NA,NA,NA,Viburnaceae,NA,NA,NA,NA,1510,NA,NA,NA,NA,NA,NA,NA,NA,smitinandii,NA,NA,NA,NA,NA,NA,NA,NA,NA,NA,NA,NA,NA,NA,NA,NA,NA,NA,NA,NA,NA,NA,NA,NA,NA,NA,NA,NA,https://d2jcv3kl45hlgi.cloudfront.net/c0802f273e278c3c003cc1f05ae95ab0.jpg,FALSE,ok
HERB_0461,sample_images/HERB_0461.jpg,5106374466,Jasminum laurifolium var. brachylobum Kurz,,bf2a4bf0-5f31-11de-b67e-b8a03c50a862,98e934b0-5f31-11de-b67e-b8a03c50a862,"8e30b684-6a54-4aba-aa73-66201c2c736e,17abcf75-2f1e-46dd-bf75-a5b21dd02655",f6fe707e-cced-4efc-b5dc-be4c91b8180a,98e934b0-5f31-11de-b67e-b8a03c50a862,GB,DWC_ARCHIVE,2026-08-13T16:38:58.088+00:00,2026-08-24T20:20:48.656+00:00,445,PRESERVED_SPECIMEN,PRESENT,7439922,6,7707728,220,408,6652,3172260,7439922,Jasminum laurifolium var. brachylobum Kurz,Plantae,Tracheophyta,Lamiales,Oleaceae,Jasminum,VARIETY,ACCEPTED,NA,ASIA,Sagaing,none,Myanmar (Burma),2019,3,10,2019-03-10,69,69,NA,2025-04-07T14:24:03.000+00:00,2026-08-24T20:20:48.656+00:00,NA,http://creativecommons.org/publicdomain/zero/1.0/legalcode,FALSE,https://data.rbge.org.uk/herb/E01533982,none,none,0237598a-853a-492c-af74-a723fe251799,427c8cd7-4358-4a00-9ef3-2b2676d28d1e,FALSE,Edinburgh (E) Herbarium Specimens,"Armstrong, Kathleen Ellen, Nwe, Thet Yu, Kramer, Marshall, Linn, Wah Wah, Myint, Thar, Pyae, Phoe La, Kyi, Aung & Nyo, Kyi",NA,HERBARIUM SHEET,none,Magnoliopsida,MM,none,none,ASIA,Myanmar,EUROPE,NA,https://data.rbge.org.uk/herb/E01533982,4410,Growing in secondary forest adjacent to Nam Sa Bi village.,https://scientific-collections.gbif.org/institution/0237598a-853a-492c-af74-a723fe251799,445,NA,Nat Inn Taung,NA,NA,5106374466,NA,E,https://data.rbge.org.uk/herb/E01533982,PhysicalObject,NA,E01533982,RBGE,NA,NA,NA,https://scientific-collections.gbif.org/collection/427c8cd7-4358-4a00-9ef3-2b2676d28d1e,Jasminum laurifolium var. brachylobum Kurz,NA,NA,NA,NA,NA,8392779,Jasminum laurifolium,Jasminum,laurifolium,NA,NA,NA,NA,NA,ICBN,NA,NA,NA,NA,NA,NA,E,NA,NA,NA,NA,NA,NA,NA,NA,NA,NA,NA,NA,NA,NA,NA,brachylobum,NA,NA,NA,NA,Hkamti,NA,NA,10th March 2019,NA,NA,NA,NA,NA,NA,NA,NA,NA,NA,NA,CC0,Royal Botanic Garden Edinburgh,1752048,NA,NA,NA,NA,NA,NA,https://iiif.rbge.org.uk/herb/iiif/E01533982/manifest,FALSE,not_image
HERB_0462,sample_images/HERB_0462.jpg,4977595977,Brucea javanica (L.) Merr.,"incomis,inmafu",cd6e21c8-9e8a-493a-8a76-fbf7862069e5,061b4f20-f241-11da-a328-b8a03c50a862,17abcf75-2f1e-46dd-bf75-a5b21dd02655,996e30f8-f762-11e1-a439-00145eb45e9a,061b4f20-f241-11da-a328-b8a03c50a862,GB,DWC_ARCHIVE,2026-08-24T12:51:18.333+00:00,2026-08-24T20:51:17.488+00:00,539,PRESERVED_SPECIMEN,PRESENT,5555210,6,7707728,220,933,2395,3233020,5555210,Brucea javanica (L.) Merr.,Plantae,Tracheophyta,Sapindales,Simaroubaceae,Brucea,SPECIES,ACCEPTED,NA,ASIA,NA,none,NA,2020,7,29,2020-07-29T00:00,211,211,NA,2025-11-18T07:37:09.183+00:00,2026-08-24T20:51:17.488+00:00,NA,http://creativecommons.org/licenses/by/4.0/legalcode,FALSE,K004829125,none,none,fa252605-26f6-426c-9892-94d071c2c77f,NA,FALSE,NA,"Soh, S.M.J.",NA,NA,none,Magnoliopsida,SG,none,none,ASIA,Singapore,EUROPE,NA,K004829125,SING2020-781,NA,NA,539,NA,"P. Ubin, Near Jelutong Area.",NA,NA,4977595977,NA,Herbarium,http://specimens.kew.org/herbarium/K004829125,NA,NA,K004829125,K,NA,NA,NA,NA,Brucea javanica (L.) Merr.,NA,NA,NA,NA,NA,5555210,Brucea javanica,Brucea,javanica,NA,NA,NA,NA,NA,NA,NA,NA,NA,NA,NA,NA,NA,NA,Simaroubaceae,NA,LC,NA,NA,NA,NA,NA,NA,NA,NA,NA,NA,NA,NA,NA,NA,NA,NA,NA,NA,NA,NA,NA,NA,NA,NA,NA,NA,NA,NA,NA,NA,NA,NA,NA,NA,NA,NA,NA,NA,NA,NA,https://d2jcv3kl45hlgi.cloudfront.net/857c2f537a9507f3fa92cb43f18b616d.jpg,FALSE,ok
HERB_0463,sample_images/HERB_0463.jpg,2515042565,Ficus virgata Reinw. ex Blume,,15f819bd-6612-4447-854b-14d12ee1022d,396d5f30-dea9-11db-8ab4-b8a03c50a862,17abcf75-2f1e-46dd-bf75-a5b21dd02655,65eb93af-41b8-4917-a5fc-cfe2a45aa4bf,396d5f30-dea9-11db-8ab4-b8a03c50a862,NL,DWC_ARCHIVE,2026-06-29T11:53:09.940+00:00,2026-08-24T20:55:11.891+00:00,286,PRESERVED_SPECIMEN,PRESENT,7262728,6,7707728,220,691,6640,2984588,7262728,Ficus virgata Reinw. ex Blume,Plantae,Tracheophyta,Rosales,Moraceae,Ficus,SPECIES,ACCEPTED,NA,ASIA,Dili,NA,NA,2015,5,18,2015-05-18,138,138,NA,NA,2026-08-24T20:55:11.891+00:00,NA,http://creativecommons.org/publicdomain/zero/1.0/legalcode,FALSE,L.3978097@BRAHMS,none,none,0e919a55-08d3-4bd2-aec1-200858fafd92,0add23db-a8f7-4d15-95ad-4ed0c5c8a055,TRUE,NA,Cowie ID; Santana F,NA,NA,none,Magnoliopsida,TL,none,none,ASIA,Timor-Leste,EUROPE,Naturalis Biodiversity Center,L.3978097@BRAHMS,"Cowie, ID; Santana, F 13891",Edge of semievergreen forst; western upper side of ridge; limestone rubble.,https://ror.org/0566bfb96,286,NA,C. 2 km SE Adara.,NA,NA,2515042565,NA,Botany,https://data.biodiversitydata.nl/naturalis/specimen/L.3978097,NA,NA,L.3978097,NA,NA,NA,600.0 m,NA,Ficus virgata Reinw. ex Blume,NA,NA,-8.21889,125.57722,NA,7262728,Ficus virgata,Ficus,virgata,NA,NA,NA,WGS84,NA,ICN,NA,NA,NA,NA,NA,NA,NA,NA,Plantae|Rosales|Moraceae,NA,LC,NA,NA,NA,NA,NA,NA,NA,NA,NA,NA,NA,NA,NA,true,NA,NA,NA,NA,NA,NA,NA,NA,NA,NA,NA,NA,NA,NA,NA,NA,NA,NA,NA,NA,NA,NA,NA,NA,NA,NA,https://medialib.naturalis.nl/file/id/L.3978097/format/large,FALSE,ok
HERB_0464,sample_images/HERB_0464.jpg,6450125301,Cucumis hystrix Chakrav.,"cdc,cdround,gass84,incomis,inmafu",cd6e21c8-9e8a-493a-8a76-fbf7862069e5,061b4f20-f241-11da-a328-b8a03c50a862,17abcf75-2f1e-46dd-bf75-a5b21dd02655,996e30f8-f762-11e1-a439-00145eb45e9a,061b4f20-f241-11da-a328-b8a03c50a862,GB,DWC_ARCHIVE,2026-08-24T12:51:18.333+00:00,2026-08-24T20:51:23.564+00:00,539,PRESERVED_SPECIMEN,PRESENT,3625708,6,7707728,220,7224005,6634,2874568,3625708,Cucumis hystrix Chakrav.,Plantae,Tracheophyta,Cucurbitales,Cucurbitaceae,Cucumis,SPECIES,ACCEPTED,NA,ASIA,NA,NA,NA,2023,11,24,2023-11-24T00:00,328,328,NA,2026-07-21T12:28:13.803+00:00,2026-08-24T20:51:23.564+00:00,NA,http://creativecommons.org/licenses/by/4.0/legalcode,FALSE,K001934230,none,none,fa252605-26f6-426c-9892-94d071c2c77f,NA,FALSE,NA,"Yooprasert, S.; Tamura, M.N.; Fuse, S.; Tagane, S.; Takahashi, K.; Masuda, R.; Chamchumroon, V.; Suphuntee, N.; Taothong, P.",NA,NA,none,Magnoliopsida,TH,none,none,ASIA,Thailand,EUROPE,NA,K001934230,SY575,NA,NA,539,NA,"Tak, Umphang, Mo Kro, , ,Ancient Forest stop",NA,NA,6450125301,NA,Herbarium,http://specimens.kew.org/herbarium/K001934230,NA,NA,K001934230,K,NA,NA,NA,NA,Cucumis hystrix Chakrav.,NA,NA,16.244444,98.999167,NA,3625708,Cucumis hystrix,Cucumis,hystrix,NA,NA,NA,WGS84,NA,NA,NA,NA,NA,NA,NA,NA,NA,NA,Cucurbitaceae,NA,NA,NA,NA,1200,NA,NA,NA,NA,NA,NA,NA,NA,NA,NA,NA,NA,NA,NA,NA,NA,NA,NA,NA,NA,NA,NA,NA,NA,NA,NA,NA,NA,NA,NA,NA,NA,NA,NA,NA,NA,NA,https://d2jcv3kl45hlgi.cloudfront.net/4281de42a03b02c1bf9b9eb03193cf5b.jpg,FALSE,ok
HERB_0465,sample_images/HERB_0465.jpg,5106374638,Gmelina arborea Roxb.,,bf2a4bf0-5f31-11de-b67e-b8a03c50a862,98e934b0-5f31-11de-b67e-b8a03c50a862,"8e30b684-6a54-4aba-aa73-66201c2c736e,17abcf75-2f1e-46dd-bf75-a5b21dd02655",f6fe707e-cced-4efc-b5dc-be4c91b8180a,98e934b0-5f31-11de-b67e-b8a03c50a862,GB,DWC_ARCHIVE,2026-08-13T16:38:58.088+00:00,2026-08-24T20:21:04.022+00:00,445,PRESERVED_SPECIMEN,PRESENT,5341167,6,7707728,220,408,2497,2925650,5341167,Gmelina arborea Roxb.,Plantae,Tracheophyta,Lamiales,Lamiaceae,Gmelina,SPECIES,PROVISIONALLY_ACCEPTED,NA,ASIA,Sagaing,none,Myanmar (Burma),2019,3,29,2019-03-29,88,88,NA,2025-04-08T14:10:32.000+00:00,2026-08-24T20:21:04.022+00:00,NA,http://creativecommons.org/publicdomain/zero/1.0/legalcode,FALSE,https://data.rbge.org.uk/herb/E01542036,none,none,0237598a-853a-492c-af74-a723fe251799,427c8cd7-4358-4a00-9ef3-2b2676d28d1e,FALSE,Edinburgh (E) Herbarium Specimens,"Armstrong, Kathleen Ellen, Nwe, Thet Yu, Linn, Wah Wah, Pyae, Phoe La, Myint, Han Sein, Nge, Maung, Kyaung, Kyan, Nyo, Than, Maung, Maung & Kyi, Tote",NA,HERBARIUM SHEET,none,Magnoliopsida,MM,none,none,ASIA,Myanmar,EUROPE,NA,https://data.rbge.org.uk/herb/E01542036,4671,Growing in primary forest.,https://scientific-collections.gbif.org/institution/0237598a-853a-492c-af74-a723fe251799,445,NA,"Htamanthi Wildlife Sanctuary. Nam Khwe Daing stream, camp 1",NA,NA,5106374638,NA,E,https://data.rbge.org.uk/herb/E01542036,PhysicalObject,NA,E01542036,RBGE,NA,NA,NA,https://scientific-collections.gbif.org/collection/427c8cd7-4358-4a00-9ef3-2b2676d28d1e,Gmelina arborea Roxb.,NA,NA,NA,NA,NA,5341167,Gmelina arborea,Gmelina,arborea,NA,NA,NA,NA,NA,ICBN,NA,NA,NA,NA,NA,NA,E,NA,NA,NA,NA,NA,NA,NA,NA,NA,NA,NA,NA,NA,NA,NA,NA,NA,NA,NA,NA,Hkamti,NA,NA,29th March 2019,NA,NA,NA,NA,NA,NA,NA,NA,NA,NA,NA,CC0,Royal Botanic Garden Edinburgh,1737523,NA,NA,NA,NA,NA,NA,https://iiif.rbge.org.uk/herb/iiif/E01542036/manifest,FALSE,not_image
HERB_0466,sample_images/HERB_0466.jpg,4979412544,Adinandra dumosa Jack,cdc,bf2a4bf0-5f31-11de-b67e-b8a03c50a862,98e934b0-5f31-11de-b67e-b8a03c50a862,"8e30b684-6a54-4aba-aa73-66201c2c736e,17abcf75-2f1e-46dd-bf75-a5b21dd02655",f6fe707e-cced-4efc-b5dc-be4c91b8180a,98e934b0-5f31-11de-b67e-b8a03c50a862,GB,DWC_ARCHIVE,2026-08-13T16:38:58.088+00:00,2026-08-24T20:21:03.450+00:00,445,PRESERVED_SPECIMEN,PRESENT,3592169,6,7707728,220,1353,4259202,7313756,3592169,Adinandra dumosa Jack,Plantae,Tracheophyta,Ericales,Pentaphylacaceae,Adinandra,SPECIES,ACCEPTED,NA,ASIA,Sarawak,NA,Malay Islands,2024,2,26,2024-02-26,57,57,NA,2025-12-15T10:52:41.000+00:00,2026-08-24T20:21:03.450+00:00,NA,http://creativecommons.org/publicdomain/zero/1.0/legalcode,FALSE,https://data.rbge.org.uk/herb/E01494475,none,none,0237598a-853a-492c-af74-a723fe251799,427c8cd7-4358-4a00-9ef3-2b2676d28d1e,FALSE,Edinburgh (E) Herbarium Specimens,"Wilkie, Peter, Sundue, Michael, Barber, Sadie, Jawa, Rantai & Angkabau, Johnny",NA,HERBARIUM SHEET|Silica-dried,none,Magnoliopsida,MY,none,none,ASIA,Malaysia,EUROPE,NA,https://data.rbge.org.uk/herb/E01494475,S.110636,Roadside in logged over lowland mixed diterocarp forest,https://scientific-collections.gbif.org/institution/0237598a-853a-492c-af74-a723fe251799,445,NA,"Kapit Forest Management Unit (FMU), roadside of logged over lowland mixed diterocarp forest. NW facing slope",NA,NA,4979412544,NA,E,https://data.rbge.org.uk/herb/E01494475,PhysicalObject,NA,E01494475,RBGE,NA,NA,NA,https://scientific-collections.gbif.org/collection/427c8cd7-4358-4a00-9ef3-2b2676d28d1e,Adinandra dumosa Jack,NA,NA,2.017648,112.942165,NA,3592169,Adinandra dumosa,Adinandra,dumosa,NA,NA,NA,WGS84,NA,ICBN,NA,NA,NA,NA,NA,NA,E,NA,NA,NA,LC,NA,NA,NA,NA,NA,NA,NA,NA,NA,NA,NA,NA,NA,NA,NA,NA,NA,NA,NA,26th February 2024,NA,NA,NA,NA,NA,NA,NA,NA,NA,NA,NA,CC0,Royal Botanic Garden Edinburgh,1571765,NA,NA,NA,NA,NA,NA,https://iiif.rbge.org.uk/herb/iiif/E01494475/manifest,FALSE,not_image
HERB_0467,sample_images/HERB_0467.jpg,6196926318,Antidesma puncticulatum Miq.,"colmafu,inmafu",1cbed1d0-f9ac-4b9e-bf3f-a26272bca39e,4fd82480-ea1c-11da-8db4-b8a03c50a862,NA,82d6992a-b20b-4e74-b6ac-6b971b2c485d,4fd82480-ea1c-11da-8db4-b8a03c50a862,JP,EML,2026-07-10T16:35:10.312+00:00,2026-07-18T17:50:21.057+00:00,222,PRESERVED_SPECIMEN,PRESENT,3076580,6,7707728,220,1414,8807,2874170,3076580,Antidesma puncticulatum Miq.,Plantae,Tracheophyta,Malpighiales,Phyllanthaceae,Antidesma,SPECIES,ACCEPTED,NA,ASIA,Kien Giang,NA,Asia|Vietnam|Kien Giang|Kien Luong Dist.|Mt. Mo So,2024,5,23,2024-05-23,144,144,NA,2025-10-16T00:00:00.000+00:00,2026-07-18T17:50:21.057+00:00,https://www.museum.kagoshima-u.ac.jp/hyouhonsitu.html,http://creativecommons.org/licenses/by/4.0/legalcode,FALSE,a1f6161a-1009-45cb-85db-84572b18646b,none,none,7b6590f0-c03f-409b-ae28-f443c1166d23,e9e6df05-e289-4a64-8ace-a4d5dbd168e4,FALSE,NA,NA,NA,NA,none,Magnoliopsida,VN,none,none,ASIA,Viet Nam,ASIA,NA,a1f6161a-1009-45cb-85db-84572b18646b,N500,NA,NA,232,NA,Mt. Mo So,NA,"Vietnam, Kien Giang, Kien Luong Dist., Mt. Mo So",6196926318,NA,KAG,a1f6161a-1009-45cb-85db-84572b18646b,NA,NA,KAG188603,KAG,NA,NA,NA,NA,Antidesma puncticulatum Miq.,NA,NA,10.22661,104.61757,NA,3076580,Antidesma puncticulatum,Antidesma,puncticulatum,NA,NA,NA,WGS84,NA,NA,NA,NA,obtained using GPS machine,NA,NA,NA,NA,NA,Plantae|Tracheophyta|Magnoliopsida|Malpighiales|Phyllanthaceae|Antidesma|puncticulatum,NA,LC,NA,NA,50,NA,NA,NA,NA,NA,NA,NA,NA,NA,NA,NA,NA,NA,Kien Luong Dist.,NA,NA,NA,NA,NA,NA,NA,NA,NA,NA,NA,NA,500,NA,NA,NA,NA,NA,NA,NA,NA,NA,NA,https://dbs.kaum.kagoshima-u.ac.jp/musedb/s_plant/picture/KAG188603/KAG188603.jpg,FALSE,ok
HERB_0468,sample_images/HERB_0468.jpg,2430565464,Gmelina philippensis Cham.,,b5cdf794-8fa4-4a85-8b26-755d087bf531,2cd829bb-b713-433d-99cf-64bef11e5b3e,17abcf75-2f1e-46dd-bf75-a5b21dd02655,86c2834b-fcd6-418d-9b32-aca45110a0fe,2cd829bb-b713-433d-99cf-64bef11e5b3e,FR,EML,2026-08-13T15:27:43.858+00:00,2026-08-24T16:45:38.296+00:00,606,PRESERVED_SPECIMEN,PRESENT,6410769,6,7707728,220,408,2497,2925650,6410769,Gmelina philippensis Cham.,Plantae,Tracheophyta,Lamiales,Lamiaceae,Gmelina,SPECIES,ACCEPTED,NA,ASIA,mondulkiri,none,NA,2019,1,31,2019-01-31,31,31,NA,2020-01-14T18:34:01.000+00:00,2026-08-24T16:45:38.296+00:00,NA,http://creativecommons.org/licenses/by/4.0/legalcode,FALSE,http://coldb.mnhn.fr/catalognumber/mnhn/p/p00915875,none,none,6a6ac6c5-1b8a-48db-91a2-f8661274ff80,bc3d39fd-a7d4-4763-b951-2bdeddd8a5d2,FALSE,NA,"Hul, S.|Eum, S.|Peou, Y.",Hul,hb,none,Magnoliopsida,KH,none,none,ASIA,Cambodia,EUROPE,NA,http://coldb.mnhn.fr/catalognumber/mnhn/p/p00915875,NA,NA,http://grbio.org/institution/museum-national-dhistoire-naturelle,654,NA,NA,7000,NA,2430565464,NA,P,http://coldb.mnhn.fr/catalognumber/mnhn/p/p00915875,NA,NA,P00915875,MNHN,NA,NA,NA,NA,Gmelina philippensis Cham.,NA,NA,NA,NA,NA,6410769,Gmelina philippensis,Gmelina,philippensis,NA,NA,NA,NA,NA,NA,NA,NA,NA,NA,NA,NA,NA,NA,NA,NA,LC,NA,NA,NA,NA,NA,NA,NA,NA,NA,NA,NA,NA,NA,NA,NA,"""Arbuste sarmenteux, d'env. m de haut ; rameaux épineux. Feuilles ovales, ovales-elliptiques, entières ou légèrement trilobées. Fleurs jaunes, à bractées foliacées, bractéoles rouge violacé sur la face externne et rosâtre sur la face interne; pétales 4. Fruit : drupe obovoïde, d'env. 1 cm de diamètre""",kéo Seima,Mémang,NA,NA,NA,NA,NA,NA,NA,NA,NA,NA,NA,NA,NA,NA,NA,NA,NA,NA,NA,NA,NA,NA,https://mediaphoto.mnhn.fr/media/1579023241370YTNV6VryPwlW85Ua,FALSE,error
HERB_0469,sample_images/HERB_0469.jpg,4407748310,Meiogyne virgata (Blume) Miq.,"cdc,cucdmis,gass84",b5cdf794-8fa4-4a85-8b26-755d087bf531,2cd829bb-b713-433d-99cf-64bef11e5b3e,17abcf75-2f1e-46dd-bf75-a5b21dd02655,86c2834b-fcd6-418d-9b32-aca45110a0fe,2cd829bb-b713-433d-99cf-64bef11e5b3e,FR,EML,2026-08-13T15:27:43.858+00:00,2026-08-24T16:46:08.476+00:00,606,PRESERVED_SPECIMEN,PRESENT,3158371,6,7707728,220,718,9291,3158370,3158371,Meiogyne virgata (Blume) Miq.,Plantae,Tracheophyta,Magnoliales,Annonaceae,Meiogyne,SPECIES,ACCEPTED,NA,ASIA,NA,none,NA,2022,12,6,2022-12-06,340,340,NA,2023-09-07T15:57:00.000+00:00,2026-08-24T16:46:08.476+00:00,NA,http://creativecommons.org/licenses/by/4.0/legalcode,FALSE,http://coldb.mnhn.fr/catalognumber/mnhn/p/p00877837,none,none,6a6ac6c5-1b8a-48db-91a2-f8661274ff80,bc3d39fd-a7d4-4763-b951-2bdeddd8a5d2,FALSE,NA,"Thomas, D.C.|Niissalo, M.",NA,hb,none,Magnoliopsida,SG,none,none,ASIA,Singapore,EUROPE,NA,http://coldb.mnhn.fr/catalognumber/mnhn/p/p00877837,NA,NA,http://grbio.org/institution/museum-national-dhistoire-naturelle,654,NA,NA,3495,"Bukit Timah Nature Reserve, Fern Valley, at boulde",4407748310,NA,P,http://coldb.mnhn.fr/catalognumber/mnhn/p/p00877837,NA,NA,P00877837,MNHN,NA,NA,NA,NA,Meiogyne virgata (Blume) Miq.,NA,NA,1.5875,104.29528,NA,3158371,Meiogyne virgata,Meiogyne,virgata,NA,NA,NA,WGS84,NA,NA,NA,NA,NA,NA,NA,NA,NA,NA,NA,NA,LC,NA,NA,46,NA,NA,NA,NA,NA,NA,NA,NA,NA,NA,NA,NA,NA,NA,NA,NA,NA,NA,NA,NA,NA,NA,NA,NA,NA,NA,NA,NA,NA,NA,NA,NA,NA,NA,NA,NA,NA,https://mediaphoto.mnhn.fr/media/1694095020207rMz9oHCl3JmrY2ZG,FALSE,error
HERB_0470,sample_images/HERB_0470.jpg,5106374632,Justicia gendarussa Burm.fil.,,bf2a4bf0-5f31-11de-b67e-b8a03c50a862,98e934b0-5f31-11de-b67e-b8a03c50a862,"8e30b684-6a54-4aba-aa73-66201c2c736e,17abcf75-2f1e-46dd-bf75-a5b21dd02655",f6fe707e-cced-4efc-b5dc-be4c91b8180a,98e934b0-5f31-11de-b67e-b8a03c50a862,GB,DWC_ARCHIVE,2026-08-13T16:38:58.088+00:00,2026-08-24T20:20:08.031+00:00,445,PRESERVED_SPECIMEN,PRESENT,7447231,6,7707728,220,408,2393,2904597,7447231,Justicia gendarussa Burm.fil.,Plantae,Tracheophyta,Lamiales,Acanthaceae,Justicia,SPECIES,ACCEPTED,NA,ASIA,Sagaing,none,Myanmar (Burma),2019,3,5,2019-03-05,64,64,NA,2025-04-08T13:32:17.000+00:00,2026-08-24T20:20:08.031+00:00,NA,http://creativecommons.org/publicdomain/zero/1.0/legalcode,FALSE,https://data.rbge.org.uk/herb/E01542009,none,none,0237598a-853a-492c-af74-a723fe251799,427c8cd7-4358-4a00-9ef3-2b2676d28d1e,TRUE,Edinburgh (E) Herbarium Specimens,"Armstrong, Kathleen Ellen, Nwe, Thet Yu, Kramer, Marshall, Linn, Wah Wah, Myint, Thar, Pyae, Phoe La, Kyi, Aung, Nyo, Kyi & Win, Tun Tun",NA,HERBARIUM SHEET,none,Magnoliopsida,MM,none,none,ASIA,Myanmar,EUROPE,NA,https://data.rbge.org.uk/herb/E01542009,4332,Growing in disturbed vegetation around village.,https://scientific-collections.gbif.org/institution/0237598a-853a-492c-af74-a723fe251799,445,NA,Nam Sa Bi village,NA,NA,5106374632,NA,E,https://data.rbge.org.uk/herb/E01542009,PhysicalObject,NA,E01542009,RBGE,NA,NA,NA,https://scientific-collections.gbif.org/collection/427c8cd7-4358-4a00-9ef3-2b2676d28d1e,Justicia gendarussa Burm.fil.,NA,NA,NA,NA,NA,7447231,Justicia gendarussa,Justicia,gendarussa,NA,NA,NA,NA,NA,ICBN,NA,NA,NA,NA,NA,NA,E,NA,NA,NA,NA,NA,NA,NA,NA,NA,NA,NA,NA,NA,NA,NA,NA,NA,NA,NA,NA,Hkamti,NA,NA,5th March 2019,NA,NA,NA,NA,NA,NA,NA,NA,NA,NA,NA,CC0,Royal Botanic Garden Edinburgh,1734046,NA,NA,NA,NA,NA,NA,https://iiif.rbge.org.uk/herb/iiif/E01542009/manifest,FALSE,not_image
HERB_0471,sample_images/HERB_0471.jpg,3461956309,Sandoricum koetjape (Burm.fil.) Merr.,,b5cdf794-8fa4-4a85-8b26-755d087bf531,2cd829bb-b713-433d-99cf-64bef11e5b3e,17abcf75-2f1e-46dd-bf75-a5b21dd02655,86c2834b-fcd6-418d-9b32-aca45110a0fe,2cd829bb-b713-433d-99cf-64bef11e5b3e,FR,EML,2026-08-13T15:27:43.858+00:00,2026-08-24T16:45:39.255+00:00,606,PRESERVED_SPECIMEN,PRESENT,3850843,6,7707728,220,933,2397,7107971,3850843,Sandoricum koetjape (Burm.fil.) Merr.,Plantae,Tracheophyta,Sapindales,Meliaceae,Sandoricum,SPECIES,ACCEPTED,NA,ASIA,siem réap,none,NA,2021,1,7,2021-01-07,7,7,NA,2022-02-09T10:39:44.000+00:00,2026-08-24T16:45:39.255+00:00,NA,http://creativecommons.org/licenses/by/4.0/legalcode,FALSE,http://coldb.mnhn.fr/catalognumber/mnhn/p/p01190801,none,none,6a6ac6c5-1b8a-48db-91a2-f8661274ff80,bc3d39fd-a7d4-4763-b951-2bdeddd8a5d2,FALSE,NA,"Hul, S.|Peou, Y.|Ratanak, V.",Hul,hb,none,Magnoliopsida,KH,none,none,ASIA,Cambodia,EUROPE,NA,http://coldb.mnhn.fr/catalognumber/mnhn/p/p01190801,NA,NA,http://grbio.org/institution/museum-national-dhistoire-naturelle,654,NA,NA,7192,Sangkat Slorkram,3461956309,NA,P,http://coldb.mnhn.fr/catalognumber/mnhn/p/p01190801,NA,NA,P01190801,MNHN,NA,NA,NA,NA,Sandoricum koetjape (Burm.fil.) Merr.,NA,NA,NA,NA,NA,3850843,Sandoricum koetjape,Sandoricum,koetjape,NA,NA,NA,NA,NA,NA,NA,NA,NA,NA,NA,NA,NA,NA,NA,NA,VU,NA,NA,NA,NA,NA,NA,NA,NA,NA,NA,NA,NA,NA,NA,NA,"Arbre de 8-16 m de haut , rameaux jeunes couverts de poils denses et courts. Feuilles trifoliées, velues",Phum Daun Pa,NA,NA,NA,NA,NA,NA,NA,NA,NA,NA,NA,NA,NA,NA,NA,NA,NA,NA,NA,NA,NA,NA,NA,https://mediaphoto.mnhn.fr/media/1644399582140MYUIhM3pGAhiEwBW,FALSE,error
HERB_0472,sample_images/HERB_0472.jpg,4519454644,Uncaria callophylla Blume ex Korth.,"incomis,inmafu",cd6e21c8-9e8a-493a-8a76-fbf7862069e5,061b4f20-f241-11da-a328-b8a03c50a862,17abcf75-2f1e-46dd-bf75-a5b21dd02655,996e30f8-f762-11e1-a439-00145eb45e9a,061b4f20-f241-11da-a328-b8a03c50a862,GB,DWC_ARCHIVE,2026-08-24T12:51:18.333+00:00,2026-08-24T20:49:51.197+00:00,539,PRESERVED_SPECIMEN,PRESENT,5338260,6,7707728,220,412,8798,2906635,5338260,Uncaria callophylla Blume ex Korth.,Plantae,Tracheophyta,Gentianales,Rubiaceae,Uncaria,SPECIES,ACCEPTED,NA,ASIA,NA,none,NA,2020,8,20,2020-08-20T00:00,233,233,NA,2025-11-09T07:07:33.707+00:00,2026-08-24T20:49:51.197+00:00,NA,http://creativecommons.org/licenses/by/4.0/legalcode,FALSE,K001590648,none,none,fa252605-26f6-426c-9892-94d071c2c77f,NA,FALSE,NA,"Teo, S.",NA,NA,none,Magnoliopsida,SG,none,none,ASIA,Singapore,EUROPE,NA,K001590648,SING 2020-670,NA,NA,539,NA,"Singapore, Rail Corridor",NA,NA,4519454644,NA,Herbarium,http://specimens.kew.org/herbarium/K001590648,NA,NA,K001590648,K,NA,NA,NA,NA,Uncaria callophylla Blume ex Korth.,NA,NA,NA,NA,NA,5338260,Uncaria callophylla,Uncaria,callophylla,NA,NA,NA,NA,NA,NA,NA,NA,NA,NA,NA,NA,NA,NA,Rubiaceae,NA,NA,NA,NA,NA,NA,NA,NA,NA,NA,NA,NA,NA,NA,NA,NA,NA,NA,NA,NA,NA,NA,NA,NA,NA,NA,NA,NA,NA,NA,NA,NA,NA,NA,NA,NA,NA,NA,NA,NA,NA,NA,https://d2jcv3kl45hlgi.cloudfront.net/40bcb26a43264209f482514340c949a5.jpg,FALSE,ok
HERB_0473,sample_images/HERB_0473.jpg,3312522184,Primula kaufmanniana Regel,"cdc,cucdmis,cum",bf2a4bf0-5f31-11de-b67e-b8a03c50a862,98e934b0-5f31-11de-b67e-b8a03c50a862,"8e30b684-6a54-4aba-aa73-66201c2c736e,17abcf75-2f1e-46dd-bf75-a5b21dd02655",f6fe707e-cced-4efc-b5dc-be4c91b8180a,98e934b0-5f31-11de-b67e-b8a03c50a862,GB,DWC_ARCHIVE,2026-08-13T16:38:58.088+00:00,2026-08-24T20:20:58.428+00:00,445,PRESERVED_SPECIMEN,PRESENT,5641236,6,7707728,220,1353,6674,8026112,5641236,Primula kaufmanniana Regel,Plantae,Tracheophyta,Ericales,Primulaceae,Primula,SPECIES,ACCEPTED,NA,ASIA,NA,NA,Northern Asia,2016,4,24,2016-04-24,115,115,NA,2023-12-19T14:55:13.000+00:00,2026-08-24T20:20:58.428+00:00,NA,http://creativecommons.org/publicdomain/zero/1.0/legalcode,FALSE,https://data.rbge.org.uk/herb/E00955300,none,none,0237598a-853a-492c-af74-a723fe251799,427c8cd7-4358-4a00-9ef3-2b2676d28d1e,FALSE,Edinburgh (E) Herbarium Specimens,"Kew Edinburgh Expedition with Kulob to Tajikistan,",NA,HERBARIUM SHEET,none,Magnoliopsida,TL,none,none,ASIA,Timor-Leste,EUROPE,NA,https://data.rbge.org.uk/herb/E00955300,11,"Plant growing in a muddy loamy bank ;  Vegetation: Acer turkestanica, Rosa, Poa",https://scientific-collections.gbif.org/institution/0237598a-853a-492c-af74-a723fe251799,445,NA,Tajikistan:Khatlon Province:Muminobod District:Khonatarosh:hazrati-shoh range near Langar Kulob,NA,NA,3312522184,NA,E,https://data.rbge.org.uk/herb/E00955300,PhysicalObject,NA,E00955300,RBGE,NA,NA,2181m,https://scientific-collections.gbif.org/collection/427c8cd7-4358-4a00-9ef3-2b2676d28d1e,Primula kaufmanniana Regel,NA,NA,37.996111,70.062222,NA,5641236,Primula kaufmanniana,Primula,kaufmanniana,NA,NA,NA,WGS84,NA,ICBN,NA,NA,NA,NA,NA,NA,E,NA,NA,NA,NA,NA,NA,2181,0,NA,NA,NA,NA,NA,NA,NA,NA,NA,NA,NA,NA,NA,NA,NA,24th April 2016,NA,NA,NA,NA,NA,NA,NA,NA,NA,NA,NA,CC0,Royal Botanic Garden Edinburgh,957427,NA,NA,NA,NA,NA,NA,https://iiif.rbge.org.uk/herb/iiif/E00955300/manifest,FALSE,not_image
HERB_0474,sample_images/HERB_0474.jpg,2515042568,Ipomoea eriocarpa R.Br.,,15f819bd-6612-4447-854b-14d12ee1022d,396d5f30-dea9-11db-8ab4-b8a03c50a862,17abcf75-2f1e-46dd-bf75-a5b21dd02655,65eb93af-41b8-4917-a5fc-cfe2a45aa4bf,396d5f30-dea9-11db-8ab4-b8a03c50a862,NL,DWC_ARCHIVE,2026-06-29T11:53:09.940+00:00,2026-08-24T20:54:18.443+00:00,286,PRESERVED_SPECIMEN,PRESENT,2928545,6,7707728,220,1176,2389,2928509,2928545,Ipomoea eriocarpa R.Br.,Plantae,Tracheophyta,Solanales,Convolvulaceae,Ipomoea,SPECIES,ACCEPTED,NA,ASIA,Dili,NA,NA,2015,5,18,2015-05-18,138,138,NA,NA,2026-08-24T20:54:18.443+00:00,NA,http://creativecommons.org/publicdomain/zero/1.0/legalcode,FALSE,L.3978219@BRAHMS,none,none,0e919a55-08d3-4bd2-aec1-200858fafd92,0add23db-a8f7-4d15-95ad-4ed0c5c8a055,FALSE,NA,Cowie ID; Santana F,NA,NA,none,Magnoliopsida,TL,none,none,ASIA,Timor-Leste,EUROPE,Naturalis Biodiversity Center,L.3978219@BRAHMS,"Cowie, ID; Santana, F 13904",In Euc alba open woodland; on volcanics.,https://ror.org/0566bfb96,286,NA,C. 1.2 km NNW Beloi.,NA,NA,2515042568,NA,Botany,https://data.biodiversitydata.nl/naturalis/specimen/L.3978219,NA,NA,L.3978219,NA,NA,NA,500.0 m,NA,Ipomoea eriocarpa R.Br.,NA,NA,-8.20944,125.60611,NA,2928545,Ipomoea eriocarpa,Ipomoea,eriocarpa,NA,NA,NA,WGS84,NA,ICN,NA,NA,NA,NA,NA,NA,NA,NA,Plantae|Solanales|Convolvulaceae,NA,NA,NA,NA,NA,NA,NA,NA,NA,NA,NA,NA,NA,NA,NA,true,NA,NA,NA,NA,NA,NA,NA,NA,NA,NA,NA,NA,NA,NA,NA,NA,NA,NA,NA,NA,NA,NA,NA,NA,NA,NA,https://medialib.naturalis.nl/file/id/L.3978219/format/large,FALSE,ok
HERB_0475,sample_images/HERB_0475.jpg,6450155305,Canthium coffeoides Pierre ex Pit.,"cdc,cdround,gass84,incomis,inmafu",cd6e21c8-9e8a-493a-8a76-fbf7862069e5,061b4f20-f241-11da-a328-b8a03c50a862,17abcf75-2f1e-46dd-bf75-a5b21dd02655,996e30f8-f762-11e1-a439-00145eb45e9a,061b4f20-f241-11da-a328-b8a03c50a862,GB,DWC_ARCHIVE,2026-08-24T12:51:18.333+00:00,2026-08-24T20:50:36.068+00:00,539,PRESERVED_SPECIMEN,PRESENT,2917490,6,7707728,220,412,8798,2917429,2917490,Canthium coffeoides Pierre ex Pit.,Plantae,Tracheophyta,Gentianales,Rubiaceae,Canthium,SPECIES,ACCEPTED,NA,ASIA,NA,NA,NA,2023,8,29,2023-08-29T00:00,241,241,NA,2026-07-21T12:28:13.080+00:00,2026-08-24T20:50:36.068+00:00,NA,http://creativecommons.org/licenses/by/4.0/legalcode,FALSE,K001934170,none,none,fa252605-26f6-426c-9892-94d071c2c77f,NA,FALSE,NA,"Yooprasert, S.; Tamura, M.N.; Fuse, S.; Takahasi, K.; Masuda, R.; Taothong, P.; Saengbuapuean, A.",NA,NA,none,Magnoliopsida,TH,none,none,ASIA,Thailand,EUROPE,NA,K001934170,SY509,NA,NA,539,NA,"Phu Ruea, Phu Luang WS, Trail from Royal visit guest house to Phu Chang Do and Lan Suriyan",NA,NA,6450155305,NA,Herbarium,http://specimens.kew.org/herbarium/K001934170,NA,NA,K001934170,K,NA,NA,NA,NA,Canthium coffeoides Pierre ex Pit.,NA,NA,17.279444,101.516389,NA,2917490,Canthium coffeoides,Canthium,coffeoides,NA,NA,NA,WGS84,NA,NA,NA,NA,NA,NA,NA,NA,NA,NA,Rubiaceae,NA,NA,NA,NA,1460,NA,NA,NA,NA,NA,NA,NA,NA,NA,NA,NA,NA,NA,NA,NA,NA,NA,NA,NA,NA,NA,NA,NA,NA,NA,NA,NA,NA,NA,NA,NA,NA,NA,NA,NA,NA,NA,https://d2jcv3kl45hlgi.cloudfront.net/0045eb8c9246f9404417836a8af1c9de.jpg,FALSE,ok
HERB_0476,sample_images/HERB_0476.jpg,4979413718,Cyrtandra dorytricha Hilliard & B.L.Burtt,cdc,bf2a4bf0-5f31-11de-b67e-b8a03c50a862,98e934b0-5f31-11de-b67e-b8a03c50a862,"8e30b684-6a54-4aba-aa73-66201c2c736e,17abcf75-2f1e-46dd-bf75-a5b21dd02655",f6fe707e-cced-4efc-b5dc-be4c91b8180a,98e934b0-5f31-11de-b67e-b8a03c50a862,GB,DWC_ARCHIVE,2026-08-13T16:38:58.088+00:00,2026-08-24T20:20:59.451+00:00,445,PRESERVED_SPECIMEN,PRESENT,5591910,6,7707728,220,408,6654,3172659,5591910,Cyrtandra dorytricha Hilliard & B.L.Burtt,Plantae,Tracheophyta,Lamiales,Gesneriaceae,Cyrtandra,SPECIES,ACCEPTED,NA,ASIA,Sarawak,NA,Malay Islands,2024,2,29,2024-02-29,60,60,NA,2025-12-15T11:33:37.000+00:00,2026-08-24T20:20:59.451+00:00,NA,http://creativecommons.org/publicdomain/zero/1.0/legalcode,FALSE,https://data.rbge.org.uk/herb/E01494485,none,none,0237598a-853a-492c-af74-a723fe251799,427c8cd7-4358-4a00-9ef3-2b2676d28d1e,FALSE,Edinburgh (E) Herbarium Specimens,"Barber, Sadie, Wilkie, Peter, Sundue, Michael, Jawa, Rantai & Angkabau, Johnny",NA,HERBARIUM SHEET|Silica-dried,none,Magnoliopsida,MY,none,none,ASIA,Malaysia,EUROPE,NA,https://data.rbge.org.uk/herb/E01494485,S.110678,On rocks next to small stream in logged over lowland mixed dipterocarp forest,https://scientific-collections.gbif.org/institution/0237598a-853a-492c-af74-a723fe251799,445,NA,"Kapit Forest Management Unit (FMU), 30km along logging road near small waterfall and stream",NA,NA,4979413718,NA,E,https://data.rbge.org.uk/herb/E01494485,PhysicalObject,NA,E01494485,RBGE,NA,NA,NA,https://scientific-collections.gbif.org/collection/427c8cd7-4358-4a00-9ef3-2b2676d28d1e,Cyrtandra dorytricha Hilliard & B.L.Burtt,NA,NA,1.880922,112.912188,NA,5591910,Cyrtandra dorytricha,Cyrtandra,dorytricha,NA,NA,NA,WGS84,NA,ICBN,NA,NA,NA,NA,NA,NA,E,NA,NA,NA,NA,NA,NA,NA,NA,NA,NA,NA,NA,NA,NA,NA,NA,NA,NA,NA,NA,NA,NA,NA,29th February 2024,NA,NA,NA,NA,NA,NA,NA,NA,NA,NA,NA,CC0,Royal Botanic Garden Edinburgh,1571823,NA,NA,NA,NA,NA,NA,https://iiif.rbge.org.uk/herb/iiif/E01494485/manifest,FALSE,not_image
HERB_0477,sample_images/HERB_0477.jpg,3461965309,Caesalpinia pulcherrima (L.) Sw.,,b5cdf794-8fa4-4a85-8b26-755d087bf531,2cd829bb-b713-433d-99cf-64bef11e5b3e,17abcf75-2f1e-46dd-bf75-a5b21dd02655,86c2834b-fcd6-418d-9b32-aca45110a0fe,2cd829bb-b713-433d-99cf-64bef11e5b3e,FR,EML,2026-08-13T15:27:43.858+00:00,2026-08-24T16:47:14.826+00:00,606,PRESERVED_SPECIMEN,PRESENT,2958715,6,7707728,220,1370,5386,2958443,2958715,Caesalpinia pulcherrima (L.) Sw.,Plantae,Tracheophyta,Fabales,Fabaceae,Caesalpinia,SPECIES,ACCEPTED,NA,ASIA,siem réap,none,NA,2021,1,8,2021-01-08,8,8,NA,2000-01-20T13:54:48.000+00:00,2026-08-24T16:47:14.826+00:00,NA,http://creativecommons.org/licenses/by/4.0/legalcode,FALSE,http://coldb.mnhn.fr/catalognumber/mnhn/p/p01190854,none,none,6a6ac6c5-1b8a-48db-91a2-f8661274ff80,bc3d39fd-a7d4-4763-b951-2bdeddd8a5d2,FALSE,NA,"Hul, S.|Peou, Y.|Ratanak, V.",Hul,hb,none,Magnoliopsida,KH,none,none,ASIA,Cambodia,EUROPE,NA,http://coldb.mnhn.fr/catalognumber/mnhn/p/p01190854,NA,NA,http://grbio.org/institution/museum-national-dhistoire-naturelle,654,NA,NA,7268,Sangkat Slorkram,3461965309,NA,P,http://coldb.mnhn.fr/catalognumber/mnhn/p/p01190854,NA,NA,P01190854,MNHN,NA,NA,NA,NA,Caesalpinia pulcherrima (L.) Sw.,NA,NA,NA,NA,NA,2958715,Caesalpinia pulcherrima,Caesalpinia,pulcherrima,NA,NA,NA,NA,NA,NA,NA,NA,NA,NA,NA,NA,NA,NA,NA,NA,LC,NA,NA,NA,NA,NA,NA,NA,NA,NA,NA,NA,NA,NA,NA,NA,"Arbrisseau d'env. 1,5-2 m de haut, généralement inerme. Feuilles alternes, bipennées , pennes 3-30 paires , folioles 6-12 paires, opposées. Inflorescences en grappes terminales , fleurs rouges ou jaunes. Fruits : gousses comprimées, prolongées en bec au sommet",Phum Daun Pa,NA,NA,NA,NA,NA,NA,NA,NA,NA,NA,NA,NA,NA,NA,NA,NA,NA,NA,NA,NA,NA,NA,NA,https://mediaphoto.mnhn.fr/media/16487950436695sGmX3RWFZFVRo0a,TRUE,error
HERB_0478,sample_images/HERB_0478.jpg,4979411835,Cyrtandra sarawakensis C.B.Clarke,cdc,bf2a4bf0-5f31-11de-b67e-b8a03c50a862,98e934b0-5f31-11de-b67e-b8a03c50a862,"8e30b684-6a54-4aba-aa73-66201c2c736e,17abcf75-2f1e-46dd-bf75-a5b21dd02655",f6fe707e-cced-4efc-b5dc-be4c91b8180a,98e934b0-5f31-11de-b67e-b8a03c50a862,GB,DWC_ARCHIVE,2026-08-13T16:38:58.088+00:00,2026-08-24T20:20:47.817+00:00,445,PRESERVED_SPECIMEN,PRESENT,6365080,6,7707728,220,408,6654,3172659,6365080,Cyrtandra sarawakensis C.B.Clarke,Plantae,Tracheophyta,Lamiales,Gesneriaceae,Cyrtandra,SPECIES,ACCEPTED,NA,ASIA,Sarawak,NA,Malay Islands,2024,2,28,2024-02-28,59,59,NA,2026-02-02T12:13:12.000+00:00,2026-08-24T20:20:47.817+00:00,NA,http://creativecommons.org/publicdomain/zero/1.0/legalcode,FALSE,https://data.rbge.org.uk/herb/E01494490,none,none,0237598a-853a-492c-af74-a723fe251799,427c8cd7-4358-4a00-9ef3-2b2676d28d1e,FALSE,Edinburgh (E) Herbarium Specimens,"Barber, Sadie, Wilkie, Peter, Sundue, Michael, Jawa, Rantai & Angkabau, Johnny",NA,HERBARIUM SHEET|Silica-dried,none,Magnoliopsida,MY,none,none,ASIA,Malaysia,EUROPE,NA,https://data.rbge.org.uk/herb/E01494490,S.110668,"Lowland mixed dipterocarp forest, SSE slope of ridge",https://scientific-collections.gbif.org/institution/0237598a-853a-492c-af74-a723fe251799,445,NA,"Kapit Forest Management Unit (FMU), Permanent Sample Plot",NA,NA,4979411835,NA,E,https://data.rbge.org.uk/herb/E01494490,PhysicalObject,NA,E01494490,RBGE,NA,NA,NA,https://scientific-collections.gbif.org/collection/427c8cd7-4358-4a00-9ef3-2b2676d28d1e,Cyrtandra sarawakensis C.B.Clarke,NA,NA,1.914222,112.932862,NA,6365080,Cyrtandra sarawakensis,Cyrtandra,sarawakensis,NA,NA,NA,WGS84,NA,ICBN,NA,NA,NA,NA,NA,NA,E,NA,NA,NA,NA,NA,NA,NA,NA,NA,NA,NA,NA,NA,NA,NA,NA,NA,NA,NA,NA,NA,NA,NA,28th February 2024,NA,NA,NA,NA,NA,NA,NA,NA,NA,NA,NA,CC0,Royal Botanic Garden Edinburgh,1571804,NA,NA,NA,NA,NA,NA,https://iiif.rbge.org.uk/herb/iiif/E01494490/manifest,FALSE,not_image
HERB_0479,sample_images/HERB_0479.jpg,6196925354,Psychotria bonii Pit.,"colmafu,inmafu",1cbed1d0-f9ac-4b9e-bf3f-a26272bca39e,4fd82480-ea1c-11da-8db4-b8a03c50a862,NA,82d6992a-b20b-4e74-b6ac-6b971b2c485d,4fd82480-ea1c-11da-8db4-b8a03c50a862,JP,EML,2026-07-10T16:35:10.312+00:00,2026-07-18T17:50:39.533+00:00,222,PRESERVED_SPECIMEN,PRESENT,2921235,6,7707728,220,412,8798,2919963,2921235,Psychotria bonii Pit.,Plantae,Tracheophyta,Gentianales,Rubiaceae,Psychotria,SPECIES,ACCEPTED,NA,ASIA,Bolikhamxai,NA,Asia|Laos|Bolikhamxai|Pakkading|near Ban Naphong; Nam Kading NPA,2024,3,18,2024-03-18,78,78,NA,2025-10-16T00:00:00.000+00:00,2026-07-18T17:50:39.533+00:00,https://www.museum.kagoshima-u.ac.jp/hyouhonsitu.html,http://creativecommons.org/licenses/by/4.0/legalcode,FALSE,02b89dd3-29df-4476-bad4-4f312db21d65,none,none,7b6590f0-c03f-409b-ae28-f443c1166d23,e9e6df05-e289-4a64-8ace-a4d5dbd168e4,FALSE,NA,NA,NA,NA,none,Magnoliopsida,LA,none,none,ASIA,Lao People’s Democratic Republic,ASIA,NA,02b89dd3-29df-4476-bad4-4f312db21d65,Z1130,NA,NA,232,NA,near Ban Naphong; Nam Kading NPA,NA,"Laos, Bolikhamxai, Pakkading, near Ban Naphong; Nam Kading NPA",6196925354,NA,KAG,02b89dd3-29df-4476-bad4-4f312db21d65,NA,NA,KAG187535,KAG,NA,NA,NA,NA,Psychotria bonii Pit.,NA,NA,18.21803,104.38163,NA,2921235,Psychotria bonii,Psychotria,bonii,NA,NA,NA,WGS84,NA,NA,NA,NA,obtained using GPS machine,NA,NA,NA,NA,NA,Plantae|Tracheophyta|Magnoliopsida|Gentianales|Rubiaceae|Psychotria|bonii,NA,NA,NA,NA,416,NA,NA,NA,NA,NA,NA,NA,NA,NA,NA,NA,NA,NA,Pakkading,NA,NA,NA,NA,NA,NA,NA,NA,NA,NA,NA,NA,500,NA,NA,NA,NA,NA,NA,NA,NA,NA,NA,https://dbs.kaum.kagoshima-u.ac.jp/musedb/s_plant/picture/KAG187535/KAG187535.jpg,FALSE,ok
HERB_0480,sample_images/HERB_0480.jpg,3461952308,Bouea oppositifolia (Roxb.) Adelb.,,b5cdf794-8fa4-4a85-8b26-755d087bf531,2cd829bb-b713-433d-99cf-64bef11e5b3e,17abcf75-2f1e-46dd-bf75-a5b21dd02655,86c2834b-fcd6-418d-9b32-aca45110a0fe,2cd829bb-b713-433d-99cf-64bef11e5b3e,FR,EML,2026-08-13T15:27:43.858+00:00,2026-08-24T16:46:33.260+00:00,606,PRESERVED_SPECIMEN,PRESENT,8169960,6,7707728,220,933,2398,7321532,3659898,Bouea oppositifolia (Roxb.) Meisn.,Plantae,Tracheophyta,Sapindales,Anacardiaceae,Bouea,SPECIES,SYNONYM,NA,ASIA,siem réap,none,NA,2021,1,8,2021-01-08,8,8,NA,2022-04-01T08:37:18.000+00:00,2026-08-24T16:46:33.260+00:00,NA,http://creativecommons.org/licenses/by/4.0/legalcode,FALSE,http://coldb.mnhn.fr/catalognumber/mnhn/p/p01190819,none,none,6a6ac6c5-1b8a-48db-91a2-f8661274ff80,bc3d39fd-a7d4-4763-b951-2bdeddd8a5d2,FALSE,NA,"Hul, S.|Peou, Y.|Ratanak, V.",Hul,hb,none,Magnoliopsida,KH,none,none,ASIA,Cambodia,EUROPE,NA,http://coldb.mnhn.fr/catalognumber/mnhn/p/p01190819,NA,NA,http://grbio.org/institution/museum-national-dhistoire-naturelle,654,NA,NA,7210,Sangkat Slorkram,3461952308,NA,P,http://coldb.mnhn.fr/catalognumber/mnhn/p/p01190819,NA,NA,P01190819,MNHN,NA,NA,NA,NA,Bouea oppositifolia (Roxb.) Adelb.,NA,NA,NA,NA,NA,3659898,Bouea oppositifolia,Bouea,oppositifolia,NA,NA,NA,NA,NA,NA,NA,NA,NA,NA,NA,NA,NA,NA,NA,NA,NA,NA,NA,NA,NA,NA,NA,NA,NA,NA,NA,NA,NA,NA,NA,NA,"Arbre de 5-6 m de haut. Feuilles opposées. Inflorescences en panicules axillaires , fleurs poygames , ovaire uniloculaire. Drupe comestible",Phum Daun Pa,NA,NA,NA,NA,NA,NA,NA,NA,NA,NA,NA,NA,NA,NA,NA,NA,NA,NA,NA,NA,NA,NA,NA,https://mediaphoto.mnhn.fr/media/1648795037671k2Wbd4h981mhzU0R,TRUE,error
HERB_0481,sample_images/HERB_0481.jpg,4928997968,"Utania spicata (Baker) K.M.Wong, Sugumaran & Sugau","cdc,cdround,gass84,incomis,inmafu",cd6e21c8-9e8a-493a-8a76-fbf7862069e5,061b4f20-f241-11da-a328-b8a03c50a862,17abcf75-2f1e-46dd-bf75-a5b21dd02655,996e30f8-f762-11e1-a439-00145eb45e9a,061b4f20-f241-11da-a328-b8a03c50a862,GB,DWC_ARCHIVE,2026-08-24T12:51:18.333+00:00,2026-08-24T20:50:07.145+00:00,539,PRESERVED_SPECIMEN,PRESENT,7890759,6,7707728,220,412,2503,3231086,7890759,"Utania spicata (Baker) K.M.Wong, Sugumaran & Sugau",Plantae,Tracheophyta,Gentianales,Gentianaceae,Utania,SPECIES,ACCEPTED,NA,ASIA,NA,NA,Rambai,2019,11,9,2019-11-09T00:00,313,313,NA,2026-01-25T18:17:20.613+00:00,2026-08-24T20:50:07.145+00:00,NA,http://creativecommons.org/licenses/by/4.0/legalcode,FALSE,K001935680,none,none,fa252605-26f6-426c-9892-94d071c2c77f,NA,FALSE,NA,"Lim, W.H.; Bazilah, I.; Watu, A.; Janagrun, E.; Azlan, P.; Clayton, J.",NA,NA,none,Magnoliopsida,BN,none,none,ASIA,Brunei Darussalam,EUROPE,NA,K001935680,LWH 87,NA,NA,539,NA,Across the bank from campsite,NA,NA,4928997968,NA,Herbarium,http://specimens.kew.org/herbarium/K001935680,NA,NA,K001935680,K,NA,NA,NA,NA,"Utania spicata (Baker) K.M.Wong, Sugumaran & Sugau",NA,NA,4.547222,114.749722,NA,7890759,Utania spicata,Utania,spicata,NA,NA,NA,WGS84,NA,NA,NA,NA,NA,NA,NA,NA,NA,NA,Gentianaceae,NA,LC,NA,NA,NA,NA,NA,NA,NA,NA,NA,NA,Rambai,NA,NA,NA,NA,NA,NA,NA,NA,NA,NA,NA,NA,NA,NA,NA,NA,NA,NA,NA,NA,NA,NA,NA,NA,NA,NA,NA,NA,NA,https://d2jcv3kl45hlgi.cloudfront.net/162486843d6e1a694321d03454b1c126.jpg,FALSE,ok
HERB_0482,sample_images/HERB_0482.jpg,4979412784,Palaquium sericeum H.J.Lam,cdc,bf2a4bf0-5f31-11de-b67e-b8a03c50a862,98e934b0-5f31-11de-b67e-b8a03c50a862,"8e30b684-6a54-4aba-aa73-66201c2c736e,17abcf75-2f1e-46dd-bf75-a5b21dd02655",f6fe707e-cced-4efc-b5dc-be4c91b8180a,98e934b0-5f31-11de-b67e-b8a03c50a862,GB,DWC_ARCHIVE,2026-08-13T16:38:58.088+00:00,2026-08-24T20:20:07.359+00:00,445,PRESERVED_SPECIMEN,PRESENT,2886441,6,7707728,220,1353,8802,2886411,2886441,Palaquium sericeum H.J.Lam,Plantae,Tracheophyta,Ericales,Sapotaceae,Palaquium,SPECIES,ACCEPTED,NA,ASIA,Sarawak,NA,Malay Islands,2024,2,21,2024-02-21,52,52,NA,2026-03-09T11:46:57.000+00:00,2026-08-24T20:20:07.359+00:00,NA,http://creativecommons.org/publicdomain/zero/1.0/legalcode,FALSE,https://data.rbge.org.uk/herb/E01494557,none,none,0237598a-853a-492c-af74-a723fe251799,427c8cd7-4358-4a00-9ef3-2b2676d28d1e,FALSE,Edinburgh (E) Herbarium Specimens,"Wilkie, Peter, Sundue, Michael, Barber, Sadie, Jawa, Rantai & Angkabau, Johnny",NA,HERBARIUM SHEET|Silica-dried|Carpological,none,Magnoliopsida,MY,none,none,ASIA,Malaysia,EUROPE,NA,https://data.rbge.org.uk/herb/E01494557,S.110602,Lowland mixed dipterocarp forest,https://scientific-collections.gbif.org/institution/0237598a-853a-492c-af74-a723fe251799,445,NA,"Niah National Park, 400m from jetty along concrete path to cave and about 10m into forest",NA,NA,4979412784,NA,E,https://data.rbge.org.uk/herb/E01494557,PhysicalObject,NA,E01494557,RBGE,NA,NA,NA,https://scientific-collections.gbif.org/collection/427c8cd7-4358-4a00-9ef3-2b2676d28d1e,Palaquium sericeum H.J.Lam,NA,NA,3.822152,113.766043,NA,2886441,Palaquium sericeum,Palaquium,sericeum,NA,NA,NA,WGS84,NA,ICBN,NA,NA,NA,NA,NA,NA,E,NA,NA,NA,LC,NA,NA,NA,NA,NA,NA,NA,NA,NA,NA,NA,NA,NA,NA,NA,NA,NA,NA,NA,21st February 2024,NA,NA,NA,NA,NA,NA,NA,NA,NA,NA,NA,CC0,Royal Botanic Garden Edinburgh,1571716,NA,NA,NA,NA,NA,NA,https://iiif.rbge.org.uk/herb/iiif/E01494557/manifest,FALSE,not_image
HERB_0483,sample_images/HERB_0483.jpg,3312498233,Nepeta pamirensis Franch.,"cdc,cucdmis,cum",bf2a4bf0-5f31-11de-b67e-b8a03c50a862,98e934b0-5f31-11de-b67e-b8a03c50a862,"8e30b684-6a54-4aba-aa73-66201c2c736e,17abcf75-2f1e-46dd-bf75-a5b21dd02655",f6fe707e-cced-4efc-b5dc-be4c91b8180a,98e934b0-5f31-11de-b67e-b8a03c50a862,GB,DWC_ARCHIVE,2026-08-13T16:38:58.088+00:00,2026-08-24T20:20:45.599+00:00,445,PRESERVED_SPECIMEN,PRESENT,5610002,6,7707728,220,408,2497,2927325,5610002,Nepeta pamirensis Franch.,Plantae,Tracheophyta,Lamiales,Lamiaceae,Nepeta,SPECIES,ACCEPTED,NA,ASIA,NA,NA,Northern Asia,2018,8,12,2018-08-12,224,224,NA,2018-11-19T00:00:00.000+00:00,2026-08-24T20:20:45.599+00:00,NA,http://creativecommons.org/publicdomain/zero/1.0/legalcode,FALSE,https://data.rbge.org.uk/herb/E00898600,none,none,0237598a-853a-492c-af74-a723fe251799,427c8cd7-4358-4a00-9ef3-2b2676d28d1e,FALSE,Edinburgh (E) Herbarium Specimens,"Pamirs Expedition to Central Asia Tajikistan,",NA,HERBARIUM SHEET,none,Magnoliopsida,TL,none,none,ASIA,Timor-Leste,EUROPE,NA,https://data.rbge.org.uk/herb/E00898600,54,North facing rocky outcrop plants growing in scree and on ledges.;  Vegetation: on its own,https://scientific-collections.gbif.org/institution/0237598a-853a-492c-af74-a723fe251799,445,NA,"Tajikistan:Gorno Badakshan:22 km north west of Murgab, in the Pashadara valley.",NA,NA,3312498233,NA,E,https://data.rbge.org.uk/herb/E00898600,PhysicalObject,NA,E00898600,RBGE,NA,NA,4450m,https://scientific-collections.gbif.org/collection/427c8cd7-4358-4a00-9ef3-2b2676d28d1e,Nepeta pamirensis Franch.,NA,NA,38.233333,73.813056,NA,5610002,Nepeta pamirensis,Nepeta,pamirensis,NA,NA,NA,WGS84,NA,ICBN,NA,NA,NA,NA,NA,NA,E,NA,NA,NA,NA,NA,NA,4450,0,NA,NA,NA,NA,NA,NA,NA,NA,NA,NA,NA,NA,NA,NA,NA,12th August 2018,NA,NA,NA,NA,NA,NA,NA,NA,NA,NA,NA,CC0,Royal Botanic Garden Edinburgh,927500,NA,NA,NA,NA,NA,NA,https://iiif.rbge.org.uk/herb/iiif/E00898600/manifest,FALSE,not_image
HERB_0484,sample_images/HERB_0484.jpg,5058345835,Praxelis clematidea (Griseb.) R.M.King & H.Rob.,"incomis,inmafu",cd6e21c8-9e8a-493a-8a76-fbf7862069e5,061b4f20-f241-11da-a328-b8a03c50a862,17abcf75-2f1e-46dd-bf75-a5b21dd02655,996e30f8-f762-11e1-a439-00145eb45e9a,061b4f20-f241-11da-a328-b8a03c50a862,GB,DWC_ARCHIVE,2026-08-24T12:51:18.333+00:00,2026-08-24T20:51:07.949+00:00,539,PRESERVED_SPECIMEN,PRESENT,4221673,6,7707728,220,414,3065,8111301,4221673,Praxelis clematidea (Griseb.) R.M.King & H.Rob.,Plantae,Tracheophyta,Asterales,Asteraceae,Praxelis,SPECIES,ACCEPTED,NA,ASIA,NA,none,NA,2022,4,21,2022-04-21T00:00,111,111,NA,2026-06-03T12:21:50.800+00:00,2026-08-24T20:51:07.949+00:00,NA,http://creativecommons.org/licenses/by/4.0/legalcode,FALSE,K001938861,none,none,fa252605-26f6-426c-9892-94d071c2c77f,NA,FALSE,NA,"Chen, L.M.J.",NA,NA,none,Magnoliopsida,SG,none,none,ASIA,Singapore,EUROPE,NA,K001938861,LCMJ 2022-10,NA,NA,539,NA,NA,NA,NA,5058345835,NA,Herbarium,http://specimens.kew.org/herbarium/K001938861,NA,NA,K001938861,K,NA,NA,NA,NA,Praxelis clematidea (Griseb.) R.M.King & H.Rob.,NA,NA,NA,NA,NA,4221673,Praxelis clematidea,Praxelis,clematidea,NA,NA,NA,NA,NA,NA,NA,NA,NA,NA,NA,NA,NA,NA,Asteraceae,NA,NA,NA,NA,NA,NA,NA,NA,NA,NA,NA,NA,NA,NA,NA,NA,NA,NA,NA,NA,NA,NA,NA,NA,NA,NA,NA,NA,NA,NA,NA,NA,NA,NA,NA,NA,NA,NA,NA,NA,NA,NA,https://d2jcv3kl45hlgi.cloudfront.net/82dbcda89b38a7cc6b084231fe38ed21.jpg,FALSE,ok
HERB_0485,sample_images/HERB_0485.jpg,5276405049,Archidendron clypearia (Jack) I.C.Nielsen,"cdc,cdround,gass84,incomis,inmafu",cd6e21c8-9e8a-493a-8a76-fbf7862069e5,061b4f20-f241-11da-a328-b8a03c50a862,17abcf75-2f1e-46dd-bf75-a5b21dd02655,996e30f8-f762-11e1-a439-00145eb45e9a,061b4f20-f241-11da-a328-b8a03c50a862,GB,DWC_ARCHIVE,2026-08-24T12:51:18.333+00:00,2026-08-24T20:50:30.478+00:00,539,PRESERVED_SPECIMEN,PRESENT,2941309,6,7707728,220,1370,5386,2941201,2941309,Archidendron clypearia (Jack) I.C.Nielsen,Plantae,Tracheophyta,Fabales,Fabaceae,Archidendron,SPECIES,ACCEPTED,NA,ASIA,NA,NA,NA,2020,1,22,2020-01-22T00:00,22,22,NA,2026-01-02T10:13:33.483+00:00,2026-08-24T20:50:30.478+00:00,NA,http://creativecommons.org/licenses/by/4.0/legalcode,FALSE,K001898867,none,none,fa252605-26f6-426c-9892-94d071c2c77f,NA,FALSE,NA,"Niissalo, M.A.; Lim,W.H.; Choo, L.M.; Teo; Lionel; Yap; Ee Hean",NA,NA,none,Magnoliopsida,SG,none,none,ASIA,Singapore,EUROPE,NA,K001898867,SING 2020-032,NA,NA,539,NA,"Bkt.Timah NR, along pipeline near Catchment pond",NA,NA,5276405049,NA,Herbarium,http://specimens.kew.org/herbarium/K001898867,NA,NA,K001898867,K,NA,NA,NA,NA,Archidendron clypearia (Jack) I.C.Nielsen,NA,NA,1.356111,103.782222,NA,2941309,Archidendron clypearia,Archidendron,clypearia,NA,NA,NA,WGS84,NA,NA,NA,NA,NA,NA,NA,NA,NA,NA,Fabaceae,NA,LC,NA,NA,59.49,NA,NA,NA,NA,NA,NA,NA,NA,NA,NA,NA,2297.113790956596,NA,NA,NA,NA,NA,NA,NA,NA,NA,NA,NA,NA,NA,NA,NA,NA,NA,NA,NA,NA,NA,NA,NA,NA,NA,https://d2jcv3kl45hlgi.cloudfront.net/c8e348ede86d256b762fbe6d1c0a67f7.jpg,FALSE,ok
HERB_0486,sample_images/HERB_0486.jpg,4979413486,Palaquium sericeum H.J.Lam,cdc,bf2a4bf0-5f31-11de-b67e-b8a03c50a862,98e934b0-5f31-11de-b67e-b8a03c50a862,"8e30b684-6a54-4aba-aa73-66201c2c736e,17abcf75-2f1e-46dd-bf75-a5b21dd02655",f6fe707e-cced-4efc-b5dc-be4c91b8180a,98e934b0-5f31-11de-b67e-b8a03c50a862,GB,DWC_ARCHIVE,2026-08-13T16:38:58.088+00:00,2026-08-24T20:20:47.351+00:00,445,PRESERVED_SPECIMEN,PRESENT,2886441,6,7707728,220,1353,8802,2886411,2886441,Palaquium sericeum H.J.Lam,Plantae,Tracheophyta,Ericales,Sapotaceae,Palaquium,SPECIES,ACCEPTED,NA,ASIA,Sarawak,NA,Malay Islands,2024,3,3,2024-03-03,63,63,NA,2026-03-09T11:55:21.000+00:00,2026-08-24T20:20:47.351+00:00,NA,http://creativecommons.org/publicdomain/zero/1.0/legalcode,FALSE,https://data.rbge.org.uk/herb/E01494547,none,none,0237598a-853a-492c-af74-a723fe251799,427c8cd7-4358-4a00-9ef3-2b2676d28d1e,FALSE,Edinburgh (E) Herbarium Specimens,"Wilkie, Peter, Sundue, Michael, Barber, Sadie, Chea Yiing, Ling, Jawa, Rantai & Angkabau, Johnny",NA,HERBARIUM SHEET|Herbarium sheet|Silica-dried,none,Magnoliopsida,MY,none,none,ASIA,Malaysia,EUROPE,NA,https://data.rbge.org.uk/herb/E01494547,S.110688,Streamside,https://scientific-collections.gbif.org/institution/0237598a-853a-492c-af74-a723fe251799,445,NA,"Tunoh, path towards Sungai Mabong",NA,NA,4979413486,NA,E,https://data.rbge.org.uk/herb/E01494547,PhysicalObject,NA,E01494547,RBGE,NA,NA,NA,https://scientific-collections.gbif.org/collection/427c8cd7-4358-4a00-9ef3-2b2676d28d1e,Palaquium sericeum H.J.Lam,NA,NA,2.059492,113.675102,NA,2886441,Palaquium sericeum,Palaquium,sericeum,NA,NA,NA,WGS84,NA,ICBN,NA,NA,NA,NA,NA,NA,E,NA,NA,NA,LC,NA,NA,NA,NA,NA,NA,NA,NA,NA,NA,NA,NA,NA,NA,NA,NA,NA,NA,NA,3rd March 2024,NA,NA,NA,NA,NA,NA,NA,NA,NA,NA,NA,CC0,Royal Botanic Garden Edinburgh,1670999,NA,NA,NA,NA,NA,NA,https://iiif.rbge.org.uk/herb/iiif/E01494547/manifest,FALSE,not_image
HERB_0487,sample_images/HERB_0487.jpg,5106374606,Dalbergia stipulacea Roxb.,,bf2a4bf0-5f31-11de-b67e-b8a03c50a862,98e934b0-5f31-11de-b67e-b8a03c50a862,"8e30b684-6a54-4aba-aa73-66201c2c736e,17abcf75-2f1e-46dd-bf75-a5b21dd02655",f6fe707e-cced-4efc-b5dc-be4c91b8180a,98e934b0-5f31-11de-b67e-b8a03c50a862,GB,DWC_ARCHIVE,2026-08-13T16:38:58.088+00:00,2026-08-24T20:20:30.272+00:00,445,PRESERVED_SPECIMEN,PRESENT,2968852,6,7707728,220,1370,5386,2968358,2968852,Dalbergia stipulacea Roxb.,Plantae,Tracheophyta,Fabales,Fabaceae,Dalbergia,SPECIES,ACCEPTED,NA,ASIA,Sagaing,none,Myanmar (Burma),2019,3,11,2019-03-11,70,70,NA,2025-04-08T09:39:16.000+00:00,2026-08-24T20:20:30.272+00:00,NA,http://creativecommons.org/publicdomain/zero/1.0/legalcode,FALSE,https://data.rbge.org.uk/herb/E01539111,none,none,0237598a-853a-492c-af74-a723fe251799,427c8cd7-4358-4a00-9ef3-2b2676d28d1e,FALSE,Edinburgh (E) Herbarium Specimens,"Armstrong, Kathleen Ellen, Nwe, Thet Yu, Kramer, Marshall, Linn, Wah Wah, Myint, Thar, Pyae, Phoe La, Kyi, Aung & Nyo, Kyi",NA,HERBARIUM SHEET,none,Magnoliopsida,MM,none,none,ASIA,Myanmar,EUROPE,NA,https://data.rbge.org.uk/herb/E01539111,4427,Growing in secondary forest adjacent to Nam Sa Bi village.,https://scientific-collections.gbif.org/institution/0237598a-853a-492c-af74-a723fe251799,445,NA,Nat Inn Taung,NA,NA,5106374606,NA,E,https://data.rbge.org.uk/herb/E01539111,PhysicalObject,NA,E01539111,RBGE,NA,NA,NA,https://scientific-collections.gbif.org/collection/427c8cd7-4358-4a00-9ef3-2b2676d28d1e,Dalbergia stipulacea Roxb.,NA,NA,NA,NA,NA,2968852,Dalbergia stipulacea,Dalbergia,stipulacea,NA,NA,NA,NA,NA,ICBN,NA,NA,NA,NA,NA,NA,E,NA,NA,NA,LC,NA,NA,NA,NA,NA,NA,NA,NA,NA,NA,NA,NA,NA,NA,NA,NA,Hkamti,NA,NA,11th March 2019,NA,NA,NA,NA,NA,NA,NA,NA,NA,NA,NA,CC0,Royal Botanic Garden Edinburgh,1737661,NA,NA,NA,NA,NA,NA,https://iiif.rbge.org.uk/herb/iiif/E01539111/manifest,FALSE,not_image
HERB_0488,sample_images/HERB_0488.jpg,6196924863,Ficus religiosa L.,"colmafu,inmafu",1cbed1d0-f9ac-4b9e-bf3f-a26272bca39e,4fd82480-ea1c-11da-8db4-b8a03c50a862,NA,82d6992a-b20b-4e74-b6ac-6b971b2c485d,4fd82480-ea1c-11da-8db4-b8a03c50a862,JP,EML,2026-07-10T16:35:10.312+00:00,2026-07-18T17:50:39.120+00:00,222,PRESERVED_SPECIMEN,PRESENT,5361935,6,7707728,220,691,6640,2984588,5361935,Ficus religiosa L.,Plantae,Tracheophyta,Rosales,Moraceae,Ficus,SPECIES,ACCEPTED,NA,ASIA,Kien Giang,NA,Asia|Vietnam|Kien Giang|Kien Luong Dist.|Mt. Mo So,2024,5,22,2024-05-22,143,143,NA,2025-10-16T00:00:00.000+00:00,2026-07-18T17:50:39.120+00:00,https://www.museum.kagoshima-u.ac.jp/hyouhonsitu.html,http://creativecommons.org/licenses/by/4.0/legalcode,FALSE,661f0e6c-4ce1-455f-bc07-5a1fe3a7c80a,none,none,7b6590f0-c03f-409b-ae28-f443c1166d23,e9e6df05-e289-4a64-8ace-a4d5dbd168e4,FALSE,NA,NA,NA,NA,none,Magnoliopsida,VN,none,none,ASIA,Viet Nam,ASIA,NA,661f0e6c-4ce1-455f-bc07-5a1fe3a7c80a,N484,NA,NA,232,NA,Mt. Mo So,NA,"Vietnam, Kien Giang, Kien Luong Dist., Mt. Mo So",6196924863,NA,KAG,661f0e6c-4ce1-455f-bc07-5a1fe3a7c80a,NA,NA,KAG188587,KAG,NA,NA,NA,NA,Ficus religiosa L.,NA,NA,10.2277,104.61743,NA,5361935,Ficus religiosa,Ficus,religiosa,NA,NA,NA,WGS84,NA,NA,NA,NA,obtained using GPS machine,NA,NA,NA,NA,NA,Plantae|Tracheophyta|Magnoliopsida|Rosales|Moraceae|Ficus|religiosa,NA,LC,NA,NA,70,NA,NA,NA,NA,NA,NA,NA,NA,NA,NA,NA,NA,NA,Kien Luong Dist.,NA,NA,NA,NA,NA,NA,NA,NA,NA,NA,NA,NA,500,NA,NA,NA,NA,NA,NA,NA,NA,NA,NA,https://dbs.kaum.kagoshima-u.ac.jp/musedb/s_plant/picture/KAG188587/KAG188587.jpg,FALSE,ok
HERB_0489,sample_images/HERB_0489.jpg,6196925355,Strophanthus wallichii A.DC.,"colmafu,inmafu",1cbed1d0-f9ac-4b9e-bf3f-a26272bca39e,4fd82480-ea1c-11da-8db4-b8a03c50a862,NA,82d6992a-b20b-4e74-b6ac-6b971b2c485d,4fd82480-ea1c-11da-8db4-b8a03c50a862,JP,EML,2026-07-10T16:35:10.312+00:00,2026-07-18T17:50:19.429+00:00,222,PRESERVED_SPECIMEN,PRESENT,3619595,6,7707728,220,412,6701,3169608,3619595,Strophanthus wallichii A.DC.,Plantae,Tracheophyta,Gentianales,Apocynaceae,Strophanthus,SPECIES,ACCEPTED,NA,ASIA,Bolikhamxai,NA,Asia|Laos|Bolikhamxai|Pakkading|near Ban Naphong; Nam Kading NPA,2024,3,18,2024-03-18,78,78,NA,2025-10-16T00:00:00.000+00:00,2026-07-18T17:50:19.429+00:00,https://www.museum.kagoshima-u.ac.jp/hyouhonsitu.html,http://creativecommons.org/licenses/by/4.0/legalcode,FALSE,73c9e4c6-2299-4778-8bc4-d2363a70bbd2,none,none,7b6590f0-c03f-409b-ae28-f443c1166d23,e9e6df05-e289-4a64-8ace-a4d5dbd168e4,FALSE,NA,NA,NA,NA,none,Magnoliopsida,LA,none,none,ASIA,Lao People’s Democratic Republic,ASIA,NA,73c9e4c6-2299-4778-8bc4-d2363a70bbd2,Z1120,NA,NA,232,NA,near Ban Naphong; Nam Kading NPA,NA,"Laos, Bolikhamxai, Pakkading, near Ban Naphong; Nam Kading NPA",6196925355,NA,KAG,73c9e4c6-2299-4778-8bc4-d2363a70bbd2,NA,NA,KAG187525,KAG,NA,NA,NA,NA,Strophanthus wallichii A.DC.,NA,NA,18.21482,104.38088,NA,3619595,Strophanthus wallichii,Strophanthus,wallichii,NA,NA,NA,WGS84,NA,NA,NA,NA,obtained using GPS machine,NA,NA,NA,NA,NA,Plantae|Tracheophyta|Magnoliopsida|Gentianales|Apocynaceae|Strophanthus|wallichii,NA,NA,NA,NA,285,NA,NA,NA,NA,NA,NA,NA,NA,NA,NA,NA,NA,NA,Pakkading,NA,NA,NA,NA,NA,NA,NA,NA,NA,NA,NA,NA,500,NA,NA,NA,NA,NA,NA,NA,NA,NA,NA,https://dbs.kaum.kagoshima-u.ac.jp/musedb/s_plant/picture/KAG187525/KAG187525.jpg,FALSE,ok
HERB_0490,sample_images/HERB_0490.jpg,4979411357,Cyrtandra oblongifolia (Blume) Benth. & Hook.fil. ex C.B.Clarke,cdc,bf2a4bf0-5f31-11de-b67e-b8a03c50a862,98e934b0-5f31-11de-b67e-b8a03c50a862,"8e30b684-6a54-4aba-aa73-66201c2c736e,17abcf75-2f1e-46dd-bf75-a5b21dd02655",f6fe707e-cced-4efc-b5dc-be4c91b8180a,98e934b0-5f31-11de-b67e-b8a03c50a862,GB,DWC_ARCHIVE,2026-08-13T16:38:58.088+00:00,2026-08-24T20:20:51.505+00:00,445,PRESERVED_SPECIMEN,PRESENT,7901456,6,7707728,220,408,6654,3172659,7901456,Cyrtandra oblongifolia (Blume) Benth. & Hook.fil. ex C.B.Clarke,Plantae,Tracheophyta,Lamiales,Gesneriaceae,Cyrtandra,SPECIES,ACCEPTED,NA,ASIA,Sarawak,NA,Malay Islands,2024,3,3,2024-03-03,63,63,NA,2026-02-02T12:23:35.000+00:00,2026-08-24T20:20:51.505+00:00,NA,http://creativecommons.org/publicdomain/zero/1.0/legalcode,FALSE,https://data.rbge.org.uk/herb/E01494481,none,none,0237598a-853a-492c-af74-a723fe251799,427c8cd7-4358-4a00-9ef3-2b2676d28d1e,FALSE,Edinburgh (E) Herbarium Specimens,"Barber, Sadie, Wilkie, Peter, Sundue, Michael, Chea Yiing, Ling, Jawa, Rantai & Angkabau, Johnny",NA,HERBARIUM SHEET|Silica-dried|Spirit,none,Magnoliopsida,MY,none,none,ASIA,Malaysia,EUROPE,NA,https://data.rbge.org.uk/herb/E01494481,S.110698,"Epiphyte, growing on a small Ficus tree, semi-shade",https://scientific-collections.gbif.org/institution/0237598a-853a-492c-af74-a723fe251799,445,NA,"Tunoh, path towards Sungai Mabong",NA,NA,4979411357,NA,E,https://data.rbge.org.uk/herb/E01494481,PhysicalObject,NA,E01494481,RBGE,NA,NA,NA,https://scientific-collections.gbif.org/collection/427c8cd7-4358-4a00-9ef3-2b2676d28d1e,Cyrtandra oblongifolia (Blume) Benth. & Hook.fil. ex C.B.Clarke,NA,NA,2.060515,113.675207,NA,7901456,Cyrtandra oblongifolia,Cyrtandra,oblongifolia,NA,NA,NA,WGS84,NA,ICBN,NA,NA,NA,NA,NA,NA,E,NA,NA,NA,NA,NA,NA,NA,NA,NA,NA,NA,NA,NA,NA,NA,NA,NA,NA,NA,NA,NA,NA,NA,3rd March 2024,NA,NA,NA,NA,NA,NA,NA,NA,NA,NA,NA,CC0,Royal Botanic Garden Edinburgh,1571846,NA,NA,NA,NA,NA,NA,https://iiif.rbge.org.uk/herb/iiif/E01494481/manifest,FALSE,not_image
HERB_0491,sample_images/HERB_0491.jpg,4519448784,Cnestis palala (Lour.) Merr.,"incomis,inmafu",cd6e21c8-9e8a-493a-8a76-fbf7862069e5,061b4f20-f241-11da-a328-b8a03c50a862,17abcf75-2f1e-46dd-bf75-a5b21dd02655,996e30f8-f762-11e1-a439-00145eb45e9a,061b4f20-f241-11da-a328-b8a03c50a862,GB,DWC_ARCHIVE,2026-08-24T12:51:18.333+00:00,2026-08-24T20:49:51.107+00:00,539,PRESERVED_SPECIMEN,PRESENT,7326564,6,7707728,220,7224021,6669,7326563,7326564,Cnestis palala (Lour.) Merr.,Plantae,Tracheophyta,Oxalidales,Connaraceae,Cnestis,SPECIES,ACCEPTED,NA,ASIA,NA,none,NA,2021,3,17,2021-03-17T00:00,76,76,NA,2025-11-28T10:54:16.970+00:00,2026-08-24T20:49:51.107+00:00,NA,http://creativecommons.org/licenses/by/4.0/legalcode,FALSE,K001561500,none,none,fa252605-26f6-426c-9892-94d071c2c77f,NA,FALSE,NA,"Leong-Skornickova, J.; Niissalo, M.A.; Lim, Q.S.",NA,NA,none,Magnoliopsida,SG,none,none,ASIA,Singapore,EUROPE,NA,K001561500,SING 2021-067,NA,NA,539,NA,NA,NA,NA,4519448784,NA,Herbarium,http://specimens.kew.org/herbarium/K001561500,NA,NA,K001561500,K,NA,NA,NA,NA,Cnestis palala (Lour.) Merr.,NA,NA,NA,NA,NA,7326564,Cnestis palala,Cnestis,palala,NA,NA,NA,NA,NA,NA,NA,NA,NA,NA,NA,NA,NA,NA,Connaraceae,NA,LC,NA,NA,NA,NA,NA,NA,NA,NA,NA,NA,NA,NA,NA,NA,NA,NA,NA,NA,NA,NA,NA,NA,NA,NA,NA,NA,NA,NA,NA,NA,NA,NA,NA,NA,NA,NA,NA,NA,NA,NA,https://d2jcv3kl45hlgi.cloudfront.net/068f2ad02cb4ddbb7e501902858e90d0.jpg,FALSE,ok
HERB_0492,sample_images/HERB_0492.jpg,3461921307,Ficus benjamina L.,,b5cdf794-8fa4-4a85-8b26-755d087bf531,2cd829bb-b713-433d-99cf-64bef11e5b3e,17abcf75-2f1e-46dd-bf75-a5b21dd02655,86c2834b-fcd6-418d-9b32-aca45110a0fe,2cd829bb-b713-433d-99cf-64bef11e5b3e,FR,EML,2026-08-13T15:27:43.858+00:00,2026-08-24T16:46:25.234+00:00,606,PRESERVED_SPECIMEN,PRESENT,5361932,6,7707728,220,691,6640,2984588,5361932,Ficus benjamina L.,Plantae,Tracheophyta,Rosales,Moraceae,Ficus,SPECIES,ACCEPTED,NA,ASIA,siem réap,none,NA,2021,1,7,2021-01-07,7,7,NA,2022-02-09T10:39:34.000+00:00,2026-08-24T16:46:25.234+00:00,NA,http://creativecommons.org/licenses/by/4.0/legalcode,FALSE,http://coldb.mnhn.fr/catalognumber/mnhn/p/p01190796,none,none,6a6ac6c5-1b8a-48db-91a2-f8661274ff80,bc3d39fd-a7d4-4763-b951-2bdeddd8a5d2,FALSE,NA,"Hul, S.|Peou, Y.|Ratanak, V.",Hul,hb,none,Magnoliopsida,KH,none,none,ASIA,Cambodia,EUROPE,NA,http://coldb.mnhn.fr/catalognumber/mnhn/p/p01190796,NA,NA,http://grbio.org/institution/museum-national-dhistoire-naturelle,654,NA,NA,7187,Sangkat Slorkram,3461921307,NA,P,http://coldb.mnhn.fr/catalognumber/mnhn/p/p01190796,NA,NA,P01190796,MNHN,NA,NA,NA,NA,Ficus benjamina L.,NA,NA,NA,NA,NA,5361932,Ficus benjamina,Ficus,benjamina,NA,NA,NA,NA,NA,NA,NA,NA,NA,NA,NA,NA,NA,NA,NA,NA,LC,NA,NA,NA,NA,NA,NA,NA,NA,NA,NA,NA,NA,NA,NA,NA,"Arbre de 8-20 m de hauteur, terrestre ou semi-épiphyte. Feuilles alternes, subdistiques, coriaces, glabres , limbe elliptique, oblong ou ovale, acuminé au sommet, ± obtus à la base. Figues axillaires, solitaires ou par deux",Phum Daun Pa,NA,NA,NA,NA,NA,NA,NA,NA,NA,NA,NA,NA,NA,NA,NA,NA,NA,NA,NA,NA,NA,NA,NA,https://mediaphoto.mnhn.fr/media/16443995723208VAgIxWvXwnt8XWv,FALSE,error
HERB_0493,sample_images/HERB_0493.jpg,5106374585,Parabaena sagittata Miers ex Hook.f. & Thomson,,bf2a4bf0-5f31-11de-b67e-b8a03c50a862,98e934b0-5f31-11de-b67e-b8a03c50a862,"8e30b684-6a54-4aba-aa73-66201c2c736e,17abcf75-2f1e-46dd-bf75-a5b21dd02655",f6fe707e-cced-4efc-b5dc-be4c91b8180a,98e934b0-5f31-11de-b67e-b8a03c50a862,GB,DWC_ARCHIVE,2026-08-13T16:38:58.088+00:00,2026-08-24T20:19:35.054+00:00,445,PRESERVED_SPECIMEN,PRESENT,11058058,6,7707728,220,399,2411,7268676,11058058,Parabaena sagittata Miers ex Hook.f. & Thomson,Plantae,Tracheophyta,Ranunculales,Menispermaceae,Parabaena,SPECIES,PROVISIONALLY_ACCEPTED,NA,ASIA,Sagaing,none,Myanmar (Burma),2019,3,27,2019-03-27,86,86,NA,2025-04-07T11:04:43.000+00:00,2026-08-24T20:19:35.054+00:00,NA,http://creativecommons.org/publicdomain/zero/1.0/legalcode,FALSE,https://data.rbge.org.uk/herb/E01539008,none,none,0237598a-853a-492c-af74-a723fe251799,427c8cd7-4358-4a00-9ef3-2b2676d28d1e,FALSE,Edinburgh (E) Herbarium Specimens,"Armstrong, Kathleen Ellen, Nwe, Thet Yu, Linn, Wah Wah, Pyae, Phoe La, Oo, Myint, Myint, Han Sein, Nge, Maung, Kyaung, Kyan, Nyo, Than, Maung, Maung & Kyi, Tote",NA,HERBARIUM SHEET,none,Magnoliopsida,MM,none,none,ASIA,Myanmar,EUROPE,NA,https://data.rbge.org.uk/herb/E01539008,4633,Growing in primary forest.,https://scientific-collections.gbif.org/institution/0237598a-853a-492c-af74-a723fe251799,445,NA,"Homalin Township, Htamanthi Wildlife Sanctuary. Nam Khwe Daing stream, camp 1",NA,NA,5106374585,NA,E,https://data.rbge.org.uk/herb/E01539008,PhysicalObject,NA,E01539008,RBGE,NA,NA,NA,https://scientific-collections.gbif.org/collection/427c8cd7-4358-4a00-9ef3-2b2676d28d1e,Parabaena sagittata Miers ex Hook.f. & Thomson,NA,NA,NA,NA,NA,11058058,Parabaena sagittata,Parabaena,sagittata,NA,NA,NA,NA,NA,ICBN,NA,NA,NA,NA,NA,NA,E,NA,NA,NA,NA,NA,NA,NA,NA,NA,NA,NA,NA,NA,NA,NA,NA,NA,NA,NA,NA,Hkamti,NA,NA,27th March 2019,NA,NA,NA,NA,NA,NA,NA,NA,NA,NA,NA,CC0,Royal Botanic Garden Edinburgh,1751945,NA,NA,NA,NA,NA,NA,https://iiif.rbge.org.uk/herb/iiif/E01539008/manifest,FALSE,not_image
HERB_0494,sample_images/HERB_0494.jpg,5895917352,Maesa indica (Roxb.) A.DC.,"cdc,cdround,colmafu,inmafu",902c8fe7-8f38-45b0-854e-c324fed36303,f5fc4e61-b7a0-414b-ab68-b41cb23e7fdc,NA,91d2f516-bdfa-458f-bad1-66717101b49f,f5fc4e61-b7a0-414b-ab68-b41cb23e7fdc,RU,EML,2026-08-21T18:06:57.852+00:00,2026-08-21T18:14:20.544+00:00,610,PRESERVED_SPECIMEN,PRESENT,7736989,6,7707728,220,1353,6674,3169410,7736989,Maesa indica (Roxb.) A.DC.,Plantae,Tracheophyta,Ericales,Primulaceae,Maesa,SPECIES,ACCEPTED,NA,ASIA,NA,NA,South Asia|South Asia (Asia outside ex-Soviet states and Mongolia)|Vietnam,2024,3,18,2024-03-18,78,78,NA,2025-12-27T21:39:09.000+00:00,2026-08-21T18:14:20.544+00:00,https://plant.depo.msu.ru/open/public/item/MW1048931,http://creativecommons.org/licenses/by/4.0/legalcode,FALSE,MW1048931,none,none,df27e63f-82b2-464e-9286-a96163c961c9,acf523b0-8c81-4813-a85d-2361a8b487d4,FALSE,Moscow Digital Herbarium,Nguyen H.C.,NA,herbarium specimen,none,Magnoliopsida,VN,none,none,ASIA,Viet Nam,EUROPE,Moscow State University,MW1048931,NA,NA,http://grbio.org/institution/moscow-state-university,610,NA,NA,NA,NA,5895917352,en | ru,MW,MW1048931,Physical Object,in collection,MW1048931,Moscow State University,NA,use under CC-BY 4.0,NA,urn:lsid:biocol.org:col:15550,Maesa indica (Roxb.) A.DC.,NA,NA,21.757778,104.573889,https://rscf.ru/en/project/21-77-20042/,7736989,Maesa indica,Maesa,indica,Kollektor,urn:lsid:biocol.org:col:15550:01,common practice of herbarium collecting,WGS84,Maesa indica (Roxb.) A.DC.,"International Code of Nomenclature for algae, fungi, and plants",manual verification,WGS84,no label data,MW1048931,203987080,273344899,MSU,"Seregin A. P. (Ed.). 2026. Specimen MW1048931 from the collection ""Moscow University Herbarium"" // Depository of Live Systems (branch ""Plants""): Electronic resource. – Moscow State University, Moscow. – Available at: https://plant.depo.mitotech.ru/open/public/item/MW1048931 (indicate access date).",Plantae | Tracheophyta | Magnoliopsida | Ericales | Primulaceae | Maesoideae | Maesa,Maesa,LC,NA,NA,NA,NA,NA,NA,NA,NA,NA,NA,NA,NA,NA,NA,NA,NA,NA,NA,NA,NA,NA,NA,NA,NA,NA,NA,NA,NA,NA,NA,NA,NA,NA,NA,NA,NA,NA,NA,NA,NA,https://plant.depo.msu.ru/open/public/item/MW1048931/img/0.jpg?gbif,FALSE,ok
HERB_0495,sample_images/HERB_0495.jpg,6196925033,Sphenodesme mekongensis Dop,"colmafu,inmafu",1cbed1d0-f9ac-4b9e-bf3f-a26272bca39e,4fd82480-ea1c-11da-8db4-b8a03c50a862,NA,82d6992a-b20b-4e74-b6ac-6b971b2c485d,4fd82480-ea1c-11da-8db4-b8a03c50a862,JP,EML,2026-07-10T16:35:10.312+00:00,2026-07-18T17:50:39.301+00:00,222,PRESERVED_SPECIMEN,PRESENT,3886465,6,7707728,220,408,2497,7307012,3886465,Sphenodesme mekongensis Dop,Plantae,Tracheophyta,Lamiales,Lamiaceae,Sphenodesme,SPECIES,ACCEPTED,NA,ASIA,Khammouan,NA,Asia|Laos|Khammouan|Khounkham|Phouphamarn walking trail,2024,3,17,2024-03-17,77,77,NA,2025-10-16T00:00:00.000+00:00,2026-07-18T17:50:39.301+00:00,https://www.museum.kagoshima-u.ac.jp/hyouhonsitu.html,http://creativecommons.org/licenses/by/4.0/legalcode,FALSE,8ba74b66-2267-4221-a12c-505fc4b826dd,none,none,7b6590f0-c03f-409b-ae28-f443c1166d23,e9e6df05-e289-4a64-8ace-a4d5dbd168e4,FALSE,NA,NA,NA,NA,none,Magnoliopsida,LA,none,none,ASIA,Lao People’s Democratic Republic,ASIA,NA,8ba74b66-2267-4221-a12c-505fc4b826dd,Z1099,NA,NA,232,NA,Phouphamarn walking trail,NA,"Laos, Khammouan, Khounkham, Phouphamarn walking trail",6196925033,NA,KAG,8ba74b66-2267-4221-a12c-505fc4b826dd,NA,NA,KAG187504,KAG,NA,NA,NA,NA,Sphenodesme mekongensis Dop,NA,NA,18.17561,104.49045,NA,3886465,Sphenodesme mekongensis,Sphenodesme,mekongensis,NA,NA,NA,WGS84,NA,NA,NA,NA,obtained using GPS machine,NA,NA,NA,NA,NA,Plantae|Tracheophyta|Magnoliopsida|Lamiales|Lamiaceae|Sphenodesme|mekongensis,NA,NA,NA,NA,434,NA,NA,NA,NA,NA,NA,NA,NA,NA,NA,NA,NA,NA,Khounkham,NA,NA,NA,NA,NA,NA,NA,NA,NA,NA,NA,NA,500,NA,NA,NA,NA,NA,NA,NA,NA,NA,NA,https://dbs.kaum.kagoshima-u.ac.jp/musedb/s_plant/picture/KAG187504/KAG187504.jpg,FALSE,ok
HERB_0496,sample_images/HERB_0496.jpg,5207140329,Citrus × aurantiifolia (Christm.) Swingle,,15f819bd-6612-4447-854b-14d12ee1022d,396d5f30-dea9-11db-8ab4-b8a03c50a862,17abcf75-2f1e-46dd-bf75-a5b21dd02655,65eb93af-41b8-4917-a5fc-cfe2a45aa4bf,396d5f30-dea9-11db-8ab4-b8a03c50a862,NL,DWC_ARCHIVE,2026-06-29T11:53:09.940+00:00,2026-08-24T20:55:47.790+00:00,286,PRESERVED_SPECIMEN,PRESENT,3190164,6,7707728,220,933,2396,3190155,3190164,Citrus × aurantiifolia (Christm.) Swingle,Plantae,Tracheophyta,Sapindales,Rutaceae,Citrus,SPECIES,ACCEPTED,2022-04-01T00:00:00,ASIA,NA,none,NA,2019,10,19,2019-10-19,292,292,NA,NA,2026-08-24T20:55:47.790+00:00,NA,http://creativecommons.org/publicdomain/zero/1.0/legalcode,FALSE,L.4578465@BRAHMS,none,none,0e919a55-08d3-4bd2-aec1-200858fafd92,0add23db-a8f7-4d15-95ad-4ed0c5c8a055,FALSE,NA,Cunha T,Welzen PC van,NA,none,Magnoliopsida,TL,none,none,ASIA,Timor-Leste,EUROPE,Naturalis Biodiversity Center,L.4578465@BRAHMS,"Cunha, T 140",NA,https://ror.org/0566bfb96,286,NA,"Liquiça, Bazartete.",NA,NA,5207140329,NA,Botany,https://data.biodiversitydata.nl/naturalis/specimen/L.4578465,NA,NA,L.4578465,NA,NA,NA,NA,NA,Citrus × aurantiifolia (Christm.) Swingle,NA,NA,NA,NA,NA,3190164,Citrus aurantiifolia,Citrus,aurantiifolia,NA,NA,NA,NA,NA,ICN,NA,NA,NA,NA,NA,NA,NA,NA,Plantae|Sapindales|Rutaceae,NA,NA,NA,NA,NA,NA,NA,NA,NA,NA,NA,NA,NA,NA,NA,true,NA,NA,NA,NA,NA,NA,NA,NA,NA,NA,NA,NA,NA,NA,NA,NA,NA,NA,NA,NA,NA,NA,NA,NA,NA,NA,https://medialib.naturalis.nl/file/id/L.4578465/format/large,FALSE,ok
HERB_0497,sample_images/HERB_0497.jpg,5841211218,Broussonetia papyrifera (L.) L'Hér. ex Vent.,"cdc,gass84,gdativ,colmano,inmafu",10cfe1fe-ea15-4b73-b495-66c20d839bef,fec00ed1-a0f3-440b-b10c-d6dca979ade1,NA,08eefeeb-e20f-4482-8e0f-f218547e2f50,12b1df00-3f75-11d8-aa2d-b8a03c50a862,TW,EML,2026-07-13T18:00:10.806+00:00,2026-07-18T15:27:39.399+00:00,37,PRESERVED_SPECIMEN,PRESENT,5361944,6,7707728,220,691,6640,2984643,5361944,Broussonetia papyrifera (L.) L'Hér. ex Vent.,Plantae,Tracheophyta,Rosales,Moraceae,Broussonetia,SPECIES,ACCEPTED,NA,ASIA,NA,NA,NA,2019,8,25,2019-08-25,237,237,NA,2024-11-07T15:18:50.000+00:00,2026-07-18T15:27:39.399+00:00,https://hast.biodiv.tw/specimens/HAST:145380,http://creativecommons.org/licenses/by-nc/4.0/legalcode,FALSE,https://n2t.net/ark:/18474/b2ms3mk9p,none,none,30da7241-59c0-4796-8da4-e8abb4aef6b9,NA,FALSE,NA,"Chuang, Chia-Rong (莊嘉瑢)",NA,NA,none,Magnoliopsida,ID,none,none,ASIA,Indonesia,ASIA,"Biodiversity Research Museum, Academia Sinica, Taiwan",https://n2t.net/ark:/18474/b2ms3mk9p,17,NA,NA,37,NA,"Central Sulawesi, Pandere",NA,NA,5841211218,NA,NA,https://n2t.net/ark:/18474/b2ms3mk9p,NA,NA,145380,HAST,NA,NA,NA,NA,Broussonetia papyrifera (L.) L'Hér. ex Vent.,NA,NA,-1.20128,119.943029,NA,5361944,Broussonetia papyrifera,Broussonetia,papyrifera,NA,NA,NA,WGS84,NA,NA,NA,NA,NA,NA,NA,NA,HAST,NA,NA,NA,LC,構樹,NA,NA,NA,NA,NA,NA,NA,NA,NA,NA,NA,NA,NA,NA,NA,NA,NA,NA,NA,NA,NA,NA,NA,NA,NA,NA,NA,NA,NA,NA,NA,NA,NA,NA,NA,NA,NA,NA,NA,https://brmas-media.s3-ap-northeast-1.amazonaws.com/hast/specimen/S_145380-m.jpg,FALSE,ok
HERB_0498,sample_images/HERB_0498.jpg,6196923366,Ficus auriculata Lour.,"colmafu,inmafu",1cbed1d0-f9ac-4b9e-bf3f-a26272bca39e,4fd82480-ea1c-11da-8db4-b8a03c50a862,NA,82d6992a-b20b-4e74-b6ac-6b971b2c485d,4fd82480-ea1c-11da-8db4-b8a03c50a862,JP,EML,2026-07-10T16:35:10.312+00:00,2026-07-18T17:50:14.231+00:00,222,PRESERVED_SPECIMEN,PRESENT,5571773,6,7707728,220,691,6640,2984588,5571773,Ficus auriculata Lour.,Plantae,Tracheophyta,Rosales,Moraceae,Ficus,SPECIES,ACCEPTED,NA,ASIA,Khammouan,NA,Asia|Laos|Khammouan|Khounkham|Tad Nam Sanam,2024,3,15,2024-03-15,75,75,NA,2025-10-16T00:00:00.000+00:00,2026-07-18T17:50:14.231+00:00,https://www.museum.kagoshima-u.ac.jp/hyouhonsitu.html,http://creativecommons.org/licenses/by/4.0/legalcode,FALSE,663ed622-d08f-44fc-8316-503bba359751,none,none,7b6590f0-c03f-409b-ae28-f443c1166d23,e9e6df05-e289-4a64-8ace-a4d5dbd168e4,FALSE,NA,NA,NA,NA,none,Magnoliopsida,LA,none,none,ASIA,Lao People’s Democratic Republic,ASIA,NA,663ed622-d08f-44fc-8316-503bba359751,Z770,NA,NA,232,NA,Tad Nam Sanam,NA,"Laos, Khammouan, Khounkham, Tad Nam Sanam",6196923366,NA,KAG,663ed622-d08f-44fc-8316-503bba359751,NA,NA,KAG187186,KAG,NA,NA,NA,NA,Ficus auriculata Lour.,NA,NA,18.21749,104.5121,NA,5571773,Ficus auriculata,Ficus,auriculata,NA,NA,NA,WGS84,NA,NA,NA,NA,obtained using GPS machine,NA,NA,NA,NA,NA,Plantae|Tracheophyta|Magnoliopsida|Rosales|Moraceae|Ficus|auriculata,NA,LC,NA,NA,192,NA,NA,NA,NA,NA,NA,NA,NA,NA,NA,NA,NA,NA,Khounkham,NA,NA,NA,NA,NA,NA,NA,NA,NA,NA,NA,NA,500,NA,NA,NA,NA,NA,NA,NA,NA,NA,NA,https://dbs.kaum.kagoshima-u.ac.jp/musedb/s_plant/picture/KAG187186/KAG187186.jpg,FALSE,ok
HERB_0499,sample_images/HERB_0499.jpg,6450156301,Scutellaria khaoyaiensis A.J.Paton,"cdc,cdround,gass84,incomis,inmafu",cd6e21c8-9e8a-493a-8a76-fbf7862069e5,061b4f20-f241-11da-a328-b8a03c50a862,17abcf75-2f1e-46dd-bf75-a5b21dd02655,996e30f8-f762-11e1-a439-00145eb45e9a,061b4f20-f241-11da-a328-b8a03c50a862,GB,DWC_ARCHIVE,2026-08-24T12:51:18.333+00:00,2026-08-24T20:51:39.131+00:00,539,PRESERVED_SPECIMEN,PRESENT,8876757,6,7707728,220,408,2497,2926730,8876757,Scutellaria khaoyaiensis A.J.Paton,Plantae,Tracheophyta,Lamiales,Lamiaceae,Scutellaria,SPECIES,ACCEPTED,NA,ASIA,NA,NA,NA,2023,1,26,2023-01-26T00:00,26,26,NA,2026-07-21T12:28:13.110+00:00,2026-08-24T20:51:39.131+00:00,NA,http://creativecommons.org/licenses/by/4.0/legalcode,FALSE,K001934173,none,none,fa252605-26f6-426c-9892-94d071c2c77f,NA,FALSE,NA,"Suddee, S.",NA,NA,none,Magnoliopsida,TH,none,none,ASIA,Thailand,EUROPE,NA,K001934173,5580,NA,NA,539,NA,"Nakhon Nayok, Mueang, Khao Yai NP, Khao Khieo",NA,NA,6450156301,NA,Herbarium,http://specimens.kew.org/herbarium/K001934173,NA,NA,K001934173,K,NA,NA,NA,NA,Scutellaria khaoyaiensis A.J.Paton,NA,NA,14.358611,101.381944,NA,8876757,Scutellaria khaoyaiensis,Scutellaria,khaoyaiensis,NA,NA,NA,WGS84,NA,NA,NA,NA,NA,NA,NA,NA,NA,NA,Lamiaceae,NA,NA,NA,NA,1250,NA,NA,NA,NA,NA,NA,NA,NA,NA,NA,NA,NA,NA,NA,NA,NA,NA,NA,NA,NA,NA,NA,NA,NA,NA,NA,NA,NA,NA,NA,NA,NA,NA,NA,NA,NA,NA,https://d2jcv3kl45hlgi.cloudfront.net/a13ab1c90c827a7e58e4573099a94734.jpg,FALSE,ok
